--
-- PostgreSQL database dump
--

-- Dumped from database version 9.6.6
-- Dumped by pg_dump version 9.6.8

SET statement_timeout = 0;
SET lock_timeout = 0;
SET idle_in_transaction_session_timeout = 0;
SET client_encoding = 'UTF8';
SET standard_conforming_strings = on;
SELECT pg_catalog.set_config('search_path', '', false);
SET check_function_bodies = false;
SET client_min_messages = warning;
SET row_security = off;

--
-- Name: plpgsql; Type: EXTENSION; Schema: -; Owner: 
--

CREATE EXTENSION IF NOT EXISTS plpgsql WITH SCHEMA pg_catalog;


--
-- Name: EXTENSION plpgsql; Type: COMMENT; Schema: -; Owner: 
--

COMMENT ON EXTENSION plpgsql IS 'PL/pgSQL procedural language';


--
-- Name: ltree; Type: EXTENSION; Schema: -; Owner: 
--

CREATE EXTENSION IF NOT EXISTS ltree WITH SCHEMA public;


--
-- Name: EXTENSION ltree; Type: COMMENT; Schema: -; Owner: 
--

COMMENT ON EXTENSION ltree IS 'data type for hierarchical tree-like structures';


SET default_tablespace = '';

SET default_with_oids = false;

--
-- Name: care_continuity_import_request; Type: TABLE; Schema: public; Owner: aperiosf
--

CREATE TABLE public.care_continuity_import_request (
    emr_direct_message_id character varying(128),
    cdn_path_original character varying(512),
    care_continuity_document_type character varying(255),
    receiver_direct_address character varying(128),
    sender_direct_address character varying(128),
    patient_id character varying(255),
    cdn_path_modified character varying(512),
    is_reconciled boolean DEFAULT true,
    folder_id character varying(255),
    allow_patient_duplicate boolean DEFAULT false,
    allow_patient_merge boolean DEFAULT false,
    created_on_date date,
    created_on_time character varying(128),
    created_by character varying(255),
    id character varying(128) NOT NULL,
    tags character varying[],
    organization_id character varying(255),
    custom_property text,
    checksum character varying(128),
    object_path public.ltree,
    is_deleted boolean DEFAULT false
);


ALTER TABLE public.care_continuity_import_request OWNER TO aperiosf;

--
-- Name: ccd_upload; Type: TABLE; Schema: public; Owner: aperiosf
--

CREATE TABLE public.ccd_upload (
    file character varying(512),
    notes text,
    modified_file character varying(512),
    created_on_date date,
    created_on_time character varying(128),
    created_by character varying(255),
    patient_id character varying(255),
    id character varying(128) NOT NULL,
    tags character varying[],
    organization_id character varying(255),
    custom_property text,
    checksum character varying(128),
    object_path public.ltree,
    is_deleted boolean DEFAULT false
);


ALTER TABLE public.ccd_upload OWNER TO aperiosf;

--
-- Name: ccda_export; Type: TABLE; Schema: public; Owner: aperiosf
--

CREATE TABLE public.ccda_export (
    cdn_path character varying(512),
    ccda_sent boolean DEFAULT false,
    emr_direct_message_id character varying(128),
    ccda_export_checksum character varying(128),
    care_continuity_document_type character varying(255),
    ccda_export_request_id character varying(255),
    reciever_direct_address character varying(128),
    patient_encounter_id character varying(128),
    clinical_document_type character varying(255),
    status character varying(255),
    fail_count numeric,
    folder_id character varying(255),
    created_on_date date,
    created_on_time character varying(128),
    created_by character varying(255),
    patient_id character varying(255),
    id character varying(128) NOT NULL,
    tags character varying[],
    organization_id character varying(255),
    custom_property text,
    checksum character varying(128),
    object_path public.ltree,
    is_deleted boolean DEFAULT false
);


ALTER TABLE public.ccda_export OWNER TO aperiosf;

--
-- Name: ccda_export_include_sections; Type: TABLE; Schema: public; Owner: aperiosf
--

CREATE TABLE public.ccda_export_include_sections (
    include_sections character varying(255),
    ccda_export_id character varying(255),
    checksum character varying(128)
);


ALTER TABLE public.ccda_export_include_sections OWNER TO aperiosf;

--
-- Name: ccda_export_log; Type: TABLE; Schema: public; Owner: aperiosf
--

CREATE TABLE public.ccda_export_log (
    log_type character varying(255),
    ccda_export_id character varying(255),
    created_on_date date,
    created_on_time character varying(128),
    created_by character varying(255),
    patient_id character varying(255),
    id character varying(128) NOT NULL,
    tags character varying[],
    organization_id character varying(255),
    custom_property text,
    checksum character varying(128),
    object_path public.ltree,
    is_deleted boolean DEFAULT false
);


ALTER TABLE public.ccda_export_log OWNER TO aperiosf;

--
-- Name: ccda_export_request; Type: TABLE; Schema: public; Owner: aperiosf
--

CREATE TABLE public.ccda_export_request (
    reciever_direct_address character varying(128),
    clinical_document_type character varying(255),
    all_patient boolean DEFAULT false,
    created_on_date date,
    created_on_time character varying(128),
    created_by character varying(255),
    id character varying(128) NOT NULL,
    tags character varying[],
    organization_id character varying(255),
    custom_property text,
    checksum character varying(128),
    object_path public.ltree,
    is_deleted boolean DEFAULT false
);


ALTER TABLE public.ccda_export_request OWNER TO aperiosf;

--
-- Name: ccda_export_request_patient_ids; Type: TABLE; Schema: public; Owner: aperiosf
--

CREATE TABLE public.ccda_export_request_patient_ids (
    patient_ids character varying(255),
    ccda_export_request_id character varying(255),
    checksum character varying(128)
);


ALTER TABLE public.ccda_export_request_patient_ids OWNER TO aperiosf;

--
-- Name: ccda_import_allergy; Type: TABLE; Schema: public; Owner: aperiosf
--

CREATE TABLE public.ccda_import_allergy (
    emr_direct_message_id character varying(128),
    name character varying(128),
    drug_rx_norm_id character varying(128),
    on_set_date date,
    last_modified_date date,
    care_continuity_import_request_id character varying(255),
    reaction character varying(128),
    created_on_date date,
    created_on_time character varying(128),
    created_by character varying(255),
    patient_id character varying(255),
    id character varying(128) NOT NULL,
    tags character varying[],
    organization_id character varying(255),
    custom_property text,
    checksum character varying(128),
    object_path public.ltree,
    is_deleted boolean DEFAULT false
);


ALTER TABLE public.ccda_import_allergy OWNER TO aperiosf;

--
-- Name: ccda_import_diagnosis; Type: TABLE; Schema: public; Owner: aperiosf
--

CREATE TABLE public.ccda_import_diagnosis (
    emr_direct_message_id character varying(128),
    snomed_code character varying(255),
    status character varying(255),
    onset_date date,
    care_continuity_import_request_id character varying(255),
    meta_snomed character varying(255),
    created_on_date date,
    created_on_time character varying(128),
    created_by character varying(255),
    patient_id character varying(255),
    id character varying(128) NOT NULL,
    tags character varying[],
    organization_id character varying(255),
    custom_property text,
    checksum character varying(128),
    object_path public.ltree,
    is_deleted boolean DEFAULT false
);


ALTER TABLE public.ccda_import_diagnosis OWNER TO aperiosf;

--
-- Name: ccda_import_medication; Type: TABLE; Schema: public; Owner: aperiosf
--

CREATE TABLE public.ccda_import_medication (
    emr_direct_message_id character varying(128),
    medication_drug_route character varying(128),
    dose character varying(128),
    medication_drug_form character varying(128),
    drug_rx_norm_id character varying(128),
    start_date date,
    stop_date date,
    medication_drug_brand_name character varying(128),
    care_continuity_import_request_id character varying(255),
    dose_unit character varying(128),
    medication_desc character varying(128),
    created_on_date date,
    created_on_time character varying(128),
    created_by character varying(255),
    patient_id character varying(255),
    id character varying(128) NOT NULL,
    tags character varying[],
    organization_id character varying(255),
    custom_property text,
    checksum character varying(128),
    object_path public.ltree,
    is_deleted boolean DEFAULT false
);


ALTER TABLE public.ccda_import_medication OWNER TO aperiosf;

--
-- Name: cdn_temp_file; Type: TABLE; Schema: public; Owner: aperiosf
--

CREATE TABLE public.cdn_temp_file (
    cdn_url character varying(128),
    file_name character varying(128),
    object_type character varying(128),
    property_name character varying(128),
    synap_user_id character varying(128),
    created_on_date date,
    created_on_time character varying(128),
    created_by character varying(255),
    id character varying(128) NOT NULL,
    tags character varying[],
    organization_id character varying(255),
    custom_property text,
    checksum character varying(128),
    object_path public.ltree,
    is_deleted boolean DEFAULT false
);


ALTER TABLE public.cdn_temp_file OWNER TO aperiosf;

--
-- Name: client_document; Type: TABLE; Schema: public; Owner: aperiosf
--

CREATE TABLE public.client_document (
    document_file character varying(255),
    name character varying(128),
    created_on_date date,
    created_on_time character varying(128),
    created_by character varying(255),
    patient_id character varying(255),
    id character varying(128) NOT NULL,
    tags character varying[],
    organization_id character varying(255),
    custom_property text,
    checksum character varying(128),
    object_path public.ltree,
    is_deleted boolean DEFAULT false
);


ALTER TABLE public.client_document OWNER TO aperiosf;

--
-- Name: client_document_file; Type: TABLE; Schema: public; Owner: aperiosf
--

CREATE TABLE public.client_document_file (
    cdn_file character varying(512),
    created_on_date date,
    created_on_time character varying(128),
    created_by character varying(255),
    client_document_id character varying(255),
    id character varying(128) NOT NULL,
    tags character varying[],
    organization_id character varying(255),
    custom_property text,
    checksum character varying(128),
    object_path public.ltree,
    is_deleted boolean DEFAULT false
);


ALTER TABLE public.client_document_file OWNER TO aperiosf;

--
-- Name: client_note; Type: TABLE; Schema: public; Owner: aperiosf
--

CREATE TABLE public.client_note (
    note text,
    status character varying(255),
    created_on_date date,
    created_on_time character varying(128),
    created_by character varying(255),
    patient_id character varying(255),
    id character varying(128) NOT NULL,
    tags character varying[],
    organization_id character varying(255),
    custom_property text,
    checksum character varying(128),
    object_path public.ltree,
    is_deleted boolean DEFAULT false
);


ALTER TABLE public.client_note OWNER TO aperiosf;

--
-- Name: course; Type: TABLE; Schema: public; Owner: aperiosf
--

CREATE TABLE public.course (
    name character varying(128),
    fee numeric,
    registrant_limit character varying(128),
    start_period character varying(128),
    end_period character varying(128),
    status character varying(255),
    created_on_date date,
    created_on_time character varying(128),
    created_by character varying(255),
    id character varying(128) NOT NULL,
    tags character varying[],
    organization_id character varying(255),
    custom_property text,
    checksum character varying(128),
    object_path public.ltree,
    is_deleted boolean DEFAULT false,
    min_registrant_limit numeric
);


ALTER TABLE public.course OWNER TO aperiosf;

--
-- Name: course_custom_field_definition; Type: TABLE; Schema: public; Owner: aperiosf
--

CREATE TABLE public.course_custom_field_definition (
    name character varying(128),
    type character varying(255),
    created_on_date date,
    created_on_time character varying(128),
    created_by character varying(255),
    course_id character varying(255),
    id character varying(128) NOT NULL,
    tags character varying[],
    organization_id character varying(255),
    custom_property text,
    checksum character varying(128),
    object_path public.ltree,
    is_deleted boolean DEFAULT false
);


ALTER TABLE public.course_custom_field_definition OWNER TO aperiosf;

--
-- Name: course_participant; Type: TABLE; Schema: public; Owner: aperiosf
--

CREATE TABLE public.course_participant (
    patient_id character varying(255),
    fee_collected numeric,
    status character varying(255),
    paid_date_time timestamp without time zone,
    created_on_date date,
    created_on_time character varying(128),
    created_by character varying(255),
    course_id character varying(255),
    id character varying(128) NOT NULL,
    tags character varying[],
    organization_id character varying(255),
    custom_property text,
    checksum character varying(128),
    object_path public.ltree,
    is_deleted boolean DEFAULT false
);


ALTER TABLE public.course_participant OWNER TO aperiosf;

--
-- Name: course_session; Type: TABLE; Schema: public; Owner: aperiosf
--

CREATE TABLE public.course_session (
    name character varying(128),
    date date,
    start_time character varying(128),
    end_time character varying(128),
    location character varying(128),
    status character varying(255),
    instructor_user character varying(255),
    created_on_date date,
    created_on_time character varying(128),
    created_by character varying(255),
    course_id character varying(255),
    id character varying(128) NOT NULL,
    tags character varying[],
    organization_id character varying(255),
    custom_property text,
    checksum character varying(128),
    object_path public.ltree,
    is_deleted boolean DEFAULT false,
    secondary_instructor_user character varying(255)
);


ALTER TABLE public.course_session OWNER TO aperiosf;

--
-- Name: course_session_attendance; Type: TABLE; Schema: public; Owner: aperiosf
--

CREATE TABLE public.course_session_attendance (
    course_id character varying(255),
    notes text,
    patient_id character varying(255),
    attended boolean DEFAULT false,
    created_on_date date,
    created_on_time character varying(128),
    created_by character varying(255),
    course_session_id character varying(255),
    id character varying(128) NOT NULL,
    tags character varying[],
    organization_id character varying(255),
    custom_property text,
    checksum character varying(128),
    object_path public.ltree,
    is_deleted boolean DEFAULT false
);


ALTER TABLE public.course_session_attendance OWNER TO aperiosf;

--
-- Name: course_session_custom_field_value; Type: TABLE; Schema: public; Owner: aperiosf
--

CREATE TABLE public.course_session_custom_field_value (
    custom_field_definition character varying(255),
    value character varying(128),
    created_on_date date,
    created_on_time character varying(128),
    created_by character varying(255),
    course_session_attendance_id character varying(255),
    id character varying(128) NOT NULL,
    tags character varying[],
    organization_id character varying(255),
    custom_property text,
    checksum character varying(128),
    object_path public.ltree,
    is_deleted boolean DEFAULT false
);


ALTER TABLE public.course_session_custom_field_value OWNER TO aperiosf;

--
-- Name: data_export_request; Type: TABLE; Schema: public; Owner: aperiosf
--

CREATE TABLE public.data_export_request (
    data_family character varying(255),
    pateint_id character varying(255),
    other_data_tables text,
    export_data character varying(512),
    created_on_date date,
    created_on_time character varying(128),
    created_by character varying(255),
    id character varying(128) NOT NULL,
    tags character varying[],
    organization_id character varying(255),
    custom_property text,
    checksum character varying(128),
    object_path public.ltree,
    is_deleted boolean DEFAULT false
);


ALTER TABLE public.data_export_request OWNER TO aperiosf;

--
-- Name: data_import_request; Type: TABLE; Schema: public; Owner: aperiosf
--

CREATE TABLE public.data_import_request (
    import_data character varying(512),
    status character varying(128),
    created_on_date date,
    created_on_time character varying(128),
    created_by character varying(255),
    id character varying(128) NOT NULL,
    tags character varying[],
    organization_id character varying(255),
    custom_property text,
    checksum character varying(128),
    object_path public.ltree,
    is_deleted boolean DEFAULT false
);


ALTER TABLE public.data_import_request OWNER TO aperiosf;

--
-- Name: housing_upgrade; Type: TABLE; Schema: public; Owner: aperiosf
--

CREATE TABLE public.housing_upgrade (
    reference character varying(128),
    upgrade_type character varying(255),
    start_date date,
    completion_date date,
    address1 character varying(128),
    address2 character varying(128),
    city character varying(128),
    state character varying(255),
    zip character varying(128),
    notes text,
    assigned_user character varying(255),
    status character varying(255),
    created_on_date date,
    created_on_time character varying(128),
    created_by character varying(255),
    patient_id character varying(255),
    id character varying(128) NOT NULL,
    tags character varying[],
    organization_id character varying(255),
    custom_property text,
    checksum character varying(128),
    object_path public.ltree,
    is_deleted boolean DEFAULT false
);


ALTER TABLE public.housing_upgrade OWNER TO aperiosf;

--
-- Name: kch_program; Type: TABLE; Schema: public; Owner: aperiosf
--

CREATE TABLE public.kch_program (
    program_name character varying(128),
    read_only boolean DEFAULT false,
    short_name character varying(128),
    created_on_date date,
    created_on_time character varying(128),
    created_by character varying(255),
    id character varying(128) NOT NULL,
    tags character varying[],
    organization_id character varying(255),
    custom_property text,
    checksum character varying(128),
    object_path public.ltree,
    is_deleted boolean DEFAULT false
);


ALTER TABLE public.kch_program OWNER TO aperiosf;

--
-- Name: kch_program_assignment; Type: TABLE; Schema: public; Owner: aperiosf
--

CREATE TABLE public.kch_program_assignment (
    program_id character varying(255),
    created_on_date date,
    created_on_time character varying(128),
    created_by character varying(255),
    patient_id character varying(255),
    id character varying(128) NOT NULL,
    tags character varying[],
    organization_id character varying(255),
    custom_property text,
    checksum character varying(128),
    object_path public.ltree,
    is_deleted boolean DEFAULT false
);


ALTER TABLE public.kch_program_assignment OWNER TO aperiosf;

--
-- Name: meta_address_type; Type: TABLE; Schema: public; Owner: aperiosf
--

CREATE TABLE public.meta_address_type (
    value character varying(255),
    description text,
    code character varying(128),
    code_hl7 character varying(128),
    value_order numeric,
    created_on_date date,
    created_on_time character varying(128),
    created_by character varying(255),
    id character varying(128) NOT NULL,
    tags character varying[],
    organization_id character varying(255),
    custom_property text,
    checksum character varying(128),
    object_path public.ltree,
    is_deleted boolean DEFAULT false
);


ALTER TABLE public.meta_address_type OWNER TO aperiosf;

--
-- Name: meta_allergy_severity; Type: TABLE; Schema: public; Owner: aperiosf
--

CREATE TABLE public.meta_allergy_severity (
    value character varying(255),
    icon character varying(512),
    created_on_date date,
    created_on_time character varying(128),
    created_by character varying(255),
    id character varying(128) NOT NULL,
    tags character varying[],
    organization_id character varying(255),
    custom_property text,
    checksum character varying(128),
    object_path public.ltree,
    is_deleted boolean DEFAULT false
);


ALTER TABLE public.meta_allergy_severity OWNER TO aperiosf;

--
-- Name: meta_allergy_type; Type: TABLE; Schema: public; Owner: aperiosf
--

CREATE TABLE public.meta_allergy_type (
    value character varying(255),
    created_on_date date,
    created_on_time character varying(128),
    created_by character varying(255),
    id character varying(128) NOT NULL,
    tags character varying[],
    organization_id character varying(255),
    custom_property text,
    checksum character varying(128),
    object_path public.ltree,
    is_deleted boolean DEFAULT false
);


ALTER TABLE public.meta_allergy_type OWNER TO aperiosf;

--
-- Name: meta_basic_status; Type: TABLE; Schema: public; Owner: aperiosf
--

CREATE TABLE public.meta_basic_status (
    value character varying(128),
    created_on_date date,
    created_on_time character varying(128),
    created_by character varying(255),
    id character varying(128) NOT NULL,
    tags character varying[],
    organization_id character varying(255),
    custom_property text,
    checksum character varying(128),
    object_path public.ltree,
    is_deleted boolean DEFAULT false
);


ALTER TABLE public.meta_basic_status OWNER TO aperiosf;

--
-- Name: meta_blood_pressure_unit; Type: TABLE; Schema: public; Owner: aperiosf
--

CREATE TABLE public.meta_blood_pressure_unit (
    value character varying(128),
    created_on_date date,
    created_on_time character varying(128),
    created_by character varying(255),
    id character varying(128) NOT NULL,
    tags character varying[],
    organization_id character varying(255),
    custom_property text,
    checksum character varying(128),
    object_path public.ltree,
    is_deleted boolean DEFAULT false
);


ALTER TABLE public.meta_blood_pressure_unit OWNER TO aperiosf;

--
-- Name: meta_care_continuity_document_type; Type: TABLE; Schema: public; Owner: aperiosf
--

CREATE TABLE public.meta_care_continuity_document_type (
    value character varying(128),
    xslt_file_name character varying(128),
    root_element character varying(128),
    created_on_date date,
    created_on_time character varying(128),
    created_by character varying(255),
    id character varying(128) NOT NULL,
    tags character varying[],
    organization_id character varying(255),
    custom_property text,
    checksum character varying(128),
    object_path public.ltree,
    is_deleted boolean DEFAULT false
);


ALTER TABLE public.meta_care_continuity_document_type OWNER TO aperiosf;

--
-- Name: meta_ccda_export_log_type; Type: TABLE; Schema: public; Owner: aperiosf
--

CREATE TABLE public.meta_ccda_export_log_type (
    value character varying(255),
    created_on_date date,
    created_on_time character varying(128),
    created_by character varying(255),
    id character varying(128) NOT NULL,
    tags character varying[],
    organization_id character varying(255),
    custom_property text,
    checksum character varying(128),
    object_path public.ltree,
    is_deleted boolean DEFAULT false
);


ALTER TABLE public.meta_ccda_export_log_type OWNER TO aperiosf;

--
-- Name: meta_ccda_export_status; Type: TABLE; Schema: public; Owner: aperiosf
--

CREATE TABLE public.meta_ccda_export_status (
    value character varying(255),
    created_on_date date,
    created_on_time character varying(128),
    created_by character varying(255),
    id character varying(128) NOT NULL,
    tags character varying[],
    organization_id character varying(255),
    custom_property text,
    checksum character varying(128),
    object_path public.ltree,
    is_deleted boolean DEFAULT false
);


ALTER TABLE public.meta_ccda_export_status OWNER TO aperiosf;

--
-- Name: meta_ccda_sections; Type: TABLE; Schema: public; Owner: aperiosf
--

CREATE TABLE public.meta_ccda_sections (
    value character varying(255),
    created_on_date date,
    created_on_time character varying(128),
    created_by character varying(255),
    id character varying(128) NOT NULL,
    tags character varying[],
    organization_id character varying(255),
    custom_property text,
    checksum character varying(128),
    object_path public.ltree,
    is_deleted boolean DEFAULT false
);


ALTER TABLE public.meta_ccda_sections OWNER TO aperiosf;

--
-- Name: meta_clinical_document_type; Type: TABLE; Schema: public; Owner: aperiosf
--

CREATE TABLE public.meta_clinical_document_type (
    value character varying(128),
    available_on_encounter boolean DEFAULT true,
    created_on_date date,
    created_on_time character varying(128),
    created_by character varying(255),
    id character varying(128) NOT NULL,
    tags character varying[],
    organization_id character varying(255),
    custom_property text,
    checksum character varying(128),
    object_path public.ltree,
    is_deleted boolean DEFAULT false
);


ALTER TABLE public.meta_clinical_document_type OWNER TO aperiosf;

--
-- Name: meta_communication_mode; Type: TABLE; Schema: public; Owner: aperiosf
--

CREATE TABLE public.meta_communication_mode (
    value character varying(255),
    created_on_date date,
    created_on_time character varying(128),
    created_by character varying(255),
    id character varying(128) NOT NULL,
    tags character varying[],
    organization_id character varying(255),
    custom_property text,
    checksum character varying(128),
    object_path public.ltree,
    is_deleted boolean DEFAULT false
);


ALTER TABLE public.meta_communication_mode OWNER TO aperiosf;

--
-- Name: meta_contact_type; Type: TABLE; Schema: public; Owner: aperiosf
--

CREATE TABLE public.meta_contact_type (
    value character varying(255),
    value_order numeric,
    created_on_date date,
    created_on_time character varying(128),
    created_by character varying(255),
    id character varying(128) NOT NULL,
    tags character varying[],
    organization_id character varying(255),
    custom_property text,
    checksum character varying(128),
    object_path public.ltree,
    is_deleted boolean DEFAULT false
);


ALTER TABLE public.meta_contact_type OWNER TO aperiosf;

--
-- Name: meta_country; Type: TABLE; Schema: public; Owner: aperiosf
--

CREATE TABLE public.meta_country (
    value character varying(255),
    created_on_date date,
    created_on_time character varying(128),
    created_by character varying(255),
    id character varying(128) NOT NULL,
    tags character varying[],
    organization_id character varying(255),
    custom_property text,
    checksum character varying(128),
    object_path public.ltree,
    is_deleted boolean DEFAULT false
);


ALTER TABLE public.meta_country OWNER TO aperiosf;

--
-- Name: meta_data_family; Type: TABLE; Schema: public; Owner: aperiosf
--

CREATE TABLE public.meta_data_family (
    value character varying(128),
    created_on_date date,
    created_on_time character varying(128),
    created_by character varying(255),
    id character varying(128) NOT NULL,
    tags character varying[],
    organization_id character varying(255),
    custom_property text,
    checksum character varying(128),
    object_path public.ltree,
    is_deleted boolean DEFAULT false
);


ALTER TABLE public.meta_data_family OWNER TO aperiosf;

--
-- Name: meta_day_of_week; Type: TABLE; Schema: public; Owner: aperiosf
--

CREATE TABLE public.meta_day_of_week (
    value character varying(255),
    created_on_date date,
    created_on_time character varying(128),
    created_by character varying(255),
    id character varying(128) NOT NULL,
    tags character varying[],
    organization_id character varying(255),
    custom_property text,
    checksum character varying(128),
    object_path public.ltree,
    is_deleted boolean DEFAULT false
);


ALTER TABLE public.meta_day_of_week OWNER TO aperiosf;

--
-- Name: meta_default_status; Type: TABLE; Schema: public; Owner: aperiosf
--

CREATE TABLE public.meta_default_status (
    value character varying(128),
    created_on_date date,
    created_on_time character varying(128),
    created_by character varying(255),
    id character varying(128) NOT NULL,
    tags character varying[],
    organization_id character varying(255),
    custom_property text,
    checksum character varying(128),
    object_path public.ltree,
    is_deleted boolean DEFAULT false
);


ALTER TABLE public.meta_default_status OWNER TO aperiosf;

--
-- Name: meta_diagnostic_code; Type: TABLE; Schema: public; Owner: aperiosf
--

CREATE TABLE public.meta_diagnostic_code (
    code character varying(128),
    icd10_long_desc text,
    icd10_short_desc text,
    icd9 text,
    dsm_code character varying(128),
    dsm_desc character varying(128),
    snomed_desc text,
    is_leaf_node boolean DEFAULT false,
    created_on_date date,
    created_on_time character varying(128),
    created_by character varying(255),
    id character varying(128) NOT NULL,
    tags character varying[],
    organization_id character varying(255),
    custom_property text,
    checksum character varying(128),
    object_path public.ltree,
    is_deleted boolean DEFAULT false
);


ALTER TABLE public.meta_diagnostic_code OWNER TO aperiosf;

--
-- Name: meta_employee_status; Type: TABLE; Schema: public; Owner: aperiosf
--

CREATE TABLE public.meta_employee_status (
    value character varying(128),
    status character varying(128),
    created_on_date date,
    created_on_time character varying(128),
    created_by character varying(255),
    id character varying(128) NOT NULL,
    tags character varying[],
    organization_id character varying(255),
    custom_property text,
    checksum character varying(128),
    object_path public.ltree,
    is_deleted boolean DEFAULT false
);


ALTER TABLE public.meta_employee_status OWNER TO aperiosf;

--
-- Name: meta_employment_status; Type: TABLE; Schema: public; Owner: aperiosf
--

CREATE TABLE public.meta_employment_status (
    value character varying(255),
    value_order numeric,
    created_on_date date,
    created_on_time character varying(128),
    created_by character varying(255),
    id character varying(128) NOT NULL,
    tags character varying[],
    organization_id character varying(255),
    custom_property text,
    checksum character varying(128),
    object_path public.ltree,
    is_deleted boolean DEFAULT false
);


ALTER TABLE public.meta_employment_status OWNER TO aperiosf;

--
-- Name: meta_ethnicity; Type: TABLE; Schema: public; Owner: aperiosf
--

CREATE TABLE public.meta_ethnicity (
    value character varying(128),
    code character varying(128),
    value_order numeric,
    created_on_date date,
    created_on_time character varying(128),
    created_by character varying(255),
    id character varying(128) NOT NULL,
    tags character varying[],
    organization_id character varying(255),
    custom_property text,
    checksum character varying(128),
    object_path public.ltree,
    is_deleted boolean DEFAULT false
);


ALTER TABLE public.meta_ethnicity OWNER TO aperiosf;

--
-- Name: meta_family_relationship; Type: TABLE; Schema: public; Owner: aperiosf
--

CREATE TABLE public.meta_family_relationship (
    value character varying(128),
    sort_order numeric,
    created_on_date date,
    created_on_time character varying(128),
    created_by character varying(255),
    id character varying(128) NOT NULL,
    tags character varying[],
    organization_id character varying(255),
    custom_property text,
    checksum character varying(128),
    object_path public.ltree,
    is_deleted boolean DEFAULT false
);


ALTER TABLE public.meta_family_relationship OWNER TO aperiosf;

--
-- Name: meta_field_defination_type; Type: TABLE; Schema: public; Owner: aperiosf
--

CREATE TABLE public.meta_field_defination_type (
    value character varying(128),
    created_on_date date,
    created_on_time character varying(128),
    created_by character varying(255),
    id character varying(128) NOT NULL,
    tags character varying[],
    organization_id character varying(255),
    custom_property text,
    checksum character varying(128),
    object_path public.ltree,
    is_deleted boolean DEFAULT false
);


ALTER TABLE public.meta_field_defination_type OWNER TO aperiosf;

--
-- Name: meta_gender; Type: TABLE; Schema: public; Owner: aperiosf
--

CREATE TABLE public.meta_gender (
    value character varying(128),
    code character varying(128),
    edi_code character varying(128),
    created_on_date date,
    created_on_time character varying(128),
    created_by character varying(255),
    id character varying(128) NOT NULL,
    tags character varying[],
    organization_id character varying(255),
    custom_property text,
    checksum character varying(128),
    object_path public.ltree,
    is_deleted boolean DEFAULT false
);


ALTER TABLE public.meta_gender OWNER TO aperiosf;

--
-- Name: meta_height_unit; Type: TABLE; Schema: public; Owner: aperiosf
--

CREATE TABLE public.meta_height_unit (
    value character varying(128),
    created_on_date date,
    created_on_time character varying(128),
    created_by character varying(255),
    id character varying(128) NOT NULL,
    tags character varying[],
    organization_id character varying(255),
    custom_property text,
    checksum character varying(128),
    object_path public.ltree,
    is_deleted boolean DEFAULT false
);


ALTER TABLE public.meta_height_unit OWNER TO aperiosf;

--
-- Name: meta_household_income_level; Type: TABLE; Schema: public; Owner: aperiosf
--

CREATE TABLE public.meta_household_income_level (
    value character varying(128),
    created_on_date date,
    created_on_time character varying(128),
    created_by character varying(255),
    id character varying(128) NOT NULL,
    tags character varying[],
    organization_id character varying(255),
    custom_property text,
    checksum character varying(128),
    object_path public.ltree,
    is_deleted boolean DEFAULT false
);


ALTER TABLE public.meta_household_income_level OWNER TO aperiosf;

--
-- Name: meta_housing_status; Type: TABLE; Schema: public; Owner: aperiosf
--

CREATE TABLE public.meta_housing_status (
    value character varying(128),
    value_order numeric,
    created_on_date date,
    created_on_time character varying(128),
    created_by character varying(255),
    id character varying(128) NOT NULL,
    tags character varying[],
    organization_id character varying(255),
    custom_property text,
    checksum character varying(128),
    object_path public.ltree,
    is_deleted boolean DEFAULT false
);


ALTER TABLE public.meta_housing_status OWNER TO aperiosf;

--
-- Name: meta_housing_upgrade_status; Type: TABLE; Schema: public; Owner: aperiosf
--

CREATE TABLE public.meta_housing_upgrade_status (
    value character varying(128),
    created_on_date date,
    created_on_time character varying(128),
    created_by character varying(255),
    id character varying(128) NOT NULL,
    tags character varying[],
    organization_id character varying(255),
    custom_property text,
    checksum character varying(128),
    object_path public.ltree,
    is_deleted boolean DEFAULT false
);


ALTER TABLE public.meta_housing_upgrade_status OWNER TO aperiosf;

--
-- Name: meta_housing_upgrade_type; Type: TABLE; Schema: public; Owner: aperiosf
--

CREATE TABLE public.meta_housing_upgrade_type (
    value character varying(128),
    created_on_date date,
    created_on_time character varying(128),
    created_by character varying(255),
    id character varying(128) NOT NULL,
    tags character varying[],
    organization_id character varying(255),
    custom_property text,
    checksum character varying(128),
    object_path public.ltree,
    is_deleted boolean DEFAULT false
);


ALTER TABLE public.meta_housing_upgrade_type OWNER TO aperiosf;

--
-- Name: meta_id_type; Type: TABLE; Schema: public; Owner: aperiosf
--

CREATE TABLE public.meta_id_type (
    value character varying(128),
    created_on_date date,
    created_on_time character varying(128),
    created_by character varying(255),
    id character varying(128) NOT NULL,
    tags character varying[],
    organization_id character varying(255),
    custom_property text,
    checksum character varying(128),
    object_path public.ltree,
    is_deleted boolean DEFAULT false
);


ALTER TABLE public.meta_id_type OWNER TO aperiosf;

--
-- Name: meta_income_level; Type: TABLE; Schema: public; Owner: aperiosf
--

CREATE TABLE public.meta_income_level (
    value character varying(128),
    created_on_date date,
    created_on_time character varying(128),
    created_by character varying(255),
    id character varying(128) NOT NULL,
    tags character varying[],
    organization_id character varying(255),
    custom_property text,
    checksum character varying(128),
    object_path public.ltree,
    is_deleted boolean DEFAULT false
);


ALTER TABLE public.meta_income_level OWNER TO aperiosf;

--
-- Name: meta_label; Type: TABLE; Schema: public; Owner: aperiosf
--

CREATE TABLE public.meta_label (
    value character varying(128),
    created_on_date date,
    created_on_time character varying(128),
    created_by character varying(255),
    id character varying(128) NOT NULL,
    tags character varying[],
    organization_id character varying(255),
    custom_property text,
    checksum character varying(128),
    object_path public.ltree,
    is_deleted boolean DEFAULT false
);


ALTER TABLE public.meta_label OWNER TO aperiosf;

--
-- Name: meta_label_detail; Type: TABLE; Schema: public; Owner: aperiosf
--

CREATE TABLE public.meta_label_detail (
    meta_language_id character varying(255),
    help_text character varying(128),
    plural_value character varying(128),
    singular_value character varying(128),
    created_on_date date,
    created_on_time character varying(128),
    created_by character varying(255),
    meta_label_id character varying(255),
    id character varying(128) NOT NULL,
    tags character varying[],
    organization_id character varying(255),
    custom_property text,
    checksum character varying(128),
    object_path public.ltree,
    is_deleted boolean DEFAULT false
);


ALTER TABLE public.meta_label_detail OWNER TO aperiosf;

--
-- Name: meta_language; Type: TABLE; Schema: public; Owner: aperiosf
--

CREATE TABLE public.meta_language (
    value character varying(128),
    code character varying(128),
    value_order numeric,
    created_on_date date,
    created_on_time character varying(128),
    created_by character varying(255),
    id character varying(128) NOT NULL,
    tags character varying[],
    organization_id character varying(255),
    custom_property text,
    checksum character varying(128),
    object_path public.ltree,
    is_deleted boolean DEFAULT false
);


ALTER TABLE public.meta_language OWNER TO aperiosf;

--
-- Name: meta_marital_status; Type: TABLE; Schema: public; Owner: aperiosf
--

CREATE TABLE public.meta_marital_status (
    value character varying(128),
    code character varying(128),
    value_order numeric,
    created_on_date date,
    created_on_time character varying(128),
    created_by character varying(255),
    id character varying(128) NOT NULL,
    tags character varying[],
    organization_id character varying(255),
    custom_property text,
    checksum character varying(128),
    object_path public.ltree,
    is_deleted boolean DEFAULT false
);


ALTER TABLE public.meta_marital_status OWNER TO aperiosf;

--
-- Name: meta_medication_delivery_route; Type: TABLE; Schema: public; Owner: aperiosf
--

CREATE TABLE public.meta_medication_delivery_route (
    value character varying(128),
    created_on_date date,
    created_on_time character varying(128),
    created_by character varying(255),
    id character varying(128) NOT NULL,
    tags character varying[],
    organization_id character varying(255),
    custom_property text,
    checksum character varying(128),
    object_path public.ltree,
    is_deleted boolean DEFAULT false
);


ALTER TABLE public.meta_medication_delivery_route OWNER TO aperiosf;

--
-- Name: meta_military_status; Type: TABLE; Schema: public; Owner: aperiosf
--

CREATE TABLE public.meta_military_status (
    value character varying(255),
    value_order numeric,
    created_on_date date,
    created_on_time character varying(128),
    created_by character varying(255),
    id character varying(128) NOT NULL,
    tags character varying[],
    organization_id character varying(255),
    custom_property text,
    checksum character varying(128),
    object_path public.ltree,
    is_deleted boolean DEFAULT false
);


ALTER TABLE public.meta_military_status OWNER TO aperiosf;

--
-- Name: meta_pain_level; Type: TABLE; Schema: public; Owner: aperiosf
--

CREATE TABLE public.meta_pain_level (
    value numeric,
    created_on_date date,
    created_on_time character varying(128),
    created_by character varying(255),
    id character varying(128) NOT NULL,
    tags character varying[],
    organization_id character varying(255),
    custom_property text,
    checksum character varying(128),
    object_path public.ltree,
    is_deleted boolean DEFAULT false
);


ALTER TABLE public.meta_pain_level OWNER TO aperiosf;

--
-- Name: meta_patient_diagnosis_status; Type: TABLE; Schema: public; Owner: aperiosf
--

CREATE TABLE public.meta_patient_diagnosis_status (
    value character varying(128),
    created_on_date date,
    created_on_time character varying(128),
    created_by character varying(255),
    id character varying(128) NOT NULL,
    tags character varying[],
    organization_id character varying(255),
    custom_property text,
    checksum character varying(128),
    object_path public.ltree,
    is_deleted boolean DEFAULT false
);


ALTER TABLE public.meta_patient_diagnosis_status OWNER TO aperiosf;

--
-- Name: meta_patient_document_status; Type: TABLE; Schema: public; Owner: aperiosf
--

CREATE TABLE public.meta_patient_document_status (
    value character varying(255),
    created_on_date date,
    created_on_time character varying(128),
    created_by character varying(255),
    id character varying(128) NOT NULL,
    tags character varying[],
    organization_id character varying(255),
    custom_property text,
    checksum character varying(128),
    object_path public.ltree,
    is_deleted boolean DEFAULT false
);


ALTER TABLE public.meta_patient_document_status OWNER TO aperiosf;

--
-- Name: meta_patient_document_type; Type: TABLE; Schema: public; Owner: aperiosf
--

CREATE TABLE public.meta_patient_document_type (
    value character varying(255),
    created_on_date date,
    created_on_time character varying(128),
    created_by character varying(255),
    id character varying(128) NOT NULL,
    tags character varying[],
    organization_id character varying(255),
    custom_property text,
    checksum character varying(128),
    object_path public.ltree,
    is_deleted boolean DEFAULT false
);


ALTER TABLE public.meta_patient_document_type OWNER TO aperiosf;

--
-- Name: meta_patient_identity_type; Type: TABLE; Schema: public; Owner: aperiosf
--

CREATE TABLE public.meta_patient_identity_type (
    value character varying(128),
    value_order numeric,
    created_on_date date,
    created_on_time character varying(128),
    created_by character varying(255),
    id character varying(128) NOT NULL,
    tags character varying[],
    organization_id character varying(255),
    custom_property text,
    checksum character varying(128),
    object_path public.ltree,
    is_deleted boolean DEFAULT false
);


ALTER TABLE public.meta_patient_identity_type OWNER TO aperiosf;

--
-- Name: meta_patient_status; Type: TABLE; Schema: public; Owner: aperiosf
--

CREATE TABLE public.meta_patient_status (
    value character varying(255),
    status character varying(128),
    created_on_date date,
    created_on_time character varying(128),
    created_by character varying(255),
    id character varying(128) NOT NULL,
    tags character varying[],
    organization_id character varying(255),
    custom_property text,
    checksum character varying(128),
    object_path public.ltree,
    is_deleted boolean DEFAULT false
);


ALTER TABLE public.meta_patient_status OWNER TO aperiosf;

--
-- Name: meta_permission; Type: TABLE; Schema: public; Owner: aperiosf
--

CREATE TABLE public.meta_permission (
    object_type character varying(128),
    system_assigned_only boolean DEFAULT false,
    action character varying(128),
    allowed_for_all boolean DEFAULT false,
    display_value character varying(128),
    logical_permission character varying(128),
    created_on_date date,
    created_on_time character varying(128),
    created_by character varying(255),
    id character varying(128) NOT NULL,
    tags character varying[],
    organization_id character varying(255),
    custom_property text,
    checksum character varying(128),
    object_path public.ltree,
    is_deleted boolean DEFAULT false
);


ALTER TABLE public.meta_permission OWNER TO aperiosf;

--
-- Name: meta_permission_cascaded_permission; Type: TABLE; Schema: public; Owner: aperiosf
--

CREATE TABLE public.meta_permission_cascaded_permission (
    cascaded_permission text,
    meta_permission_id character varying(255),
    checksum character varying(128)
);


ALTER TABLE public.meta_permission_cascaded_permission OWNER TO aperiosf;

--
-- Name: meta_provider_service_type; Type: TABLE; Schema: public; Owner: aperiosf
--

CREATE TABLE public.meta_provider_service_type (
    value character varying(128),
    created_on_date date,
    created_on_time character varying(128),
    created_by character varying(255),
    id character varying(128) NOT NULL,
    tags character varying[],
    organization_id character varying(255),
    custom_property text,
    checksum character varying(128),
    object_path public.ltree,
    is_deleted boolean DEFAULT false
);


ALTER TABLE public.meta_provider_service_type OWNER TO aperiosf;

--
-- Name: meta_race; Type: TABLE; Schema: public; Owner: aperiosf
--

CREATE TABLE public.meta_race (
    value character varying(128),
    code character varying(128),
    value_order numeric,
    created_on_date date,
    created_on_time character varying(128),
    created_by character varying(255),
    id character varying(128) NOT NULL,
    tags character varying[],
    organization_id character varying(255),
    custom_property text,
    checksum character varying(128),
    object_path public.ltree,
    is_deleted boolean DEFAULT false
);


ALTER TABLE public.meta_race OWNER TO aperiosf;

--
-- Name: meta_relationship; Type: TABLE; Schema: public; Owner: aperiosf
--

CREATE TABLE public.meta_relationship (
    value character varying(255),
    code character varying(128),
    meta_contact_type_id character varying(255),
    created_on_date date,
    created_on_time character varying(128),
    created_by character varying(255),
    id character varying(128) NOT NULL,
    tags character varying[],
    organization_id character varying(255),
    custom_property text,
    checksum character varying(128),
    object_path public.ltree,
    is_deleted boolean DEFAULT false
);


ALTER TABLE public.meta_relationship OWNER TO aperiosf;

--
-- Name: meta_severity; Type: TABLE; Schema: public; Owner: aperiosf
--

CREATE TABLE public.meta_severity (
    value character varying(255),
    value_order numeric,
    created_on_date date,
    created_on_time character varying(128),
    created_by character varying(255),
    id character varying(128) NOT NULL,
    tags character varying[],
    organization_id character varying(255),
    custom_property text,
    checksum character varying(128),
    object_path public.ltree,
    is_deleted boolean DEFAULT false
);


ALTER TABLE public.meta_severity OWNER TO aperiosf;

--
-- Name: meta_smoking_status; Type: TABLE; Schema: public; Owner: aperiosf
--

CREATE TABLE public.meta_smoking_status (
    value character varying(255),
    code character varying(128),
    value_order numeric,
    created_on_date date,
    created_on_time character varying(128),
    created_by character varying(255),
    id character varying(128) NOT NULL,
    tags character varying[],
    organization_id character varying(255),
    custom_property text,
    checksum character varying(128),
    object_path public.ltree,
    is_deleted boolean DEFAULT false
);


ALTER TABLE public.meta_smoking_status OWNER TO aperiosf;

--
-- Name: meta_snomed; Type: TABLE; Schema: public; Owner: aperiosf
--

CREATE TABLE public.meta_snomed (
    code character varying(128),
    description text,
    created_on_date date,
    created_on_time character varying(128),
    created_by character varying(255),
    id character varying(128) NOT NULL,
    tags character varying[],
    organization_id character varying(255),
    custom_property text,
    checksum character varying(128),
    object_path public.ltree,
    is_deleted boolean DEFAULT false
);


ALTER TABLE public.meta_snomed OWNER TO aperiosf;

--
-- Name: meta_snomed_code; Type: TABLE; Schema: public; Owner: aperiosf
--

CREATE TABLE public.meta_snomed_code (
    code character varying(128),
    description text,
    icd10_code character varying(255),
    icd_code character varying(128),
    icd_long_desc text,
    icd_short_desc text,
    created_on_date date,
    created_on_time character varying(128),
    created_by character varying(255),
    id character varying(128) NOT NULL,
    tags character varying[],
    organization_id character varying(255),
    custom_property text,
    checksum character varying(128),
    object_path public.ltree,
    is_deleted boolean DEFAULT false
);


ALTER TABLE public.meta_snomed_code OWNER TO aperiosf;

--
-- Name: meta_social_needs; Type: TABLE; Schema: public; Owner: aperiosf
--

CREATE TABLE public.meta_social_needs (
    key character varying(128),
    type character varying(128),
    value text,
    is_multiple_allow boolean DEFAULT false,
    display_value character varying(128),
    category_id character varying(255),
    value_order numeric,
    status character varying(128),
    created_on_date date,
    created_on_time character varying(128),
    created_by character varying(255),
    meta_social_needs_category_id character varying(255),
    id character varying(128) NOT NULL,
    tags character varying[],
    organization_id character varying(255),
    custom_property text,
    checksum character varying(128),
    object_path public.ltree,
    is_deleted boolean DEFAULT false
);


ALTER TABLE public.meta_social_needs OWNER TO aperiosf;

--
-- Name: meta_social_needs_category; Type: TABLE; Schema: public; Owner: aperiosf
--

CREATE TABLE public.meta_social_needs_category (
    key character varying(128),
    display_value character varying(128),
    value_order numeric,
    status character varying(128),
    created_on_date date,
    created_on_time character varying(128),
    created_by character varying(255),
    id character varying(128) NOT NULL,
    tags character varying[],
    organization_id character varying(255),
    custom_property text,
    checksum character varying(128),
    object_path public.ltree,
    is_deleted boolean DEFAULT false
);


ALTER TABLE public.meta_social_needs_category OWNER TO aperiosf;

--
-- Name: meta_state; Type: TABLE; Schema: public; Owner: aperiosf
--

CREATE TABLE public.meta_state (
    value character varying(128),
    created_on_date date,
    created_on_time character varying(128),
    created_by character varying(255),
    meta_country_id character varying(255),
    id character varying(128) NOT NULL,
    tags character varying[],
    organization_id character varying(255),
    custom_property text,
    checksum character varying(128),
    object_path public.ltree,
    is_deleted boolean DEFAULT false
);


ALTER TABLE public.meta_state OWNER TO aperiosf;

--
-- Name: meta_telephone_type; Type: TABLE; Schema: public; Owner: aperiosf
--

CREATE TABLE public.meta_telephone_type (
    value character varying(255),
    code character varying(128),
    value_order numeric,
    created_on_date date,
    created_on_time character varying(128),
    created_by character varying(255),
    id character varying(128) NOT NULL,
    tags character varying[],
    organization_id character varying(255),
    custom_property text,
    checksum character varying(128),
    object_path public.ltree,
    is_deleted boolean DEFAULT false
);


ALTER TABLE public.meta_telephone_type OWNER TO aperiosf;

--
-- Name: meta_temperature_unit; Type: TABLE; Schema: public; Owner: aperiosf
--

CREATE TABLE public.meta_temperature_unit (
    value character varying(128),
    created_on_date date,
    created_on_time character varying(128),
    created_by character varying(255),
    id character varying(128) NOT NULL,
    tags character varying[],
    organization_id character varying(255),
    custom_property text,
    checksum character varying(128),
    object_path public.ltree,
    is_deleted boolean DEFAULT false
);


ALTER TABLE public.meta_temperature_unit OWNER TO aperiosf;

--
-- Name: meta_timezone; Type: TABLE; Schema: public; Owner: aperiosf
--

CREATE TABLE public.meta_timezone (
    value character varying(128),
    created_on_date date,
    created_on_time character varying(128),
    created_by character varying(255),
    id character varying(128) NOT NULL,
    tags character varying[],
    organization_id character varying(255),
    custom_property text,
    checksum character varying(128),
    object_path public.ltree,
    is_deleted boolean DEFAULT false
);


ALTER TABLE public.meta_timezone OWNER TO aperiosf;

--
-- Name: meta_token_type; Type: TABLE; Schema: public; Owner: aperiosf
--

CREATE TABLE public.meta_token_type (
    value character varying(128),
    created_on_date date,
    created_on_time character varying(128),
    created_by character varying(255),
    id character varying(128) NOT NULL,
    tags character varying[],
    organization_id character varying(255),
    custom_property text,
    checksum character varying(128),
    object_path public.ltree,
    is_deleted boolean DEFAULT false
);


ALTER TABLE public.meta_token_type OWNER TO aperiosf;

--
-- Name: meta_user_type; Type: TABLE; Schema: public; Owner: aperiosf
--

CREATE TABLE public.meta_user_type (
    value character varying(128),
    value_order numeric,
    created_on_date date,
    created_on_time character varying(128),
    created_by character varying(255),
    id character varying(128) NOT NULL,
    tags character varying[],
    organization_id character varying(255),
    custom_property text,
    checksum character varying(128),
    object_path public.ltree,
    is_deleted boolean DEFAULT false
);


ALTER TABLE public.meta_user_type OWNER TO aperiosf;

--
-- Name: meta_weight_unit; Type: TABLE; Schema: public; Owner: aperiosf
--

CREATE TABLE public.meta_weight_unit (
    value character varying(128),
    created_on_date date,
    created_on_time character varying(128),
    created_by character varying(255),
    id character varying(128) NOT NULL,
    tags character varying[],
    organization_id character varying(255),
    custom_property text,
    checksum character varying(128),
    object_path public.ltree,
    is_deleted boolean DEFAULT false
);


ALTER TABLE public.meta_weight_unit OWNER TO aperiosf;

--
-- Name: meta_work_list_approval_status; Type: TABLE; Schema: public; Owner: aperiosf
--

CREATE TABLE public.meta_work_list_approval_status (
    value character varying(128),
    created_on_date date,
    created_on_time character varying(128),
    created_by character varying(255),
    id character varying(128) NOT NULL,
    tags character varying[],
    organization_id character varying(255),
    custom_property text,
    checksum character varying(128),
    object_path public.ltree,
    is_deleted boolean DEFAULT false
);


ALTER TABLE public.meta_work_list_approval_status OWNER TO aperiosf;

--
-- Name: meta_work_list_reminder_status; Type: TABLE; Schema: public; Owner: aperiosf
--

CREATE TABLE public.meta_work_list_reminder_status (
    value character varying(128),
    created_on_date date,
    created_on_time character varying(128),
    created_by character varying(255),
    id character varying(128) NOT NULL,
    tags character varying[],
    organization_id character varying(255),
    custom_property text,
    checksum character varying(128),
    object_path public.ltree,
    is_deleted boolean DEFAULT false
);


ALTER TABLE public.meta_work_list_reminder_status OWNER TO aperiosf;

--
-- Name: meta_work_list_reminder_type; Type: TABLE; Schema: public; Owner: aperiosf
--

CREATE TABLE public.meta_work_list_reminder_type (
    value character varying(128),
    created_on_date date,
    created_on_time character varying(128),
    created_by character varying(255),
    id character varying(128) NOT NULL,
    tags character varying[],
    organization_id character varying(255),
    custom_property text,
    checksum character varying(128),
    object_path public.ltree,
    is_deleted boolean DEFAULT false
);


ALTER TABLE public.meta_work_list_reminder_type OWNER TO aperiosf;

--
-- Name: meta_work_list_reminder_who_type; Type: TABLE; Schema: public; Owner: aperiosf
--

CREATE TABLE public.meta_work_list_reminder_who_type (
    value character varying(128),
    created_on_date date,
    created_on_time character varying(128),
    created_by character varying(255),
    id character varying(128) NOT NULL,
    tags character varying[],
    organization_id character varying(255),
    custom_property text,
    checksum character varying(128),
    object_path public.ltree,
    is_deleted boolean DEFAULT false
);


ALTER TABLE public.meta_work_list_reminder_who_type OWNER TO aperiosf;

--
-- Name: meta_worklist_priority; Type: TABLE; Schema: public; Owner: aperiosf
--

CREATE TABLE public.meta_worklist_priority (
    value character varying(128),
    sort_order numeric,
    created_on_date date,
    created_on_time character varying(128),
    created_by character varying(255),
    id character varying(128) NOT NULL,
    tags character varying[],
    organization_id character varying(255),
    custom_property text,
    checksum character varying(128),
    object_path public.ltree,
    is_deleted boolean DEFAULT false
);


ALTER TABLE public.meta_worklist_priority OWNER TO aperiosf;

--
-- Name: meta_worklist_status; Type: TABLE; Schema: public; Owner: aperiosf
--

CREATE TABLE public.meta_worklist_status (
    value character varying(128),
    ui_hidden boolean DEFAULT false,
    created_on_date date,
    created_on_time character varying(128),
    created_by character varying(255),
    id character varying(128) NOT NULL,
    tags character varying[],
    organization_id character varying(255),
    custom_property text,
    checksum character varying(128),
    object_path public.ltree,
    is_deleted boolean DEFAULT false
);


ALTER TABLE public.meta_worklist_status OWNER TO aperiosf;

--
-- Name: meta_zip_code; Type: TABLE; Schema: public; Owner: aperiosf
--

CREATE TABLE public.meta_zip_code (
    value character varying(128),
    state character varying(255),
    city character varying(128),
    created_on_date date,
    created_on_time character varying(128),
    created_by character varying(255),
    id character varying(128) NOT NULL,
    tags character varying[],
    organization_id character varying(255),
    custom_property text,
    checksum character varying(128),
    object_path public.ltree,
    is_deleted boolean DEFAULT false
);


ALTER TABLE public.meta_zip_code OWNER TO aperiosf;

--
-- Name: oml_data_type; Type: TABLE; Schema: public; Owner: aperiosf
--

CREATE TABLE public.oml_data_type (
    data_type character varying(20) NOT NULL,
    minim_length boolean DEFAULT false,
    maxim_length boolean DEFAULT false,
    minim_val boolean DEFAULT false,
    maxim_val boolean DEFAULT false,
    format boolean DEFAULT false,
    availability boolean DEFAULT false,
    regex boolean DEFAULT false,
    object boolean DEFAULT false,
    comments character varying(500) NOT NULL,
    is_deleted boolean DEFAULT false
);


ALTER TABLE public.oml_data_type OWNER TO aperiosf;

--
-- Name: oml_object; Type: TABLE; Schema: public; Owner: aperiosf
--

CREATE TABLE public.oml_object (
    organization_id character varying(120),
    name character varying(45) NOT NULL,
    display_name character varying(100),
    parent character varying(45),
    authorization_policy character varying(500),
    auto_generate_id boolean DEFAULT true,
    auto_generate_method character varying(45),
    search_index_config character varying(500),
    recursion_level character varying(2),
    maintain_cache character varying(2),
    allow_fetch_all boolean DEFAULT true,
    encrypt_data boolean DEFAULT false,
    maintain_audit character varying(60),
    maintain_history boolean DEFAULT true,
    allow_create boolean DEFAULT true,
    allow_edit boolean DEFAULT true,
    allow_delete boolean DEFAULT true,
    restrict_to_same_org boolean DEFAULT false,
    permission_check_on character varying(60),
    cardinality character varying(2),
    comments character varying(500),
    auto_create boolean DEFAULT false,
    is_internal boolean DEFAULT false,
    is_deleted boolean DEFAULT false
);


ALTER TABLE public.oml_object OWNER TO aperiosf;

--
-- Name: oml_property; Type: TABLE; Schema: public; Owner: aperiosf
--

CREATE TABLE public.oml_property (
    organization_id character varying(120) NOT NULL,
    object character varying(45) NOT NULL,
    property character varying(45) NOT NULL,
    display_name character varying(200),
    data_type character varying(20) NOT NULL,
    search_config character varying(500),
    data_attributes character varying(500),
    dependency character varying(500),
    is_calculated boolean DEFAULT false,
    calculation_formula character varying(500),
    allow_multiple_values boolean DEFAULT false,
    default_value character varying(60),
    display_when_referred boolean DEFAULT false,
    required boolean DEFAULT true,
    property_permissions boolean DEFAULT false,
    allow_edit boolean DEFAULT true,
    unique_index boolean DEFAULT false,
    comments character varying(500) NOT NULL,
    is_deleted boolean DEFAULT false
);


ALTER TABLE public.oml_property OWNER TO aperiosf;

--
-- Name: organization; Type: TABLE; Schema: public; Owner: aperiosf
--

CREATE TABLE public.organization (
    name character varying(128),
    created_on_date date,
    created_on_time character varying(128),
    created_by character varying(128),
    id character varying(128) NOT NULL,
    tags character varying[],
    custom_property text,
    checksum character varying(128),
    object_path public.ltree,
    is_deleted boolean DEFAULT false
);


ALTER TABLE public.organization OWNER TO aperiosf;

--
-- Name: organization_division; Type: TABLE; Schema: public; Owner: aperiosf
--

CREATE TABLE public.organization_division (
    name character varying(128),
    parent_division_id character varying(255),
    is_location boolean DEFAULT false,
    clia_number character varying(128),
    address_type character varying(255),
    street_address character varying(128),
    city character varying(128),
    state character varying(255),
    country character varying(255),
    zip character varying(128),
    telephone_type character varying(255),
    telephone character varying(128),
    allow_delete boolean DEFAULT true,
    patient_address text,
    patient_timezone character varying(255),
    patient_use_emar boolean DEFAULT false,
    patient_use_custom_t_p_lib boolean DEFAULT false,
    patient_use_wiley_t_p_lib boolean DEFAULT false,
    service_late_entry boolean DEFAULT false,
    use_residential boolean DEFAULT false,
    location_start_date date,
    location_end_date date,
    payment_location boolean DEFAULT false,
    late_after_hours character varying(128),
    late_after_days character varying(128),
    exclude_company_holidays boolean DEFAULT false,
    weekdays_only boolean DEFAULT false,
    billing_provider_type character varying(128),
    billing_provider_last_name character varying(128),
    billing_provider_first_name character varying(128),
    billing_provider_middle_name character varying(128),
    eq_request character varying(128),
    billing_provider_address1 character varying(128),
    billing_provider_address2 character varying(128),
    billing_provider_city character varying(128),
    billing_provider_state character varying(255),
    billing_provider_zip character varying(128),
    billing_provider_tax_id character varying(128),
    provider_accepts_assignment boolean DEFAULT false,
    eligibility_days numeric,
    auth_net_api_end_point text,
    auth_net_api_user_name character varying(128),
    auth_net_api_user_password character varying(128),
    enable_auth_net_intergration boolean DEFAULT false,
    created_on_date date,
    created_on_time character varying(128),
    created_by character varying(255),
    id character varying(128) NOT NULL,
    tags character varying[],
    organization_id character varying(255),
    custom_property text,
    checksum character varying(128),
    object_path public.ltree,
    is_deleted boolean DEFAULT false
);


ALTER TABLE public.organization_division OWNER TO aperiosf;

--
-- Name: organization_employee; Type: TABLE; Schema: public; Owner: aperiosf
--

CREATE TABLE public.organization_employee (
    status character varying(255),
    gender character varying(255),
    personal_email character varying(128),
    work_email character varying(128),
    dob date,
    first_name character varying(35),
    image character varying(512),
    last_name character varying(35),
    middle_name character varying(35),
    specialty character varying(128),
    start_date date,
    ssn character varying(128),
    synap_user_id character varying(255),
    dr_first_user_id character varying(128),
    create_new_synap_user boolean DEFAULT false,
    npi text,
    entity_type character varying(128),
    title character varying(128),
    medical_license character varying(128),
    dea_registration_number character varying(128),
    user_type character varying(255),
    created_on_date date,
    created_on_time character varying(128),
    created_by character varying(255),
    id character varying(128) NOT NULL,
    tags character varying[],
    organization_id character varying(255),
    custom_property text,
    checksum character varying(128),
    object_path public.ltree,
    is_deleted boolean DEFAULT false
);


ALTER TABLE public.organization_employee OWNER TO aperiosf;

--
-- Name: organization_employee_address; Type: TABLE; Schema: public; Owner: aperiosf
--

CREATE TABLE public.organization_employee_address (
    zip character varying(9),
    state character varying(255),
    country character varying(255),
    city character varying(35),
    address_type character varying(255),
    address1 character varying(35),
    address2 character varying(128),
    created_on_date date,
    created_on_time character varying(128),
    created_by character varying(255),
    organization_employee_id character varying(255),
    id character varying(128) NOT NULL,
    tags character varying[],
    organization_id character varying(255),
    custom_property text,
    checksum character varying(128),
    object_path public.ltree,
    is_deleted boolean DEFAULT false
);


ALTER TABLE public.organization_employee_address OWNER TO aperiosf;

--
-- Name: organization_employee_division; Type: TABLE; Schema: public; Owner: aperiosf
--

CREATE TABLE public.organization_employee_division (
    organization_division_id character varying(255),
    created_on_date date,
    created_on_time character varying(128),
    created_by character varying(255),
    organization_employee_id character varying(255),
    id character varying(128) NOT NULL,
    tags character varying[],
    organization_id character varying(255),
    custom_property text,
    checksum character varying(128),
    object_path public.ltree,
    is_deleted boolean DEFAULT false
);


ALTER TABLE public.organization_employee_division OWNER TO aperiosf;

--
-- Name: organization_employee_profile; Type: TABLE; Schema: public; Owner: aperiosf
--

CREATE TABLE public.organization_employee_profile (
    profile character varying(255),
    organization_employee_id character varying(255),
    checksum character varying(128)
);


ALTER TABLE public.organization_employee_profile OWNER TO aperiosf;

--
-- Name: organization_employee_telephone; Type: TABLE; Schema: public; Owner: aperiosf
--

CREATE TABLE public.organization_employee_telephone (
    telephone_type character varying(255),
    is_primary boolean DEFAULT false,
    number character varying(10),
    created_on_date date,
    created_on_time character varying(128),
    created_by character varying(255),
    organization_employee_id character varying(255),
    id character varying(128) NOT NULL,
    tags character varying[],
    organization_id character varying(255),
    custom_property text,
    checksum character varying(128),
    object_path public.ltree,
    is_deleted boolean DEFAULT false
);


ALTER TABLE public.organization_employee_telephone OWNER TO aperiosf;

--
-- Name: organization_folder; Type: TABLE; Schema: public; Owner: aperiosf
--

CREATE TABLE public.organization_folder (
    name character varying(128),
    patient_id character varying(255),
    created_on_date date,
    created_on_time character varying(128),
    created_by character varying(255),
    id character varying(128) NOT NULL,
    tags character varying[],
    organization_id character varying(255),
    custom_property text,
    checksum character varying(128),
    object_path public.ltree,
    is_deleted boolean DEFAULT false
);


ALTER TABLE public.organization_folder OWNER TO aperiosf;

--
-- Name: organization_profile; Type: TABLE; Schema: public; Owner: aperiosf
--

CREATE TABLE public.organization_profile (
    name character varying(128),
    allow_delete boolean DEFAULT true,
    is_internal boolean DEFAULT false,
    created_on_date date,
    created_on_time character varying(128),
    created_by character varying(255),
    id character varying(128) NOT NULL,
    tags character varying[],
    organization_id character varying(255),
    custom_property text,
    checksum character varying(128),
    object_path public.ltree,
    is_deleted boolean DEFAULT false
);


ALTER TABLE public.organization_profile OWNER TO aperiosf;

--
-- Name: organization_profile_permission; Type: TABLE; Schema: public; Owner: aperiosf
--

CREATE TABLE public.organization_profile_permission (
    permission character varying(255),
    organization_profile_id character varying(255),
    checksum character varying(128)
);


ALTER TABLE public.organization_profile_permission OWNER TO aperiosf;

--
-- Name: patient; Type: TABLE; Schema: public; Owner: aperiosf
--

CREATE TABLE public.patient (
    status character varying(255),
    military_status character varying(255),
    marital_status character varying(255),
    preferred_language character varying(255),
    housing_status character varying(255),
    gender character varying(255),
    email character varying(128),
    ethnicity character varying(255),
    employment_status character varying(255),
    dob date,
    first_name character varying(35),
    image character varying(512),
    last_name character varying(35),
    middle_name character varying(35),
    maiden_name character varying(128),
    preferred_name character varying(128),
    patient_org_id character varying(128),
    identity character varying(128),
    dr_first_last_sync_date date,
    dr_first_last_sync_time character varying(128),
    synap_user_id character varying(255),
    is_created_dr_first boolean DEFAULT false,
    are_you_adopted boolean DEFAULT false,
    age numeric,
    communication_preference character varying(255),
    no_known_drug_allergies boolean DEFAULT false,
    no_known_problems boolean DEFAULT false,
    protection_indicator_effective_date date,
    is_dead boolean DEFAULT false,
    died_on date,
    no_known_medication boolean DEFAULT false,
    identifying_marks character varying(128),
    eye_color character varying(128),
    hair_color character varying(128),
    create_new_synap_user boolean DEFAULT false,
    suffix_name character varying(128),
    guarantor_patient_id character varying(255),
    notes text,
    secondary_phone character varying(10),
    tertiary_phone character varying(10),
    primary_phone character varying(10),
    all_medication_collected boolean DEFAULT false,
    is_duplicate_allow boolean DEFAULT false,
    admission_date date,
    discharge_date date,
    living_alone boolean DEFAULT false,
    income character varying(255),
    created_on_date date,
    created_on_time character varying(128),
    created_by character varying(255),
    id character varying(128) NOT NULL,
    tags character varying[],
    organization_id character varying(255),
    custom_property text,
    checksum character varying(128),
    object_path public.ltree,
    is_deleted boolean DEFAULT false,
    referral_source text,
    do_not_contact boolean DEFAULT false
);


ALTER TABLE public.patient OWNER TO aperiosf;

--
-- Name: patient_address; Type: TABLE; Schema: public; Owner: aperiosf
--

CREATE TABLE public.patient_address (
    zip character varying(10),
    state character varying(255),
    country character varying(255) DEFAULT 'metaCountry:US'::character varying,
    city character varying(35),
    address_type character varying(255),
    address1 character varying(35),
    address2 character varying(35),
    is_primary boolean DEFAULT false,
    notes text,
    county character varying(128),
    created_on_date date,
    created_on_time character varying(128),
    created_by character varying(255),
    patient_id character varying(255),
    id character varying(128) NOT NULL,
    tags character varying[],
    organization_id character varying(255),
    custom_property text,
    checksum character varying(128),
    object_path public.ltree,
    is_deleted boolean DEFAULT false
);


ALTER TABLE public.patient_address OWNER TO aperiosf;

--
-- Name: patient_admission; Type: TABLE; Schema: public; Owner: aperiosf
--

CREATE TABLE public.patient_admission (
    admission_date date,
    discharge_date date,
    facility character varying(128),
    info_source character varying(128),
    created_on_date date,
    created_on_time character varying(128),
    created_by character varying(255),
    patient_id character varying(255),
    id character varying(128) NOT NULL,
    tags character varying[],
    organization_id character varying(255),
    custom_property text,
    checksum character varying(128),
    object_path public.ltree,
    is_deleted boolean DEFAULT false
);


ALTER TABLE public.patient_admission OWNER TO aperiosf;

--
-- Name: patient_allergy; Type: TABLE; Schema: public; Owner: aperiosf
--

CREATE TABLE public.patient_allergy (
    name character varying(128),
    reaction character varying(128),
    on_set_date date,
    resolution_date date,
    status character varying(255),
    created_on_date date,
    created_on_time character varying(128),
    created_by character varying(255),
    patient_id character varying(255),
    id character varying(128) NOT NULL,
    tags character varying[],
    organization_id character varying(255),
    custom_property text,
    checksum character varying(128),
    object_path public.ltree,
    is_deleted boolean DEFAULT false
);


ALTER TABLE public.patient_allergy OWNER TO aperiosf;

--
-- Name: patient_contact; Type: TABLE; Schema: public; Owner: aperiosf
--

CREATE TABLE public.patient_contact (
    image character varying(512),
    contact_type character varying(255),
    other_contact_type character varying(128),
    first_name character varying(128),
    last_name character varying(128),
    middle_name character varying(128),
    relationship character varying(255),
    email character varying(128),
    roi boolean DEFAULT false,
    roi_expires date,
    synap_user_id character varying(255),
    last_login date,
    is_guardian boolean DEFAULT false,
    lives_with_patient boolean DEFAULT false,
    is_primary boolean DEFAULT false,
    is_emergency_contact boolean DEFAULT false,
    guardian_timeframe_start_date date,
    guardian_timeframe_end_date date,
    guardian_timeframe_days character varying(128),
    guardian_timeframe_time character varying(128),
    is_authorized boolean DEFAULT false,
    create_new_synap_user boolean DEFAULT false,
    npi character varying(128),
    secondary_phone character varying(10),
    tertiary_phone character varying(10),
    primary_phone character varying(10),
    created_on_date date,
    created_on_time character varying(128),
    created_by character varying(255),
    patient_id character varying(255),
    id character varying(128) NOT NULL,
    tags character varying[],
    organization_id character varying(255),
    custom_property text,
    checksum character varying(128),
    object_path public.ltree,
    is_deleted boolean DEFAULT false
);


ALTER TABLE public.patient_contact OWNER TO aperiosf;

--
-- Name: patient_contact_address; Type: TABLE; Schema: public; Owner: aperiosf
--

CREATE TABLE public.patient_contact_address (
    address1 character varying(128),
    address2 character varying(128),
    address_type character varying(255),
    city character varying(128),
    state character varying(255),
    zip character varying(128),
    country character varying(255),
    created_on_date date,
    created_on_time character varying(128),
    created_by character varying(255),
    patient_contact_id character varying(255),
    id character varying(128) NOT NULL,
    tags character varying[],
    organization_id character varying(255),
    custom_property text,
    checksum character varying(128),
    object_path public.ltree,
    is_deleted boolean DEFAULT false
);


ALTER TABLE public.patient_contact_address OWNER TO aperiosf;

--
-- Name: patient_diagnosis; Type: TABLE; Schema: public; Owner: aperiosf
--

CREATE TABLE public.patient_diagnosis (
    onset_date date,
    resolution_date date,
    status character varying(255) DEFAULT 'metaPatientDiagnosisStatus:active'::character varying,
    icd10_code character varying(128),
    snomed_code character varying(128),
    icd10_desc character varying(128),
    snomed_desc character varying(128),
    created_on_date date,
    created_on_time character varying(128),
    created_by character varying(255),
    patient_id character varying(255),
    id character varying(128) NOT NULL,
    tags character varying[],
    organization_id character varying(255),
    custom_property text,
    checksum character varying(128),
    object_path public.ltree,
    is_deleted boolean DEFAULT false
);


ALTER TABLE public.patient_diagnosis OWNER TO aperiosf;

--
-- Name: patient_employment_info; Type: TABLE; Schema: public; Owner: aperiosf
--

CREATE TABLE public.patient_employment_info (
    employer_name character varying(128),
    address1 character varying(128),
    address2 character varying(128),
    zip character varying(128),
    state character varying(255),
    city character varying(128),
    telephone_number character varying(10),
    occupation character varying(128),
    created_on_date date,
    created_on_time character varying(128),
    created_by character varying(255),
    patient_id character varying(255),
    id character varying(128) NOT NULL,
    tags character varying[],
    organization_id character varying(255),
    custom_property text,
    checksum character varying(128),
    object_path public.ltree,
    is_deleted boolean DEFAULT false
);


ALTER TABLE public.patient_employment_info OWNER TO aperiosf;

--
-- Name: patient_medication; Type: TABLE; Schema: public; Owner: aperiosf
--

CREATE TABLE public.patient_medication (
    rx_norm_rxcui character varying(128),
    rx_norm_str text,
    sig character varying(128),
    route character varying(255),
    start_date date,
    end_date date,
    status character varying(255),
    created_on_date date,
    created_on_time character varying(128),
    created_by character varying(255),
    patient_id character varying(255),
    id character varying(128) NOT NULL,
    tags character varying[],
    organization_id character varying(255),
    custom_property text,
    checksum character varying(128),
    object_path public.ltree,
    is_deleted boolean DEFAULT false
);


ALTER TABLE public.patient_medication OWNER TO aperiosf;

--
-- Name: patient_prescription; Type: TABLE; Schema: public; Owner: aperiosf
--

CREATE TABLE public.patient_prescription (
    deleted boolean DEFAULT false,
    voided boolean DEFAULT false,
    denied boolean DEFAULT false,
    rcopia_id character varying(128),
    needs_review character varying(128),
    prescriber_order_number character varying(128),
    rx_reference_number character varying(128),
    created_date date,
    created_time character varying(128),
    completed_date date,
    completed_time character varying(128),
    signed_date date,
    signed_time character varying(128),
    stop_date date,
    stop_time character varying(128),
    dr_first_last_modified_date date,
    dr_first_last_modified_time character varying(128),
    dr_first_last_modified_by character varying(128),
    completion_action character varying(128),
    send_method character varying(128),
    patient_encounter_id character varying(128),
    created_on_date date,
    created_on_time character varying(128),
    created_by character varying(255),
    patient_id character varying(255),
    id character varying(128) NOT NULL,
    tags character varying[],
    organization_id character varying(255),
    custom_property text,
    checksum character varying(128),
    object_path public.ltree,
    is_deleted boolean DEFAULT false
);


ALTER TABLE public.patient_prescription OWNER TO aperiosf;

--
-- Name: patient_primary_care_provider; Type: TABLE; Schema: public; Owner: aperiosf
--

CREATE TABLE public.patient_primary_care_provider (
    first_name character varying(128),
    last_name character varying(128),
    title character varying(128),
    address1 character varying(128),
    address2 character varying(128),
    city character varying(128),
    state character varying(255),
    zip character varying(128),
    primary_phone character varying(10),
    primary_fax character varying(10),
    email character varying(128),
    created_on_date date,
    created_on_time character varying(128),
    created_by character varying(255),
    patient_id character varying(255),
    id character varying(128) NOT NULL,
    tags character varying[],
    organization_id character varying(255),
    custom_property text,
    checksum character varying(128),
    object_path public.ltree,
    is_deleted boolean DEFAULT false
);


ALTER TABLE public.patient_primary_care_provider OWNER TO aperiosf;

--
-- Name: patient_race; Type: TABLE; Schema: public; Owner: aperiosf
--

CREATE TABLE public.patient_race (
    race character varying(255),
    patient_id character varying(255),
    checksum character varying(128)
);


ALTER TABLE public.patient_race OWNER TO aperiosf;

--
-- Name: patient_social_needs; Type: TABLE; Schema: public; Owner: aperiosf
--

CREATE TABLE public.patient_social_needs (
    educating_coaching_on_self_advocacy boolean DEFAULT false,
    application_form_assistance boolean DEFAULT false,
    burial_policy boolean DEFAULT false,
    energy_assistance boolean DEFAULT false,
    general_relief boolean DEFAULT false,
    immigration_naturalization boolean DEFAULT false,
    life_insurance boolean DEFAULT false,
    long_term_disability boolean DEFAULT false,
    low_income_subsidy_program boolean DEFAULT false,
    medicaid boolean DEFAULT false,
    medicare boolean DEFAULT false,
    pension boolean DEFAULT false,
    prescription_benefits boolean DEFAULT false,
    private_health_insurance boolean DEFAULT false,
    rental_assistance boolean DEFAULT false,
    renters_tax_credit boolean DEFAULT false,
    snap_food_benefits boolean DEFAULT false,
    social_security boolean DEFAULT false,
    social_security_survivors_benefits boolean DEFAULT false,
    ssdi_ssi boolean DEFAULT false,
    utilities_phone_programs boolean DEFAULT false,
    veterans_administration boolean DEFAULT false,
    developed_case_management_plan boolean DEFAULT false,
    implementation_of_case_management_plan boolean DEFAULT false,
    linked_with_outside_case_management_service boolean DEFAULT false,
    eviction_prevention_conflict_management boolean DEFAULT false,
    intervention_requested_by_conflict_management boolean DEFAULT false,
    linked_with_outside_resolution_provider boolean DEFAULT false,
    client_caregiver boolean DEFAULT false,
    client_family boolean DEFAULT false,
    client_client boolean DEFAULT false,
    client_staff boolean DEFAULT false,
    call911 boolean DEFAULT false,
    adult_protective_services boolean DEFAULT false,
    assistance_with_disastrous_event boolean DEFAULT false,
    bereavement boolean DEFAULT false,
    intervention_requested_by_management boolean DEFAULT false,
    linked_with_crisis_intervention_support_provider boolean DEFAULT false,
    police_fire_safety_check boolean DEFAULT false,
    psychiatric_emergency boolean DEFAULT false,
    response_to_critical_cilent_harm_suicide boolean DEFAULT false,
    adult_general_education boolean DEFAULT false,
    college boolean DEFAULT false,
    computer_training_assistance boolean DEFAULT false,
    employment_service_provider boolean DEFAULT false,
    english_as_second_language_e_s_o_l boolean DEFAULT false,
    linked_with_outside_education_counselor boolean DEFAULT false,
    literacy boolean DEFAULT false,
    senior_employment_aides_program boolean DEFAULT false,
    vocational_job_training boolean DEFAULT false,
    volunteering boolean DEFAULT false,
    accepting_death_bereavement boolean DEFAULT false,
    counseling_education boolean DEFAULT false,
    information_exchange boolean DEFAULT false,
    related_to_transportation character varying(128),
    gave_general_information boolean DEFAULT false,
    gave_resource_directory_list_of_services boolean DEFAULT false,
    shared_quality_time boolean DEFAULT false,
    adult_day_health_care boolean DEFAULT false,
    consult_w_hospital_discharge_planner boolean DEFAULT false,
    doctor_appointments_medical_professionals boolean DEFAULT false,
    durable_medical_equipment_adaptive_equipment boolean DEFAULT false,
    exercise_physical_fitness boolean DEFAULT false,
    fall_prevention boolean DEFAULT false,
    health_clinic_dental_optical_auditory_etc boolean DEFAULT false,
    health_presentation_program boolean DEFAULT false,
    home_health_care_services boolean DEFAULT false,
    hospice_health_care boolean DEFAULT false,
    hospital_admission boolean DEFAULT false,
    hospital_facility_discharge boolean DEFAULT false,
    medical_bills boolean DEFAULT false,
    medication_management boolean DEFAULT false,
    medicine_education_program boolean DEFAULT false,
    new_patient_forms_patient_forms boolean DEFAULT false,
    nutrition_education boolean DEFAULT false,
    outpatient_services boolean DEFAULT false,
    physician_referral boolean DEFAULT false,
    prescriptions boolean DEFAULT false,
    rehabilitation_services boolean DEFAULT false,
    smoking_cessation boolean DEFAULT false,
    needs_p_c_p boolean DEFAULT false,
    bills boolean DEFAULT false,
    correspondence_mail boolean DEFAULT false,
    daily_money_management_financial_management boolean DEFAULT false,
    disaster_emergency_preparedness boolean DEFAULT false,
    disposal_of_apt_contents_upon_move_out_or_death boolean DEFAULT false,
    donations_contributions boolean DEFAULT false,
    frauds_scams boolean DEFAULT false,
    hoarding_and_clutter boolean DEFAULT false,
    lifeline_other_personal_alarm_system boolean DEFAULT false,
    maintenance boolean DEFAULT false,
    organization_of_personal_records boolean DEFAULT false,
    pest_control boolean DEFAULT false,
    pet_assistance_services boolean DEFAULT false,
    reasonable_accommodations boolean DEFAULT false,
    telephone_suggestion boolean DEFAULT false,
    utilities boolean DEFAULT false,
    vial_of_life_file_of_life boolean DEFAULT false,
    domestic_general_housekeeping boolean DEFAULT false,
    due_to_apt_inspection_failure_management_referral boolean DEFAULT false,
    household_goods_items boolean DEFAULT false,
    personal_care boolean DEFAULT false,
    private_pay boolean DEFAULT false,
    clientto_client_networking_realtionship_building boolean DEFAULT false,
    socialization boolean DEFAULT false,
    intergenerational_activities boolean DEFAULT false,
    apartment_inspection_education boolean DEFAULT false,
    eviction_prevention boolean DEFAULT false,
    house_rules_violation_education boolean DEFAULT false,
    h_u_d_policy_clarification boolean DEFAULT false,
    recertification boolean DEFAULT false,
    advanced_directive boolean DEFAULT false,
    birth_certificate_state_i_d boolean DEFAULT false,
    census boolean DEFAULT false,
    jury_duty boolean DEFAULT false,
    legal_clinic boolean DEFAULT false,
    living_will boolean DEFAULT false,
    passport_assistance boolean DEFAULT false,
    power_of_attorney boolean DEFAULT false,
    client_alien_status_green_card boolean DEFAULT false,
    congregate_meals_site boolean DEFAULT false,
    farmers_market boolean DEFAULT false,
    food_bank_food_distribution_program boolean DEFAULT false,
    healthy_eating boolean DEFAULT false,
    home_delivered boolean DEFAULT false,
    nutrition_health_supplements boolean DEFAULT false,
    behavior boolean DEFAULT false,
    gambling_addiction boolean DEFAULT false,
    communication_with_case_worker_doctors boolean DEFAULT false,
    personality boolean DEFAULT false,
    conservatorship_public_guardian boolean DEFAULT false,
    psychiatric_hold_overs boolean DEFAULT false,
    referrals boolean DEFAULT false,
    counseling boolean DEFAULT false,
    day_treatment_program boolean DEFAULT false,
    home_visits boolean DEFAULT false,
    hospital_nusing_home_visit boolean DEFAULT false,
    telephone_reassurance boolean DEFAULT false,
    encouragement_to_attend_event_activity_program boolean DEFAULT false,
    introduction_to_service_coordinator_s_c_program boolean DEFAULT false,
    invitation_to_event_activity_program boolean DEFAULT false,
    new_client_contract boolean DEFAULT false,
    outreach_to_non_property_community_clients boolean DEFAULT false,
    relationship_building boolean DEFAULT false,
    counseling_service boolean DEFAULT false,
    education_prevention_service boolean DEFAULT false,
    intervention_service boolean DEFAULT false,
    linking_with_outside_provider boolean DEFAULT false,
    referral_to_provider boolean DEFAULT false,
    hosted_low_or_no_cost_tax_services_at_property boolean DEFAULT false,
    information_about_low_or_no_cost022 boolean DEFAULT false,
    organized_tax_document_and_supporting_materials boolean DEFAULT false,
    prepared_specific_age_disabilitybased_rebates boolean DEFAULT false,
    scheduled_low_or_no_cost_tax_preparation_services boolean DEFAULT false,
    another_apartment_complexunit boolean DEFAULT false,
    board_and_care boolean DEFAULT false,
    family boolean DEFAULT false,
    group_home_assisted_living boolean DEFAULT false,
    hospice boolean DEFAULT false,
    nursing_home boolean DEFAULT false,
    rehabilitation_facility boolean DEFAULT false,
    transition_back_to_apt boolean DEFAULT false,
    translation_interpretation_services boolean DEFAULT false,
    written_documents boolean DEFAULT false,
    bus_passes boolean DEFAULT false,
    department_of_motor_vehicle_drivers_license boolean DEFAULT false,
    drivers_education_defensive_driving boolean DEFAULT false,
    field_trip boolean DEFAULT false,
    medicaid_non_emergency_vouchers boolean DEFAULT false,
    medical_transportation boolean DEFAULT false,
    non_emergency_medical_transportation boolean DEFAULT false,
    para_transit boolean DEFAULT false,
    public_transportation boolean DEFAULT false,
    taxi_service boolean DEFAULT false,
    taxi_vouchers_scrips boolean DEFAULT false,
    to_assist_with_shopping boolean DEFAULT false,
    vehicle_personal_car boolean DEFAULT false,
    vehicle_personal_car_insurance boolean DEFAULT false,
    created_on_date date,
    created_on_time character varying(128),
    created_by character varying(255),
    patient_id character varying(255),
    id character varying(128) NOT NULL,
    tags character varying[],
    organization_id character varying(255),
    custom_property text,
    checksum character varying(128),
    object_path public.ltree,
    is_deleted boolean DEFAULT false
);


ALTER TABLE public.patient_social_needs OWNER TO aperiosf;

--
-- Name: patient_social_needs_assistance_with; Type: TABLE; Schema: public; Owner: aperiosf
--

CREATE TABLE public.patient_social_needs_assistance_with (
    assistance_with character varying(128),
    patient_social_needs_id character varying(255),
    checksum character varying(128)
);


ALTER TABLE public.patient_social_needs_assistance_with OWNER TO aperiosf;

--
-- Name: patient_social_needs_encourage_clients_to; Type: TABLE; Schema: public; Owner: aperiosf
--

CREATE TABLE public.patient_social_needs_encourage_clients_to (
    encourage_clients_to character varying(128),
    patient_social_needs_id character varying(255),
    checksum character varying(128)
);


ALTER TABLE public.patient_social_needs_encourage_clients_to OWNER TO aperiosf;

--
-- Name: patient_social_needs_followup_with; Type: TABLE; Schema: public; Owner: aperiosf
--

CREATE TABLE public.patient_social_needs_followup_with (
    followup_with character varying(128),
    patient_social_needs_id character varying(255),
    checksum character varying(128)
);


ALTER TABLE public.patient_social_needs_followup_with OWNER TO aperiosf;

--
-- Name: patient_social_needs_identified_encouraged; Type: TABLE; Schema: public; Owner: aperiosf
--

CREATE TABLE public.patient_social_needs_identified_encouraged (
    identified_encouraged character varying(128),
    patient_social_needs_id character varying(255),
    checksum character varying(128)
);


ALTER TABLE public.patient_social_needs_identified_encouraged OWNER TO aperiosf;

--
-- Name: patient_social_needs_initial_assessment; Type: TABLE; Schema: public; Owner: aperiosf
--

CREATE TABLE public.patient_social_needs_initial_assessment (
    initial_assessment character varying(128),
    patient_social_needs_id character varying(255),
    checksum character varying(128)
);


ALTER TABLE public.patient_social_needs_initial_assessment OWNER TO aperiosf;

--
-- Name: patient_social_needs_legislative_action; Type: TABLE; Schema: public; Owner: aperiosf
--

CREATE TABLE public.patient_social_needs_legislative_action (
    legislative_action character varying(128),
    patient_social_needs_id character varying(255),
    checksum character varying(128)
);


ALTER TABLE public.patient_social_needs_legislative_action OWNER TO aperiosf;

--
-- Name: patient_social_needs_on_behalf_of_client_to; Type: TABLE; Schema: public; Owner: aperiosf
--

CREATE TABLE public.patient_social_needs_on_behalf_of_client_to (
    on_behalf_of_client_to character varying(128),
    patient_social_needs_id character varying(255),
    checksum character varying(128)
);


ALTER TABLE public.patient_social_needs_on_behalf_of_client_to OWNER TO aperiosf;

--
-- Name: patient_social_needs_update_assessment; Type: TABLE; Schema: public; Owner: aperiosf
--

CREATE TABLE public.patient_social_needs_update_assessment (
    update_assessment character varying(128),
    patient_social_needs_id character varying(255),
    checksum character varying(128)
);


ALTER TABLE public.patient_social_needs_update_assessment OWNER TO aperiosf;

--
-- Name: patient_specific_document; Type: TABLE; Schema: public; Owner: aperiosf
--

CREATE TABLE public.patient_specific_document (
    document character varying(512),
    name character varying(128),
    type character varying(255),
    patient_form_id character varying(128),
    created_on_date date,
    created_on_time character varying(128),
    created_by character varying(255),
    patient_id character varying(255),
    id character varying(128) NOT NULL,
    tags character varying[],
    organization_id character varying(255),
    custom_property text,
    checksum character varying(128),
    object_path public.ltree,
    is_deleted boolean DEFAULT false
);


ALTER TABLE public.patient_specific_document OWNER TO aperiosf;

--
-- Name: patient_vital; Type: TABLE; Schema: public; Owner: aperiosf
--

CREATE TABLE public.patient_vital (
    observation_date date,
    observation_time character varying(128),
    height_feet numeric,
    height_inch numeric,
    weight_pound numeric,
    temperature numeric,
    pulse character varying(128),
    bp_systolic numeric,
    bp_diastolic numeric,
    pulse_oximetry character varying(128),
    bmi numeric,
    created_on_date date,
    created_on_time character varying(128),
    created_by character varying(255),
    patient_id character varying(255),
    id character varying(128) NOT NULL,
    tags character varying[],
    organization_id character varying(255),
    custom_property text,
    checksum character varying(128),
    object_path public.ltree,
    is_deleted boolean DEFAULT false
);


ALTER TABLE public.patient_vital OWNER TO aperiosf;

--
-- Name: preferred_provider; Type: TABLE; Schema: public; Owner: aperiosf
--

CREATE TABLE public.preferred_provider (
    group_name character varying(128),
    last_name character varying(128),
    first_name character varying(128),
    phone character varying(10),
    fax character varying(10),
    address1 character varying(128),
    address2 character varying(128),
    city character varying(35),
    state character varying(255),
    zip character varying(10),
    status character varying(255),
    notes text,
    service_type character varying(255),
    created_on_date date,
    created_on_time character varying(128),
    created_by character varying(255),
    id character varying(128) NOT NULL,
    tags character varying[],
    organization_id character varying(255),
    custom_property text,
    checksum character varying(128),
    object_path public.ltree,
    is_deleted boolean DEFAULT false
);


ALTER TABLE public.preferred_provider OWNER TO aperiosf;

--
-- Name: report; Type: TABLE; Schema: public; Owner: aperiosf
--

CREATE TABLE public.report (
    class_name character varying(128),
    cdn_path character varying(512),
    note character varying(128),
    parameters text,
    created_on_date date,
    created_on_time character varying(128),
    created_by character varying(255),
    id character varying(128) NOT NULL,
    tags character varying[],
    organization_id character varying(255),
    custom_property text,
    checksum character varying(128),
    object_path public.ltree,
    is_deleted boolean DEFAULT false
);


ALTER TABLE public.report OWNER TO aperiosf;

--
-- Name: synap_config; Type: TABLE; Schema: public; Owner: aperiosf
--

CREATE TABLE public.synap_config (
    name character varying(128),
    value character varying(128),
    created_on_date date,
    created_on_time character varying(128),
    created_by character varying(255),
    id character varying(128) NOT NULL,
    tags character varying[],
    organization_id character varying(255),
    custom_property text,
    checksum character varying(128),
    object_path public.ltree,
    is_deleted boolean DEFAULT false
);


ALTER TABLE public.synap_config OWNER TO aperiosf;

--
-- Name: synap_user; Type: TABLE; Schema: public; Owner: aperiosf
--

CREATE TABLE public.synap_user (
    email character varying(128),
    first_name character varying(128),
    middle_name character varying(128),
    is_active boolean DEFAULT true,
    is_locked boolean DEFAULT false,
    last_name character varying(128),
    username character varying(128),
    profile_pic character varying(512),
    resend_email boolean DEFAULT false,
    pin character varying(10),
    signature bytea,
    password character varying(128),
    failure_attempts numeric,
    is_registered boolean DEFAULT false,
    password_expiry_time character varying(128),
    created_on_date date,
    created_on_time character varying(128),
    created_by character varying(128),
    id character varying(128) NOT NULL,
    tags character varying[],
    organization_id character varying(255),
    custom_property text,
    checksum character varying(128),
    object_path public.ltree,
    is_deleted boolean DEFAULT false
);


ALTER TABLE public.synap_user OWNER TO aperiosf;

--
-- Name: synap_user_group; Type: TABLE; Schema: public; Owner: aperiosf
--

CREATE TABLE public.synap_user_group (
    group_id text,
    created_on_date date,
    created_on_time character varying(128),
    created_by character varying(255),
    synap_user_id character varying(255),
    id character varying(128) NOT NULL,
    tags character varying[],
    organization_id character varying(255),
    custom_property text,
    checksum character varying(128),
    object_path public.ltree,
    is_deleted boolean DEFAULT false
);


ALTER TABLE public.synap_user_group OWNER TO aperiosf;

--
-- Name: synap_user_token; Type: TABLE; Schema: public; Owner: aperiosf
--

CREATE TABLE public.synap_user_token (
    token_type character varying(255),
    token_expiry_time character varying(128),
    created_on_date date,
    created_on_time character varying(128),
    created_by character varying(255),
    synap_user_id character varying(255),
    id character varying(128) NOT NULL,
    tags character varying[],
    organization_id character varying(255),
    custom_property text,
    checksum character varying(128),
    object_path public.ltree,
    is_deleted boolean DEFAULT false
);


ALTER TABLE public.synap_user_token OWNER TO aperiosf;

--
-- Name: user_password; Type: TABLE; Schema: public; Owner: aperiosf
--

CREATE TABLE public.user_password (
    password character varying(128),
    created_on_date date,
    created_on_time character varying(128),
    created_by character varying(255),
    synap_user_id character varying(255),
    id character varying(128) NOT NULL,
    tags character varying[],
    organization_id character varying(255),
    custom_property text,
    checksum character varying(128),
    object_path public.ltree,
    is_deleted boolean DEFAULT false
);


ALTER TABLE public.user_password OWNER TO aperiosf;

--
-- Name: viewed_client; Type: TABLE; Schema: public; Owner: aperiosf
--

CREATE TABLE public.viewed_client (
    client_id character varying(255),
    view_date date,
    created_on_date date,
    created_on_time character varying(128),
    created_by character varying(255),
    synap_user_id character varying(255),
    id character varying(128) NOT NULL,
    tags character varying[],
    organization_id character varying(255),
    custom_property text,
    checksum character varying(128),
    object_path public.ltree,
    is_deleted boolean DEFAULT false
);


ALTER TABLE public.viewed_client OWNER TO aperiosf;

--
-- Name: work_list; Type: TABLE; Schema: public; Owner: aperiosf
--

CREATE TABLE public.work_list (
    action_type character varying(128),
    author_patient character varying(255),
    author_employee character varying(255),
    logical_group character varying(128),
    due_date date,
    is_mandatory boolean DEFAULT false,
    priority character varying(255),
    scheduled_start timestamp without time zone,
    status character varying(255),
    task text,
    view_task text,
    read_only_task text,
    hide_from_employee character varying(255),
    hide_from_patient character varying(255),
    url text,
    subject_id character varying(128),
    workflow_exe_id character varying(128),
    title character varying(128),
    description text,
    ezc_execution_id character varying(128),
    completed_by character varying(255),
    completed_on_date date,
    completed_on_time character varying(128),
    completed_notes text,
    created_on_date date,
    created_on_time character varying(128),
    created_by character varying(255),
    id character varying(128) NOT NULL,
    tags character varying[],
    organization_id character varying(255),
    custom_property text,
    checksum character varying(128),
    object_path public.ltree,
    is_deleted boolean DEFAULT false
);


ALTER TABLE public.work_list OWNER TO aperiosf;

--
-- Name: work_list_approver; Type: TABLE; Schema: public; Owner: aperiosf
--

CREATE TABLE public.work_list_approver (
    level integer DEFAULT 1,
    approver_id character varying(255),
    approval_status character varying(255),
    execution_id character varying(128),
    created_on_date date,
    created_on_time character varying(128),
    created_by character varying(255),
    work_list_id character varying(255),
    id character varying(128) NOT NULL,
    tags character varying[],
    organization_id character varying(255),
    custom_property text,
    checksum character varying(128),
    object_path public.ltree,
    is_deleted boolean DEFAULT false
);


ALTER TABLE public.work_list_approver OWNER TO aperiosf;

--
-- Name: work_list_assignee_employee; Type: TABLE; Schema: public; Owner: aperiosf
--

CREATE TABLE public.work_list_assignee_employee (
    assignee_employee character varying(255),
    work_list_id character varying(255),
    checksum character varying(128)
);


ALTER TABLE public.work_list_assignee_employee OWNER TO aperiosf;

--
-- Name: work_list_assignee_patient; Type: TABLE; Schema: public; Owner: aperiosf
--

CREATE TABLE public.work_list_assignee_patient (
    assignee_patient character varying(255),
    work_list_id character varying(255),
    checksum character varying(128)
);


ALTER TABLE public.work_list_assignee_patient OWNER TO aperiosf;

--
-- Name: work_list_notes; Type: TABLE; Schema: public; Owner: aperiosf
--

CREATE TABLE public.work_list_notes (
    notes text,
    notes_by character varying(255),
    execution_id character varying(128),
    created_on_date date,
    created_on_time character varying(128),
    created_by character varying(255),
    work_list_id character varying(255),
    id character varying(128) NOT NULL,
    tags character varying[],
    organization_id character varying(255),
    custom_property text,
    checksum character varying(128),
    object_path public.ltree,
    is_deleted boolean DEFAULT false
);


ALTER TABLE public.work_list_notes OWNER TO aperiosf;

--
-- Name: work_list_reminder; Type: TABLE; Schema: public; Owner: aperiosf
--

CREATE TABLE public.work_list_reminder (
    reminder_type character varying(255),
    who_type character varying(255),
    reminder_time timestamp without time zone,
    status character varying(255),
    created_on_date date,
    created_on_time character varying(128),
    created_by character varying(255),
    work_list_id character varying(255),
    id character varying(128) NOT NULL,
    tags character varying[],
    organization_id character varying(255),
    custom_property text,
    checksum character varying(128),
    object_path public.ltree,
    is_deleted boolean DEFAULT false
);


ALTER TABLE public.work_list_reminder OWNER TO aperiosf;

--
-- Name: work_list_reminder_who_employee; Type: TABLE; Schema: public; Owner: aperiosf
--

CREATE TABLE public.work_list_reminder_who_employee (
    who_employee character varying(255),
    work_list_reminder_id character varying(255),
    checksum character varying(128)
);


ALTER TABLE public.work_list_reminder_who_employee OWNER TO aperiosf;

--
-- Name: work_list_reminder_who_patient; Type: TABLE; Schema: public; Owner: aperiosf
--

CREATE TABLE public.work_list_reminder_who_patient (
    who_patient character varying(255),
    work_list_reminder_id character varying(255),
    checksum character varying(128)
);


ALTER TABLE public.work_list_reminder_who_patient OWNER TO aperiosf;

--
-- Data for Name: care_continuity_import_request; Type: TABLE DATA; Schema: public; Owner: aperiosf
--

COPY public.care_continuity_import_request (emr_direct_message_id, cdn_path_original, care_continuity_document_type, receiver_direct_address, sender_direct_address, patient_id, cdn_path_modified, is_reconciled, folder_id, allow_patient_duplicate, allow_patient_merge, created_on_date, created_on_time, created_by, id, tags, organization_id, custom_property, checksum, object_path, is_deleted) FROM stdin;
\N	organization:001-careContinuityImportRequest-cdnPathOriginal-90b1b601-16a8-50f8-9004-03f59f6be25c..xml	metaCareContinuityDocumentType:CCDA	\N	\N	patient:6wyrptn	organization:001-careContinuityImportRequest-cdnPathModified-3e8ef9c2-96b1-5359-a82b-fb658e91dfa7.xml	t	\N	f	f	2018-09-12	17:39:08	synapUser:001	careContinuityImportRequest:ubz3jtu	\N	organization:001	[]	d61b0a0c969466b1e7fd7bc897e69f13efc0e6c12650467127d35436d92857994a8698081fcdf34b60f8f9d102a3dc1a4c632172b6ba6fc5d9d6a21f1703898e	organization__001	t
\N	organization:001-careContinuityImportRequest-cdnPathOriginal-90339dd9-2080-55ec-9a3e-4b3312f1ae6d..xml	metaCareContinuityDocumentType:CCDA	\N	\N	patient:6wyrptn	organization:001-careContinuityImportRequest-cdnPathModified-99f662f7-db27-55dc-a7ba-6ff99fff866a.xml	t	\N	f	t	2018-09-12	17:39:19	synapUser:001	careContinuityImportRequest:utbr6ku	\N	organization:001	[]	fa716a8f0cd8efd1a517de0d60d681837e1364133bb22395c0227f7638d1e14292d9cd8525ed7dbc25c401cb00decef29f7064462ad87fa3d79f778d4b68a7ef	organization__001	t
\N	organization:001-careContinuityImportRequest-cdnPathOriginal-1970b549-2a77-5236-a584-85e122eb3f86..xml	metaCareContinuityDocumentType:CCDA	\N	\N	patient:6wyrptn	organization:001-careContinuityImportRequest-cdnPathModified-95f78a7c-648c-5e59-84bc-19c3f248e109.xml	t	\N	f	t	2018-09-13	17:59:55	synapUser:001	careContinuityImportRequest:6327nhw	\N	organization:001	[]	c30ca38b871474af01f32579e5efedd8c94d4f9bd7e0fa38e00f98aa57d147112f69c35601eb6902269cb5eb87b8c26a817b01762da3d6787b82135a44f9b304	organization__001	f
\N	organization:001-careContinuityImportRequest-cdnPathOriginal-c082286f-bcd6-5b4d-817e-7038d2d93315..xml	metaCareContinuityDocumentType:CCDA	\N	\N	patient:mjhtunm	organization:001-careContinuityImportRequest-cdnPathModified-a75ad156-2588-5d0d-9b28-0ff1d0357ead.xml	t	\N	f	f	2018-09-13	18:50:54	synapUser:yc3a7ba	careContinuityImportRequest:yhxhner	\N	organization:001	[]	07254af7fd2c038a1ff791380b42ede6afd27381bb0eb8d735bd0bfac591dee327272764700a2b696dd9fc043fbb500b607e1f00817b054609ebbc9337907d23	organization__001	f
\N	organization:001-careContinuityImportRequest-cdnPathOriginal-cb68e7c5-5079-5e2a-ada9-64bfe180a957..xml	metaCareContinuityDocumentType:CCDA	\N	\N	patient:7d6ckym	organization:001-careContinuityImportRequest-cdnPathModified-38b61fe5-c8d4-5588-80dc-f6e8a4ecf639.xml	t	\N	f	f	2018-09-20	11:51:39	synapUser:001	careContinuityImportRequest:mvzanxp	\N	organization:001	[]	4f5b6a5c7f3c82aa43c566b22e5bcada0d321e37abe5f96a348c828a4114fbf84b5a47a3a752fd634cd497391effb1f17a5aa97384c44d6925a2e69e4a4a6d60	organization__001	f
\N	organization:001-careContinuityImportRequest-cdnPathOriginal-c89c3233-c5bc-5328-9364-d1fc1165e336..xml	metaCareContinuityDocumentType:CCDA	\N	\N	patient:npmchj7	organization:001-careContinuityImportRequest-cdnPathModified-60a88bf1-2127-5318-96e8-1803879c2cb6.xml	t	\N	f	f	2018-11-05	07:36:11	synapUser:001	careContinuityImportRequest:kfc23x7	\N	organization:001	[]	407475b749e83dfe841077daa743a5051876bfce706de929beace1984d0bd705fa7da8ad86e983cd6861c8c6e1a7faea00772e726e8771252de0dfcee86f43eb	organization__001	f
\N	organization:001-careContinuityImportRequest-cdnPathOriginal-fa2cf831-59c1-50b8-9916-52d3f411e7d9..xml	metaCareContinuityDocumentType:CCDA	\N	\N	patient:zt4bvpx	organization:001-careContinuityImportRequest-cdnPathModified-76ef112f-ab2f-504e-bb8b-867cbc01ea3a.xml	t	\N	t	f	2018-11-05	07:36:58	synapUser:001	careContinuityImportRequest:cazgta4	\N	organization:001	[]	1fd9335c7a952e78ae221f3f92336a4c73753bb8ff80870b3489a379ef48929c2a41432f16a88f21487a841037daedc7053ede8bc352e1fa77b34093a3f0f8dd	organization__001	f
\.


--
-- Data for Name: ccd_upload; Type: TABLE DATA; Schema: public; Owner: aperiosf
--

COPY public.ccd_upload (file, notes, modified_file, created_on_date, created_on_time, created_by, patient_id, id, tags, organization_id, custom_property, checksum, object_path, is_deleted) FROM stdin;
\.


--
-- Data for Name: ccda_export; Type: TABLE DATA; Schema: public; Owner: aperiosf
--

COPY public.ccda_export (cdn_path, ccda_sent, emr_direct_message_id, ccda_export_checksum, care_continuity_document_type, ccda_export_request_id, reciever_direct_address, patient_encounter_id, clinical_document_type, status, fail_count, folder_id, created_on_date, created_on_time, created_by, patient_id, id, tags, organization_id, custom_property, checksum, object_path, is_deleted) FROM stdin;
\.


--
-- Data for Name: ccda_export_include_sections; Type: TABLE DATA; Schema: public; Owner: aperiosf
--

COPY public.ccda_export_include_sections (include_sections, ccda_export_id, checksum) FROM stdin;
\.


--
-- Data for Name: ccda_export_log; Type: TABLE DATA; Schema: public; Owner: aperiosf
--

COPY public.ccda_export_log (log_type, ccda_export_id, created_on_date, created_on_time, created_by, patient_id, id, tags, organization_id, custom_property, checksum, object_path, is_deleted) FROM stdin;
\.


--
-- Data for Name: ccda_export_request; Type: TABLE DATA; Schema: public; Owner: aperiosf
--

COPY public.ccda_export_request (reciever_direct_address, clinical_document_type, all_patient, created_on_date, created_on_time, created_by, id, tags, organization_id, custom_property, checksum, object_path, is_deleted) FROM stdin;
\.


--
-- Data for Name: ccda_export_request_patient_ids; Type: TABLE DATA; Schema: public; Owner: aperiosf
--

COPY public.ccda_export_request_patient_ids (patient_ids, ccda_export_request_id, checksum) FROM stdin;
\.


--
-- Data for Name: ccda_import_allergy; Type: TABLE DATA; Schema: public; Owner: aperiosf
--

COPY public.ccda_import_allergy (emr_direct_message_id, name, drug_rx_norm_id, on_set_date, last_modified_date, care_continuity_import_request_id, reaction, created_on_date, created_on_time, created_by, patient_id, id, tags, organization_id, custom_property, checksum, object_path, is_deleted) FROM stdin;
\.


--
-- Data for Name: ccda_import_diagnosis; Type: TABLE DATA; Schema: public; Owner: aperiosf
--

COPY public.ccda_import_diagnosis (emr_direct_message_id, snomed_code, status, onset_date, care_continuity_import_request_id, meta_snomed, created_on_date, created_on_time, created_by, patient_id, id, tags, organization_id, custom_property, checksum, object_path, is_deleted) FROM stdin;
\.


--
-- Data for Name: ccda_import_medication; Type: TABLE DATA; Schema: public; Owner: aperiosf
--

COPY public.ccda_import_medication (emr_direct_message_id, medication_drug_route, dose, medication_drug_form, drug_rx_norm_id, start_date, stop_date, medication_drug_brand_name, care_continuity_import_request_id, dose_unit, medication_desc, created_on_date, created_on_time, created_by, patient_id, id, tags, organization_id, custom_property, checksum, object_path, is_deleted) FROM stdin;
\.


--
-- Data for Name: cdn_temp_file; Type: TABLE DATA; Schema: public; Owner: aperiosf
--

COPY public.cdn_temp_file (cdn_url, file_name, object_type, property_name, synap_user_id, created_on_date, created_on_time, created_by, id, tags, organization_id, custom_property, checksum, object_path, is_deleted) FROM stdin;
organization:001-careContinuityImportRequest-cdnPathOriginal-90b1b601-16a8-50f8-9004-03f59f6be25c..xml	CCD for Armour, Abigail.xml	careContinuityImportRequest	cdnPathOriginal	synapUser:001	\N	\N	\N	cdnTempFile:fxhbe3h	\N	\N	\N	dbc63b544d58aed529a021b65ae408c158d9980b312d199eefb433d27a1b5079fc431cb92db3d2082f542074dd227c55b91d1732da556780473f607fd71fc54a	\N	t
organization:001-careContinuityImportRequest-cdnPathModified-3e8ef9c2-96b1-5359-a82b-fb658e91dfa7.xml	CCDA_3080527170_modified_9657dde78bc19c248d93e88f23572baf1536773948.xml	careContinuityImportRequest	cdnPathModified	synapUser:001	\N	\N	\N	cdnTempFile:cnjxygb	\N	\N	\N	411584ed757fba2a25084cc644bb5f9d8ea29fd058f93e7c594b0a5b87e1ae4c93dddd5ba67dc35797014a4b16a48971c1ca830d0bc6d7cf17223e8d257e7b5c	\N	t
organization:001-careContinuityImportRequest-cdnPathModified-a75ad156-2588-5d0d-9b28-0ff1d0357ead.xml	CCDA_3075659753_modified_19351ae7c415703130f943b8e8e488e71536864654.xml	careContinuityImportRequest	cdnPathModified	synapUser:yc3a7ba	\N	\N	\N	cdnTempFile:4h8f3jg	\N	\N	\N	ed0efc1b1cd0bf05a9844d3b54159f28622e4ed2e154af5adcce3e6f1c4151695ccc8c86f644ba3f8f1a2f359e5d842f12bc72efd0832ffc7b4d09c1d7775c15	\N	t
organization:001-careContinuityImportRequest-cdnPathOriginal-90339dd9-2080-55ec-9a3e-4b3312f1ae6d..xml	CCD for Armour, Abigail.xml	careContinuityImportRequest	cdnPathOriginal	synapUser:001	\N	\N	\N	cdnTempFile:eyfcbkn	\N	\N	\N	28cefc085840daab8c6aaf666b18876c05c27713e58452655d2efcfc41921bba075127c6f3cc15b4dee0f6a694cc3bbc3fe1350bdc53f093f49de80b7f1a722a	\N	t
organization:001-careContinuityImportRequest-cdnPathModified-99f662f7-db27-55dc-a7ba-6ff99fff866a.xml	CCDA_3076213687_modified_9657dde78bc19c248d93e88f23572baf1536773959.xml	careContinuityImportRequest	cdnPathModified	synapUser:001	\N	\N	\N	cdnTempFile:cfh8ygp	\N	\N	\N	2d5dc272de8cadc8de6067ef01e5b419776a581196e90bbb536daad585f2b9be6e1c54f7119ba5cf032662c450cd31d968c736c5802c2c5ede4f11f3130462ce	\N	t
organization:001-careContinuityImportRequest-cdnPathOriginal-80057994-cffd-5fa2-8df5-25fdd7f652eb..xml	CCD for Armour, Abigail.xml	careContinuityImportRequest	cdnPathOriginal	synapUser:001	\N	\N	\N	cdnTempFile:ydyjygt	\N	\N	\N	457f5ff9ef86e4371a3b43d0fa689fef1a5df1542cacdf25d3856d21d76c25f803ad4c9d6fc8ddc2c4c614a04b19d72c2e3728431d9b7c5b369657ce8b94fb65	\N	f
organization:001-report-cdnPath-359c35f5-6208-5a4a-a335-d0fbab12c771.xlsx	aperioReport1537444292.xlsx	report	cdnPath	synapUser:001	\N	\N	\N	cdnTempFile:fgy2bn4	\N	\N	\N	a1fe99623e4e9a3ec9e08058e50572633b5a13cc0c7d4617bbb37b1f99ab39842110dacf5951131ed915cc421a893a7b435783856c642c7b4a8a4f7f55a9383c	\N	t
organization:001-careContinuityImportRequest-cdnPathOriginal-1970b549-2a77-5236-a584-85e122eb3f86..xml	CCD for Armour, Abigail.xml	careContinuityImportRequest	cdnPathOriginal	synapUser:001	\N	\N	\N	cdnTempFile:mypn2pv	\N	\N	\N	b73c3a25a02ae2507a63ddc9b9bfae96ab8c6f67b1f78b00a60a60eb1f9a62b46bec75ab81c8713f908163c2c159a40475b8f7086a3171b9c17f92fc64581da8	\N	t
organization:001-careContinuityImportRequest-cdnPathModified-95f78a7c-648c-5e59-84bc-19c3f248e109.xml	CCDA_3080639003_modified_9657dde78bc19c248d93e88f23572baf1536861595.xml	careContinuityImportRequest	cdnPathModified	synapUser:001	\N	\N	\N	cdnTempFile:tgu7vv4	\N	\N	\N	23806e5713e3ff07b0106e8f2695f845a42db1b15944cf2e0926832926c39734eb855becdc54d6d3b2bf662833ee2fb79010f6dc6034f2364ae8c97bce19d5e3	\N	t
organization:001-careContinuityImportRequest-cdnPathOriginal-c082286f-bcd6-5b4d-817e-7038d2d93315..xml	CCD for Aguilar, Elaine (352336) 09_13_2018.xml	careContinuityImportRequest	cdnPathOriginal	synapUser:yc3a7ba	\N	\N	\N	cdnTempFile:xun86rd	\N	\N	\N	a68dd32f5ad98328bca93668129585a99dba46b00e2047538d9005511085bf745c75a19c80e8bec44e90fc981b616bad2b426014eb6890de89b0402d1b895e53	\N	t
organization:001-careContinuityImportRequest-cdnPathOriginal-cb68e7c5-5079-5e2a-ada9-64bfe180a957..xml	CCD for Carathers, Enchelle (352267) 07_26_2018.xml	careContinuityImportRequest	cdnPathOriginal	synapUser:001	\N	\N	\N	cdnTempFile:v4tcmg8	\N	\N	\N	c5918a13a12d742e38ed043df255eaf655b1eb77425c5a62d7876200f8e3394ec59fbe83c40020290e5cef4b53c0280497f7b6355cdb9a7335324ed0f8db68b6	\N	t
organization:001-careContinuityImportRequest-cdnPathModified-38b61fe5-c8d4-5588-80dc-f6e8a4ecf639.xml	CCDA_3079177155_modified_ef3f4a9e864c63dff36e0bb8319225391537444299.xml	careContinuityImportRequest	cdnPathModified	synapUser:001	\N	\N	\N	cdnTempFile:jk63xv6	\N	\N	\N	cd9b573f051a83ca20f9ee819140e47e6b962d4049793880353d763e4ff83cdebc9b1e1932b3f85d49c386b2e7a288d6af88e83a99a62522074bef3d0618b935	\N	t
organization:001-report-cdnPath-1bae2d5d-cc33-5569-b75d-c5c41b15498c.xlsx	aperioReport1537444368.xlsx	report	cdnPath	synapUser:001	\N	\N	\N	cdnTempFile:ext7d2z	\N	\N	\N	00d431293f06eddd83deb18a9a0800cf7e3054c4e4cdc7f0f19b8f872d96556b22eecf48182344dd61e9966bcc586f4491ef09003d20007b66f8c774d37fd178	\N	t
organization:001-report-cdnPath-8ceaa47a-8a7b-51ba-83c4-25478856887e.xlsx	aperioReport1537444564.xlsx	report	cdnPath	synapUser:001	\N	\N	\N	cdnTempFile:bxyened	\N	\N	\N	b5a0ec53f1e32a8418bc02b58edf053a93033804405263f6647a71e68bf389f0515738307e344a17386d1730d76e1617b1ba23514460c4b816de0f0f265faa93	\N	t
organization:001-report-cdnPath-97aef2d1-a54f-513b-af3f-0f1c78789bc7.xlsx	aperioReport1537444566.xlsx	report	cdnPath	synapUser:001	\N	\N	\N	cdnTempFile:rww744g	\N	\N	\N	8a7b0258f23959dfead342ca7b2967e6b67fd9e40b24b06ecba1137df811b5b04cffa5272233bf462fad209205531b2485e4bec9d949b5f0e268b26f023d761e	\N	t
organization:001-report-cdnPath-8b22b4d4-7c45-56d4-a680-d475a6968e91.xlsx	aperioReport1537449995.xlsx	report	cdnPath	synapUser:001	\N	\N	\N	cdnTempFile:x8kkguj	\N	\N	\N	aec03d32e931923e08390bf3ffebc281f897ceeb41244fb89177a8da7aba7971a64b9bfa4f97148535b034d20014cea37c0b6fad5d9ae6096e8da8ee3af8216b	\N	t
organization:001-report-cdnPath-be87292d-aba2-50c9-b702-5e5450cb274f.xlsx	aperioReport1537450024.xlsx	report	cdnPath	synapUser:001	\N	\N	\N	cdnTempFile:nygf263	\N	\N	\N	2841667167281f5836f61bc15481fa22d57443a2afc7832a16c2887d9dbd7a726aa6a6cf06c2fd00b6467c61115aaf02065c7a68a01962e37d6d0d92768fc8bb	\N	t
organization:001-report-cdnPath-3601072f-16cc-590e-94b9-a774a2e153f6.xlsx	aperioReport1537450203.xlsx	report	cdnPath	synapUser:001	\N	\N	\N	cdnTempFile:7tmea8w	\N	\N	\N	74a68eaeef56940176a42e93aee231b6d7c2d9de330cc141b603a78b4b289a1eb26e6b14271fcbdc3e9ccf14922696c28b5e58c8bb2cc3a9fea7f32028e706cd	\N	t
organization:001-report-cdnPath-470ac1f6-879f-5356-8767-d602a74f91cd.xlsx	aperioReport1537450235.xlsx	report	cdnPath	synapUser:001	\N	\N	\N	cdnTempFile:2a2jbkz	\N	\N	\N	37a5768d76de3298e11ddac7b274652d25499bb572bacf43b2441ea3f1eb0d610ea3cd5d72930618b033373dc0c81a39ce46404773a613974f952deaaa0a8917	\N	t
organization:001-careContinuityImportRequest-cdnPathOriginal-fb7e2b3a-22b7-5068-9a59-12382d8eedc5..xml	CCD for Armour, Abigail.xml	careContinuityImportRequest	cdnPathOriginal	synapUser:001	\N	\N	\N	cdnTempFile:uttek77	\N	\N	\N	37e1715c784c317bfcc1a453e74c61a56b2576455a529b27c8ae4db27042c0f2a1a4f14abe89472acd7eedbdf18722f26b0bbc8037508bbfa89d207ac178d7ce	\N	f
organization:001-report-cdnPath-cf185814-3093-5b88-a206-9d4db054d453.xlsx	aperioReport1537869383.xlsx	report	cdnPath	synapUser:001	\N	\N	\N	cdnTempFile:uzcv4ke	\N	\N	\N	1ef25f428c4901895f69701c92d6b2c8a24e1b51f07b86c21f866a611520dc1a3e8258a08add110fd7fb54cbb435a1e9bde417d1cc7a7171a8b368ab9c9fe322	\N	t
organization:001-report-cdnPath-b885892b-d656-5600-a323-e9f62a7ecb60.xlsx	aperioReport1537869443.xlsx	report	cdnPath	synapUser:001	\N	\N	\N	cdnTempFile:fyx6dxv	\N	\N	\N	02c5b193442cfa814ea6b3a87ee0b3cbd58f6743639ea29bce8bebacc1ad259d684687c419cd2dd7210539cce789ec25cd6fb6d4d85fe82e424fb8721a4e3a27	\N	t
organization:001-report-cdnPath-3bd40203-38b1-5a0b-b411-550fd8d4d63d.xlsx	aperioReport1538028399.xlsx	report	cdnPath	synapUser:001	\N	\N	\N	cdnTempFile:bvdtehd	\N	\N	\N	d4618333c747e1dd6eb8cfa7fefc6536072de031dcff236274304def06e468edc9b7b8af12cd07db7534f4521c6c264bc64bb5c9bb316fa8cf7de5f263c94202	\N	t
organization:001-report-cdnPath-d214e781-ed41-541f-95bd-610a75ddb28f.xlsx	aperioReport1538028634.xlsx	report	cdnPath	synapUser:001	\N	\N	\N	cdnTempFile:xn6cv3d	\N	\N	\N	ad169aa142410ab3580b6021953572ac91cc6a64ff1f88a1598640733ea8de22d1ab39caf062247d398b6698e2f977f8503f5fc277f78fe24dbbf09943699bec	\N	t
organization:001-report-cdnPath-f0a522cc-483b-5b9a-976f-e92f74952814.xlsx	aperioReport1538028786.xlsx	report	cdnPath	synapUser:001	\N	\N	\N	cdnTempFile:cty7czb	\N	\N	\N	9f716c1f8386ccb16337beccfff50e4708dce9de1a1a377b10e3a2340f4b712afedb94ad533d26b0c16f36fca241d4c0d399e965edd7276f5ff994a756034f26	\N	t
organization:001-report-cdnPath-3fe73ddf-babb-5abb-b4ff-4e340a35207e.xlsx	aperioReport1538028834.xlsx	report	cdnPath	synapUser:001	\N	\N	\N	cdnTempFile:zzv4htn	\N	\N	\N	b9fca6b14110b7fcbc406e870ad1b6e2825f7cd7ab06da1dd2f28ee5fa8fa314f4bdd9ac49d369b50ff2df1886af1d451cb4978941a754b1901b40febd10b654	\N	t
organization:001-report-cdnPath-b0d846db-de76-5c4d-95e5-a77968e2ffcd.xlsx	aperioReport1538028875.xlsx	report	cdnPath	synapUser:001	\N	\N	\N	cdnTempFile:rffbr7m	\N	\N	\N	ab960c6f9b9a762911b5ab71e48cddc74b75f39cca101fb9eb7ee9d71ffe93488cccc013ffe27df4753609cfba2eeea9c781eaa184a39d40ba98775ac319e47e	\N	t
organization:001-report-cdnPath-c0946573-beef-5483-9202-32ff49737eec.xlsx	aperioReport1538029203.xlsx	report	cdnPath	synapUser:001	\N	\N	\N	cdnTempFile:fdpvmfp	\N	\N	\N	87a21e6d181f04e4380f2f3ab34e98b6ba8e5f503a5f50804346a787f04ffb0406416ac4b04a3dc4ea0d1307ec3db042457ee7d441ff10af511d6e559c0e4d22	\N	t
organization:001-report-cdnPath-2fd19dc7-7e7a-5619-9549-579ae7cdfa74.xlsx	aperioReport1538032103.xlsx	report	cdnPath	synapUser:001	\N	\N	\N	cdnTempFile:hfj76eh	\N	\N	\N	b944e1242608a468c8848fd9f87de37da10783173eebcd37fe326838a0726fd09371301e53f7ded577a80d3b384eb87b1680732a249fcf1c493fbd07f998136b	\N	t
organization:001-report-cdnPath-32a9da1f-dd80-5850-8c10-57dd77cdd4cf.xlsx	aperioReport1538034376.xlsx	report	cdnPath	synapUser:001	\N	\N	\N	cdnTempFile:t4vnpgg	\N	\N	\N	294add62cb1b51c4d7006490223d24cedc897e17b3c7714364330a13dd5e082cf875fc05868dfd4c5e57dc2bcab7d88eb8418c6f081e09736ea2a9acd976e7ab	\N	t
organization:001-report-cdnPath-a0d231b3-58d9-5396-9c31-eb56dab2c516.xlsx	aperioReport1538034430.xlsx	report	cdnPath	synapUser:001	\N	\N	\N	cdnTempFile:etc8n7j	\N	\N	\N	ec7fa1f126052c2f4497afa265d49eeb56641374a02d35f5e7bd5a56647c997efe308d232fd5b3be4366e5c7d7f664b0d82b6795a3fe48a1fa7e8721b079d1ae	\N	t
organization:001-report-cdnPath-dadbc731-28a1-5eea-9286-3737d59293bf.xlsx	aperioReport1538034634.xlsx	report	cdnPath	synapUser:001	\N	\N	\N	cdnTempFile:7awm33j	\N	\N	\N	21f5a980124e19eb133a612ec8cf6fc5b8637b1b2bb7680f7b8954c10cb6462e01c8b002b88c22b8e5ec7a2d30a5f3887bb8ff001d7dd8faffab915ab4228cac	\N	t
organization:001-report-cdnPath-47c2a3a7-fd27-5fb1-8748-9a938f585c5f.xlsx	aperioReport1538034735.xlsx	report	cdnPath	synapUser:001	\N	\N	\N	cdnTempFile:7ha2xtp	\N	\N	\N	6e7238d4fb5ee2769b02aad86662111ce40135d3e4a427b6a8b6e9682fc238188736f88ad38aba9cadcb58e6928f4273b820d781cd0e3930a83b3f04a5825966	\N	t
organization:001-report-cdnPath-eacbc295-8908-54d2-8533-286593dc8fae.xlsx	aperioReport1538034789.xlsx	report	cdnPath	synapUser:001	\N	\N	\N	cdnTempFile:gy37w87	\N	\N	\N	a17c99b0dbfd66748e5eb816d0d6b3e3aa030195535ac69adb710a33e0966dc69a22a3e00f9e2fa97f5aea0d63441a7afc62dd41b024b6a53755c63c9f084460	\N	t
organization:001-report-cdnPath-4e140172-adc6-5d11-adfa-6b69a488339d.xlsx	aperioReport1538035506.xlsx	report	cdnPath	synapUser:001	\N	\N	\N	cdnTempFile:bgzjg2b	\N	\N	\N	798f903f2a8bc8997cb7935e4fe29dcffd4994a137d8caa31ff45fa3ccd8d332bd91c3965efe010fb8101b1bc5e0db5e9edee515e74911b137b457c2dd775900	\N	t
organization:001-report-cdnPath-92adc078-181b-537b-b130-cf213c02a1fd.xlsx	aperioReport1538653334.xlsx	report	cdnPath	synapUser:001	\N	\N	\N	cdnTempFile:rmve28p	\N	\N	\N	2dfabd5ec72d4e3014ecc341c6c656606bca846c8e2afb03b4bcdce9a59a44a2c95cb82d014012b6117961c642734a16251c5e3be38febe571d9821f61f08130	\N	t
organization:001-report-cdnPath-e54835d2-2185-5400-ba24-8efce8dbc88b.xlsx	aperioReport1538653467.xlsx	report	cdnPath	synapUser:001	\N	\N	\N	cdnTempFile:gydfehf	\N	\N	\N	5858c3ca33acbcf20bd4c1819125499db5b6d678af1a964d181fc4022a2d630d4dade81fe70f0b6e5bf38217db51d22624dcb07f1d767b57ec39ce73e5419136	\N	t
organization:001-report-cdnPath-69843bbd-26bd-5926-b7ed-8ebfeb824626.xlsx	aperioReport1538653514.xlsx	report	cdnPath	synapUser:001	\N	\N	\N	cdnTempFile:g6rfwvy	\N	\N	\N	dc3de4f137b13ac036d95427fe95eed990974badf78c1ede4b0107a6c80948bd015eba722124204b16f91ec25517fb27d0cbabc4f4708f4faeaba70cd1c25b6d	\N	t
organization:001-report-cdnPath-c1f02504-4906-534e-a753-f49da0792bcb.xlsx	aperioReport1538653533.xlsx	report	cdnPath	synapUser:001	\N	\N	\N	cdnTempFile:3ere6dr	\N	\N	\N	8fe4b7561cb6b434555c82c5376aab1ba9a4803d04be9621e0cca44a7cfb59319616b9b662eba27518580be08e6d45fad6faa9b86e69250d6d47101bf74931b0	\N	t
organization:001-report-cdnPath-524c104f-9128-529f-97dc-b9c9a102b62f.xlsx	aperioReport1538653573.xlsx	report	cdnPath	synapUser:001	\N	\N	\N	cdnTempFile:vyg8zh8	\N	\N	\N	14ee375bd80bfa8f748570d91fa1da08cf65e54cf0f60906f2b84dbf2407ecc97fd220e7808d2ef42329498a9ca3b59f881565b5073d66f44000eab5ed6a4927	\N	t
organization:001-report-cdnPath-bab2948c-f346-51e2-82b2-85f157ce721a.xlsx	aperioReport1538665289.xlsx	report	cdnPath	synapUser:001	\N	\N	\N	cdnTempFile:zng7tj8	\N	\N	\N	7142054861db9b52399642db675fc17d43b61abd4461bcbbfcb8dfe0b3835d4ef1bd1ac0dfaa4cb44f3fb34b58bdc838cc8a292dbc9c2e87118e8b00788a4dba	\N	t
organization:001-report-cdnPath-4b5e506a-0bc1-53ce-9232-c433f7d18ef8.xlsx	aperioReport1538665534.xlsx	report	cdnPath	synapUser:001	\N	\N	\N	cdnTempFile:dzvku3x	\N	\N	\N	e419ea21dfb11ec4d91c0653b1074d16b2aa91f69ccd064a24e5456798ed6e4814dd10e92edfc00312be7e9c7eb3aac4c896fc872cef4fe65864dc66078614ef	\N	t
organization:001-report-cdnPath-f0649ab5-70bd-5599-bb75-16e427f2dcff.xlsx	aperioReport1538665584.xlsx	report	cdnPath	synapUser:001	\N	\N	\N	cdnTempFile:yh8dzje	\N	\N	\N	e35c05ebc78956cc979bd5fe9e4ff18d7f3908d1ae5fbc88f33bd9372b3248cfbbf88c1b7793a7ff6c8d71ca28cbecb7b806c696bb09227c5928d7dc1cf79b51	\N	t
organization:001-report-cdnPath-09f2c991-be82-5379-81f6-4e3955407f8d.xlsx	aperioReport1538665765.xlsx	report	cdnPath	synapUser:001	\N	\N	\N	cdnTempFile:gyrnwvv	\N	\N	\N	cddb1a9511661b391607114cb7679e9c4a4f630fa20399c6d745abc2859f41ca47eb5339c795f1acec8e3917edb3e88f03a487684c33b6d3cd254919b838678a	\N	t
organization:001-report-cdnPath-73f5d41e-8131-526d-a760-a0dd9126d662.xlsx	aperioReport1538665831.xlsx	report	cdnPath	synapUser:001	\N	\N	\N	cdnTempFile:e78jrph	\N	\N	\N	2826862faf81123ec75ea847af0e62eae0ff82e0e0ca5f4063e95a59d7a8a0d7ef6005fdc899f4e62333d75d7562696efb8dd4f66d59b731c0e2dd6d906fdd2f	\N	t
organization:001-report-cdnPath-53fb8862-940c-5b4b-92d1-7fd26dd04071.xlsx	aperioReport1539013955.xlsx	report	cdnPath	synapUser:001	\N	\N	\N	cdnTempFile:rvtwvdk	\N	\N	\N	8109b4a17f5705281448d8af29b9f1e9158deddc3e78789c2cdae668d9d264b3df794d49668c00d65e6b354f6eff4227afadf195e3c962045824d840237d314f	\N	t
organization:001-report-cdnPath-f809af69-9d81-5d19-9d3b-6f4439902f54.xlsx	aperioReport1539013992.xlsx	report	cdnPath	synapUser:001	\N	\N	\N	cdnTempFile:g8ejwp8	\N	\N	\N	abfae02bc3149ee0b251532088e353bb767d30aeef1c17f86ef288b1fdbecac7aea84aaadbc70ccdee561e8589365d075beca531bfb4bbbe9001494421a89d60	\N	t
organization:001-report-cdnPath-b9ff55bf-23d6-58d0-b783-eb88ec2bb374.xlsx	aperioReport1539014059.xlsx	report	cdnPath	synapUser:001	\N	\N	\N	cdnTempFile:uyeuw4v	\N	\N	\N	6f5d30348d83c0a574ca3f31a3d82102ef8e61cf35bf8742316e3b950d1f60af0ea009b34976e67f4c0239df2b2c07e0bb132df862f35822b07bf7681d113ad3	\N	t
organization:001-clientDocumentFile-cdnFile-61d1f49c-9cd7-5a62-b0ff-722f0043c62c..pdf	Test Upload Sheet.pdf	clientDocumentFile	cdnFile	synapUser:yc3a7ba	\N	\N	\N	cdnTempFile:yb4zmhx	\N	\N	\N	e740fb18770ca7d201a5ea2ab602b87b3314261fad15f5e5c70d12a4ac6b8601cec6523172719f065871ec7b65a6890605066cc6b27b09a2811a2d76256cfbcc	\N	t
organization:001-clientDocumentFile-cdnFile-aa9b9e1b-801f-5bd4-81ea-8300f3185893..docx	TEST.docx	clientDocumentFile	cdnFile	synapUser:001	\N	\N	\N	cdnTempFile:nnmuce3	\N	\N	\N	481588fca7ab9c7a9eb52d28597b682aac761acb158d200261b1738e343c6ee72ee14f7f4b34900e845c652610718726d825bb9b90b3011f59ffcfbcaea0e8b4	\N	t
organization:001-report-cdnPath-3b12d8b5-d431-511d-850f-99c8c4d9c183.xlsx	aperioReport1539668225.xlsx	report	cdnPath	synapUser:001	\N	\N	\N	cdnTempFile:u6pjj7k	\N	\N	\N	f0b12d4554887f789500fceadd93e15222b2c6fa31cc7aabd3a91c5496e0a16895cd6a89cfd623e33c3238cc465ed5a67b0a3de147831657fa579155ff105de8	\N	t
organization:001-report-cdnPath-275efa0f-5f57-53b9-831c-a46fd5e63873.xlsx	aperioReport1539803444.xlsx	report	cdnPath	synapUser:001	\N	\N	\N	cdnTempFile:e6ynegx	\N	\N	\N	2d3255e9139c2e6d69589e14e772a66da55eb28996e22f01ec9a7a8431f9c4715d3bd54a0b9a9c711b0652643cbfee4f67151a9e78de563eafe80831fe52aa8f	\N	t
organization:001-report-cdnPath-ac85ef84-9bf0-55d2-a995-6b4a05b2b2bb.xlsx	aperioReport1541166318.xlsx	report	cdnPath	synapUser:001	\N	\N	\N	cdnTempFile:bkdx62j	\N	\N	\N	07c7a294c279a730262591059e642e36e551ca37ccffce5e6f62351e8b27f2d20b3a4c98ab5b7f449de2e9e3dec747a4a45eadd7796c0dc6d94c406c8193fcb7	\N	t
organization:001-report-cdnPath-2395a3ed-e092-5695-9867-f8b3b3b017fd.xlsx	aperioReport1541166354.xlsx	report	cdnPath	synapUser:001	\N	\N	\N	cdnTempFile:4yzt6gr	\N	\N	\N	dc30dd60060c4c6ae65a3e8f259ce0b3a56cc9b92f3a332289f877b0f2d24e58237c72990a44e15dbcd4bbc9e66e96b724f368361ac8709096159d4974cae0a6	\N	t
organization:001-report-cdnPath-fe67d67e-b1bb-537e-80be-daecfd39524e.xlsx	aperioReport1541166372.xlsx	report	cdnPath	synapUser:001	\N	\N	\N	cdnTempFile:6epa24m	\N	\N	\N	55604569b4846cc44dc5ae41caca121afcc6908dfcc46406e8168677051bcf7061a01a686ed2d2594490036a32edf059ad036df138ae95e0abac879379d5325e	\N	t
organization:001-report-cdnPath-1f52bcfd-0dec-5077-9eb9-b6bdc148fd43.xlsx	aperioReport1541166748.xlsx	report	cdnPath	synapUser:001	\N	\N	\N	cdnTempFile:nc8c8ma	\N	\N	\N	f5d065c4ac0baae8365c03ea13bf00f339544c472dc6bc262a33bd03918702ae3817c7d3c60cfbef067dcc2863778cab10521caec69ef147eabd4657f9f463bd	\N	t
organization:001-report-cdnPath-3db6c96a-bf15-5b60-b9ca-5f7d456a5dcf.xlsx	aperioReport1541398060.xlsx	report	cdnPath	synapUser:001	\N	\N	\N	cdnTempFile:c6khxj4	\N	\N	\N	43e7d76e56bcb4ef2fdbeb156d5c2bb5ee5cfd418b43b5efe4f59d5d97658d5468e3634cfbe4bd467c82744f2da5acf698846d3c2178d9c2c3bd9c5a1d34b02d	\N	t
organization:001-report-cdnPath-fd71d18d-e87d-5106-b7d9-aaae4195319d.xlsx	aperioReport1541398332.xlsx	report	cdnPath	synapUser:001	\N	\N	\N	cdnTempFile:pt44vwe	\N	\N	\N	0b41a4eab0d116f4c5d7205fec37f267970f5ebeadd7882befc6f96b59a79253ce85eed8826310e826f576b8eed9c6e91cddf862f2adb256420314b53973ead0	\N	t
organization:001-clientDocumentFile-cdnFile-b2498817-c752-5e15-9dc3-70018a6495bf..png	avatar-image.png	clientDocumentFile	cdnFile	synapUser:001	\N	\N	\N	cdnTempFile:b7vzpwf	\N	\N	\N	c646a0c55c1c6c3eb0dea785f5fe9da787e149111477fda3baf48958557f554febabda6ce0cc4720fa047122b56e79e20ea430a35fa16ade78391b2fb63c0076	\N	t
organization:001-organizationEmployee-image-98738e4f-0ee2-5036-809e-bd8bf6da3e34..png	avatar-image.png	organizationEmployee	image	synapUser:001	\N	\N	\N	cdnTempFile:yxe3zpm	\N	\N	\N	17a10694dd6ea598683d2cf2b8c3eeea832ac09ff48e064e908ec469d8dd548c403e115187f295fea3b2fdb22c2c40d983425ff570d911549d032b9bc56d14ae	\N	t
organization:001-report-cdnPath-a1c34dd8-3137-5d8f-a47a-b6bbe72762ae.xlsx	aperioReport1541399648.xlsx	report	cdnPath	synapUser:h4afvcm	\N	\N	\N	cdnTempFile:8x8zfdb	\N	\N	\N	6bb291ad2f2276b400893cd3d6ab8b948699c9d1fc02564767e3759189369ade28c0882839384d6cf1768d0690971494a73375a19f6c64add6f51ba63e12d269	\N	t
organization:001-report-cdnPath-7f8c9145-bb97-5175-ab14-0468363f6773.xlsx	aperioReport1541400554.xlsx	report	cdnPath	synapUser:h4afvcm	\N	\N	\N	cdnTempFile:nvg7pnp	\N	\N	\N	32a6875b825f1276393c19bd5173ff472398d0c43a43d20383c60eed3cfa9ff9acef0b7fb0b07ea8ad688360d2947e8e384e07b0262eda14d614923512ec0feb	\N	t
organization:001-report-cdnPath-dd5aa09a-0831-5fd9-af92-3384544761fc.xlsx	aperioReport1541400584.xlsx	report	cdnPath	synapUser:h4afvcm	\N	\N	\N	cdnTempFile:8tjm7ak	\N	\N	\N	688e4b7082d889bb6329fa2087faab5f27d45da73791af060527e7bf297fb7b71dd46f6543bda7483234d727ef7f6a9d51e6014ef27c7e63c30a9346f5471ef5	\N	t
organization:001-report-cdnPath-99672571-7331-51f6-8617-1b6c2227c326.xlsx	aperioReport1541400645.xlsx	report	cdnPath	synapUser:h4afvcm	\N	\N	\N	cdnTempFile:wp8rhxd	\N	\N	\N	da3f52f5891092b3c1d1f00062641fef78e5ef28aff26b0c88ae31a4ebfb228816a615a6cb60487017d4073da42b5a635a914e1530cea766ba2d399aa77c0984	\N	t
organization:001-report-cdnPath-411cd95e-b69f-528b-bef4-0ff06351e9b2.xlsx	aperioReport1541400678.xlsx	report	cdnPath	synapUser:h4afvcm	\N	\N	\N	cdnTempFile:fa37c4a	\N	\N	\N	155a0e53f3a3343e9aeec970b21fa58f899516c66a2997e05b581c327442f2f28ac730e5250ddba98c4274e97bf09701e003cb9f3ded8ee9099493e960020b9b	\N	t
organization:001-report-cdnPath-d8d21f01-142f-5944-9760-013a9dbca51a.xlsx	aperioReport1541400701.xlsx	report	cdnPath	synapUser:h4afvcm	\N	\N	\N	cdnTempFile:h4n3keh	\N	\N	\N	4e2ac7c648fe5ceafc124d43c3e5a46d92647d280d487ce75d4cdd91dd65f81db03dd2fb84c7946b1cca937b0a70571c994b1f8b138c30f185299f305ad8aee3	\N	t
organization:001-report-cdnPath-c2d3795e-1293-5c30-8096-c0f85d4ee312.xlsx	aperioReport1541400721.xlsx	report	cdnPath	synapUser:h4afvcm	\N	\N	\N	cdnTempFile:ypvedjj	\N	\N	\N	fda7baad3e6f9548a0ffb3ecb0198d5022ea5847b1239884b2dca53f04932a25abaf1c5108b63223ff3d7fe5f532e57d24b5750703373bce5954777a81f83009	\N	t
organization:001-report-cdnPath-6545684e-1c5d-5ff4-8635-083f0ed93fd8.xlsx	aperioReport1541400740.xlsx	report	cdnPath	synapUser:h4afvcm	\N	\N	\N	cdnTempFile:nad2rxr	\N	\N	\N	a7d7f85dacf8e0b166a5d4461eae47c8bbf08b60d6c34c3965aa16165c09ad1a144ed156b742b9aeeec2519e5506b3d1fb9ac92ad2f6491c791149399ff7d9ef	\N	t
organization:001-report-cdnPath-e77ea8c1-6663-5d9c-921b-8cfec748551b.xlsx	aperioReport1541400797.xlsx	report	cdnPath	synapUser:h4afvcm	\N	\N	\N	cdnTempFile:eax88br	\N	\N	\N	4c45c7da1cde667563cd97876bbb29dc7889bc105cadc593fb392be9fe45297b9db2922c05174d6f5e9b04601d642b0042d08504d1477e8d793e2c45d0241b81	\N	t
organization:001-report-cdnPath-8ee4cada-661c-5c2d-bb4d-9090aa78735d.xlsx	aperioReport1541400849.xlsx	report	cdnPath	synapUser:h4afvcm	\N	\N	\N	cdnTempFile:d7yw7mc	\N	\N	\N	1a220e3f09f6423f3a0b194478c1c795321e03c9440427efa244de9fe81f57a921bd718c8cfa7473970e5056f493389ca88e0d144de9aedecca3781743e26178	\N	t
organization:001-report-cdnPath-c13a1688-50e4-5d8f-8e8a-daec28de5e3e.xlsx	aperioReport1541400873.xlsx	report	cdnPath	synapUser:h4afvcm	\N	\N	\N	cdnTempFile:mahm3z7	\N	\N	\N	573054cb6e3f25dbc1f880dd29b71d4fbb45db745c22bac846c30c23a8e1e3e1149e051f7e984c3678d18cd91724340a7b2737aedf0e5199cbfa70e5b28959a8	\N	t
organization:001-report-cdnPath-c066805a-2c62-50a4-ab0e-884d8006f5a5.xlsx	aperioReport1541400891.xlsx	report	cdnPath	synapUser:h4afvcm	\N	\N	\N	cdnTempFile:vu6hmcg	\N	\N	\N	f8a001585e5ca35153cc6f08c7086cd78473450e050d38a7888a1b7d29c43384d652f3932eaa2eed5fc50998008d463332e19d0803c9e67dbf9f6e4ac19b9a16	\N	t
organization:001-report-cdnPath-028bcab5-0aca-5695-83f4-6f7bd40971af.xlsx	aperioReport1541400918.xlsx	report	cdnPath	synapUser:h4afvcm	\N	\N	\N	cdnTempFile:z6er4f2	\N	\N	\N	15c139b5726ee5392f2629a61364b2e3bea0f9020935881f807e02822bb9421eff5e6a3ee7d6b872f4274a39c1004c535140e8a36964de9daae775cfdb0133bb	\N	t
organization:001-report-cdnPath-4ccb8b98-d318-5d34-955d-8ac9405b8f3b.xlsx	aperioReport1541401104.xlsx	report	cdnPath	synapUser:h4afvcm	\N	\N	\N	cdnTempFile:7ruk88w	\N	\N	\N	f272067d641c60e4d7863d726d18a02d089fc0d3ab782497cce9d2ca2a9a15769e6effb95afe7c5bb862e0bf4361993de28f2818bada31b78841a6502f119d2d	\N	t
organization:001-report-cdnPath-2073f96b-f153-5b12-91b2-53ae3be62b6d.xlsx	aperioReport1541401120.xlsx	report	cdnPath	synapUser:h4afvcm	\N	\N	\N	cdnTempFile:64dt847	\N	\N	\N	2f7c0970768ccc31d5e72a86e1f862b09c2e217231def6ceeb4ce2061f39b3d3142886e5d3b1e576471e01d2a9859a27a8dd20046d3142c2ec5a51621092d9a9	\N	t
organization:001-report-cdnPath-66a3c204-824e-5bde-a8ea-6dc87bc1dc7c.xlsx	aperioReport1541401145.xlsx	report	cdnPath	synapUser:h4afvcm	\N	\N	\N	cdnTempFile:p8fdwmv	\N	\N	\N	c13a256bea654f30896755af837c15bff5935cacdde4193797da92f4500083cc576f1efef49e70eed1b438976378fce5bafec6028c0248a7cb73f20e0e62a229	\N	t
organization:001-report-cdnPath-b5c7230d-ef86-530b-b21d-6d82bece11c3.xlsx	aperioReport1541401376.xlsx	report	cdnPath	synapUser:001	\N	\N	\N	cdnTempFile:vybbgb3	\N	\N	\N	7055da8ab3a1f6815102499d5b726338c56db9b8b786fa5577fb00ea71117420c6e29f64ae51e7f84837c25bc62fa1bd6202cfb9d8d4ea6b59cb79e0fedaca99	\N	t
organization:001-report-cdnPath-ba870838-2b5b-5b57-b98f-08ac9b98fa1a.xlsx	aperioReport1541401377.xlsx	report	cdnPath	synapUser:h4afvcm	\N	\N	\N	cdnTempFile:hpugaup	\N	\N	\N	351a85225d66b18b1d073e7af7a90887ae878fcfd823daeafa422cab2d263f750b6dc35b8d9ab56185f8110d1b99ed21565a7d464edf34be8873e627f93c778f	\N	t
organization:001-clientDocumentFile-cdnFile-7e7a2586-2e8a-5e04-ab3e-a7bc53f77c92..pptx	Extlst-test.pptx	clientDocumentFile	cdnFile	synapUser:001	\N	\N	\N	cdnTempFile:r8c2f66	\N	\N	\N	5ae2db1271734515b443b4064c3e90311825ad42598d76f4b8ef84ec6672f39f0fa0bfbca2072a9c609ece37fbf0662e3be8cd97416ad396a0877b7441a16766	\N	t
organization:001-careContinuityImportRequest-cdnPathOriginal-c89c3233-c5bc-5328-9364-d1fc1165e336..xml	CCD for Clark, Delores (352227) 07_26_2018.xml	careContinuityImportRequest	cdnPathOriginal	synapUser:001	\N	\N	\N	cdnTempFile:z6jcuz6	\N	\N	\N	314522baf7a4abcadf952446f41eae57fe8ac5c26a78da27fd7f11d009ccbf9ce0806ffcb30fa96fffd4231ea5a243ab08ea239b83aeeb92ca68d239757daf1f	\N	t
organization:001-careContinuityImportRequest-cdnPathModified-60a88bf1-2127-5318-96e8-1803879c2cb6.xml	CCDA_3083028855_modified_d4b6b51af4b7d6a4271955f17d205f0f1541403371.xml	careContinuityImportRequest	cdnPathModified	synapUser:001	\N	\N	\N	cdnTempFile:mm36v2z	\N	\N	\N	8ca636a6bc0657d546ce5f8a7008d9b58e95a15a9d6b41b27aee7195a281d6ceefc9f3b0c2ddbd448a8b80cb6eaaa7d0ac230c5d45a59647d67ce3d5c2f4dae0	\N	t
organization:001-report-cdnPath-a7dd54e8-6ef2-5df7-94c2-2bbd35c08ffa.xlsx	aperioReport1541612358.xlsx	report	cdnPath	synapUser:001	\N	\N	\N	cdnTempFile:bbwcnu8	\N	\N	\N	42d0c793c059da8779726f0ae13e96cde1df1ee1d2db255585bfbc78f809f110e730e48abe8378cc2961323d100468cd27e1022d54997b9ac459c233c7ba77d4	\N	t
organization:001-careContinuityImportRequest-cdnPathOriginal-fa2cf831-59c1-50b8-9916-52d3f411e7d9..xml	CCD for Clark, Delores (352227) 07_26_2018.xml	careContinuityImportRequest	cdnPathOriginal	synapUser:001	\N	\N	\N	cdnTempFile:zpm7y4h	\N	\N	\N	2595c06cbfe758f60741c9a2d217537f462e7c121750ce0840be2bdb9c351e34a98bad3fc036e3d287e9fb1b79b8045921a92e509ba09b087ab944210924b8ce	\N	t
organization:001-careContinuityImportRequest-cdnPathModified-76ef112f-ab2f-504e-bb8b-867cbc01ea3a.xml	CCDA_3083943798_modified_d4b6b51af4b7d6a4271955f17d205f0f1541403418.xml	careContinuityImportRequest	cdnPathModified	synapUser:001	\N	\N	\N	cdnTempFile:6k3etd3	\N	\N	\N	2aa5f91070576e351f0ff1ec81469893c3d246582b805998c76123a9937780e20aaac38508ce7e439bba1056008d9dee45cfd0a542b3b0ffcea32b41251c4a64	\N	t
organization:001-clientDocumentFile-cdnFile-1ef1d5c1-6e56-551d-a3cb-4c3bdcfc900b..pdf	download.pdf	clientDocumentFile	cdnFile	synapUser:001	\N	\N	\N	cdnTempFile:fwup6yc	\N	\N	\N	1668bd7f5e5ed1e6b4fe95b32a8023a3c9e96c6abf640c673a0c62cd076f972a61792e5519d4356b2e81713fbd585a9552b0a791fb464bd8fb6bfeb82fe5d6f6	\N	t
organization:001-report-cdnPath-7ca2c162-a5a5-5689-8d68-1a778a1f3ef3.xlsx	aperioReport1541611117.xlsx	report	cdnPath	synapUser:001	\N	\N	\N	cdnTempFile:tyv6vz6	\N	\N	\N	a4c23dd5e346f12e2c78709bf0f247665854726ede917fd798257cd5488de8a7274773a41b42e4ab6784c11df011f43ebd0139f63291007e9dec9f49695a0c15	\N	t
organization:001-patient-image-8e343072-6c81-58b9-853b-da072d7c68c2..jpg	download.jpg	patient	image	synapUser:001	\N	\N	\N	cdnTempFile:baegayb	\N	\N	\N	43f626bb110ca50fd7fd26ea5b7eef26b27f2e183c1289cb9d6937453f0b0818f7c9c9faf2febeef3fbf8f1dd0507953ea51f27b48bb8bc8dedcb45f3dc51800	\N	f
\.


--
-- Data for Name: client_document; Type: TABLE DATA; Schema: public; Owner: aperiosf
--

COPY public.client_document (document_file, name, created_on_date, created_on_time, created_by, patient_id, id, tags, organization_id, custom_property, checksum, object_path, is_deleted) FROM stdin;
clientDocumentFile:pfhr6jb	Test document upload sheet - Dr. M	2018-10-12	19:31:10	synapUser:yc3a7ba	patient:mjhtunm	clientDocument:xub8erv	\N	organization:001	[]	ed6af8e96a0e405354cd5b4524f4486bd4f435cf2384f2ff0c37f602fc3f6d8ade3d9574a9a6e09a9edac755096c4483ff5f96a107ccad912ff034c2d1abd2f7	patient__mjhtunm	f
clientDocumentFile:rg3u7kp	TEST	2018-10-14	23:48:37	synapUser:001	patient:cjrnnwu	clientDocument:82zc8gv	\N	organization:001	[]	c2593ac5f812dfb2355e8b1df4bb5e740cff524ab9cf12507becd1d8551dcf13eeb7c3e2400c865f4f3f250338c819c0a940f0650717295f9866fdf31ae1f032	patient__cjrnnwu	f
clientDocumentFile:rn2yg2w	image	2018-11-05	06:26:04	synapUser:001	patient:cg4wvr4	clientDocument:yzbcvrv	\N	organization:001	[]	9a8d11c49102a42e9e3837bfa5b88099b20275426cbd575ed32b54fe61af142a562567febf60f777e58bb95f5f72d94b15f66f550c7bd47a464d87ae58adf96c	patient__cg4wvr4	f
clientDocumentFile:7btzv2n	Doc 1	2018-11-05	07:23:40	synapUser:001	patient:ybd86v7	clientDocument:3fuhehj	\N	organization:001	[]	90895d2884197a74623e76c6fbc160ee995c703c4e746498c4d63655c4967f24c11951cbd12cfc8d9e015f4debe05a6dd87aca4053c669e7f5db6fc07ecacfc4	patient__ybd86v7	f
clientDocumentFile:n3bhgxx	pdf	2018-11-05	08:37:16	synapUser:001	patient:cg4wvr4	clientDocument:jnfkguk	\N	organization:001	[]	19374ca1fc362f0f629f20be59901d80b6cff329d95ffa4e140609917fc07d38078cda4e7ff5ea2ee13958cf3d0b63de07709f20828cd7d578280309b971bc7e	patient__cg4wvr4	f
\.


--
-- Data for Name: client_document_file; Type: TABLE DATA; Schema: public; Owner: aperiosf
--

COPY public.client_document_file (cdn_file, created_on_date, created_on_time, created_by, client_document_id, id, tags, organization_id, custom_property, checksum, object_path, is_deleted) FROM stdin;
organization:001-clientDocumentFile-cdnFile-61d1f49c-9cd7-5a62-b0ff-722f0043c62c..pdf	2018-10-12	19:31:10	synapUser:yc3a7ba	clientDocument:xub8erv	clientDocumentFile:pfhr6jb	\N	organization:001	[]	5458c7080715023e4e06e163cb222ac40c27d62dbe8212b0a4ebd3114972ab6d96c9c71b750accb1e0f1c7e37c3231983fff25df7404845ac68af3f57714ea5a	patient__mjhtunm.clientDocument__xub8erv	f
organization:001-clientDocumentFile-cdnFile-aa9b9e1b-801f-5bd4-81ea-8300f3185893..docx	2018-10-14	23:48:37	synapUser:001	clientDocument:82zc8gv	clientDocumentFile:rg3u7kp	\N	organization:001	[]	be94bc707289d9786952682c88c78293da0f0c34a6e27adfb8cf75bef89cd9e39661c082ecc229769f209d737961cf26d64aab71984248c5e8700fe3a5d87c58	patient__cjrnnwu.clientDocument__82zc8gv	f
organization:001-clientDocumentFile-cdnFile-b2498817-c752-5e15-9dc3-70018a6495bf..png	2018-11-05	06:26:04	synapUser:001	clientDocument:yzbcvrv	clientDocumentFile:rn2yg2w	\N	organization:001	[]	219afb45cbfe285091e299657fa27554d2dcb0a4bcfc15e5649385da62b4bcf2989f1b3c512dc5dc91f4b44248319989ef4f80efa76445c0cdfd92a8e5393dd3	patient__cg4wvr4.clientDocument__yzbcvrv	f
organization:001-clientDocumentFile-cdnFile-7e7a2586-2e8a-5e04-ab3e-a7bc53f77c92..pptx	2018-11-05	07:23:40	synapUser:001	clientDocument:3fuhehj	clientDocumentFile:7btzv2n	\N	organization:001	[]	c2f471f81cea6692cd7e2e952fed4d18559592eb7165e453c6e27b4957723737d6f983b2ccd9c2aa78d6034b3b441df8f5b16c664d187dfe4b9fdc3f11c74dfc	patient__ybd86v7.clientDocument__3fuhehj	f
organization:001-clientDocumentFile-cdnFile-1ef1d5c1-6e56-551d-a3cb-4c3bdcfc900b..pdf	2018-11-05	08:37:16	synapUser:001	clientDocument:jnfkguk	clientDocumentFile:n3bhgxx	\N	organization:001	[]	88769dc2f1035e50299bf1bc9a7737cf1cb23177354f85cc260665f8813fc150ec16380beefeb59d572bd2329515b994e9c6b77da4cb61ca875e501a3b4fe6be	patient__cg4wvr4.clientDocument__jnfkguk	f
\.


--
-- Data for Name: client_note; Type: TABLE DATA; Schema: public; Owner: aperiosf
--

COPY public.client_note (note, status, created_on_date, created_on_time, created_by, patient_id, id, tags, organization_id, custom_property, checksum, object_path, is_deleted) FROM stdin;
cavity noted on tooth  number 24, requires filling	metaDefaultStatus:active	2018-09-13	03:52:21	synapUser:001	patient:hm328jc	clientNote:evkwcw8	\N	organization:001	[]	e2805368a14af92e3b1f0113b29076bced8686e48a3c3c7d5d5cd8044c864af909a41f27e69857954af1d9a1c08783d7a09db620e222efcee8fa44cf14e21255	patient__hm328jc	f
Silly Sue had reaction to sedation at dentist, was dizzy , had fall at grocery store following dental appointment,  911 transported her to Union Memorial ER, 6 stitches above right eye and bruise on right knee. Treated and discharged to home with daughter.	metaDefaultStatus:active	2018-09-13	04:03:40	synapUser:001	patient:hm328jc	clientNote:uvmazgg	\N	organization:001	[]	a27f9d111c9aa3b09f087689c4855577592778cb7316f8a8842638ba4d348de9bca83b0bc5f4c842ace37d15a1b63c2d859fdeecb38082754f6cce3828ad9400	patient__hm328jc	f
Recommended for the stepping on your nutrition class	metaDefaultStatus:active	2018-09-13	15:18:10	synapUser:nt4fnz2	patient:k887f4a	clientNote:wujbekx	\N	organization:001	[]	dbd47b567e91c23bebc69777c641903813df96bd151fc735456fef442fd5909ef83f98c576292e2db7a8e3d4ccdfeff395b5e6a3a52041397b7683c014b78690	patient__k887f4a	f
test asd	metaDefaultStatus:active	2018-09-20	11:58:09	synapUser:001	patient:ut8ex8t	clientNote:jxrv2b2	\N	organization:001	[]	6ac2e6da2b40ae40cba0b04ecf416556a78c7cbc451c396e4890394cf26d59db50e48db8a09d93d90b37052696336951103857c26d5b63b5a85e64f72a8b5208	patient__ut8ex8t	f
rFsxcsdds	metaDefaultStatus:active	2018-09-20	12:10:13	synapUser:001	patient:at2n2hm	clientNote:b3rt8ek	\N	organization:001	[]	c3153f8d1eb0cefbd5e5fc4262fe81959dac04004abd359c1e9df9479040087ed857a4fc26f257ff72ed1e71eb8eb0c25ee4f170b78325c23c92b75f2857b06d	patient__at2n2hm	f
dsdsfdsfdfdaf	metaDefaultStatus:active	2018-09-20	13:23:38	synapUser:001	patient:upfetgc	clientNote:64x2vh7	\N	organization:001	[]	88d82e156cc958210c8f3a5a2e3300d95783d64af4967e33be37c0c13fd27c229df4d0c66dfe4690581450a646fc44eaabdd18c2000c84c50d424601a669cf12	patient__upfetgc	f
All is well...	metaDefaultStatus:active	2018-09-27	05:57:03	synapUser:001	patient:pc2jvfz	clientNote:n4fnz8w	\N	organization:001	[]	4e0614a4113838166dc6987bc063fa9fe471707e8fa6e0e4d4e6c900152c92328ca4b12cf1d066613c55c523929dba62e996b95e98c127cca04c1c91e81101cf	patient__pc2jvfz	f
Fitness Regimen:\nWork work work work work!	metaDefaultStatus:active	2018-10-17	20:54:31	synapUser:001	patient:mjhtunm	clientNote:yvdxhu2	\N	organization:001	[]	3bf5ea4800ccb151a0532617e740bc3e3276765d6f139fd8cc3d6987ffbe36a7bdbd86d851817884a5e671c83109e40a67c1035b3e31a90dd31377b3d7042abf	patient__mjhtunm	f
this is an active note	metaDefaultStatus:active	2018-11-05	06:25:35	synapUser:001	patient:cg4wvr4	clientNote:42mzbth	\N	organization:001	[]	26ebbf1b8e0806690a8d459be660dfea8f09736b569272e387172e3338a40546e378941697bf7bf280ad4760c41b82663f676294a5c63849881c2d8273128cf9	patient__cg4wvr4	f
Note	metaDefaultStatus:inactive	2018-11-07	17:14:17	synapUser:001	patient:zt4bvpx	clientNote:6c8wcyx	\N	organization:001	[]	5af64745d10bc8d143bcb2e108886882f9e5f5943ac251ab24fe7ffbe428f2d7761f28a0bf00c9db3125be049c048f7cdb8e9f9f4478e1dbd6ced1c96c657083	patient__zt4bvpx	f
Note 2	metaDefaultStatus:active	2018-11-07	17:14:43	synapUser:001	patient:zt4bvpx	clientNote:wpjrwfv	\N	organization:001	[]	0d515b5db3a956c606f7d1a61347de1cedbabdf8b1d573fff40c2197b7ce6c21cc29f034b1ce64df06c03d5bd7ad2d2b48d652afc4acfb539f9c68da3c310ed9	patient__zt4bvpx	f
\.


--
-- Data for Name: course; Type: TABLE DATA; Schema: public; Owner: aperiosf
--

COPY public.course (name, fee, registrant_limit, start_period, end_period, status, created_on_date, created_on_time, created_by, id, tags, organization_id, custom_property, checksum, object_path, is_deleted, min_registrant_limit) FROM stdin;
Dummy Course	100	5	2018-09-12	2018-09-12	metaBasicStatus:active	2018-09-12	09:57:51	synapUser:001	course:akv7nxw	\N	organization:001	[]	6749bfbbcccdf0324a7691c5d8b85f0e0621cd6623ef12f9bdb8dfe2671db82cf5778c5e829fc2dedb5776112deddf6fef405a9571876869a7cc5c74f266f0d2	\N	f	\N
11	0	44	\N	\N	metaBasicStatus:active	2018-09-20	12:16:20	synapUser:001	course:r7njf3g	\N	organization:001	[]	c71b9ba134a3f228a707ae17383a6dc8b4ca512a74945f486aed8007ac476ea407831facc447e43c44dfa2217f62177440940cbb476b7836529aa6e3408c649c	\N	f	\N
What A Mess Lecture	0	85	2018-09-14	2018-09-14	metaBasicStatus:active	2018-09-12	21:06:44	synapUser:001	course:n7auzd8	\N	organization:001	[]	ea93040c86d59b7b5ebe5a666eee61381314306b862c94a94837ffd90610b52e020d4ec3dff2378a0679949a5ed91b52cfbc0a281035472b4937a9a82fe27f4b	\N	f	\N
Gentle Stretches 	3	25	2018-09-12	2018-09-24	metaBasicStatus:active	2018-09-12	20:50:57	synapUser:001	course:yma84fj	\N	organization:001	[]	87ebb7c943a213e3b0915be3e9e8caeaf62e364b3db1e5d0bc161b94ec4807b23ee5159de07ce2a3f81389ff2a502096347f06791f47afcd5cc911f75c51f13d	\N	f	\N
Drug de-addiction	59	10	2018-09-26	2018-09-26	metaBasicStatus:active	2018-09-27	11:07:17	synapUser:001	course:3uhzchk	\N	organization:001	[]	05aff35f7cfcb91dc68dd08b7b4b322454479177a6dd7c86d31b56f45cf1452760c296194099a725818f181663d666883aa513c30f3fe3011533016fe3080a09	\N	f	\N
Magic Meal Planning	15	10	2018-09-20	2018-09-20	metaBasicStatus:active	2018-09-12	22:00:04	synapUser:001	course:zf6fyfh	\N	organization:001	[]	1b3301ddbc8d11db77810ef30960a965329149f024aadb5af1ec161986dbf92d6ba6d9c21820c5b0d8d7b274c21f9faa9e894a4d753aa5dbf5d6ea938f6134b7	\N	f	\N
the course	90	4	2018-09-04	2018-09-21	metaBasicStatus:active	2018-09-20	12:37:42	synapUser:001	course:hvwn7f8	\N	organization:001	[]	2088e1128d0c269b1a4968ff0c079994303627d9be900dd37d47c792c1505cc2b5485262a78381add9315a2c67d5b62a7113930f1233d747d13888f7bde25e49	\N	f	\N
10th (copy)	0	22	\N	\N	metaBasicStatus:active	2018-09-21	18:57:00	synapUser:001	course:wrfzhkp	\N	organization:001	[]	fec8dab1a235e6de04c465444f94574019d9e084ef6d4c98d4aef265403efced1a62280bbe39cfecbc396f943df8c773fcbddaa49d989a09c56290f6d4da64ee	\N	f	\N
Chronic Disease Self Managment	20	8	2018-09-17	2018-09-17	metaBasicStatus:active	2018-09-13	04:14:10	synapUser:001	course:uwcu768	\N	organization:001	[]	819aa5b2ac0dcaf536425e0b7837a7477504d1b0543c93e280a5e2d7f234d64b7a9897025bf2b9a5a8047a8b19144b7e766d11b7fb90e8f48b7dfe9227472c9a	\N	f	\N
Your Best Life	0	25	\N	\N	metaBasicStatus:active	2018-09-13	14:55:40	synapUser:yc3a7ba	course:2pfzet6	\N	organization:001	[]	250fb2d93f1cf788d73c788ae5ca69cc8703e8c1255ebdd93b00657aac094fef25ff80e3661560c3d2031632bb022979b2642858ffe051cd6b30a3bee05aa9d7	\N	f	\N
Whats Happening	0	00	\N	\N	metaBasicStatus:active	2018-09-13	15:56:27	synapUser:001	course:zjgd4pc	\N	organization:001	[]	cc208821e424a9c460120f2ad5867c3871bb0a016110761f62932917c1d50124fdd715f998f7ff2d13e691781d7cb2336687371be0c16337fa3f8e58572442dd	\N	f	\N
Test 1	0	25	2018-09-28	2018-09-28	metaBasicStatus:active	2018-09-13	17:09:14	synapUser:001	course:87kwj33	\N	organization:001	[]	0737b158a912ffd0ad10162b90dbdbc66e63949bbb2ffa841af8dbbe06030903f73c4bce90e8cf87f9b83d1ccbd27cf18fe19225b65b3f2ae7de31ab4b2124fb	\N	f	\N
healthy life	10	10	\N	\N	metaBasicStatus:active	2018-09-27	14:15:29	synapUser:001	course:ktt7dw3	\N	organization:001	[]	dff602dded0c43ee8a464d2eb26b89adcb003a8dfbf31eea3ef41d2ac43f3ddd6c21447b1b3bdb2fefb41b9feafdb1d9f868444e5fda763fa0b13c6c86f10b91	\N	f	\N
10th	0	22	\N	\N	metaBasicStatus:active	2018-09-20	12:16:10	synapUser:001	course:pfyfy83	\N	organization:001	[]	3acefa5874552646bed11ec48db506e9814b9c8fd80011f18a78aa519916d48bdb0cb532006238fede14a30053b1a3b060eaf23858f842a30bf7c68cbb185092	\N	f	\N
Resistance band training	5	10	2018-10-18	2018-10-18	metaBasicStatus:active	2018-10-17	20:56:50	synapUser:001	course:7ndufug	\N	organization:001	[]	840ef726e0d4822f0bbca8f7d48d0f8932a600ff2736f89faceb25cc2bed42d84c964f5e9faad5621f03ede59cf2be07604529a7caa409b503a6f592acf21722	\N	f	\N
the course (copy)	90	4	2018-09-04	2018-09-21	metaBasicStatus:active	2018-09-21	18:57:14	synapUser:001	course:xv3knz8	\N	organization:001	[]	5cac1b4ac191a715ac9d10244b5f0c1c63ac33a80680b229c4f4667fb727ae44dcbc4ecb4119ac81f7d136b13f0d7e9a4ed96c6e367f98acc780127a5be10ce8	\N	f	\N
Healthy life	90	10	2018-09-26	2018-09-26	metaBasicStatus:active	2018-09-27	05:59:04	synapUser:001	course:cjuhthz	\N	organization:001	[]	14ca2bc91a27b1f98c8eee243890e096f9fe00322b07fd45a28634df365c06681192b934b03d3cf436c10b24018bc0d44e9d23f3d15f78edaed1dc4f69ac1aa1	\N	f	\N
Test 1 (copy)	0	25	2018-09-28	2018-09-28	metaBasicStatus:active	2018-09-13	17:48:18	synapUser:001	course:najgau6	\N	organization:001	[]	489ab4ee0299d6df6bf9cee6e28f651bdaf995311d1ff9001e554ba32a3a2f5de4bac5660631c911cfa8711d4854d82d189cbf7e4d958ba9f7ef21645f723da3	\N	f	\N
Strength & Balance	40	10	2018-10-16	2018-10-16	metaBasicStatus:active	2018-10-12	19:26:48	synapUser:yc3a7ba	course:nfw2ajw	\N	organization:001	[]	d9775a7903c4ab0e08b7108d0977f3adfdef8cc66627402989f6a400b71e2d924f40cd9476eb442efeda9d695b3a95d9c326ac7e33882166c2e8f9e190836185	\N	f	\N
Singalong	5	25	2018-10-17	2018-10-17	metaBasicStatus:active	2018-10-01	15:40:24	synapUser:001	course:awrz26m	\N	organization:001	[]	752ce83a18f91148e96ccc14d1cbc3a930a9ee1ee16d7fa25d8f993295fede7d957b2def63448a93b19c09ee898684796458069901a32535fec995ab8c88e1b8	\N	f	\N
Positive Psychology 	0	15	2018-10-17	2018-10-17	metaBasicStatus:active	2018-10-01	16:00:16	synapUser:001	course:akycm63	\N	organization:001	[]	20080045c6d69a98821345c1121baf23c1b0803ebe11bc23e3272490631cf5d7ab698382ed41231820bb4646c200d167831e245c698584e8b881e424eafcb518	\N	f	\N
Positive Psychology  (copy) (copy)	0	15	2018-10-17	2018-10-17	metaBasicStatus:cancelled	2018-10-11	06:37:58	synapUser:001	course:232ammw	\N	organization:001	[]	4f4809830a85d6e0e142287537ba54f98db83553b97fa4259940e7eec7a7ffce2490c7d04c43e8a31d8b17ace42c62da18fdef5f337157b9b53bc4408e43208c	\N	f	\N
Positive Psychology  (copy)	0	15	2018-10-24	2018-10-24	metaBasicStatus:active	2018-10-11	06:37:41	synapUser:001	course:e6ge6t2	\N	organization:001	[]	f439aa84cbe0a6281c9ef768ad627a7f6f598be8f63eb9b357b2c22520d663297350ad980bad91c11184b67197ca0f29fb48b554975adf5f2570f211ecad5b63	\N	f	\N
nblnn Amrit	200	23	2018-10-23	2018-10-23	metaBasicStatus:active	2018-10-23	07:15:20	synapUser:001	course:djg2aca	\N	organization:001	[]	915c3e0a806f77d8bd16748c442a578c020521af03c64887be92e6980526f244297b7bac495e27da6e9ab35f3c2c8f7800aff5202113dace80d04f602664f14f	\N	f	\N
jnwjr Amrit	200	23	2018-10-24	2018-10-24	metaBasicStatus:active	2018-10-23	07:17:08	synapUser:001	course:24u3xpr	\N	organization:001	[]	e2ac9841cc78b4a57a9b4650001a9ba70e159b9802437cfea09e98f7e824269138f6481081fe7727cd16c0811c9b7010a609ab1431a8675257b48b3a8bc88026	\N	f	\N
qusbl Amrit	200	23	2018-10-25	2018-10-25	metaBasicStatus:active	2018-10-23	07:18:15	synapUser:001	course:dgydpt4	\N	organization:001	[]	2a4549ece650d84443e25775ae1d689f39c40256d5378c3de3a40e54ee994d837e5299497fd06224f10678699fd40c3fa5361e4b97aa38670a2e9cd550a026ef	\N	f	\N
jhaas Amrit	200	23	2018-10-26	2018-10-26	metaBasicStatus:active	2018-10-23	07:19:22	synapUser:001	course:phkpgbv	\N	organization:001	[]	52d80cdafe80473c2dd5af8d67cbaed5ba30d9144722db9934b32316d57d95217c4363b5fff9b3777d7252ef71923f467dbf6cf8e8dc5873c28e23dda92dc168	\N	f	\N
nnhyq Amrit	200	23	2018-10-27	2018-10-27	metaBasicStatus:active	2018-10-23	07:20:13	synapUser:001	course:agm8ptt	\N	organization:001	[]	8d9c43d780935209192c8b0fc999acd049d378dcdb3ab1f6d644d9dd792142ce5a5027cf8ac4631a6ceb9dd9150b28edaae6ab4edc6077978ed24dd459f34c1a	\N	f	\N
zoom	99	3	2018-10-31	2018-10-31	metaBasicStatus:active	2018-10-29	06:37:15	synapUser:001	course:8nvvzek	\N	organization:001	[]	b8d341d1a74862573b5c79176091655950893d2e6ec3ed588d6589349a74ad7ff6da70b7d7eed2b99022732d5b651fc5f07c1c36fa08c4594af2c35c71ff2bc8	\N	f	\N
zoom 2nd (copy)	33	89	2018-11-06	2018-11-07	metaBasicStatus:active	2018-11-05	06:35:13	synapUser:h4afvcm	course:z67vza6	\N	organization:001	[]	36ebeb0e2597bcdbd4da14b70eb8bfb3e3dfc6aa7543b9a933574122ff974b7fe396ef25a0e925d08847d8ee486f1f44e57e936088397829ef0bbc4cc6392fd5	\N	f	0
zoom 2nd	33	89	2018-11-02	2018-11-06	metaBasicStatus:active	2018-11-05	06:31:54	synapUser:h4afvcm	course:e3crnx8	\N	organization:001	[]	c947dca36176528133b04ed3f5a07bdafe001305a1706162134998d2b68239b7090fc9fc4ec3aaa1e97418f12201850f57b4475501f3022ef5b4045c65a1335e	\N	f	3
sanitymonday	5	5	2018-11-04	2018-11-04	metaBasicStatus:active	2018-11-05	06:56:46	synapUser:001	course:dv3u3uf	\N	organization:001	[]	2a5f708a5eb4a4c1b12bbc41017881cf70774ceb3a5be91222f03f40171e0b07466f5dec3647c13a22b13e4139f91b2ebe4c5f51b574a7b7e7e17cc4aac87fce	\N	f	2
sanitymonday (copy)	5	5	2018-11-04	2018-11-04	metaBasicStatus:active	2018-11-05	07:00:52	synapUser:001	course:x6yppnr	\N	organization:001	[]	ec3f67048d434fc7889acb09767c5264ce5554c8a128400f4bbf66243dfb3bc15c3c8b22bbff898997e72fd6a546ce4de8498c99b154c78cb32e6e54fdac8830	\N	f	0
\.


--
-- Data for Name: course_custom_field_definition; Type: TABLE DATA; Schema: public; Owner: aperiosf
--

COPY public.course_custom_field_definition (name, type, created_on_date, created_on_time, created_by, course_id, id, tags, organization_id, custom_property, checksum, object_path, is_deleted) FROM stdin;
Name	metaFieldDefinationType:text	2018-09-12	10:21:05	synapUser:001	course:akv7nxw	courseCustomFieldDefinition:hkpch6u	\N	organization:001	[]	da708bbb05c119aa6128c069d63b0eb7ceb3990df04a64540a8cea00a17ce9a7cc5f31fb15b713b919a68b83b1f9b748922c4c7d88a59c6ba9b07c73a6011305	course__akv7nxw	f
Age	metaFieldDefinationType:number	2018-09-12	10:21:13	synapUser:001	course:akv7nxw	courseCustomFieldDefinition:jbwen63	\N	organization:001	[]	804f9a952eed8d01d35a7e62dc4feec58cde5b8e3fc07952beb3e4777ada5eb0668ce828f234348285b055803efe20fd7f3485f8166fdf67da95a397fa63661f	course__akv7nxw	f
DOB	metaFieldDefinationType:datetime	2018-09-12	10:21:20	synapUser:001	course:akv7nxw	courseCustomFieldDefinition:b77j6ng	\N	organization:001	[]	9a6d04af68cc5485a0f40c3cbf097304c071fc9bc9c6a7f1a67dc98c89c41120257105deea6b3a306c5a9dd819c08c716ef2ae8bdd3432d9fb27c3d0ad35af60	course__akv7nxw	f
Vitals Taken?	metaFieldDefinationType:text	2018-09-13	17:12:16	synapUser:001	course:87kwj33	courseCustomFieldDefinition:mp4bfb2	\N	organization:001	[]	19ef57cf84d2dee517b7f00330ba4744e2f08e365d8df4133ab247556e34ca5ac53019418c9c928bdf45030abff14c5570603c23e2ffa2f98ca4d8febbf2a934	course__87kwj33	f
Vitals Taken?	metaFieldDefinationType:text	2018-09-13	17:48:18	synapUser:001	course:najgau6	courseCustomFieldDefinition:ta36gfd	\N	organization:001	[]	d3688bf8180883d72c8d96f601fe8b62389552157a8e248ed2e2f32af2e49ca35ae1eef91b4fc8fc6515e73b024c3cadaf9a19acec59922c2e3369cc3a3640b1	course__najgau6	f
Name	metaFieldDefinationType:text	2018-09-20	12:38:39	synapUser:001	course:hvwn7f8	courseCustomFieldDefinition:jzdve28	\N	organization:001	[]	de03ed11a07c18239fcb22cbe196e492619eea3d9b9e1ad5bbd3c92715f802a63969b5e4a3a559dab25989847e5c4bf797b05a63666a997a48bd5238c952fb1a	course__hvwn7f8	f
age	metaFieldDefinationType:datetime	2018-09-20	12:38:50	synapUser:001	course:hvwn7f8	courseCustomFieldDefinition:ty8bkmn	\N	organization:001	[]	69c317e794897e96cd124de2767b3b96670340025ab2d0261f5ead73863f0841aacc17eafd4c42c42b52050fb8e19dea567ea1394fb607e2db38a3e3a9f84be2	course__hvwn7f8	f
amount	metaFieldDefinationType:decimal	2018-09-20	12:39:02	synapUser:001	course:hvwn7f8	courseCustomFieldDefinition:rcuuef8	\N	organization:001	[]	8ef341d20b0d05b75ebbdfbda141ce09cf4812c91e07d5349662c2787f42209ac555b9c0e628408d28fdeabfcbd781849af5a7003d6cb0e59546b90d511ed9a3	course__hvwn7f8	f
Married	metaFieldDefinationType:checkbox	2018-09-20	12:39:17	synapUser:001	course:hvwn7f8	courseCustomFieldDefinition:xfc63cb	\N	organization:001	[]	97fe287ae279e2b414a8c8d67b8364a175cacb371ae4cd6d0b24416dffe26569cb5854a46ac4f641d28f4b87a665ff9a28a50588e39d41ec495f9d9b9f3b4027	course__hvwn7f8	f
number	metaFieldDefinationType:number	2018-09-20	12:39:37	synapUser:001	course:hvwn7f8	courseCustomFieldDefinition:6m3p8pb	\N	organization:001	[]	65c5e8ccb7a9690e591a4a80557ec5f9ad657abf907c0263de399148067797f7b590b28efb1e14f77ccfa3aead57e130105384d5b3818f3382c6c97bf2406a4a	course__hvwn7f8	f
age	metaFieldDefinationType:datetime	2018-09-21	18:57:14	synapUser:001	course:xv3knz8	courseCustomFieldDefinition:j3vmm8w	\N	organization:001	[]	e825ce8b1c60e5a2234976e1cedc9b4587fbb2d7cdb217fac58ad1e86ebb0014eb4044fd050a6d1767e9dfab3202edfd5b0cdf2589c39dbb0a69b48457851c95	course__xv3knz8	f
amount	metaFieldDefinationType:decimal	2018-09-21	18:57:14	synapUser:001	course:xv3knz8	courseCustomFieldDefinition:86na3ny	\N	organization:001	[]	666054093679018cf7474cfaaf486528d59fe2e37f65f96919dd3e8c53ec5f3cea346a43a5e8611ebc833130e0ec527b9b7e5d5992f3bd71d214a04b786a64c8	course__xv3knz8	f
Married	metaFieldDefinationType:checkbox	2018-09-21	18:57:14	synapUser:001	course:xv3knz8	courseCustomFieldDefinition:yrpzapy	\N	organization:001	[]	78ff00c02eaa51bfc37902698731ed521f64565de1ae1b2e7396dbb44b3d58403e604bc53a93a8170fcd31df1b5f8c7b28a8d39935340c73285b3fbd87fc252d	course__xv3knz8	f
Name	metaFieldDefinationType:text	2018-09-21	18:57:14	synapUser:001	course:xv3knz8	courseCustomFieldDefinition:xnr2nnn	\N	organization:001	[]	c43149e8501c33bb528541381ce8feba5868fa39c059927f87603f054accef0b76eb0c35caa466fad0e29e574168a2a01858690475aeb542fcfa986e2b4482c1	course__xv3knz8	f
number	metaFieldDefinationType:number	2018-09-21	18:57:14	synapUser:001	course:xv3knz8	courseCustomFieldDefinition:xn8yh3m	\N	organization:001	[]	4d919482e4c13c2c1c55b2acb4c24048aeb0f8b7df40a860995bb79cc0761d10572ebb9e946d4fc9e6fe4d97327ade900c303f6583ad7eabacd96b9801ebba1a	course__xv3knz8	f
Name	metaFieldDefinationType:text	2018-09-27	06:00:06	synapUser:001	course:cjuhthz	courseCustomFieldDefinition:h26krpk	\N	organization:001	[]	c925c278cf8aeb64b328251d9821966a5135bf34c4dcb6dbff60ffbd1b73aeedb184748a7ab0927bd63e6ec8912143773ab220e9bb294016d0852621d60c8e9c	course__cjuhthz	f
age	metaFieldDefinationType:number	2018-09-27	06:00:15	synapUser:001	course:cjuhthz	courseCustomFieldDefinition:v7x3364	\N	organization:001	[]	f68e2e704f089a48f017b8d1e70f01b905bebb51e6f4922e7a76f425730164c623fb27c823b2eee4cfa7fa936467f7f54aad3f8092f4cad3125a5d1110a735b0	course__cjuhthz	f
are you fine	metaFieldDefinationType:checkbox	2018-09-27	06:00:25	synapUser:001	course:cjuhthz	courseCustomFieldDefinition:43v4bfv	\N	organization:001	[]	0f5ced1f55a52d07f71e95078cf46c2e375a6393a5bee7bba9ae35618b677ff87d4954e6fe1e70f648848bdffd9a80f26ab750905898b454339c14ded847ee42	course__cjuhthz	f
amount	metaFieldDefinationType:decimal	2018-09-27	06:00:40	synapUser:001	course:cjuhthz	courseCustomFieldDefinition:wkv8gwk	\N	organization:001	[]	76f7b73098604b6c97080ef090a0a3a418b378f9d66b5e62ffc8ffbbd80cd27d38c3e675a995571ca9b4e9b4265f3e3774f4216bbe777eae5bffddd3a24e52cc	course__cjuhthz	f
DOB	metaFieldDefinationType:datetime	2018-09-27	06:00:53	synapUser:001	course:cjuhthz	courseCustomFieldDefinition:4ppurah	\N	organization:001	[]	2d65bd76a32bbbac95b7ca0663e508e69185d76f6ab0b2f3ce3ce2336524f6b39b1aa238361482ffceac94c4c0aefbbfdcc8707943a2fee2042cc173fb325a2f	course__cjuhthz	f
Name	metaFieldDefinationType:text	2018-09-27	11:08:51	synapUser:001	course:3uhzchk	courseCustomFieldDefinition:fr3mzv2	\N	organization:001	[]	a5a7f9a136c6f5c177500ad7c7d86eace1669b4445a0121ce5d055aeb82a3977e3b1070e21ebe8cc66ef5f2f4beb9709d45a58ef851f0008f9917093e536a9f6	course__3uhzchk	f
DOB	metaFieldDefinationType:datetime	2018-09-27	11:08:57	synapUser:001	course:3uhzchk	courseCustomFieldDefinition:vbtyw4e	\N	organization:001	[]	f24fbcc1ff16161fcf06d9e4437f81dbbb2b351397f7d3cf06c6df10a941ed4f168af1686b2bfd2142f9f3d6c51ab5f59d2a403edef75897f9c4992ac70b3c37	course__3uhzchk	f
Amrit Course	metaFieldDefinationType:text	2018-10-23	07:15:25	synapUser:001	course:djg2aca	courseCustomFieldDefinition:e74j476	\N	organization:001	[]	d8989d1e3c4db558bcfc4171789eff9a852aa03471aba407941099017791d5fb24a829deb45e1c934d19b6c3eed23c7a0eaaadde31090557c9d30dc07296d0c5	course__djg2aca	f
Amrit Course	metaFieldDefinationType:text	2018-10-23	07:15:26	synapUser:001	course:djg2aca	courseCustomFieldDefinition:ybdnta8	\N	organization:001	[]	bc697bae5a2b1e83bea305945e21b7200e947ef69048565c3186ff9901bce2fc5191ecae1e4a986fa505e7f66e7822ca0c1ba5a561bd87108201fe53b01414c8	course__djg2aca	f
Amrit Course	metaFieldDefinationType:text	2018-10-23	07:15:28	synapUser:001	course:djg2aca	courseCustomFieldDefinition:r2cmcug	\N	organization:001	[]	69090067af0dedf58f842f90a985b54f77f42604389dc8796bb6cd1fa8bb64ee5c4fd54a24248e33d61179edf15566ba6d8e54a2a1b19f405b962f1639367508	course__djg2aca	f
Amrit Course	metaFieldDefinationType:text	2018-10-23	07:15:29	synapUser:001	course:djg2aca	courseCustomFieldDefinition:jnkdzkc	\N	organization:001	[]	338f33ccb826d15ea4f00babfcbe92c8a0083f6e8ee249eca75bd6564524c614cd6a2dfd227b30bba7ed7f72c8ae8328cefa0a3732c6b3f5e9b7cb999ee49ce4	course__djg2aca	f
Amrit Course	metaFieldDefinationType:text	2018-10-23	07:15:30	synapUser:001	course:djg2aca	courseCustomFieldDefinition:jbjc3ue	\N	organization:001	[]	9a63a504896a90ce118802f1fd5a1d29266581569b377f459d189d95aed5ba9fb212695984ef326d76a23c4a1dd392ba8c8e907ac0f1fdf90af2ef9eb1a650af	course__djg2aca	f
Amrit Course	metaFieldDefinationType:text	2018-10-23	07:17:11	synapUser:001	course:24u3xpr	courseCustomFieldDefinition:pkvxxpp	\N	organization:001	[]	a050e9386fa6dddae12e2556ec9c0f173dc96f1bd6c63f4151f3be8a2c2a1969282204e14bb90aafd41ee1c46bda1e8c9709b50c07414944891a01d179f8573a	course__24u3xpr	f
Amrit Course	metaFieldDefinationType:text	2018-10-23	07:17:13	synapUser:001	course:24u3xpr	courseCustomFieldDefinition:pthamct	\N	organization:001	[]	40fd5cfd6e43665e323afaf8306e1ac049d834fba1db3c2f2ad039eaee3bc4be06eeac9905a8e8560063b6822edd402e9c17470ca0e72117765a492d6968e05a	course__24u3xpr	f
Amrit Course	metaFieldDefinationType:text	2018-10-23	07:17:14	synapUser:001	course:24u3xpr	courseCustomFieldDefinition:wrrbyxz	\N	organization:001	[]	f33f6d83d4d1b26c1aed5472631fd0d58ce44b4a402d58f94eb68395c0d48f243501f6791e66e242817000a9e88a5ebc482834cf0c01e1e511f038bd7dc86c94	course__24u3xpr	f
Amrit Course	metaFieldDefinationType:text	2018-10-23	07:17:15	synapUser:001	course:24u3xpr	courseCustomFieldDefinition:dp2upbe	\N	organization:001	[]	67446555de100aa6d911e4415a958998ceb5fb556f596aa5800500f954c069f70f2636dc5148b44f4affe40add8773be95eb78e9cc7814b50f90669951ebd3da	course__24u3xpr	f
Amrit Course	metaFieldDefinationType:text	2018-10-23	07:17:16	synapUser:001	course:24u3xpr	courseCustomFieldDefinition:f3ub7w7	\N	organization:001	[]	942b50b32c08b0b820ea3db57f2183a9451b46d8022a6079464fa585d4121675ecd0ff77e19c0b398c53cc0cd96f643361a845fb0f079bb45b88121f6fb9a7f0	course__24u3xpr	f
Amrit Course	metaFieldDefinationType:text	2018-10-23	07:18:19	synapUser:001	course:dgydpt4	courseCustomFieldDefinition:en4uzn6	\N	organization:001	[]	cc529e21d2ff5ef133eb3406bfd285ecbbe7f27c5a9bb2945c714cff6fabcd431f377c438deb4d50521a4bef4e30d989e8a483771d3e775b4b19d39540bcee7f	course__dgydpt4	f
Amrit Course	metaFieldDefinationType:text	2018-10-23	07:18:20	synapUser:001	course:dgydpt4	courseCustomFieldDefinition:cm8k6d8	\N	organization:001	[]	5dcb9a0db69b01e5543ec2dba4647fdd701b4f909301df4f5a965fd9f4f7fcbc9de9d7609c18a2eafcacf04983a38373d27fb2aa45accd6b2301a4d1049c1bb6	course__dgydpt4	f
Amrit Course	metaFieldDefinationType:text	2018-10-23	07:18:22	synapUser:001	course:dgydpt4	courseCustomFieldDefinition:cfca3ug	\N	organization:001	[]	0476aed2d28da9a0db1824320224096c9d9028e759fb60349f9a310b76c1f95beea055e9b39ce3365359fb3734b2a2a7bac1aa72cfcd14ea8f000b0f70c48fe9	course__dgydpt4	f
Amrit Course	metaFieldDefinationType:text	2018-10-23	07:18:23	synapUser:001	course:dgydpt4	courseCustomFieldDefinition:b7dymcw	\N	organization:001	[]	5fa1f0420c52554c1b3613ccc997e3c343656fd7ab68cc8c298152210840361ee452c59a03c6671280b655c986ce15d21916b34a39fc6e1330f5fc59a95fc51f	course__dgydpt4	f
Amrit Course	metaFieldDefinationType:text	2018-10-23	07:18:24	synapUser:001	course:dgydpt4	courseCustomFieldDefinition:ee8dr4v	\N	organization:001	[]	698224061f6ff8f48cdec62bad9ffd909fa079cf657e991b13abbb172e5b94b1c4f9e9c3333464ac5bfdb688099ee4fd6f42ad11affd3b9feae0ffc91bc4e390	course__dgydpt4	f
Amrit Course	metaFieldDefinationType:text	2018-10-23	07:19:25	synapUser:001	course:phkpgbv	courseCustomFieldDefinition:gnemg2d	\N	organization:001	[]	997851cbd2db80dd222d81fe3d17f72a2d23ba1aaa0d3af9a959e7760b88a5a531ad00b08f4223d6c25866bb6df4e782c3beededa362f8f9661f39692b6ccad7	course__phkpgbv	f
Amrit Course	metaFieldDefinationType:text	2018-10-23	07:19:26	synapUser:001	course:phkpgbv	courseCustomFieldDefinition:7bx27zr	\N	organization:001	[]	66c98fc6813482f67c01eb4628b9fa70f2ab4ecf4cefe75da72418f8fef0df94e715b3e57c58ade253a34d153e3c76a08ad3781ce073a863af59a009a4bea024	course__phkpgbv	f
Amrit Course	metaFieldDefinationType:text	2018-10-23	07:19:27	synapUser:001	course:phkpgbv	courseCustomFieldDefinition:gfmp3wg	\N	organization:001	[]	e0d16a6c797aaa7d6f9b32817af5cc4f0663f1d9c405c1a8d46141228d72273dd229eff186c10bdcd557acebe76dcc75cde5adcf24533e01ea9aef94ed5d70ac	course__phkpgbv	f
Amrit Course	metaFieldDefinationType:text	2018-10-23	07:19:29	synapUser:001	course:phkpgbv	courseCustomFieldDefinition:tyb7yay	\N	organization:001	[]	a177ce9f888c0a2dfb029a842a7955a599aed7f259dfe6b29a48181e92cb996b7a000a2699ec3df52badd26794b88330bc0c8ec5c276a98fa4dd7910a29ac8d2	course__phkpgbv	f
Amrit Course	metaFieldDefinationType:text	2018-10-23	07:19:30	synapUser:001	course:phkpgbv	courseCustomFieldDefinition:7gmxu7b	\N	organization:001	[]	c64661a5d1bc829219b440c7cbcdc591ad81597d8eb06b5b7a76bba097db95331751efacf2e7b402a2d45e7705f99e2f015e63d540ca29e585127d3f3deaed32	course__phkpgbv	f
Amrit Course	metaFieldDefinationType:text	2018-10-23	07:20:17	synapUser:001	course:agm8ptt	courseCustomFieldDefinition:tgcb68h	\N	organization:001	[]	cac9728a28a970d9e8779140ddc80293d421b9f81006b4a885dc53d41463e3c3e415972e2502398fca86c33a36fc047289d590a14b900cb55d8d999c7ffac6ed	course__agm8ptt	f
Amrit Course	metaFieldDefinationType:text	2018-10-23	07:20:19	synapUser:001	course:agm8ptt	courseCustomFieldDefinition:uthcz38	\N	organization:001	[]	cf281191b5ad743da1df2af5721c59eb000677996c017e30aa5179f97e21fd14db18924caf0f976c399136f8cbafc395d6f98595909562d25d212f0afa9b57fa	course__agm8ptt	f
Amrit Course	metaFieldDefinationType:text	2018-10-23	07:20:20	synapUser:001	course:agm8ptt	courseCustomFieldDefinition:ahe38ft	\N	organization:001	[]	7c03b46dbcfc1ecf88c10cbe5321378ad8c920fb8dc49be86a47756ecadf5f9c710c4f83b08bd4b4dd03369927ad6d487320bf80f8b1a55ad5532d2345bac54f	course__agm8ptt	f
Amrit Course	metaFieldDefinationType:text	2018-10-23	07:20:22	synapUser:001	course:agm8ptt	courseCustomFieldDefinition:7jyhgh7	\N	organization:001	[]	61d47672b7ec78d670be65f51a95ea8619d82a3f2ba3b84fe3a630a3a32756231a5550e6b19ae499c8dc921f1437e7484fec09787a21d469fca4640d653b1121	course__agm8ptt	f
Amrit Course	metaFieldDefinationType:text	2018-10-23	07:20:23	synapUser:001	course:agm8ptt	courseCustomFieldDefinition:knvbhf2	\N	organization:001	[]	5f2664a244cf6889852163c8ff031b48b3662858e55964ac68cb845310f6304f939de48239f5629fb0ae18299cf4be302da54731e2087cbaf81d7f479958ebd0	course__agm8ptt	f
name	metaFieldDefinationType:text	2018-11-05	06:33:10	synapUser:h4afvcm	course:e3crnx8	courseCustomFieldDefinition:ftug26v	\N	organization:001	[]	91ed395bf34f35d6e8b43d32dbcb37187fba5ade368ed101e3ec08adf91623604e4f40074ee90765a46093bce97bbab3f8a7394bac750f9c62994f37d654b291	course__e3crnx8	f
date	metaFieldDefinationType:datetime	2018-11-05	06:33:18	synapUser:h4afvcm	course:e3crnx8	courseCustomFieldDefinition:umraxjg	\N	organization:001	[]	9cef1cb89be869224fa54c13ddbdc184934f675e31d1e35cb389ffc410f2a50318c3975e284693de148798853f735b0caa2dbba3753a0f171e5a1442b7b909cd	course__e3crnx8	f
date	metaFieldDefinationType:datetime	2018-11-05	06:35:13	synapUser:h4afvcm	course:z67vza6	courseCustomFieldDefinition:dunk7x3	\N	organization:001	[]	125231b4e4d15c134e38977fbf5004ab5db2e525a11ea9cf8eeda964436c7d77b9b829eaa439bb400ffc99786c9abfcb9b81f1dc39846534f4638ec7b08ef249	course__z67vza6	f
name	metaFieldDefinationType:text	2018-11-05	06:35:13	synapUser:h4afvcm	course:z67vza6	courseCustomFieldDefinition:28neu64	\N	organization:001	[]	3827f320811841c2f41bd6545f3e7e133fa376c0218135d9dcb605bbf8a147770fd49be34541006619ed1722cd197d196d37e89503066caabe257387702aa9f1	course__z67vza6	f
sanitymonday	metaFieldDefinationType:text	2018-11-05	06:57:26	synapUser:001	course:dv3u3uf	courseCustomFieldDefinition:udt4zub	\N	organization:001	[]	dcbbac45c7966685cd81cefbfd19457acb5fd7ce7a7500cf282e54fcd7d53d41a17c1e135884d628b2ed421d74816f8cd3279c8cd7281cdd51bfc83fca876d69	course__dv3u3uf	f
sanitymonday	metaFieldDefinationType:text	2018-11-05	07:00:52	synapUser:001	course:x6yppnr	courseCustomFieldDefinition:zmhddem	\N	organization:001	[]	c2453ef5d15241ca358ba139446da61b5cba4a84d7223371187fe650e120211a750c0a6114e86486a6bf445d62007856ff3f5308c03550b02dbf07e596c4b47d	course__x6yppnr	f
\.


--
-- Data for Name: course_participant; Type: TABLE DATA; Schema: public; Owner: aperiosf
--

COPY public.course_participant (patient_id, fee_collected, status, paid_date_time, created_on_date, created_on_time, created_by, course_id, id, tags, organization_id, custom_property, checksum, object_path, is_deleted) FROM stdin;
patient:e7g726n	100	metaBasicStatus:active	2018-09-12 10:00:59	2018-09-12	10:00:59	synapUser:001	course:akv7nxw	courseParticipant:gpa7dz6	\N	organization:001	[]	55709d4795d94b373046e1e10f7c84e84f2d4baa4bbf1b54edfd932cacccb8a76c7bc1132452acbfa4d40c92f61bfd5d0f6a094590e1897c9f0b329b8736156c	course__akv7nxw	f
patient:ejaddu6	20	metaBasicStatus:active	2018-09-12 13:34:22	2018-09-12	13:34:22	synapUser:nxt2dkb	course:akv7nxw	courseParticipant:z2tgmxf	\N	organization:001	[]	681a0eaf9ca72e164363a44ee4ec6b9a0a424a771194dd9a927f893de451399e4fb4b2df9845e8a5743d42d86c89ad3b16a80cc95d74162420421ba87f44eb3f	course__akv7nxw	f
patient:ejaddu6	0	metaBasicStatus:active	2018-09-12 21:09:22	2018-09-12	21:09:22	synapUser:001	course:yma84fj	courseParticipant:z8fpw8v	\N	organization:001	[]	7601ae13af7a7d41d5ef06386bf7471b3189c543e731a3b8aa84d7a766b1fd602ff3284393ce48f59cfd473ddedc29869f7bde5b8d0fc7ca9bd7d910751e9265	course__yma84fj	f
patient:jthy3kb	0	metaBasicStatus:active	2018-09-12 21:15:55	2018-09-12	21:15:55	synapUser:001	course:yma84fj	courseParticipant:fbmfdvz	\N	organization:001	[]	1e0c9fbef35529a655d49cd105acfef13b399d6e9e9b1470301bd4e010ce7554d570c17560b2fe96bd6ed5d7675128c6d340ac56fc5014037274eb6d9506c331	course__yma84fj	f
patient:e7g726n	0	metaBasicStatus:active	2018-09-12 21:16:49	2018-09-12	21:16:49	synapUser:001	course:yma84fj	courseParticipant:2te8ppk	\N	organization:001	[]	971010d82aae920ce7b827073e2f0dabc044ed8c0832d7e1f58909b9cdb86400fa1ec740dbc77782e6f2471a52561da02747ca3ce2cce67cbe64bc4598b2f547	course__yma84fj	f
patient:6wyrptn	0	metaBasicStatus:active	2018-09-12 21:17:03	2018-09-12	21:17:03	synapUser:001	course:yma84fj	courseParticipant:8rvc844	\N	organization:001	[]	8613c895993baa15a6130ace1fafc15d4b839c5a361881ccb9aa42a5bbebef43a247473f4491fe5b8927d6e047e615128dd0984f18f45da7d82d9dfb2c9346cc	course__yma84fj	f
patient:wvgundh	0	metaBasicStatus:active	2018-09-12 21:28:02	2018-09-12	21:28:02	synapUser:001	course:n7auzd8	courseParticipant:erxxwpj	\N	organization:001	[]	edb808b5f1825e951d6d78c7d71b8ecd1a4737a1cfb7c5e84babea021c832b370d10f801b75ebae1d753e7c4edea0996687cff3ae45d21f93807bad9fece7865	course__n7auzd8	f
patient:jthy3kb	0	metaBasicStatus:active	2018-09-12 21:28:36	2018-09-12	21:28:36	synapUser:001	course:n7auzd8	courseParticipant:tf4uyxt	\N	organization:001	[]	fd007a7c841931796380a722d6ac662aeceb0bb1b8ccdd2d2c0c9dc122605a9bd70259af5e9ff2a37ca44aa8508c688b3dcb17245b8d896a85f7af980cec3722	course__n7auzd8	f
patient:6wyrptn	0	metaBasicStatus:active	2018-09-12 21:28:44	2018-09-12	21:28:44	synapUser:001	course:n7auzd8	courseParticipant:8eetc63	\N	organization:001	[]	b220436c7ca3fcd16ebede76f216cf2fbff747b427d66733fa33a76427b2e21892bf9c46579ad3ffa097e8350b1675452ca243c7589ed9f92e72c45b1fd99520	course__n7auzd8	f
patient:ejaddu6	0	metaBasicStatus:active	2018-09-12 21:28:52	2018-09-12	21:28:52	synapUser:001	course:n7auzd8	courseParticipant:kd4hnk2	\N	organization:001	[]	0d3c12d0f4b518be6d898147b51384e320e48e2e4dafd5c9467b80116c435cfdc31cb91a15c7c49b79dd13862598b0ad5ba013806b363008fc04e08cb0ac25f3	course__n7auzd8	f
patient:hm328jc	0	metaBasicStatus:active	2018-09-12 21:54:10	2018-09-12	21:54:10	synapUser:001	course:yma84fj	courseParticipant:km6tv88	\N	organization:001	[]	ebaa34fba72622858b4483c54738880d9a22f4ab3faba179051e2270b7b9ff3ad1a295e4a1e1dbc29ba52889467887d40c262a3131af9d834568609db11ba8d5	course__yma84fj	f
patient:hm328jc	15	metaBasicStatus:active	2018-09-12 22:10:22	2018-09-12	22:10:22	synapUser:001	course:zf6fyfh	courseParticipant:yprzrfz	\N	organization:001	[]	2e88bd25d9963708e430377b99b9f2e6696fe4bef216945ecef645cd4feb569e026a199f1b2a83ad5221b5718f19a85df9e2e8b3e50e4b85ed9073895b954f3f	course__zf6fyfh	f
patient:jthy3kb	15	metaBasicStatus:active	2018-09-12 22:10:59	2018-09-12	22:10:59	synapUser:001	course:zf6fyfh	courseParticipant:ew2tfrz	\N	organization:001	[]	54b355f735fc05889012da180b8b81786708f77327b6fcb19db61860841e7eedc5b753920a1901fe16da0800d5ee8489cf984e7ade1fea504dcb4d711affe4b9	course__zf6fyfh	f
patient:6wyrptn	10	metaBasicStatus:active	2018-09-12 22:11:43	2018-09-12	22:11:43	synapUser:001	course:zf6fyfh	courseParticipant:e36tfmt	\N	organization:001	[]	87fa1ffaec14f1727ac1137c21d440dcea073de6c50c4d0b53069a52ecd98553f2d75aa9ea8bd2be20c4209c25f8f254eeae74116f30165fed6f9003c4acc27d	course__zf6fyfh	f
patient:e7g726n	0	metaBasicStatus:active	2018-09-12 22:11:21	2018-09-12	22:11:21	synapUser:001	course:zf6fyfh	courseParticipant:bktx4wx	\N	organization:001	[]	5267c8bb9b0703efc86eafb8cc65a9f1dc9ae6d76e788d45d3143e38489a4c234ef3ef88ed54e50c84d85c29641c3dbad8b14b797d4ab201b79ebdfb1394e92f	course__zf6fyfh	t
patient:e7g726n	0	metaBasicStatus:cancelled	2018-09-12 22:13:49	2018-09-12	22:13:49	synapUser:001	course:zf6fyfh	courseParticipant:228pp7b	\N	organization:001	[]	f5b3a4e51fbbbd945047877784ae8b9ea124d368147dfa433c8b576e0ba587cc6ceb5246c38f6c29db404770ee29d5676dd7bcc8023e06831b9e35a766814de2	course__zf6fyfh	f
patient:hm328jc	20	metaBasicStatus:active	2018-09-13 04:22:35	2018-09-13	04:22:35	synapUser:001	course:uwcu768	courseParticipant:t7d3fvg	\N	organization:001	[]	8f59bc26e6301b7661f57e6c227ed01a6a625fede82d1da501866ce401bf74d6a37ff19f75d56f768f50f5797190df04ab6dbd41cf652b9fd9fd36b83ce1b9e7	course__uwcu768	f
patient:jthy3kb	15	metaBasicStatus:active	2018-09-13 04:23:08	2018-09-13	04:23:08	synapUser:001	course:uwcu768	courseParticipant:d7uf7f7	\N	organization:001	[]	0a2f4d5cad9f77e00cf88b56eaeca96d74e660a24dfb5151f0ca905f4fca0e69f367f99e79f61e26828dd4864c638e1fc17f92a94601b2d21f743a480fa19608	course__uwcu768	f
patient:e7g726n	0	metaBasicStatus:active	2018-09-13 04:23:31	2018-09-13	04:23:31	synapUser:001	course:uwcu768	courseParticipant:ppy8adt	\N	organization:001	[]	f41419fc00f43f8e42c1fad60ffbaf9ce2368d567725bf7c23201981c312ef8600991bfbe9bb909c1cdb5b959769eb41dc37675e2680eabdff05eb7c1b020dda	course__uwcu768	f
patient:6wyrptn	25	metaBasicStatus:active	2018-09-13 04:24:00	2018-09-13	04:24:00	synapUser:001	course:uwcu768	courseParticipant:tezuc4m	\N	organization:001	[]	1a328b38c269b167176e60883bdb6e3fd79a36425eefedf6cd598c14bb15657ab60d448d93cc8ce4c2c434392fd77d3d2f4e27803a99ebca1bc07461bc361462	course__uwcu768	f
patient:jwmtjwv	0	metaBasicStatus:active	2018-09-13 16:35:38	2018-09-13	16:35:38	synapUser:6pzweac	course:zjgd4pc	courseParticipant:3jnbhwz	\N	organization:001	[]	4335dcedf3ec5d638c0a0ef750dc31d568568cd3fddac946bd62d6cda21e366e0fce2beb639c2fc715e3a97e75d5810b874b661998c9c663b1675dbf22e63d8b	course__zjgd4pc	f
patient:ejaddu6	0	metaBasicStatus:active	2018-09-13 17:11:12	2018-09-13	17:11:12	synapUser:001	course:87kwj33	courseParticipant:6eg8b8x	\N	organization:001	[]	47b3eec883bb8ebd40ce3ae7891331a73cb4676cd3e2dfc70e995b33ecac97df701dfa5956f00249be678e94d8854bc45d554bc1596773f0f2a42e70796e5914	course__87kwj33	f
patient:ut8ex8t	12	metaBasicStatus:active	2018-09-20 12:38:23	2018-09-20	12:38:23	synapUser:001	course:hvwn7f8	courseParticipant:4zzv8ve	\N	organization:001	[]	e180c888381fb96aec63f4aa6d1ce1f6845b110c0053cab4a16b07f070d9e55fa2abbe0953e7b7cfad57fcec8a58c79a2e290897871e0a5880dff40b55a3ea61	course__hvwn7f8	f
patient:wvgundh	12	metaBasicStatus:active	2018-09-20 13:17:51	2018-09-20	13:17:52	synapUser:001	course:hvwn7f8	courseParticipant:cyemw3f	\N	organization:001	[]	fee54428f6c7d0f9caea17db9c2a5d95bc16afcc4b32437a65207f5d3a155d3c8bf37dcac7d922b0018cbe4136b52b7330461f2691cfa196a8c5e08adf5968cf	course__hvwn7f8	f
patient:upfetgc	80	metaBasicStatus:active	2018-09-27 05:59:27	2018-09-27	05:59:28	synapUser:001	course:cjuhthz	courseParticipant:tcmwn6u	\N	organization:001	[]	7d8d9da6587be8724aa9974258e7a1817b85dd2231fb4f048664def0e3eff379f6deaff1d5b8150f39770895680790541654b1f95a3114d3a92fafdd52f9f09e	course__cjuhthz	f
patient:upfetgc	30	metaBasicStatus:active	2018-09-27 11:07:46	2018-09-27	11:07:46	synapUser:001	course:3uhzchk	courseParticipant:8dwjzzn	\N	organization:001	[]	9ceb1e1e9b5a7101066d9ef737815a636cb5c735fd0d9edd223c85c30daf18627b7623e67a8212f3f61bafc4886533366cc7240b0333cd22aeeef2d7818ae2d3	course__3uhzchk	f
patient:4yxpan7	5	metaBasicStatus:active	2018-10-01 15:48:33	2018-10-01	15:48:33	synapUser:001	course:awrz26m	courseParticipant:t874pvz	\N	organization:001	[]	e80e926e9c98a9766ea63f26611340c50921f9edab0812d02259e92bbbdf663db9ec399328bd6e76c2707f499bb46f166ec5f472e8c7c5a141c721884cc53b31	course__awrz26m	f
patient:mjhtunm	0	metaBasicStatus:active	2018-10-01 15:49:10	2018-10-01	15:49:10	synapUser:001	course:awrz26m	courseParticipant:cneuu78	\N	organization:001	[]	6730901d4ce19078ee29fb8940aa5a90e559d06ec0a9016639ed579279c942cd2bf4ec03fa215586876a5a2c61abc36fbc2247ce934e6134ae04b7faf4ca820c	course__awrz26m	f
patient:4yxpan7	0	metaBasicStatus:active	2018-10-01 15:51:26	2018-10-01	15:51:26	synapUser:001	course:ktt7dw3	courseParticipant:7ryev6f	\N	organization:001	[]	1b059bf68ad98a07e4c1f71aad11bc2b38267e17ee58539dd3e2cff61eb1c01f413942b19536b41bf99098b5fda14d7fd32493c17778b2d029a1ecf8e191681e	course__ktt7dw3	f
patient:y26krb6	0	metaBasicStatus:active	2018-10-01 16:02:07	2018-10-01	16:02:08	synapUser:001	course:akycm63	courseParticipant:b8kp47a	\N	organization:001	[]	170f1f37f32063e775c10bd1d4ae067128dbda8f30a846bb22d842ada28d9e21c92b4214f92e40d97ec8877784ebf4082bc131018aa28e233cc1494df64bc93b	course__akycm63	f
patient:4yxpan7	0	metaBasicStatus:active	2018-10-01 16:02:13	2018-10-01	16:02:13	synapUser:001	course:akycm63	courseParticipant:zpa3w4r	\N	organization:001	[]	a06ca5ed0cc8c2c82b1fcbfc6c952ba67d9de0b27663e8bf197ef793b905ebc47187a80df3eb1aaf80ae0a052ee0966d2f128f460dfb8d24a0e1aa772335ae6b	course__akycm63	f
patient:mjhtunm	0	metaBasicStatus:active	2018-10-01 16:02:20	2018-10-01	16:02:20	synapUser:001	course:akycm63	courseParticipant:f7gz4zr	\N	organization:001	[]	134d2381e4bbb7e2ed1501fa731b718d646216b65c4456d56566b4e607bacf4701e6c6322c8cf31082e8cc63c16e381e95a837e323dc57af1a0300e6160e6f05	course__akycm63	f
patient:mjhtunm	40	metaBasicStatus:active	2018-10-12 19:28:36	2018-10-12	19:28:36	synapUser:yc3a7ba	course:nfw2ajw	courseParticipant:a24zgt2	\N	organization:001	[]	e21a16930c85dec65c37b3c4a1434853961aadd45141eba819010ab9ae81892fbae95665d6c94e373bd2a2ffa9926ad259640cb973c1f44cee25d74be2e76be1	course__nfw2ajw	f
patient:mjhtunm	5	metaBasicStatus:active	2018-10-17 19:58:04	2018-10-17	19:58:04	synapUser:001	course:e6ge6t2	courseParticipant:ktky8rv	\N	organization:001	[]	78110a8536393acb19869edb09fe55156aedab808fffa829770ebac0aeb4e1679d527ece90fd4bddb87f2d58c4f157be77010ccda6ada83a4cb7022e412dd0ad	course__e6ge6t2	f
patient:cjrnnwu	2	metaBasicStatus:active	2018-10-29 06:38:13	2018-10-29	06:38:13	synapUser:001	course:8nvvzek	courseParticipant:3yxwnc6	\N	organization:001	[]	c41eb200ce1ccc1a21f471e947e11b986cfef7243098c8bcf64c8b2ebec6bfe2749342ecb55d8c9349ce6f25ab668da4a170a08348bfb1e41b100f8ba6a074bc	course__8nvvzek	f
patient:636avav	22	metaBasicStatus:active	2018-11-05 06:33:41	2018-11-05	06:33:42	synapUser:h4afvcm	course:e3crnx8	courseParticipant:he4rt8z	\N	organization:001	[]	b26c3520d8f6f5410b1dd2798613612d9f81044343ea9c997b68f59f5d377739bcb7164950a60e1e35d79c93a16c24644b7d43fd5b034df682e1adf61ea2ecd2	course__e3crnx8	f
patient:cg4wvr4	22	metaBasicStatus:active	2018-11-05 06:33:58	2018-11-05	06:33:58	synapUser:h4afvcm	course:e3crnx8	courseParticipant:3cxmuaa	\N	organization:001	[]	af76c8c9d05397df5b0cb3a57cd76effa33f921762c6a7a7dc362df8169815b7cc40953f676de0103930e9e890448229834f62861d55cfcc19db8abb17e7f879	course__e3crnx8	f
patient:ybd86v7	5	metaBasicStatus:active	2018-11-05 06:57:04	2018-11-05	06:57:04	synapUser:001	course:dv3u3uf	courseParticipant:egyyxxn	\N	organization:001	[]	1c4cef356ffe609a01fe651478b642713579cfa9e14e891f7dc45e58c2b74ad763771dfa30a50b4f1eb95a10d41a00b1f5f087d325b546d08eddf6aeda80cb41	course__dv3u3uf	f
patient:ybd86v7	5	metaBasicStatus:active	2018-11-05 07:02:31	2018-11-05	07:02:31	synapUser:001	course:x6yppnr	courseParticipant:vpb62xc	\N	organization:001	[]	bd11a26279e74afbf8a1e2fea42a4e68a2934a65f262006330472f98046507d21ab16700f32f98713d912e92c3ac81cdd8bf78c7dd9ace6b180265ab3fd155c5	course__x6yppnr	f
\.


--
-- Data for Name: course_session; Type: TABLE DATA; Schema: public; Owner: aperiosf
--

COPY public.course_session (name, date, start_time, end_time, location, status, instructor_user, created_on_date, created_on_time, created_by, course_id, id, tags, organization_id, custom_property, checksum, object_path, is_deleted, secondary_instructor_user) FROM stdin;
First class	2018-09-12	17:00:00	18:00:00	\N	metaBasicStatus:active	organizationEmployee:pn27xfp	2018-09-12	10:15:08	synapUser:001	course:akv7nxw	courseSession:d6c2jc6	\N	organization:001	[]	9eceff1049e773467e5e10c0e3a5bad48ba92211c0898ae397626d42e91bf8bd5a51d2c01c2d07c26cf419d7f4edc56d14dba169509c896da8b6568151132f0c	course__akv7nxw	f	\N
gentile exercises	2018-09-24	12:00:00	13:30:50	room 2800	metaBasicStatus:active	organizationEmployee:zgtc4cp	2018-09-12	20:58:48	synapUser:001	course:yma84fj	courseSession:t67zpca	\N	organization:001	[]	5a91439d9e560fa0deb3761c5e0a01975b51b9928ddccee4368665728b983c6f8b2aa5aecbaec355a8013b914e7353fa75e82cc571737e761d566471de1d56ca	course__yma84fj	f	\N
Gentle Stretches	2018-09-12	15:07:43	17:07:40	\N	metaBasicStatus:active	organizationEmployee:pn27xfp	2018-09-12	21:08:05	synapUser:001	course:yma84fj	courseSession:x2cg4v2	\N	organization:001	[]	86fdc1cb221711849a418f9ae38c10ec7886a8cbb57bb8124acdeb18a8c0a8d0b186dd7465b7d828f821813d9bbc935fa76a1436abec1c3e59e13a85e3095339	course__yma84fj	f	\N
what a mess lecture	2018-09-14	10:00:38	11:00:00	room 1st floor	metaBasicStatus:active	organizationEmployee:pn27xfp	2018-09-12	21:08:18	synapUser:001	course:n7auzd8	courseSession:bt4akb7	\N	organization:001	[]	58e6add43ffcfa00ebbf4f9e22cc5396db723fdbb3a0e6dd64fd505cf41269936c1f73461bbf28d4008f56d219366b3608730ad39f99614212ce3e189dec6e60	course__n7auzd8	f	\N
Magic Meal Planning	2018-09-20	14:30:51	16:30:07	W&W 126	metaBasicStatus:active	organizationEmployee:vugveb7	2018-09-12	22:03:57	synapUser:001	course:zf6fyfh	courseSession:24ph8yd	\N	organization:001	[]	5ad2a5a09b15b1f35cdac43ed724db8377dade4696ed704f89b6e6191dc93032563cbfe3e2bbcd5f28c01dc172913e07c5c7c26b712ffb73caabeeb294b34df1	course__zf6fyfh	f	\N
CDSMP	2018-09-17	11:30:47	14:00:03	W&W 122	metaBasicStatus:active	organizationEmployee:vugveb7	2018-09-13	04:21:06	synapUser:001	course:uwcu768	courseSession:8wpkrnk	\N	organization:001	[]	01ad71d0abd355e47438789756857da4420330b30f84fffb819ea46e361f2c8e86239510c267be5a6806dd1a499cb17a04fdf7ddf8e344d2d1d67cd99568d3f5	course__uwcu768	f	\N
Test 123	2018-09-28	13:10:18	14:10:19	\N	metaBasicStatus:active	organizationEmployee:001	2018-09-13	17:10:27	synapUser:001	course:87kwj33	courseSession:wwgxxp2	\N	organization:001	[]	85e5337119acacf4b320a3191bec23c209ccf514ce7ae4472079cf565ace61fdec714cc170340a4667244e4292de7566f885f055c373ebff14626c0a0c5f0605	course__87kwj33	f	\N
Test 123	2018-09-28	13:10:18	14:10:19	\N	metaBasicStatus:active	\N	2018-09-13	17:48:18	synapUser:001	course:najgau6	courseSession:vrv8fxm	\N	organization:001	[]	17ebf4165ca4b560689430dcf33bbc6d74370774d7e25a285e5ea987752adc4ed764e22e93dd60ac581d558a7595d856d2e6486b136e43938e8f8b77d4831fb3	course__najgau6	f	\N
Introduction	2018-09-19	18:09:51	19:09:52	Mohali	metaBasicStatus:active	organizationEmployee:001	2018-09-20	12:40:04	synapUser:001	course:hvwn7f8	courseSession:dxacjmr	\N	organization:001	[]	7369187cb4de97b933f621b6ed151d91ea0ed9471580e9886e1f463de5609ec20b56b51a36ff93dda1217dc8825f17f6d9a9c7d4d51ffb451ad7f5bbc112c7ef	course__hvwn7f8	f	\N
First class	2018-09-04	18:59:47	18:59:48	YAMUNANAGAR	metaBasicStatus:active	organizationEmployee:c3hn7rd	2018-09-20	13:29:54	synapUser:001	course:hvwn7f8	courseSession:wcvmbht	\N	organization:001	[]	1f13ed7a6218973d0767b1eeb599f31d23e7271bf3e6d6dd32f537422ca6baabe9111b8a312084b18460e60d4100512e0cef90947ffc4799cf259c846c286b5e	course__hvwn7f8	f	\N
Introduction	2018-09-21	16:49:00	17:49:56	Mohali	metaBasicStatus:active	organizationEmployee:001	2018-09-21	12:20:32	synapUser:001	course:hvwn7f8	courseSession:jf4gazm	\N	organization:001	[]	e6dc4ce11654c1b5b7d26d74832709ce6f73513f53b27a0c2b467c74e633c29f4a1c1a42f37edc8ede4a07b2591baae06a83e8ccaee20ca2ba640172b5099497	course__hvwn7f8	f	\N
First class	2018-09-04	18:59:47	18:59:48	YAMUNANAGAR	metaBasicStatus:active	\N	2018-09-21	18:57:14	synapUser:001	course:xv3knz8	courseSession:yxm6v8m	\N	organization:001	[]	33f920cfdb518bae86efb799a64fd22e9a4dbe962daee44329f4ad0d00e75e3ec051c34f701ccacbc651a1586ffde20fedeca604c9d9fece01a47a352604e4a6	course__xv3knz8	f	\N
Introduction	2018-09-19	18:09:51	19:09:52	Mohali	metaBasicStatus:active	\N	2018-09-21	18:57:14	synapUser:001	course:xv3knz8	courseSession:bjuytbh	\N	organization:001	[]	0a91d0fa95771f33ae4e450ce62ac4e6d2ccae92c03e9e9c5e97ed363fbcf1254f94deb105888ffb9232555e8cbc959e441a74de6ca36e091542a4861263ebfb	course__xv3knz8	f	\N
Introduction	2018-09-21	16:49:00	17:49:56	Mohali	metaBasicStatus:active	\N	2018-09-21	18:57:14	synapUser:001	course:xv3knz8	courseSession:hf3wzf7	\N	organization:001	[]	b3b973796b31a9d8a032ec29b68b01d5187bf0fded8361dbe1e8d4039e90edcd1d2ad1ff183f5c6c36099dbf1aa00ced036e0e88717fae7930eda2e0b249be19	course__xv3knz8	f	\N
Introduction	2018-09-26	15:00:00	15:00:00	Mohali	metaBasicStatus:active	organizationEmployee:001	2018-09-27	06:02:04	synapUser:001	course:cjuhthz	courseSession:ecvjd4d	\N	organization:001	[]	474fb0e039775893bb9635b447951d48a373da00e878ac9c87757bf3cdc81c212869d8175a2a1e0f544ab3d5a54576298e3af0cc3ab7f659a2081e318fa4d1fd	course__cjuhthz	f	\N
test2	2018-09-28	16:33:00	16:49:00	test	metaBasicStatus:active	organizationEmployee:z4486je	2018-09-27	11:04:05	synapUser:001	course:najgau6	courseSession:femaa6a	\N	organization:001	[]	5a4024c1fb370ff6bffbdfea564d03d1229eaec86090698f5fd673ef35a2dde2c27aa2e728aeba04888a9cbabc3d9325a8d2fc4e0bb1de1411fbc3a95e872b6e	course__najgau6	f	\N
Introduction	2018-09-26	16:38:12	17:38:14	Mohali	metaBasicStatus:active	organizationEmployee:001	2018-09-27	11:08:20	synapUser:001	course:3uhzchk	courseSession:gchvf4f	\N	organization:001	[]	ac08ce71e5320ab283af1f03a1cf8e15591528cec84fe4ed211f3a5f7727798883a7dfb2142d1c57d1316358f2bf04fa43dc57b51a114faecca1723640073363	course__3uhzchk	f	\N
First class	2018-09-26	17:38:33	18:38:33	Mohali	metaBasicStatus:active	organizationEmployee:001	2018-09-27	11:08:38	synapUser:001	course:3uhzchk	courseSession:w62t6vm	\N	organization:001	[]	d85a4f9a0c5c00db27371205df58f5e58a2258214a844665462e7e4528283938789f4a3b736d653cb1ce68b5c4b8886653450a6c0ee468eaa9d89b182100c896	course__3uhzchk	f	\N
Attitude 	2018-10-17	11:00:00	12:00:00	214 Classroom	metaBasicStatus:active	organizationEmployee:z86rwv7	2018-10-01	15:42:01	synapUser:001	course:awrz26m	courseSession:u2xm22v	\N	organization:001	[]	afefd0edeac0da8c5efe948e6f76194a35b95098f1029590127cd92ca857bad2a41b5ae94ac8316b67fdfd237fff93c140c0a5f6d65cc2f38a45ee01c2100a52	course__awrz26m	f	\N
Attitude 	2018-10-17	11:00:52	12:00:58	214 Classroom	metaBasicStatus:active	organizationEmployee:z86rwv7	2018-10-01	16:01:41	synapUser:001	course:akycm63	courseSession:23wgxat	\N	organization:001	[]	1ca0249a63558e1df6165c51e22511067422425555be60c1d0e62a7847df79a72c11cf9e9dfc160bd5a34e6ffc013786d240ff556006059308d2a42dd9af362b	course__akycm63	f	\N
Attitude 	2018-10-17	11:00:52	12:00:58	214 Classroom	metaBasicStatus:active	\N	2018-10-11	06:37:58	synapUser:001	course:232ammw	courseSession:d2868cf	\N	organization:001	[]	3c30c42bab7a4df176a3e6fb3c36cad66f6890cea02aefd8e0eaaeb9fb0a8f7de8f21ed2d33de8998dbde35cf893e9941ad4d6bcdf13b7260b3ab6c80d405d82	course__232ammw	f	\N
SBWW101618	2018-10-16	15:30:06	16:30:59	WW Exercise Room	metaBasicStatus:active	organizationEmployee:pn27xfp	2018-10-12	19:28:13	synapUser:yc3a7ba	course:nfw2ajw	courseSession:beuuce8	\N	organization:001	[]	c3d22ccc7ada300036101c7b571138888af172d6fc4a9b212a13d546df2922bfa740e27fd4ae0081a6ac3f8d4a50932711d1337bc1293cfae25ff94d1843b3aa	course__nfw2ajw	f	\N
Resistance band 	2018-10-24	13:00:00	14:00:00	124 Classroom	metaBasicStatus:active	organizationEmployee:6fhbayt	2018-10-11	06:37:42	synapUser:001	course:e6ge6t2	courseSession:y6t68et	\N	organization:001	[]	72436736c51803a02c970141d371ea5aa447e4377b99b4ebc90d731d1148b446f7ccaeb3ec6b057bbbeb82f2ab467da1ba85beeb3a75133551da24a86b933ba6	course__e6ge6t2	f	\N
Resistance band 	2018-10-18	14:00:34	15:00:27	124 Classroom	metaBasicStatus:active	organizationEmployee:6fhbayt	2018-10-17	20:58:46	synapUser:001	course:7ndufug	courseSession:pxdgft6	\N	organization:001	[]	ec04012ae35be374774d0d628eb7b277535e7fd5b5f2fbb118ecb5d64b0d74ef337a04c2fe790728e65904694eddce1eff7d0955662066daa347e51f470c6a1d	course__7ndufug	f	\N
fifth class	2018-10-23	13:00:00	17:10:00	Mohali	metaBasicStatus:active	\N	2018-10-23	07:16:01	synapUser:001	course:djg2aca	courseSession:ub77zhp	\N	organization:001	[]	fa9e2b71ec0e8c8e0091c5639c1969eef36d9d1d4412c8ae81e39ee3b41bf4959c5ed0a0a664ab4b01f8cda5c3cfee533f8306d752b3ee1e4f4222da85d763bd	course__djg2aca	f	\N
fourth class	2018-10-23	13:00:00	16:10:00	Mohali	metaBasicStatus:active	\N	2018-10-23	07:16:17	synapUser:001	course:djg2aca	courseSession:3wm7tvx	\N	organization:001	[]	7b2bc7f2de9219d2f3fbdf41ccecf4cd644ec7ea10f0438a23ba81d3b2b0efbb63815e6ebc7da08ea2d474bb82562798a060ecb24f230f2d20ee38d4e8e59af0	course__djg2aca	f	\N
third class	2018-10-23	13:00:00	15:10:00	Mohali	metaBasicStatus:active	\N	2018-10-23	07:16:27	synapUser:001	course:djg2aca	courseSession:w3ve6rc	\N	organization:001	[]	12e31e69fb571d133db2f643f88590853d9aaf71341b2a19c93ba35009aabf497fa7eb2af3baea91f3c19bd96bcdec71aefc578fa9b26774adcf4d0a5f4c91e3	course__djg2aca	f	\N
third class	2018-10-23	13:00:00	14:10:00	Mohali	metaBasicStatus:active	\N	2018-10-23	07:16:45	synapUser:001	course:djg2aca	courseSession:rnefyxd	\N	organization:001	[]	66196ccb413e91d0a88e3253d8b124c32eaa8b97d3d3ae8b845098e165842c2a8ce138bef1bd6ffd9e52b06d59bab532ee7db2e0e0186c957699fd0b5892f5f9	course__djg2aca	f	\N
second class	2018-10-23	13:00:00	13:10:00	Mohali	metaBasicStatus:active	\N	2018-10-23	07:16:56	synapUser:001	course:djg2aca	courseSession:xggkbrr	\N	organization:001	[]	61a611565c71252bdf044deed83604a85d662a1c788f4f6580ae38395a990a7a0fcce22cacfaa697269f29e2d9c83405035dc180865481668f8e27b8a7ca3c74	course__djg2aca	f	\N
first class	2018-10-24	13:00:00	13:10:00	Mohali	metaBasicStatus:active	\N	2018-10-23	07:17:27	synapUser:001	course:24u3xpr	courseSession:ewy7y4b	\N	organization:001	[]	032ca27940ef73b70ed971b9f48bdd54cbf6aa13828dd42caab8ea2e44aefa7713a7775164d8944882a4e84db937c36d8eda44836da43383e70a648aeea0f103	course__24u3xpr	f	\N
second class	2018-10-24	13:00:00	14:10:00	Mohali	metaBasicStatus:active	\N	2018-10-23	07:17:37	synapUser:001	course:24u3xpr	courseSession:djbdneh	\N	organization:001	[]	1bbedc702bc48b8e3508fd0c29953f13a29c7236155c713abbfc474216d8613cb3a86cb413375713364243306b358464f17113864151c17c046021845a9b1767	course__24u3xpr	f	\N
third class	2018-10-24	13:00:00	15:10:00	Mohali	metaBasicStatus:active	\N	2018-10-23	07:17:46	synapUser:001	course:24u3xpr	courseSession:zgmjcg4	\N	organization:001	[]	f5f9479b2c909343e2f16ba5731fc3afcda7251098d6d6172c278e25e03ff42b96b6e13af2f090bac291ffaf45952aae1211111238fef76b8b513a676e403285	course__24u3xpr	f	\N
fourth class	2018-10-24	13:00:00	16:10:00	Mohali	metaBasicStatus:active	\N	2018-10-23	07:18:00	synapUser:001	course:24u3xpr	courseSession:abgen6n	\N	organization:001	[]	839c75ff78eea0aa94c4decfdc5719685c0674bf54c7a9ab2a91d61276247ac8359d27e05ea3fcb5f4ae93218cda32266e20afa12e625b5a205d70318b34eafb	course__24u3xpr	f	\N
fifth class	2018-10-24	13:00:00	17:10:00	Mohali	metaBasicStatus:active	\N	2018-10-23	07:18:11	synapUser:001	course:24u3xpr	courseSession:vhf8gcm	\N	organization:001	[]	bf8e2799290890fdca8ba928ad35f93a7ffb755b6d8d1b414eb979465a96a296cb7d0ad5dcc864d14cecb1c7c5ccf0cc50031956cfa3a849c7ddca59b89dd2eb	course__24u3xpr	f	\N
fifth class	2018-10-25	13:00:00	17:10:00	Mohali	metaBasicStatus:active	\N	2018-10-23	07:18:32	synapUser:001	course:dgydpt4	courseSession:tum27yy	\N	organization:001	[]	3fe140f8615309b6cc7d9e16c03100e7d180673f211b5dec97b6707b1ae4bb1710683718ce8d3bc0fb0f3fd052c609533a575497ad28775c6d3f6c39e3029b3d	course__dgydpt4	f	\N
fourth class	2018-10-25	13:00:00	16:10:00	Mohali	metaBasicStatus:active	\N	2018-10-23	07:18:41	synapUser:001	course:dgydpt4	courseSession:wuzz87h	\N	organization:001	[]	2ee6d3678ab59d9459b48ead661b18ed6f46f43f6e6b0fd5d952740968ee240ea91d496e67de8aa46562a7acd949bc5233f1a0db4b59d8729c7f93162ebe7344	course__dgydpt4	f	\N
third class	2018-10-25	13:00:00	15:10:00	Mohali	metaBasicStatus:active	\N	2018-10-23	07:18:50	synapUser:001	course:dgydpt4	courseSession:j8j8jc4	\N	organization:001	[]	bbcca42bb6969df36d1316bbd75cc8f1e5d1d0259958b42064a998597123abbb703ebf1fa453ca00220f3f084db913b4de5ae2f94f0739a85e8d0206cc08e4fa	course__dgydpt4	f	\N
second class	2018-10-25	13:00:00	14:10:00	Mohali	metaBasicStatus:active	\N	2018-10-23	07:18:59	synapUser:001	course:dgydpt4	courseSession:na43efp	\N	organization:001	[]	299a11a1169e2c1cd8d0e46c58d24c81ec32576d1581591812af1e2950f5d8b72f1226bdc7869978b234162b4a22f9d7c14d5064adaa55d7fd02698f32e43197	course__dgydpt4	f	\N
first class	2018-10-25	13:00:00	13:10:00	Mohali	metaBasicStatus:active	\N	2018-10-23	07:19:07	synapUser:001	course:dgydpt4	courseSession:t4k3mwz	\N	organization:001	[]	ee4a2180ed1b510440450a6d669e5c4693cfcb048f24f02eda859bc2bf457a1e50aae06a0259d564c068ef36c5995874232bfccc9fabc17bb348533db4396fe1	course__dgydpt4	f	\N
first class	2018-10-26	13:00:00	13:10:00	Mohali	metaBasicStatus:active	\N	2018-10-23	07:19:37	synapUser:001	course:phkpgbv	courseSession:nvhj8yc	\N	organization:001	[]	c825b9eb9f06af5ceedc544806918b05357463fc6c58d01c637acc44fd602cba0165bab486730fcbfe28b12b602880e772ec434db0f4857efd6520df5973fb2a	course__phkpgbv	f	\N
second class	2018-10-26	13:00:00	14:10:00	Mohali	metaBasicStatus:active	\N	2018-10-23	07:19:46	synapUser:001	course:phkpgbv	courseSession:v7uvnex	\N	organization:001	[]	8b55f2c3e4df41c039dae6db67716c565ce3069f69ef82a0cdadf28feb3ebe72c7979fb4327519faa4c76b55d7eeb2549f3b3d2b5e3aac06ff6e56130784b72b	course__phkpgbv	f	\N
third class	2018-10-26	13:00:00	15:10:00	Mohali	metaBasicStatus:active	\N	2018-10-23	07:19:53	synapUser:001	course:phkpgbv	courseSession:mb7e7m3	\N	organization:001	[]	e40636d9c42944314dd3e65e3547d4e0766ce30e3db7942bd69f9d5713b4a5a1d1033958c8b2cca71c185d1a8a6d897604795ef33f7ccf47f2bd265ba8d6b0ac	course__phkpgbv	f	\N
thfourthird class	2018-10-26	13:00:00	16:10:00	Mohali	metaBasicStatus:active	\N	2018-10-23	07:20:02	synapUser:001	course:phkpgbv	courseSession:a76ter3	\N	organization:001	[]	438a098057fd9aa315baaaffb10d0763c67b18ab53f4494d89db7642e151eaa0590aed18732e278cd5d243cf61092e59fde3c18bccf131ee7c92ff106dfda866	course__phkpgbv	f	\N
fifth class	2018-10-26	13:00:00	17:10:00	Mohali	metaBasicStatus:active	\N	2018-10-23	07:20:09	synapUser:001	course:phkpgbv	courseSession:v4dm2p8	\N	organization:001	[]	9bcc7db478d42b3670622d3b0d96d6ca1d58e2f946908a8ce62dec6b283c51d54a93088fcc0f2139b982ca65a7f20b94b076cc0bd69fad1a3d350408c5d17f7a	course__phkpgbv	f	\N
fifth class	2018-10-27	13:00:00	17:10:00	Mohali	metaBasicStatus:active	\N	2018-10-23	07:20:30	synapUser:001	course:agm8ptt	courseSession:z68cp7b	\N	organization:001	[]	de6ef813a10a734d2a22d802713888d5b5a3b680232a6888c4853a607879c0bb563706875f503b2989193cb8ee2b3c8f404431d7329af364307e1b85a362f8d9	course__agm8ptt	f	\N
fourth class	2018-10-27	13:00:00	16:10:00	Mohali	metaBasicStatus:active	\N	2018-10-23	07:20:41	synapUser:001	course:agm8ptt	courseSession:23x8vn7	\N	organization:001	[]	7ec0d62a4eb98ec29fad7559e32334baffb28278fc5c936551f72d9ebfc3244d98614af7bacb66936226f13e73aa8344f983a9cfd06bbe1e82c974a78d71e605	course__agm8ptt	f	\N
third class	2018-10-27	13:00:00	15:10:00	Mohali	metaBasicStatus:active	\N	2018-10-23	07:20:50	synapUser:001	course:agm8ptt	courseSession:tyhzedb	\N	organization:001	[]	7fa8fecd4ee081cce9343e098f61087b9d67cd3a3f825538b62e47e4508b703283208ee9203c51099ed8ab03c09c4b6b64efd7069577de86217883dad12c8dec	course__agm8ptt	f	\N
second class	2018-10-27	13:00:00	14:10:00	Mohali	metaBasicStatus:active	\N	2018-10-23	07:20:58	synapUser:001	course:agm8ptt	courseSession:rybe8xe	\N	organization:001	[]	814dd9d12063e35e93bf293e97bcf6da4458740d8a52e6cd6c9b6776205e5041bfa49aad39ec6c902908c32f3bb3bcd1d012c6f2abc09e58f1ae834bdc0c0b80	course__agm8ptt	f	\N
first class	2018-10-27	13:00:00	13:10:00	Mohali	metaBasicStatus:active	\N	2018-10-23	07:21:06	synapUser:001	course:agm8ptt	courseSession:xhetu28	\N	organization:001	[]	ab3a1639ed3f824c2c9bfd8cc74a50e9917c028f381a018f724c82016153f8f93b5d56919aaa8998a11da1700620a770c8cea74ca5243cdd90a9cc1f8a258386	course__agm8ptt	f	\N
Introduction	2018-10-31	12:07:51	13:07:52	Mohali	metaBasicStatus:active	organizationEmployee:001	2018-10-29	06:37:54	synapUser:001	course:8nvvzek	courseSession:ybkzxj6	\N	organization:001	[]	6a2ac99e5a69b368579ae604ce073d99dcb6c9bc1a2b39de4276bbb48667212e6d64e2b541f5bae3b176c319974e6571d444e9d5ef54cac2245565db4801fa66	course__8nvvzek	f	\N
First class	2018-11-06	12:02:15	13:02:16	Mohali	metaBasicStatus:active	organizationEmployee:001	2018-11-05	06:32:25	synapUser:h4afvcm	course:e3crnx8	courseSession:vahyycj	\N	organization:001	[]	dd2d0c99e5f3ef78fded7ee4e19caeb8442c7f96783a07471e838ad41c31123615417c63086fd337d19440f550e6b59bc42d4c2ae62c5b0ddcee56c9dbb1dc52	course__e3crnx8	f	organizationEmployee:txuaaen
First class	2018-11-06	12:02:15	13:02:16	Mohali	metaBasicStatus:active	\N	2018-11-05	06:35:13	synapUser:h4afvcm	course:z67vza6	courseSession:p7azvw4	\N	organization:001	[]	53be36dfc8c8673130fc04f2452ce8c64048e590a45ea329e8881b42f7cb2abb4728bb2eb167d30d9e6f55ea86f962800b60546ee137d13705b56fe1beb77f06	course__z67vza6	f	\N
Introduction	2018-11-07	12:02:47	13:02:48	ghaziabad	metaBasicStatus:active	\N	2018-11-05	06:35:13	synapUser:h4afvcm	course:z67vza6	courseSession:z67rgxf	\N	organization:001	[]	1b6c60a728adfd14f4278e673275b3b9dc73ca9c284b62145ae1429d25c89d0350343fc174526dd8585e8d1739a598d0d1dcdd8f60ddf4996d6637d2d516ae02	course__z67vza6	f	\N
Introduction	2018-11-02	12:02:47	13:02:48	ghaziabad	metaBasicStatus:active	organizationEmployee:txuaaen	2018-11-05	06:32:52	synapUser:h4afvcm	course:e3crnx8	courseSession:tt73xxw	\N	organization:001	[]	fd09db04d6c5665dbdf4422528e83bdf869347d80e960b2c7388d718913de6871b4fb065aacd1cc891b1d4eb15b1d63c7802e975a3ff396cfb4a35b478ab1cb0	course__e3crnx8	f	\N
sanitymonday	2018-11-04	12:27:51	12:27:52	YAMUNANAGAR	metaBasicStatus:active	organizationEmployee:001	2018-11-05	06:57:56	synapUser:001	course:dv3u3uf	courseSession:v7dfxh6	\N	organization:001	[]	a2a2672e5a6def8b8553d96d3d98840dc81a3889555bf7d2bbe030c06fe497c9d37f487b6e5c24c31d4809c6a6bb604a0ef22a0bf58b11686500120f078ced6c	course__dv3u3uf	f	organizationEmployee:001
sanitymonday	2018-11-04	12:27:51	12:27:52	YAMUNANAGAR	metaBasicStatus:active	organizationEmployee:001	2018-11-05	07:00:52	synapUser:001	course:x6yppnr	courseSession:63aebak	\N	organization:001	[]	36455e7de0bc09745a76d03f7a73a724d5f77150d944541371ff9e1d3adcb98891ae11350e9b84e80b20378257993ff117c05114087f28bcddb55cbd5b0525a4	course__x6yppnr	f	organizationEmployee:zgtc4cp
\.


--
-- Data for Name: course_session_attendance; Type: TABLE DATA; Schema: public; Owner: aperiosf
--

COPY public.course_session_attendance (course_id, notes, patient_id, attended, created_on_date, created_on_time, created_by, course_session_id, id, tags, organization_id, custom_property, checksum, object_path, is_deleted) FROM stdin;
course:akv7nxw	\N	patient:e7g726n	t	2018-09-12	10:16:17	synapUser:001	courseSession:d6c2jc6	courseSessionAttendance:hppexh8	\N	organization:001	[]	50e94fd00d628a0f3d6dac429c8d9d75cc164b2e73a3c091e14fd11e42024c6bff083969c618e2f2179f5a43d84dd8ccb7a4f4eaddc4b3b22585db15cb15dd1a	course__akv7nxw.courseSession__d6c2jc6	f
course:yma84fj	\N	patient:e7g726n	t	2018-09-12	21:17:57	synapUser:001	courseSession:x2cg4v2	courseSessionAttendance:kaxn8gt	\N	organization:001	[]	51a61571bb8b084964943bd40e7d0de25585621e8438afabe94f368f86faef2dc7f62f0c194489f00be03b3d22e3e81d13354f79cdef44bcf72376d32aaa5a7a	course__yma84fj.courseSession__x2cg4v2	f
course:yma84fj	\N	patient:jthy3kb	t	2018-09-12	21:18:01	synapUser:001	courseSession:x2cg4v2	courseSessionAttendance:3k8b72u	\N	organization:001	[]	f848ad64d25686625f8812036889ab6215460c2fa5ff5aaffeda190e0d723dfe49fb55da0264c01b5b2f88c764c35d636a5ab9866adf223465cab26f05cf237b	course__yma84fj.courseSession__x2cg4v2	f
course:n7auzd8	\N	patient:wvgundh	t	2018-09-12	21:30:16	synapUser:001	courseSession:bt4akb7	courseSessionAttendance:v44tany	\N	organization:001	[]	fad01d5918fa380e401de6c677db166ae6088b80af21a8c555d743c3a7369f28c3c496f1c49c88af0f36d751567aba7c235b8aa2e75c3c4736a247093172dc02	course__n7auzd8.courseSession__bt4akb7	f
course:n7auzd8	\N	patient:6wyrptn	t	2018-09-12	21:52:06	synapUser:001	courseSession:bt4akb7	courseSessionAttendance:h2zpc8x	\N	organization:001	[]	d35bb2f37f189592217e3e7f8df18b1114956bf0940b06a63d6cdf9a836a4bbbdb0534e040099b7c73976c731d648d8524f21b1ada3f370c81b3978e098f2b59	course__n7auzd8.courseSession__bt4akb7	f
course:n7auzd8	Is a hoarder\n	patient:ejaddu6	t	2018-09-12	21:51:48	synapUser:001	courseSession:bt4akb7	courseSessionAttendance:hewayv4	\N	organization:001	[]	61cbbad146e6f19b0e87957a6d4efa1b5763c1e19d63062133bf6ab165c2e39e1a97fba209a5b64b3b6e4f0bdab4a70d0e80bc09c94cee48cc04cd49c5aa2602	course__n7auzd8.courseSession__bt4akb7	f
course:yma84fj	\N	patient:hm328jc	t	2018-09-12	21:55:09	synapUser:001	courseSession:x2cg4v2	courseSessionAttendance:ecaur6a	\N	organization:001	[]	0c25c99ce9279e26ca53d0d87b3ff421c03362cfdcd203a1d3130ec186c9fcaa3adebedf3ea3cf6342bf98323fb59b27e6ffb4ea3cb6f79a0d39e1f6e1084480	course__yma84fj.courseSession__x2cg4v2	f
course:yma84fj	very very very hyperactive be creful	patient:ejaddu6	f	2018-09-12	22:02:56	synapUser:001	courseSession:x2cg4v2	courseSessionAttendance:vw3njtm	\N	organization:001	[]	8e96b1255c88e9bd536958ad1792b40dfbfab05ecce911d756313bf16e6ec47b720b3ac776b720951d95ba7a4a8ec3cfaf980b74ed982854f305c0566b7e623f	course__yma84fj.courseSession__x2cg4v2	f
course:yma84fj	\N	patient:6wyrptn	f	2018-09-12	22:03:34	synapUser:001	courseSession:x2cg4v2	courseSessionAttendance:zjj4ezh	\N	organization:001	[]	54a410f0c46a1769b221423073c74bcbed9c6bf6fa79aa904054aa30ffb5310684418b5f4021cb5550a90a6baf0908e0493d488dcf9bb9bf48ac03540ffca8ed	course__yma84fj.courseSession__x2cg4v2	f
course:87kwj33	\N	patient:ejaddu6	t	2018-09-13	17:17:34	synapUser:001	courseSession:wwgxxp2	courseSessionAttendance:kan4tcy	\N	organization:001	[]	43078eb67808ae7214af83136c4b2684abeaa65027929fcbecda65092c98477037fbf89aee18ee1e332766e82c26c190564d23c7da9d8f771d1b41ea7dde1ee3	course__87kwj33.courseSession__wwgxxp2	f
course:n7auzd8	Had a car accident \n	patient:jthy3kb	f	2018-09-12	21:51:45	synapUser:001	courseSession:bt4akb7	courseSessionAttendance:pgbu3gb	\N	organization:001	[]	f1b4946c4970fc505c3edbbf6286b08c1dd64b7f07a1b9d8d25d1f9cf27884ed9af1073f70277ceb5c41a7881d032f31440322466292cead2bfd447aca688a05	course__n7auzd8.courseSession__bt4akb7	f
course:akv7nxw	\N	patient:ejaddu6	t	2018-09-20	11:55:46	synapUser:001	courseSession:d6c2jc6	courseSessionAttendance:bc22m6d	\N	organization:001	[]	faf4c9c9db5c62ff7fe52b3f89429403db144c737999a55b3e4464a4f0db23163eac7b26e562565c548d68170faea7b2c9d5c4a277b458815760f348b5cb0e80	course__akv7nxw.courseSession__d6c2jc6	f
course:hvwn7f8	Present	patient:wvgundh	t	2018-09-20	13:18:12	synapUser:001	courseSession:dxacjmr	courseSessionAttendance:gmjr48c	\N	organization:001	[]	74ec0de4f67fb59a9a7a65aa71ea94b070951f84821510c5bff1fcdd8dbfe2f7d11537791672f04447c7ebb53e19a2ffb15c3009a405d2749d48557d320494c8	course__hvwn7f8.courseSession__dxacjmr	f
course:hvwn7f8	Presant	patient:ut8ex8t	t	2018-09-20	12:41:21	synapUser:001	courseSession:dxacjmr	courseSessionAttendance:rvha2ny	\N	organization:001	[]	47786bb40d144e770e46d98705a22b0a149a529f9cdc98a92b3e0cb7fc3eafaeb546492a34085bf69ecf0ec48fdd263e67457462b735778e8383991d4196237e	course__hvwn7f8.courseSession__dxacjmr	f
course:zf6fyfh	\N	patient:6wyrptn	t	2018-09-21	18:23:21	synapUser:001	courseSession:24ph8yd	courseSessionAttendance:fkk44jg	\N	organization:001	[]	e1821098323a568f99a94cc17900d02e99a674e4e59130197269b9ffaaa5b95a8cce6ba054d1c570a31dc2b9741b62b8c90806fb21f11fcf5e59f7534df5f2e0	course__zf6fyfh.courseSession__24ph8yd	f
course:cjuhthz	\N	patient:upfetgc	t	2018-09-27	06:02:48	synapUser:001	courseSession:ecvjd4d	courseSessionAttendance:747zbbg	\N	organization:001	[]	69c97bdce275a4fb6a059f6c1ea55828d82eded49cec0acd0e65c9352b82ea3e9bab127115059317d0e937efc1939aee900513c73fbdb683fcc129262ac142d4	course__cjuhthz.courseSession__ecvjd4d	f
course:3uhzchk	\N	patient:upfetgc	t	2018-09-27	11:12:29	synapUser:001	courseSession:w62t6vm	courseSessionAttendance:xvjz6wr	\N	organization:001	[]	c04e08dfd6dc096355d8fec676e5a94d57ecd4db63612568f4cfc533a082b1803136e1b39f34c35e79440cecb318e98e313771edc36c6e3c0f09164a5224d7ba	course__3uhzchk.courseSession__w62t6vm	f
course:3uhzchk	Present	patient:upfetgc	t	2018-09-27	11:09:16	synapUser:001	courseSession:gchvf4f	courseSessionAttendance:fag8kag	\N	organization:001	[]	9672a2fd251518157ed5eea3e591eab8e92bac6d4b57a73b9ccb29f12192bb3533a650c2b7b302ef7dd0ec88bb74b1cdcbbc36f2968e352443c3ab208017eb81	course__3uhzchk.courseSession__gchvf4f	f
course:awrz26m	\N	patient:mjhtunm	t	2018-10-01	15:52:30	synapUser:001	courseSession:u2xm22v	courseSessionAttendance:ydhm36v	\N	organization:001	[]	bf1829c7bcf459490e16f127044c96d6c991620cb72435e4ea44e4aaa99b61a346cd228a5a3f570b0c1f2be003cc2ae11a2daa0575ce7aa9814281cd65753075	course__awrz26m.courseSession__u2xm22v	f
course:awrz26m	\N	patient:4yxpan7	t	2018-10-01	15:52:30	synapUser:001	courseSession:u2xm22v	courseSessionAttendance:ewv7c2g	\N	organization:001	[]	7779f44d193020ea3a9809331f488db084538ff7816b7c231817ed1faab76d1e911382b30ed03a14cf4c87455eec0a2f7b2c2a7ee2cba7a1e70e5afa517da399	course__awrz26m.courseSession__u2xm22v	f
course:akycm63	\N	patient:4yxpan7	t	2018-10-01	16:02:40	synapUser:001	courseSession:23wgxat	courseSessionAttendance:v6ekevn	\N	organization:001	[]	882a61531a19047fbf1f6999ff8634daced542fbb2778fc8d49d3852baa4ec55b5dba2b813fad6b3db69cf069c4ea67ab88e798d96cc44d0c17aa361547023e1	course__akycm63.courseSession__23wgxat	f
course:akycm63	\N	patient:y26krb6	t	2018-10-01	16:02:41	synapUser:001	courseSession:23wgxat	courseSessionAttendance:bcuvu3t	\N	organization:001	[]	42a36568061dd50b505e8f68209f0b727eb920058261d76c0ca1d78ea8e43c65ff5fedc46b72606f0815f8afd57a31c3d16a7c8a59df633a6fde879810360791	course__akycm63.courseSession__23wgxat	f
course:akycm63	missed	patient:mjhtunm	f	2018-10-01	16:02:37	synapUser:001	courseSession:23wgxat	courseSessionAttendance:bu82u6v	\N	organization:001	[]	89de18965c15c1839c3b166ba964cfc3228ee1d70aebaa52baff699a48f77662a9d39a6669ca153a535783fa8f881d2ba72959db77cd1d877592fb66a23733ba	course__akycm63.courseSession__23wgxat	f
course:8nvvzek	\N	patient:cjrnnwu	f	2018-10-29	06:38:56	synapUser:001	courseSession:ybkzxj6	courseSessionAttendance:7f8448x	\N	organization:001	[]	ac028cf83910796c52b9e2bb819dbdcc4eaa1b5f4903f1a80458972e684dd92d169b322b519994d2af7aef03b2be84c9e2fe2570afb411ad9faba042b6c7200e	course__8nvvzek.courseSession__ybkzxj6	f
course:e3crnx8	all done	patient:cg4wvr4	t	2018-11-05	06:37:32	synapUser:h4afvcm	courseSession:tt73xxw	courseSessionAttendance:vmfyg4d	\N	organization:001	[]	9b567de532fbef7d4eed1e6541d852ffabb8e41bc785b7d1092be2c89c8e385551b74d1ba42fc33c577a6d6dd7bf2129896c32d449a33073feb763cf7c3c8fbf	course__e3crnx8.courseSession__tt73xxw	f
course:dv3u3uf	sanitymondaysanitymonday	patient:ybd86v7	t	2018-11-05	06:58:03	synapUser:001	courseSession:v7dfxh6	courseSessionAttendance:mgxbwdx	\N	organization:001	[]	a1f167bc4d7306663fece7e652f921056ee5a904e3a9293c998f1601bdd6d2d899a34acc30dcd63e95743eb90013d26cfa38e3f7a5aababd636943afd7e61ee2	course__dv3u3uf.courseSession__v7dfxh6	f
course:x6yppnr	\N	patient:ybd86v7	t	2018-11-19	12:34:10	synapUser:001	courseSession:63aebak	courseSessionAttendance:gzbeezj	\N	organization:001	[]	6073cd3581e4f6995330fa8f1882cc8310a1ae2b61659cd9f73af673ab6200496258273bfeb84817d9bf02be0e1c6fb47bf7c7f7a70c42805cb4d6bca9e6e772	course__x6yppnr.courseSession__63aebak	f
\.


--
-- Data for Name: course_session_custom_field_value; Type: TABLE DATA; Schema: public; Owner: aperiosf
--

COPY public.course_session_custom_field_value (custom_field_definition, value, created_on_date, created_on_time, created_by, course_session_attendance_id, id, tags, organization_id, custom_property, checksum, object_path, is_deleted) FROM stdin;
courseCustomFieldDefinition:jbwen63	22	2018-09-12	10:21:41	synapUser:001	courseSessionAttendance:hppexh8	courseSessionCustomFieldValue:m6nbnzd	\N	organization:001	[]	470194d109fadf3879d08b6c40c60522ff172d2c0558b60301270580487effa98ce21726503380879bcd9e00c7814747d1e6283baafade1ea97cd20ea79dc9e7	course__akv7nxw.courseSession__d6c2jc6.courseSessionAttendance__hppexh8	f
courseCustomFieldDefinition:hkpch6u	Mary Kom	2018-09-12	10:22:04	synapUser:001	courseSessionAttendance:hppexh8	courseSessionCustomFieldValue:y4tt3w4	\N	organization:001	[]	2f7518e8f920d310badc6586ba72e0065d1719c3d0eff8d5e93cf60d41d2f0055032e0ef2f2c9800e3287dd6e388351dd291be6531ef62475404c80bf42cc5c7	course__akv7nxw.courseSession__d6c2jc6.courseSessionAttendance__hppexh8	f
courseCustomFieldDefinition:mp4bfb2	Yes	2018-09-13	17:18:38	synapUser:001	courseSessionAttendance:kan4tcy	courseSessionCustomFieldValue:gfeez6b	\N	organization:001	[]	b81d55e3146db582372ffa144374a97e72157db53e16a6457b39e81024c3b9c3f35d4ecef107cf06210c62154c7a422d33cf594f552d1308712f335a575e9dfa	course__87kwj33.courseSession__wwgxxp2.courseSessionAttendance__kan4tcy	f
courseCustomFieldDefinition:jzdve28	cham	2018-09-20	13:18:21	synapUser:001	courseSessionAttendance:gmjr48c	courseSessionCustomFieldValue:dyy3jzm	\N	organization:001	[]	068ec3cacff6187b347fd070ce2724392c09a455b68f96f83800882783cd24a6d1879cd15feba6505f57f7fd9b4effbcf3c5c35b63738bc55f85ebd16f1d768c	course__hvwn7f8.courseSession__dxacjmr.courseSessionAttendance__gmjr48c	f
courseCustomFieldDefinition:rcuuef8	90.00	2018-09-20	13:18:37	synapUser:001	courseSessionAttendance:gmjr48c	courseSessionCustomFieldValue:nmcurj7	\N	organization:001	[]	57bd81fce2675d86df962fd43f0a2a664ab305666f21e7b090ba2910b16b0ce67c362cbe06851283474ffc09474bbe1b0d865e6f4154adafecf684cc09ad8595	course__hvwn7f8.courseSession__dxacjmr.courseSessionAttendance__gmjr48c	f
courseCustomFieldDefinition:xfc63cb	true	2018-09-20	13:18:37	synapUser:001	courseSessionAttendance:gmjr48c	courseSessionCustomFieldValue:wz7ckkm	\N	organization:001	[]	92b6c0177345c8effcddf9562b428fc44e8371b6a0f7f18a2ef0290bd357d066f4711627e34b749d41a1ae62db38185803a55ba14d6a82ec30ecedb954cd07b8	course__hvwn7f8.courseSession__dxacjmr.courseSessionAttendance__gmjr48c	f
courseCustomFieldDefinition:6m3p8pb	123	2018-09-20	13:18:40	synapUser:001	courseSessionAttendance:gmjr48c	courseSessionCustomFieldValue:gakxncr	\N	organization:001	[]	b21ac75b72a03b8fec7dc9f939c188d4cc93060e2b370efdfef98aab95e3f4573ed090aceea3a1756a727b2eff972311309e27a4d1f435bf408fdc31edaf349a	course__hvwn7f8.courseSession__dxacjmr.courseSessionAttendance__gmjr48c	f
courseCustomFieldDefinition:43v4bfv	true	2018-09-27	06:03:02	synapUser:001	courseSessionAttendance:747zbbg	courseSessionCustomFieldValue:m2fd6vt	\N	organization:001	[]	ba12372353b4b89f54d2168da1a5b17498fec0cc0943c50b801c9a7bb4f3b845327b18f07cd795344216fcafc85b2cfb897ce60bc917107260e540da66d4e619	course__cjuhthz.courseSession__ecvjd4d.courseSessionAttendance__747zbbg	f
courseCustomFieldDefinition:ty8bkmn	09/10/1988 12:00 AM	2018-09-20	13:18:30	synapUser:001	courseSessionAttendance:gmjr48c	courseSessionCustomFieldValue:fr2tfpk	\N	organization:001	[]	735150fafccbdc7dec7c530a90f30a92b8868276bcca87968709c26840e2f68bd00c0fc5d4d5fc8425a5858ddb2769fb9784f8493445cce38752432f2d8cee97	course__hvwn7f8.courseSession__dxacjmr.courseSessionAttendance__gmjr48c	f
courseCustomFieldDefinition:b77j6ng	 	2018-09-12	10:21:57	synapUser:001	courseSessionAttendance:hppexh8	courseSessionCustomFieldValue:fpcah6b	\N	organization:001	[]	7cb19a5cc5c971329bbdbbabd74bcb8dece1dc11a10f73f82d7c97b6cf015c83fa5172357a2ca12a8369e71e2cb7968e9bce58852795a45d334954653fc26fa5	course__akv7nxw.courseSession__d6c2jc6.courseSessionAttendance__hppexh8	f
courseCustomFieldDefinition:jzdve28	souabh	2018-09-20	12:41:35	synapUser:001	courseSessionAttendance:rvha2ny	courseSessionCustomFieldValue:fxfbkaf	\N	organization:001	[]	b46ceb2a166c31e759bee27b83e656fb19f8b325f0e0d8561d5af9f8e8b557054bcffde02fb23f86299e234cd1618529825756124f96e638a7887ff07b51550a	course__hvwn7f8.courseSession__dxacjmr.courseSessionAttendance__rvha2ny	f
courseCustomFieldDefinition:ty8bkmn	09/06/1988 06:11 PM	2018-09-20	12:41:46	synapUser:001	courseSessionAttendance:rvha2ny	courseSessionCustomFieldValue:r4b3g43	\N	organization:001	[]	f04c9fdcb20112f4b1d3b3321c107ed1a296ff44675ebf064f78389b3ac2cdf989bb2cb8d765b20513e52e5f4f04a22f911064545d6db9a72a394d37bb258898	course__hvwn7f8.courseSession__dxacjmr.courseSessionAttendance__rvha2ny	f
courseCustomFieldDefinition:rcuuef8	12.00	2018-09-20	12:41:57	synapUser:001	courseSessionAttendance:rvha2ny	courseSessionCustomFieldValue:6rgnpvw	\N	organization:001	[]	97c5abb29aa6889dffff439646279fb146dcf22fba962ccf22137d6855eeb53afafffb9cc3e1604e348b356dbe0e5d12fc6076ee7a84516ce6c3ebaafb25a7ed	course__hvwn7f8.courseSession__dxacjmr.courseSessionAttendance__rvha2ny	f
courseCustomFieldDefinition:xfc63cb	true	2018-09-20	12:41:58	synapUser:001	courseSessionAttendance:rvha2ny	courseSessionCustomFieldValue:8bk4mwm	\N	organization:001	[]	8f1026f6ac6d17f1417d47f45db0a7120fd62504bf660bb70b0dfe5037a761dd26870812234bf62cbc3601aadf68f665947d288fdcc9c04429670295bca81249	course__hvwn7f8.courseSession__dxacjmr.courseSessionAttendance__rvha2ny	f
courseCustomFieldDefinition:6m3p8pb	89898	2018-09-20	12:42:02	synapUser:001	courseSessionAttendance:rvha2ny	courseSessionCustomFieldValue:wwew3da	\N	organization:001	[]	1edc893ad8c1d691b01241c57657ebe0cfe9354d8514e7e504f036ee524b62fa0309be349fc87dd3512cca2e171489104a344a558dc5cb22874f6f486ff67296	course__hvwn7f8.courseSession__dxacjmr.courseSessionAttendance__rvha2ny	f
courseCustomFieldDefinition:h26krpk	champ	2018-09-27	06:02:56	synapUser:001	courseSessionAttendance:747zbbg	courseSessionCustomFieldValue:6uvuhmg	\N	organization:001	[]	01eba4254c5e960d9f56e91469a98284177f86b0187680203163eb14896a1f51c8ccb53a5b480d1246c0fcacb5f620515cff1c22859c10ea84a3914085f1d422	course__cjuhthz.courseSession__ecvjd4d.courseSessionAttendance__747zbbg	f
courseCustomFieldDefinition:v7x3364	27	2018-09-27	06:03:01	synapUser:001	courseSessionAttendance:747zbbg	courseSessionCustomFieldValue:ahc48eb	\N	organization:001	[]	d2bae42fa07b952549bb128049cf762f5ea3333710e0b93c354bbbfdfa1172da945e226e2b1e1e9f8273a08425c0d1d14d70373b522329901167b5e81b6c50ff	course__cjuhthz.courseSession__ecvjd4d.courseSessionAttendance__747zbbg	f
courseCustomFieldDefinition:wkv8gwk	90.00	2018-09-27	06:03:05	synapUser:001	courseSessionAttendance:747zbbg	courseSessionCustomFieldValue:xkpvkcv	\N	organization:001	[]	bb8454645fb30a57d354ae5710eebfc335b62b290cea92a50ed946462b4ac956122b94d26a316aa83066e06b0bc329ee8b7c885cc9c074dbf25e5933b7787016	course__cjuhthz.courseSession__ecvjd4d.courseSessionAttendance__747zbbg	f
courseCustomFieldDefinition:4ppurah	05/18/1988 12:15 AM	2018-09-27	06:03:27	synapUser:001	courseSessionAttendance:747zbbg	courseSessionCustomFieldValue:g4mypvf	\N	organization:001	[]	de70c62096fb54d344f98cd36e874ba7486a2e0752b21ad201e37396e4c77cf3b67372b235c530042d3c322615b8a6263b9ff01f4e36216de96e22ef9604fc22	course__cjuhthz.courseSession__ecvjd4d.courseSessionAttendance__747zbbg	f
courseCustomFieldDefinition:fr3mzv2	champ	2018-09-27	11:09:32	synapUser:001	courseSessionAttendance:fag8kag	courseSessionCustomFieldValue:raexet7	\N	organization:001	[]	b419ae4d7eecebb4ae3277cff193040cd49757a346de2100565f53108923f38613523f38d733abdc3f7f1032eed66fb830c38b1217d9243490512b2edb34b778	course__3uhzchk.courseSession__gchvf4f.courseSessionAttendance__fag8kag	f
courseCustomFieldDefinition:vbtyw4e	09/06/1988 12:30 AM	2018-09-27	11:09:42	synapUser:001	courseSessionAttendance:fag8kag	courseSessionCustomFieldValue:vwyv3xk	\N	organization:001	[]	382869485072eab4a27d51632b4944807d2babdaccaf2bdbafd2c0b1f557193bb926f81f577ec6db9958eecaffe51547123321823830d8a92e195badc08e3ab3	course__3uhzchk.courseSession__gchvf4f.courseSessionAttendance__fag8kag	f
courseCustomFieldDefinition:ftug26v	simar	2018-11-05	06:37:43	synapUser:h4afvcm	courseSessionAttendance:vmfyg4d	courseSessionCustomFieldValue:zprjbrk	\N	organization:001	[]	0bd08e838c9cd1cfe0d83fe7478b6571ada012a75efe9047b4a3b95bd5c41a4fa60d0b385d4c2d2fd3b6cf9359e12d2319ad87e67f75ea64e307792ac13835b7	course__e3crnx8.courseSession__tt73xxw.courseSessionAttendance__vmfyg4d	f
courseCustomFieldDefinition:umraxjg	 	2018-11-05	06:37:51	synapUser:h4afvcm	courseSessionAttendance:vmfyg4d	courseSessionCustomFieldValue:443az2j	\N	organization:001	[]	3a74270432c4c5e67d1b7e5ca55b8cde8d1bf05ce2327554c8c570a87b2f2ae79a7a20883457a8a7a5e0eae1c3a774a932354173beedb650e2d178cdba6da02d	course__e3crnx8.courseSession__tt73xxw.courseSessionAttendance__vmfyg4d	f
\.


--
-- Data for Name: data_export_request; Type: TABLE DATA; Schema: public; Owner: aperiosf
--

COPY public.data_export_request (data_family, pateint_id, other_data_tables, export_data, created_on_date, created_on_time, created_by, id, tags, organization_id, custom_property, checksum, object_path, is_deleted) FROM stdin;
\.


--
-- Data for Name: data_import_request; Type: TABLE DATA; Schema: public; Owner: aperiosf
--

COPY public.data_import_request (import_data, status, created_on_date, created_on_time, created_by, id, tags, organization_id, custom_property, checksum, object_path, is_deleted) FROM stdin;
\.


--
-- Data for Name: housing_upgrade; Type: TABLE DATA; Schema: public; Owner: aperiosf
--

COPY public.housing_upgrade (reference, upgrade_type, start_date, completion_date, address1, address2, city, state, zip, notes, assigned_user, status, created_on_date, created_on_time, created_by, patient_id, id, tags, organization_id, custom_property, checksum, object_path, is_deleted) FROM stdin;
Reference	metaHousingUpgradeType:PL	2018-09-20	2018-09-26	Linkin Road	\N	Florida city	metaState:FL	545354	\N	organizationEmployee:001	metaHousingUpgradeStatus:active	2018-09-12	10:40:23	synapUser:001	patient:e7g726n	housingUpgrade:jywkufb	\N	organization:001	[]	a4dfa79352015ef587b28104c3735410b5ee1b1580202654e5d0ec40aacffe55697e147ec328cbba69d4ba59aa558660c35c3a3b1c63d703398c65b260e854bf	patient__e7g726n	f
Reference	metaHousingUpgradeType:PL	2018-09-25	2018-09-28	Linkin Road	\N	Florida city	metaState:FL	345345	\N	organizationEmployee:utb6ac4	metaHousingUpgradeStatus:active	2018-09-20	12:08:28	synapUser:001	patient:at2n2hm	housingUpgrade:rjfenax	\N	organization:001	[]	5b1a64e31722a5fd861183fd19127eb35885a95b9bde788f4ea8f0527538f8b424211c7328994e3c29f9df91da4951f3d6ed193fd4db49b7de2ed274c5298e3c	patient__at2n2hm	f
14	metaHousingUpgradeType:AR	2018-09-28	\N	1	\N	b	metaState:GA	21211	\N	organizationEmployee:001	metaHousingUpgradeStatus:active	2018-09-21	18:51:39	synapUser:001	patient:wvgundh	housingUpgrade:8wdx6ey	\N	organization:001	[]	09d53315796820ac0b572352272d7d7d89c48a41630f4be47738f33bc09a1d5ec2d6375796147566f52e3ba26afa81ef3473e689196454920e9cc861f32b9411	patient__wvgundh	f
212121212	metaHousingUpgradeType:EM	2018-09-19	2018-09-28	C003	jjjkjkj	mohali	metaState:AR	090999909	\N	organizationEmployee:001	metaHousingUpgradeStatus:active	2018-09-27	05:54:49	synapUser:001	patient:pc2jvfz	housingUpgrade:8vtwetj	\N	organization:001	[]	406649c2377734ffba1aa7ca4024d8cdac6dfd711f9109629afae8623df08a1eeb4ffbfb2481c5aaa659dcf77c5462e276af58d377cf98a8ffb0256b5e84405e	patient__pc2jvfz	f
212121212	metaHousingUpgradeType:FR	2018-10-31	2018-11-12	C003	\N	Mohali	metaState:AL	898989898	\N	organizationEmployee:001	metaHousingUpgradeStatus:active	2018-11-05	06:23:55	synapUser:001	patient:cg4wvr4	housingUpgrade:dmg2wzc	\N	organization:001	[]	6fb6c1015ee4f32f86c90dab003a7347aaddeb7cfef8d29ae3b860f2f99f1fa6a9b379ab5fa317732a9393f924676595db44860fc99de02817bf18642d9214b8	patient__cg4wvr4	f
\.


--
-- Data for Name: kch_program; Type: TABLE DATA; Schema: public; Owner: aperiosf
--

COPY public.kch_program (program_name, read_only, short_name, created_on_date, created_on_time, created_by, id, tags, organization_id, custom_property, checksum, object_path, is_deleted) FROM stdin;
Home & Healthy Program	t	HHP	\N	\N	\N	kchProgram:001	\N	\N	\N	\N	\N	f
Housing Upgrades to Benefit Seniors	t	HUBS	\N	\N	\N	kchProgram:002	\N	\N	\N	\N	\N	f
Wellness Program	f	WP	2018-09-12	10:05:00	synapUser:001	kchProgram:bxc8jnx	\N	organization:001	[]	e1033985f2adb058c4610955862635132912bbf6423180988704bf6680afa65d932a17349ab3690ece58494e926a61da6a15aad755a71b4e2e6b7eb9803ce9d3	\N	f
New Client	f	NC	2018-09-13	17:29:44	synapUser:001	kchProgram:xgp2xtx	\N	organization:001	[]	444b68525b4d358485eea4a2a22822f1e8a72a04a1173b454413b45ee91e60b2603e69062b4609e92033769e5d8f769f2d68faa8cd6f994d44ddd8e97a50f69a	\N	f
Wise & Well Member	f	WWM	2018-10-12	19:23:53	synapUser:yc3a7ba	kchProgram:c8ydnw2	\N	organization:001	[]	b767180466e64c57f14f304ac99bc81e6bd20cc4c6874a5a0f8c0b01bdc736f36156560925b097aa7c3dfdd9c8e2774db5369a0400d18cdaafab584dfc9300d1	\N	f
Action In Maturity	f	AIM	2018-10-12	19:24:05	synapUser:yc3a7ba	kchProgram:grbkk3r	\N	organization:001	[]	8a4db4989387fd5424c31b3906a5ebf09039a5cbe32ce086dbcf12fada90d320b82388faf64098624025ede7283efb12c923171232f3f8dc4192570751b573df	\N	f
Prospect	f	PROS	2018-10-12	19:24:11	synapUser:yc3a7ba	kchProgram:rraeerz	\N	organization:001	[]	6978fae1d343ea246ad44cb4fe956405397a681a5446128f633915d4283b70c53c1205917fa1229ee7370808e1a9f1f7c11fc3d183b6361069dd76f6940970eb	\N	f
Wellness Program	f	PPPP	2018-10-16	09:47:55	synapUser:001	kchProgram:rbhz7yj	\N	organization:001	[]	2fa5bd93088cab4bdba61f14c2e8f1f9e977ef42cf9e657f7d14147232e24f07655eedb17bf8b5267834afcfedc4e835ded607eab9bf2145f7c9e16eb4df61e6	\N	f
Wise & Well / Education	t	WWE	\N	\N	\N	kchProgram:003	\N	\N	\N	\N	\N	f
Healthy Life updated	f	HL	2018-11-05	06:48:03	synapUser:h4afvcm	kchProgram:b7cpk6m	\N	organization:001	[]	60f0f7689bda8ab9659393693dd648975f014bb0886571914728a75dae6064a6fa7227ca648ac2d7ed718e1e2a7439938eaf80628e1044969871e390fda5311d	\N	f
\.


--
-- Data for Name: kch_program_assignment; Type: TABLE DATA; Schema: public; Owner: aperiosf
--

COPY public.kch_program_assignment (program_id, created_on_date, created_on_time, created_by, patient_id, id, tags, organization_id, custom_property, checksum, object_path, is_deleted) FROM stdin;
kchProgram:003	2018-09-12	10:00:59	synapUser:001	patient:e7g726n	kchProgramAssignment:mxu2myb	\N	organization:001	[]	aa5c15132ff07d8ac1b028260df981ca65342a48e44eb3b8d398a78586301e8cceceb1d5e2a9c9a7158011fc1d81cb774c1cd98f2c13fb51777ed9802abfff54	patient__e7g726n	f
kchProgram:002	2018-09-12	10:40:23	synapUser:001	patient:e7g726n	kchProgramAssignment:pbk76r8	\N	organization:001	[]	42301e43419bf0fa7ecc59d767f64a9aa53f5fc7a82215dd5b2ee6f848f5349079eb6b1d99d5550c42fc300e74d45fe3fafd020180fb8af98ec6546fe5799771	patient__e7g726n	f
kchProgram:003	2018-09-12	12:45:35	synapUser:nxt2dkb	patient:ejaddu6	kchProgramAssignment:de228c7	\N	organization:001	[]	643763158818ca8cf18c32c503b5b8294c1d0787b937cd68d9ef6f0ef34f86588704aa050004efae4be6a381cfdeecb7dbe83cb0c84d60ada4d5e04bda1ac0b3	patient__ejaddu6	f
kchProgram:003	2018-09-12	21:09:41	synapUser:001	patient:6wyrptn	kchProgramAssignment:mcmzrhv	\N	organization:001	[]	45c97028c9e872ef92f9f136e7beb36e0cad00aa4c979c6d7ccb1694affb0e64de07b5727c081efec13967ffe4fe686b070bd042e24d5699b71cea46a7ccb25e	patient__6wyrptn	f
kchProgram:003	2018-09-12	21:15:55	synapUser:001	patient:jthy3kb	kchProgramAssignment:wwrah7c	\N	organization:001	[]	f4f9329760caf8ededa0bf3861da29216c907e5baddd2f9b1fc500bbdba513a3dc8f9184c879c287e092dd0534da369cdc4345acfbb2dc5462c0b6890a00cf39	patient__jthy3kb	f
kchProgram:003	2018-09-12	21:28:02	synapUser:001	patient:wvgundh	kchProgramAssignment:fucmdy7	\N	organization:001	[]	9c66d036123c1f082e190cf4bcb21390ff04404c95254fc5e62a7b5861758d8879ced58bca71c840e053de075d7702bfa177e702c6011a208ed2673a86b4db85	patient__wvgundh	f
kchProgram:003	2018-09-12	21:54:10	synapUser:001	patient:hm328jc	kchProgramAssignment:v63fxjp	\N	organization:001	[]	428cc59ef16c807c3d0929858e3b75ceb2853aea025d6b2318ed183bf910d9c0a032e45ff7c667911c1fad18bc7fa838d2a9d9bc8594f93ac36d3f3ced5369b2	patient__hm328jc	f
kchProgram:001	2018-09-13	15:24:45	synapUser:nt4fnz2	patient:k887f4a	kchProgramAssignment:zj2n3ja	\N	organization:001	[]	55bc182f696fa1d5c817bbc5469492e9c5ef74b38c41d59126fe69e273ff59a9c93e8c4028c28b81ec1b542c24c127d12a1270ce4d489fcc058edbc9a6c5008d	patient__k887f4a	f
kchProgram:003	2018-09-13	15:24:59	synapUser:nt4fnz2	patient:k887f4a	kchProgramAssignment:dpfmuaf	\N	organization:001	[]	e1601ae8b59c0879a6f4eea71313a7943a099ac728f44723d20bb3f279134555cffcabba4e2cbf893a5455748ba30da6a6603399cabf71649d9d2d326fdf3c02	patient__k887f4a	f
kchProgram:003	2018-09-13	16:35:38	synapUser:6pzweac	patient:jwmtjwv	kchProgramAssignment:fxyghrp	\N	organization:001	[]	5a23ec34a2df72894b63dd5e8fe7e5c6a2bc5e71ef9bdd4ffdea8d8f439fb9f529d8aebf8f3755e01501f68543de2bd1018c9c403fbe69640036f33ded416b64	patient__jwmtjwv	f
kchProgram:002	2018-09-20	12:08:28	synapUser:001	patient:at2n2hm	kchProgramAssignment:gak6p8z	\N	organization:001	[]	c52283b07ea5efa2d044fb61e7e5558a7d66b2964d6a42d8979a9f897019a168114f6957e7ac8080a80ad6064dbf5c769e37027971ba073f87296c10a07ba2e1	patient__at2n2hm	f
kchProgram:003	2018-09-20	12:38:23	synapUser:001	patient:ut8ex8t	kchProgramAssignment:4u4b7a7	\N	organization:001	[]	19f49d1c713e071f7018ba391c5dc4b158fd6aad7cccb45e3a673d567f5ae8eff456075c8ff3b11d7f6776c434f2f10ce8dca588d7b0f8eddef52334ce2e359b	patient__ut8ex8t	f
kchProgram:002	2018-09-21	18:51:39	synapUser:001	patient:wvgundh	kchProgramAssignment:m6gj7ep	\N	organization:001	[]	37b02704d05b9dd2a69e9efe87e233669f11b3acdf1062cc9e6bb27191c9e52474b0e52dc4a782a60d9839f5339ffa3d84dad99a236e77e72514ca11b4ed051a	patient__wvgundh	f
kchProgram:xgp2xtx	2018-09-27	05:49:07	synapUser:001	patient:pc2jvfz	kchProgramAssignment:kfkgc6w	\N	organization:001	[]	2ae27029c55ef066f886a35582e1dd7bed3ca24435e971e72b246e73ff9fb9c7aac725f5ae773a27b2a8a3d63ab269918e44ad06bcba40f1d18ba8f9972637b8	patient__pc2jvfz	f
kchProgram:002	2018-09-27	05:54:49	synapUser:001	patient:pc2jvfz	kchProgramAssignment:8rcy8yu	\N	organization:001	[]	96a83ab57cd24e4cd81134abeddc035fa5d41c0032d425dee73aabe8412204a4c4067347ff6acdafc40bf28b7f9a685f8f7f91c8358182e75b75cc63a539bd23	patient__pc2jvfz	f
kchProgram:003	2018-09-27	05:59:27	synapUser:001	patient:upfetgc	kchProgramAssignment:xm8zzw8	\N	organization:001	[]	31ca173533dee912de16a6179b27479dbaee1317c8f0f43453b2f4785a03dea0ee97f55a3ba3c277cc6fe7bf4ba748974a821004b477b8cadf8817f0d7975bcb	patient__upfetgc	f
kchProgram:003	2018-10-01	15:48:33	synapUser:001	patient:4yxpan7	kchProgramAssignment:yaa6y8t	\N	organization:001	[]	d0ecbfdaf9b7178d244a9d85ba2e650cc2169bbf6db8e1f4c3e6e0722f12b3801b0859fe5dc7fce394e86da917655ce52c85f07f4399bef5e72fd958f2f237dc	patient__4yxpan7	f
kchProgram:003	2018-10-01	15:49:10	synapUser:001	patient:mjhtunm	kchProgramAssignment:aecp77x	\N	organization:001	[]	98dc57cd015dbeb6d73e873afcce0e5ed98f9a6940e36cb06e9b2604d7026af0bc82ea56a122880ff5094c37e8bac9647e06bef5c482136261576e76cafbaf67	patient__mjhtunm	f
kchProgram:003	2018-10-01	16:02:08	synapUser:001	patient:y26krb6	kchProgramAssignment:hbr8fmp	\N	organization:001	[]	fc020bb9aeb6909a01ff11f1557ec46301f47e1f552f36771a667b0986a05544ea52a9b38f8fc0d3cdc71c1082c836b575a4d5909af8efde4fd1eb9fa43179ed	patient__y26krb6	f
kchProgram:003	2018-10-29	06:38:13	synapUser:001	patient:cjrnnwu	kchProgramAssignment:zea267a	\N	organization:001	[]	7b40f35cfb96b38f69459f75b06c4e7525228ee0b9e8dade6d30b5753ea9bfecd93da70241dad4d94fccc8369080b85bb9b1bad4cb9b6d06bef04bd8d64c28e6	patient__cjrnnwu	f
kchProgram:003	2018-11-05	06:19:15	synapUser:001	patient:cg4wvr4	kchProgramAssignment:6vxy3we	\N	organization:001	[]	6a9fb2a5be90ecc2e40fdf26aa82f7d87bdc7600d4cc86c0ce38d1393ff987a6a719eeb19ae6b34ccc5118a7bb5ea4a3db2e3c1e2e5bf6458fc8793228f1774b	patient__cg4wvr4	f
kchProgram:002	2018-11-05	06:23:55	synapUser:001	patient:cg4wvr4	kchProgramAssignment:t4vkwmu	\N	organization:001	[]	9551708ee88f6ab09aab0962df80e95b2861ad96594dbb8b1fd22da22ba56193c328be7ca33f3e7e20d61555d6a5f7fa483618635e9bf559e21ec37f98c1464b	patient__cg4wvr4	f
kchProgram:003	2018-11-05	06:33:41	synapUser:h4afvcm	patient:636avav	kchProgramAssignment:xpvtutz	\N	organization:001	[]	4644d070d15acd386c2453efd469456990c2e6a429314a4177ee0b97013e26f9027c15e1044ebacd00a8e9600c2473c645ac32588e23fddd31176606dd43331d	patient__636avav	f
kchProgram:003	2018-11-05	06:57:04	synapUser:001	patient:ybd86v7	kchProgramAssignment:nn76vy3	\N	organization:001	[]	b2c976dc7990492540cdc7a0ff1fa3e20befc081bca072b654fc1b21f28912747a4a643b4298685d8752563acdf4a740b65889eaac64031374539db1c300958d	patient__ybd86v7	f
\.


--
-- Data for Name: meta_address_type; Type: TABLE DATA; Schema: public; Owner: aperiosf
--

COPY public.meta_address_type (value, description, code, code_hl7, value_order, created_on_date, created_on_time, created_by, id, tags, organization_id, custom_property, checksum, object_path, is_deleted) FROM stdin;
metaLabel:home	A communication address at a home, attempted contacts for business purposes might intrude privacy and chances are one will contact family or other household members instead of the person one wishes to call. Typically used with urgent cases, or if no other contacts are available.	H	H	1	\N	\N	\N	metaAddressType:home	\N	\N	\N	\N	\N	f
metaLabel:mailing	Used to send mail.	PST	M	2	\N	\N	\N	metaAddressType:mailing	\N	\N	\N	\N	\N	f
metaLabel:temporary	A temporary address, may be good for visit or mailing. Note that an address history can provide more detailed information.	TMP	C	3	\N	\N	\N	metaAddressType:temporary	\N	\N	\N	\N	\N	f
metaLabel:business	An office address. First choice for business related contacts during business hours.	WP	B	4	\N	\N	\N	metaAddressType:business	\N	\N	\N	\N	\N	f
metaLabel:badadd	A flag indicating that the address is bad, in fact, useless.	BAD	BA	5	\N	\N	\N	metaAddressType:bad	\N	\N	\N	\N	\N	f
metaLabel:confidentialAddress	Indicates that the address is considered sensitive and should only be shared or published in accordance with organizational controls governing patient demographic. information with increased sensitivity. Uses of Addresses. Lloyd to supply more complete description.	CONF	CONF	6	\N	\N	\N	metaAddressType:confidentialAddress	\N	\N	\N	\N	\N	f
metaLabel:primaryHome	The primary home, to reach a person after business hours.	HP	HP	7	\N	\N	\N	metaAddressType:primaryHome	\N	\N	\N	\N	\N	f
metaLabel:vacationHome	A vacation home, to reach a person while on vacation.	HV	HV	8	\N	\N	\N	metaAddressType:vacationHome	\N	\N	\N	\N	\N	f
metaLabel:old	This address is no longer in use.Usage Note: Address may also carry valid time ranges.This code is used to cover the situations where it is known that the address is no longer valid, but no particular time range for its use is known.	OLD	OLD	9	\N	\N	\N	metaAddressType:old	\N	\N	\N	\N	\N	f
metaLabel:temporaryAddress	A temporary address, may be good for visit or mailing. Note that an address history can provide more detailed information.	TMP	TMP	10	\N	\N	\N	metaAddressType:temporaryAddress	\N	\N	\N	\N	\N	f
metaLabel:workPlace	An office address. First choice for business related contacts during business hours.	WP	WP	11	\N	\N	\N	metaAddressType:workPlace	\N	\N	\N	\N	\N	f
metaLabel:direct	Indicates a work place address or telecommunication address that reaches the individual or organization directly without intermediaries. For phones, often referred to as a 'private line'.	DIR	DIR	12	\N	\N	\N	metaAddressType:direct	\N	\N	\N	\N	\N	f
metaLabel:public	Indicates a work place address or telecommunication address that is a 'standard' address which may reach a reception service, mail-room, or other intermediary prior to the target entity.	PUB	PUB	13	\N	\N	\N	metaAddressType:public	\N	\N	\N	\N	\N	f
metaLabel:physicalVisitAddress	Used primarily to visit an address.	PHYS	PHYS	14	\N	\N	\N	metaAddressType:physicalVisitAddress	\N	\N	\N	\N	\N	f
metaLabel:postalAddress	Used to send mail.	PST	PST	15	\N	\N	\N	metaAddressType:postalAddress	\N	\N	\N	\N	\N	f
metaLabel:answeringService	An automated answering machine used for less urgent cases and if the main purpose of contact is to leave a message or access an automated announcement.	AS	AS	16	\N	\N	\N	metaAddressType:answeringService	\N	\N	\N	\N	\N	f
metaLabel:emergencyContact	A contact specifically designated to be used for emergencies. This is the first choice in emergencies, independent of any other use codes.	EC	EC	17	\N	\N	\N	metaAddressType:emergencyContact	\N	\N	\N	\N	\N	f
metaLabel:mobileContact	A telecommunication device that moves and stays with its owner. May have characteristics of all other use codes, suitable for urgent matters, not the first choice for routine business.	MC	MC	18	\N	\N	\N	metaAddressType:mobileContact	\N	\N	\N	\N	\N	f
metaLabel:pager	A paging device suitable to solicit a callback or to leave a very short message.	PG	PG	19	\N	\N	\N	metaAddressType:pager	\N	\N	\N	\N	\N	f
\.


--
-- Data for Name: meta_allergy_severity; Type: TABLE DATA; Schema: public; Owner: aperiosf
--

COPY public.meta_allergy_severity (value, icon, created_on_date, created_on_time, created_by, id, tags, organization_id, custom_property, checksum, object_path, is_deleted) FROM stdin;
metaLabel:coldLabel	\N	\N	\N	\N	metaAllergySeverity:coldSev	\N	\N	\N	\N	\N	f
\.


--
-- Data for Name: meta_allergy_type; Type: TABLE DATA; Schema: public; Owner: aperiosf
--

COPY public.meta_allergy_type (value, created_on_date, created_on_time, created_by, id, tags, organization_id, custom_property, checksum, object_path, is_deleted) FROM stdin;
metaLabel:coldLabel	\N	\N	\N	metaAllergyType:cold	\N	\N	\N	\N	\N	f
metaLabel:chilledLabel	\N	\N	\N	metaAllergyType:chilled	\N	\N	\N	\N	\N	f
metaLabel:coldLabel1	\N	\N	\N	metaAllergyType:hot	\N	\N	\N	\N	\N	f
\.


--
-- Data for Name: meta_basic_status; Type: TABLE DATA; Schema: public; Owner: aperiosf
--

COPY public.meta_basic_status (value, created_on_date, created_on_time, created_by, id, tags, organization_id, custom_property, checksum, object_path, is_deleted) FROM stdin;
ACTIVE	\N	\N	\N	metaBasicStatus:active	\N	\N	\N	\N	\N	f
CANCELLED	\N	\N	\N	metaBasicStatus:cancelled	\N	\N	\N	\N	\N	f
\.


--
-- Data for Name: meta_blood_pressure_unit; Type: TABLE DATA; Schema: public; Owner: aperiosf
--

COPY public.meta_blood_pressure_unit (value, created_on_date, created_on_time, created_by, id, tags, organization_id, custom_property, checksum, object_path, is_deleted) FROM stdin;
mmHg	\N	\N	\N	metaBloodPressureUnit:mmhg	\N	\N	\N	\N	\N	f
\.


--
-- Data for Name: meta_care_continuity_document_type; Type: TABLE DATA; Schema: public; Owner: aperiosf
--

COPY public.meta_care_continuity_document_type (value, xslt_file_name, root_element, created_on_date, created_on_time, created_by, id, tags, organization_id, custom_property, checksum, object_path, is_deleted) FROM stdin;
CCDA	CED.XSL	ClinicalDocument	\N	\N	\N	metaCareContinuityDocumentType:CCDA	\N	\N	\N	\N	\N	f
CCD	CCR.xsl	ContinuityOfCareDocument	\N	\N	\N	metaCareContinuityDocumentType:CCD	\N	\N	\N	\N	\N	f
CCR	CCR.xsl	ContinuityOfCareRecord	\N	\N	\N	metaCareContinuityDocumentType:CCR	\N	\N	\N	\N	\N	f
\.


--
-- Data for Name: meta_ccda_export_log_type; Type: TABLE DATA; Schema: public; Owner: aperiosf
--

COPY public.meta_ccda_export_log_type (value, created_on_date, created_on_time, created_by, id, tags, organization_id, custom_property, checksum, object_path, is_deleted) FROM stdin;
metaLabel:ccdaView	\N	\N	\N	metaCcdaExportLogType:view	\N	\N	\N	\N	\N	f
metaLabel:ccdaTransmit	\N	\N	\N	metaCcdaExportLogType:transmit	\N	\N	\N	\N	\N	f
metaLabel:ccdaDownload	\N	\N	\N	metaCcdaExportLogType:download	\N	\N	\N	\N	\N	f
\.


--
-- Data for Name: meta_ccda_export_status; Type: TABLE DATA; Schema: public; Owner: aperiosf
--

COPY public.meta_ccda_export_status (value, created_on_date, created_on_time, created_by, id, tags, organization_id, custom_property, checksum, object_path, is_deleted) FROM stdin;
metaLabel:pending	\N	\N	\N	metaCcdaExportStatus:pending	\N	\N	\N	\N	\N	f
metaLabel:processing	\N	\N	\N	metaCcdaExportStatus:processing	\N	\N	\N	\N	\N	f
metaLabel:exported	\N	\N	\N	metaCcdaExportStatus:exported	\N	\N	\N	\N	\N	f
metaLabel:sent	\N	\N	\N	metaCcdaExportStatus:sent	\N	\N	\N	\N	\N	f
metaLabel:failed	\N	\N	\N	metaCcdaExportStatus:failed	\N	\N	\N	\N	\N	f
\.


--
-- Data for Name: meta_ccda_sections; Type: TABLE DATA; Schema: public; Owner: aperiosf
--

COPY public.meta_ccda_sections (value, created_on_date, created_on_time, created_by, id, tags, organization_id, custom_property, checksum, object_path, is_deleted) FROM stdin;
metaLabel:all	\N	\N	\N	metaCcdaSections:all	\N	\N	\N	\N	\N	f
metaLabel:advancedDirectives	\N	\N	\N	metaCcdaSections:advancedDirectives	\N	\N	\N	\N	\N	f
metaLabel:allergies	\N	\N	\N	metaCcdaSections:allergies	\N	\N	\N	\N	\N	f
metaLabel:reasonForVisit	\N	\N	\N	metaCcdaSections:reasonForVisit	\N	\N	\N	\N	\N	f
metaLabel:familyHistory	\N	\N	\N	metaCcdaSections:familyHistory	\N	\N	\N	\N	\N	f
metaLabel:functionalStatus	\N	\N	\N	metaCcdaSections:functionalStatus	\N	\N	\N	\N	\N	f
metaLabel:immunizations	\N	\N	\N	metaCcdaSections:immunizations	\N	\N	\N	\N	\N	f
metaLabel:instructions	\N	\N	\N	metaCcdaSections:instructions	\N	\N	\N	\N	\N	f
metaLabel:medications	\N	\N	\N	metaCcdaSections:medications	\N	\N	\N	\N	\N	f
metaLabel:planofCare	\N	\N	\N	metaCcdaSections:planofCare	\N	\N	\N	\N	\N	f
metaLabel:problems	\N	\N	\N	metaCcdaSections:problems	\N	\N	\N	\N	\N	f
metaLabel:procedures	\N	\N	\N	metaCcdaSections:procedures	\N	\N	\N	\N	\N	f
metaLabel:reasonForReferral	\N	\N	\N	metaCcdaSections:reasonForReferral	\N	\N	\N	\N	\N	f
metaLabel:results	\N	\N	\N	metaCcdaSections:results	\N	\N	\N	\N	\N	f
metaLabel:socialHistory	\N	\N	\N	metaCcdaSections:socialHistory	\N	\N	\N	\N	\N	f
metaLabel:vitalSigns	\N	\N	\N	metaCcdaSections:vitalSigns	\N	\N	\N	\N	\N	f
metaLabel:encounters	\N	\N	\N	metaCcdaSections:encounters	\N	\N	\N	\N	\N	f
\.


--
-- Data for Name: meta_clinical_document_type; Type: TABLE DATA; Schema: public; Owner: aperiosf
--

COPY public.meta_clinical_document_type (value, available_on_encounter, created_on_date, created_on_time, created_by, id, tags, organization_id, custom_property, checksum, object_path, is_deleted) FROM stdin;
metaLabel:clinicaldocumentb2	t	\N	\N	\N	metaClinicalDocumentType:B2	\N	\N	\N	\N	\N	f
metaLabel:clinicaldocumentb7	t	\N	\N	\N	metaClinicalDocumentType:B7	\N	\N	\N	\N	\N	f
metaLabel:clinicaldocumente1	t	\N	\N	\N	metaClinicalDocumentType:E1	\N	\N	\N	\N	\N	f
metaLabel:clinicaldocumente2	t	\N	\N	\N	metaClinicalDocumentType:E2	\N	\N	\N	\N	\N	f
\.


--
-- Data for Name: meta_communication_mode; Type: TABLE DATA; Schema: public; Owner: aperiosf
--

COPY public.meta_communication_mode (value, created_on_date, created_on_time, created_by, id, tags, organization_id, custom_property, checksum, object_path, is_deleted) FROM stdin;
metaLabel:phone	\N	\N	\N	metaCommunicationMode:phone	\N	\N	\N	\N	\N	f
metaLabel:email	\N	\N	\N	metaCommunicationMode:email	\N	\N	\N	\N	\N	f
metaLabel:secureMessage	\N	\N	\N	metaCommunicationMode:secureMessage	\N	\N	\N	\N	\N	f
\.


--
-- Data for Name: meta_contact_type; Type: TABLE DATA; Schema: public; Owner: aperiosf
--

COPY public.meta_contact_type (value, value_order, created_on_date, created_on_time, created_by, id, tags, organization_id, custom_property, checksum, object_path, is_deleted) FROM stdin;
metaLabel:external provider	1	\N	\N	\N	metaContactType:externalProvider	\N	\N	\N	\N	\N	f
metaLabel:family	2	\N	\N	\N	metaContactType:family	\N	\N	\N	\N	\N	f
metaLabel:other	3	\N	\N	\N	metaContactType:other	\N	\N	\N	\N	\N	f
\.


--
-- Data for Name: meta_country; Type: TABLE DATA; Schema: public; Owner: aperiosf
--

COPY public.meta_country (value, created_on_date, created_on_time, created_by, id, tags, organization_id, custom_property, checksum, object_path, is_deleted) FROM stdin;
metaLabel:unitedStatesOfAmerica	\N	\N	\N	metaCountry:US	\N	\N	\N	\N	\N	f
\.


--
-- Data for Name: meta_data_family; Type: TABLE DATA; Schema: public; Owner: aperiosf
--

COPY public.meta_data_family (value, created_on_date, created_on_time, created_by, id, tags, organization_id, custom_property, checksum, object_path, is_deleted) FROM stdin;
metaLabel:organization	\N	\N	\N	metaDataFamily:organization	\N	\N	\N	\N	\N	f
metaLabel:patient	\N	\N	\N	metaDataFamily:patient	\N	\N	\N	\N	\N	f
\.


--
-- Data for Name: meta_day_of_week; Type: TABLE DATA; Schema: public; Owner: aperiosf
--

COPY public.meta_day_of_week (value, created_on_date, created_on_time, created_by, id, tags, organization_id, custom_property, checksum, object_path, is_deleted) FROM stdin;
metaLabel:Monday	\N	\N	\N	metaDayOfWeek:1	\N	\N	\N	\N	\N	f
metaLabel:Tuesday	\N	\N	\N	metaDayOfWeek:2	\N	\N	\N	\N	\N	f
metaLabel:Wednesday	\N	\N	\N	metaDayOfWeek:3	\N	\N	\N	\N	\N	f
metaLabel:Thursday	\N	\N	\N	metaDayOfWeek:4	\N	\N	\N	\N	\N	f
metaLabel:Friday	\N	\N	\N	metaDayOfWeek:5	\N	\N	\N	\N	\N	f
metaLabel:Saturday	\N	\N	\N	metaDayOfWeek:6	\N	\N	\N	\N	\N	f
metaLabel:Sunday	\N	\N	\N	metaDayOfWeek:7	\N	\N	\N	\N	\N	f
\.


--
-- Data for Name: meta_default_status; Type: TABLE DATA; Schema: public; Owner: aperiosf
--

COPY public.meta_default_status (value, created_on_date, created_on_time, created_by, id, tags, organization_id, custom_property, checksum, object_path, is_deleted) FROM stdin;
ACTIVE	\N	\N	\N	metaDefaultStatus:active	\N	\N	\N	\N	\N	f
INACTIVE	\N	\N	\N	metaDefaultStatus:inactive	\N	\N	\N	\N	\N	f
\.


--
-- Data for Name: meta_diagnostic_code; Type: TABLE DATA; Schema: public; Owner: aperiosf
--

COPY public.meta_diagnostic_code (code, icd10_long_desc, icd10_short_desc, icd9, dsm_code, dsm_desc, snomed_desc, is_leaf_node, created_on_date, created_on_time, created_by, id, tags, organization_id, custom_property, checksum, object_path, is_deleted) FROM stdin;
\.


--
-- Data for Name: meta_employee_status; Type: TABLE DATA; Schema: public; Owner: aperiosf
--

COPY public.meta_employee_status (value, status, created_on_date, created_on_time, created_by, id, tags, organization_id, custom_property, checksum, object_path, is_deleted) FROM stdin;
Active	A	\N	\N	\N	metaEmployeeStatus:active	\N	\N	\N	\N	\N	f
Inactive	I	\N	\N	\N	metaEmployeeStatus:inactive	\N	\N	\N	\N	\N	f
\.


--
-- Data for Name: meta_employment_status; Type: TABLE DATA; Schema: public; Owner: aperiosf
--

COPY public.meta_employment_status (value, value_order, created_on_date, created_on_time, created_by, id, tags, organization_id, custom_property, checksum, object_path, is_deleted) FROM stdin;
metaLabel:employedFullTime	1	\N	\N	\N	metaEmploymentStatus:employedFullTime	\N	\N	\N	\N	\N	f
metaLabel:employedPartTime	2	\N	\N	\N	metaEmploymentStatus:employedPartTime	\N	\N	\N	\N	\N	f
metaLabel:homemaker	3	\N	\N	\N	metaEmploymentStatus:homemaker	\N	\N	\N	\N	\N	f
metaLabel:retired	4	\N	\N	\N	metaEmploymentStatus:retired	\N	\N	\N	\N	\N	f
metaLabel:student	5	\N	\N	\N	metaEmploymentStatus:student	\N	\N	\N	\N	\N	f
metaLabel:unemployed	6	\N	\N	\N	metaEmploymentStatus:unemployed	\N	\N	\N	\N	\N	f
\.


--
-- Data for Name: meta_ethnicity; Type: TABLE DATA; Schema: public; Owner: aperiosf
--

COPY public.meta_ethnicity (value, code, value_order, created_on_date, created_on_time, created_by, id, tags, organization_id, custom_property, checksum, object_path, is_deleted) FROM stdin;
Hispanic or Latino	2135-2	1	\N	\N	\N	metaEthnicity:hispanicOrLatino	\N	\N	\N	\N	\N	f
Not Hispanic or Latino	2186-5	2	\N	\N	\N	metaEthnicity:notHispanicOrLatino	\N	\N	\N	\N	\N	f
Declined to provide	\N	3	\N	\N	\N	metaEthnicity:declinedToProvide	\N	\N	\N	\N	\N	f
\.


--
-- Data for Name: meta_family_relationship; Type: TABLE DATA; Schema: public; Owner: aperiosf
--

COPY public.meta_family_relationship (value, sort_order, created_on_date, created_on_time, created_by, id, tags, organization_id, custom_property, checksum, object_path, is_deleted) FROM stdin;
Spouse	1	\N	\N	\N	metaFamilyRelationship:Spouse	\N	\N	\N	\N	\N	f
Grandfather or Grandmother	2	\N	\N	\N	metaFamilyRelationship:GrandfatherOrGrandmother	\N	\N	\N	\N	\N	f
Grandson or Granddaughter	3	\N	\N	\N	metaFamilyRelationship:GrandsonOrGranddaughter	\N	\N	\N	\N	\N	f
Nephew or Niece	4	\N	\N	\N	metaFamilyRelationship:NephewOrNiece	\N	\N	\N	\N	\N	f
Foster Child	5	\N	\N	\N	metaFamilyRelationship:FosterChild	\N	\N	\N	\N	\N	f
Stepson or Stepdaughter	6	\N	\N	\N	metaFamilyRelationship:StepsonOrStepdaughter	\N	\N	\N	\N	\N	f
Self	7	\N	\N	\N	metaFamilyRelationship:Self	\N	\N	\N	\N	\N	f
Child	8	\N	\N	\N	metaFamilyRelationship:Child	\N	\N	\N	\N	\N	f
Employee	9	\N	\N	\N	metaFamilyRelationship:Employee	\N	\N	\N	\N	\N	f
Unknown	10	\N	\N	\N	metaFamilyRelationship:Unknown	\N	\N	\N	\N	\N	f
Sponsored Dependent	11	\N	\N	\N	metaFamilyRelationship:SponsoredDependent	\N	\N	\N	\N	\N	f
Significant Other	12	\N	\N	\N	metaFamilyRelationship:SignificantOther	\N	\N	\N	\N	\N	f
Mother	13	\N	\N	\N	metaFamilyRelationship:Mother	\N	\N	\N	\N	\N	f
Father	14	\N	\N	\N	metaFamilyRelationship:Father	\N	\N	\N	\N	\N	f
Life Partner	15	\N	\N	\N	metaFamilyRelationship:LifePartner	\N	\N	\N	\N	\N	f
Other Relationship	16	\N	\N	\N	metaFamilyRelationship:OtherRelationship	\N	\N	\N	\N	\N	f
\.


--
-- Data for Name: meta_field_defination_type; Type: TABLE DATA; Schema: public; Owner: aperiosf
--

COPY public.meta_field_defination_type (value, created_on_date, created_on_time, created_by, id, tags, organization_id, custom_property, checksum, object_path, is_deleted) FROM stdin;
Number	\N	\N	\N	metaFieldDefinationType:number	\N	\N	\N	\N	\N	f
Decimal	\N	\N	\N	metaFieldDefinationType:decimal	\N	\N	\N	\N	\N	f
Text	\N	\N	\N	metaFieldDefinationType:text	\N	\N	\N	\N	\N	f
CheckBox	\N	\N	\N	metaFieldDefinationType:checkbox	\N	\N	\N	\N	\N	f
Date-Time	\N	\N	\N	metaFieldDefinationType:datetime	\N	\N	\N	\N	\N	f
\.


--
-- Data for Name: meta_gender; Type: TABLE DATA; Schema: public; Owner: aperiosf
--

COPY public.meta_gender (value, code, edi_code, created_on_date, created_on_time, created_by, id, tags, organization_id, custom_property, checksum, object_path, is_deleted) FROM stdin;
Male	M	M	\N	\N	\N	metaGender:male	\N	\N	\N	\N	\N	f
Female	F	F	\N	\N	\N	metaGender:female	\N	\N	\N	\N	\N	f
Unknown	UN	U	\N	\N	\N	metaGender:unknown	\N	\N	\N	\N	\N	f
\.


--
-- Data for Name: meta_height_unit; Type: TABLE DATA; Schema: public; Owner: aperiosf
--

COPY public.meta_height_unit (value, created_on_date, created_on_time, created_by, id, tags, organization_id, custom_property, checksum, object_path, is_deleted) FROM stdin;
CM	\N	\N	\N	metaHeightUnit:cm	\N	\N	\N	\N	\N	f
Feet & Inches	\N	\N	\N	metaHeightUnit:feetInch	\N	\N	\N	\N	\N	f
\.


--
-- Data for Name: meta_household_income_level; Type: TABLE DATA; Schema: public; Owner: aperiosf
--

COPY public.meta_household_income_level (value, created_on_date, created_on_time, created_by, id, tags, organization_id, custom_property, checksum, object_path, is_deleted) FROM stdin;
Less than $5,000	\N	\N	\N	metaHouseholdIncomeLevel:001	\N	\N	\N	\N	\N	f
$5,000 - $9,999	\N	\N	\N	metaHouseholdIncomeLevel:002	\N	\N	\N	\N	\N	f
$10,000 - $14,999	\N	\N	\N	metaHouseholdIncomeLevel:003	\N	\N	\N	\N	\N	f
$15,000 - $19,999	\N	\N	\N	metaHouseholdIncomeLevel:004	\N	\N	\N	\N	\N	f
$20,000 - $24,999	\N	\N	\N	metaHouseholdIncomeLevel:005	\N	\N	\N	\N	\N	f
$25,000 - $29,999	\N	\N	\N	metaHouseholdIncomeLevel:006	\N	\N	\N	\N	\N	f
$30,000 - $34,999	\N	\N	\N	metaHouseholdIncomeLevel:007	\N	\N	\N	\N	\N	f
$35,000 - $39,999	\N	\N	\N	metaHouseholdIncomeLevel:008	\N	\N	\N	\N	\N	f
$40,000 - $44,999	\N	\N	\N	metaHouseholdIncomeLevel:009	\N	\N	\N	\N	\N	f
$45,000 - $49,999	\N	\N	\N	metaHouseholdIncomeLevel:010	\N	\N	\N	\N	\N	f
$50,000 - $59,999	\N	\N	\N	metaHouseholdIncomeLevel:011	\N	\N	\N	\N	\N	f
$60,000 - $69,999	\N	\N	\N	metaHouseholdIncomeLevel:012	\N	\N	\N	\N	\N	f
$70,000 - $79,999	\N	\N	\N	metaHouseholdIncomeLevel:013	\N	\N	\N	\N	\N	f
$80,000 - $89,999	\N	\N	\N	metaHouseholdIncomeLevel:014	\N	\N	\N	\N	\N	f
$90,000 - $99,999	\N	\N	\N	metaHouseholdIncomeLevel:015	\N	\N	\N	\N	\N	f
$100,000 - $124,999	\N	\N	\N	metaHouseholdIncomeLevel:016	\N	\N	\N	\N	\N	f
$125,000 - $149,999	\N	\N	\N	metaHouseholdIncomeLevel:017	\N	\N	\N	\N	\N	f
$150,000 - $199,999	\N	\N	\N	metaHouseholdIncomeLevel:018	\N	\N	\N	\N	\N	f
$200,000 - $249,999	\N	\N	\N	metaHouseholdIncomeLevel:019	\N	\N	\N	\N	\N	f
$250,000 and above	\N	\N	\N	metaHouseholdIncomeLevel:020	\N	\N	\N	\N	\N	f
\.


--
-- Data for Name: meta_housing_status; Type: TABLE DATA; Schema: public; Owner: aperiosf
--

COPY public.meta_housing_status (value, value_order, created_on_date, created_on_time, created_by, id, tags, organization_id, custom_property, checksum, object_path, is_deleted) FROM stdin;
Lives With Family	1	\N	\N	\N	metaHousingStatus:livesWithFamily	\N	\N	\N	\N	\N	f
Lives With Roommates	2	\N	\N	\N	metaHousingStatus:livesWithRoomMates	\N	\N	\N	\N	\N	f
Owns Home	3	\N	\N	\N	metaHousingStatus:ownsHome	\N	\N	\N	\N	\N	f
Rents Home	4	\N	\N	\N	metaHousingStatus:rentsHome	\N	\N	\N	\N	\N	f
\.


--
-- Data for Name: meta_housing_upgrade_status; Type: TABLE DATA; Schema: public; Owner: aperiosf
--

COPY public.meta_housing_upgrade_status (value, created_on_date, created_on_time, created_by, id, tags, organization_id, custom_property, checksum, object_path, is_deleted) FROM stdin;
Active	\N	\N	\N	metaHousingUpgradeStatus:active	\N	\N	\N	\N	\N	f
InActive	\N	\N	\N	metaHousingUpgradeStatus:inactive	\N	\N	\N	\N	\N	f
Complete	\N	\N	\N	metaHousingUpgradeStatus:complete	\N	\N	\N	\N	\N	f
\.


--
-- Data for Name: meta_housing_upgrade_type; Type: TABLE DATA; Schema: public; Owner: aperiosf
--

COPY public.meta_housing_upgrade_type (value, created_on_date, created_on_time, created_by, id, tags, organization_id, custom_property, checksum, object_path, is_deleted) FROM stdin;
Accessibility- Ramp	\N	\N	\N	metaHousingUpgradeType:AR	\N	\N	\N	\N	\N	f
Accessibility- Stairlift	\N	\N	\N	metaHousingUpgradeType:AS	\N	\N	\N	\N	\N	f
Electrical	\N	\N	\N	metaHousingUpgradeType:EE	\N	\N	\N	\N	\N	f
Environmental- Asbestos	\N	\N	\N	metaHousingUpgradeType:EA	\N	\N	\N	\N	\N	f
Environmental- Mold	\N	\N	\N	metaHousingUpgradeType:EM	\N	\N	\N	\N	\N	f
Furnace	\N	\N	\N	metaHousingUpgradeType:FR	\N	\N	\N	\N	\N	f
Roofing- Downspouts	\N	\N	\N	metaHousingUpgradeType:RD	\N	\N	\N	\N	\N	f
Roofing- Gutters	\N	\N	\N	metaHousingUpgradeType:RG	\N	\N	\N	\N	\N	f
Roofing- Porch roof repair/replacement	\N	\N	\N	metaHousingUpgradeType:RP	\N	\N	\N	\N	\N	f
Issues with adjoining properties	\N	\N	\N	metaHousingUpgradeType:AP	\N	\N	\N	\N	\N	f
Minor home repairs	\N	\N	\N	metaHousingUpgradeType:MR	\N	\N	\N	\N	\N	f
Minor home safety repairs	\N	\N	\N	metaHousingUpgradeType:SR	\N	\N	\N	\N	\N	f
Non- working appliances	\N	\N	\N	metaHousingUpgradeType:NA	\N	\N	\N	\N	\N	f
Pest remediation	\N	\N	\N	metaHousingUpgradeType:PR	\N	\N	\N	\N	\N	f
Plumbing	\N	\N	\N	metaHousingUpgradeType:PL	\N	\N	\N	\N	\N	f
Water damage in the basement	\N	\N	\N	metaHousingUpgradeType:WB	\N	\N	\N	\N	\N	f
Waterproofing	\N	\N	\N	metaHousingUpgradeType:WP	\N	\N	\N	\N	\N	f
Water heater replacement	\N	\N	\N	metaHousingUpgradeType:WH	\N	\N	\N	\N	\N	f
Weatherization	\N	\N	\N	metaHousingUpgradeType:WZ	\N	\N	\N	\N	\N	f
Window replacement	\N	\N	\N	metaHousingUpgradeType:WR	\N	\N	\N	\N	\N	f
Energy Efficiency Modification- Low flow shower-heads	\N	\N	\N	metaHousingUpgradeType:SH	\N	\N	\N	\N	\N	f
Energy Efficiency Modification- Faucet Aerators	\N	\N	\N	metaHousingUpgradeType:FA	\N	\N	\N	\N	\N	f
Lead remediation (i.e. replacement of windows)	\N	\N	\N	metaHousingUpgradeType:LR	\N	\N	\N	\N	\N	f
Home Safety Modifications- Grab handlebars	\N	\N	\N	metaHousingUpgradeType:GH	\N	\N	\N	\N	\N	f
Home Safety Modifications- Handrails	\N	\N	\N	metaHousingUpgradeType:HH	\N	\N	\N	\N	\N	f
Home Safety Modifications- Ramps	\N	\N	\N	metaHousingUpgradeType:HR	\N	\N	\N	\N	\N	f
Smoke detectors	\N	\N	\N	metaHousingUpgradeType:SD	\N	\N	\N	\N	\N	f
\.


--
-- Data for Name: meta_id_type; Type: TABLE DATA; Schema: public; Owner: aperiosf
--

COPY public.meta_id_type (value, created_on_date, created_on_time, created_by, id, tags, organization_id, custom_property, checksum, object_path, is_deleted) FROM stdin;
metaLabel:hospital	\N	\N	\N	metaIdType:hospital	\N	\N	\N	\N	\N	f
metaLabel:driverLicence	\N	\N	\N	metaIdType:driverLicence	\N	\N	\N	\N	\N	f
metaLabel:passportNumber	\N	\N	\N	metaIdType:passportNumber	\N	\N	\N	\N	\N	f
metaLabel:npi	\N	\N	\N	metaIdType:npi	\N	\N	\N	\N	\N	f
metaLabel:dea	\N	\N	\N	metaIdType:dea	\N	\N	\N	\N	\N	f
metaLabel:other	\N	\N	\N	metaIdType:other	\N	\N	\N	\N	\N	f
\.


--
-- Data for Name: meta_income_level; Type: TABLE DATA; Schema: public; Owner: aperiosf
--

COPY public.meta_income_level (value, created_on_date, created_on_time, created_by, id, tags, organization_id, custom_property, checksum, object_path, is_deleted) FROM stdin;
Less than $5,000	\N	\N	\N	metaIncomeLevel:001	\N	\N	\N	\N	\N	f
$5,000 - $9,999	\N	\N	\N	metaIncomeLevel:002	\N	\N	\N	\N	\N	f
$10,000 - $14,999	\N	\N	\N	metaIncomeLevel:003	\N	\N	\N	\N	\N	f
$15,000 - $19,999	\N	\N	\N	metaIncomeLevel:004	\N	\N	\N	\N	\N	f
$20,000 - $24,999	\N	\N	\N	metaIncomeLevel:005	\N	\N	\N	\N	\N	f
$25,000 - $29,999	\N	\N	\N	metaIncomeLevel:006	\N	\N	\N	\N	\N	f
$30,000 - $34,999	\N	\N	\N	metaIncomeLevel:007	\N	\N	\N	\N	\N	f
$35,000 - $39,999	\N	\N	\N	metaIncomeLevel:008	\N	\N	\N	\N	\N	f
$40,000 - $44,999	\N	\N	\N	metaIncomeLevel:009	\N	\N	\N	\N	\N	f
$45,000 - $49,999	\N	\N	\N	metaIncomeLevel:010	\N	\N	\N	\N	\N	f
$50,000 - $59,999	\N	\N	\N	metaIncomeLevel:011	\N	\N	\N	\N	\N	f
$60,000 - $69,999	\N	\N	\N	metaIncomeLevel:012	\N	\N	\N	\N	\N	f
$70,000 - $79,999	\N	\N	\N	metaIncomeLevel:013	\N	\N	\N	\N	\N	f
$80,000 - $89,999	\N	\N	\N	metaIncomeLevel:014	\N	\N	\N	\N	\N	f
$90,000 - $99,999	\N	\N	\N	metaIncomeLevel:015	\N	\N	\N	\N	\N	f
$100,000 - $124,999	\N	\N	\N	metaIncomeLevel:016	\N	\N	\N	\N	\N	f
$125,000 - $149,999	\N	\N	\N	metaIncomeLevel:017	\N	\N	\N	\N	\N	f
$150,000 - $199,999	\N	\N	\N	metaIncomeLevel:018	\N	\N	\N	\N	\N	f
$200,000 - $249,999	\N	\N	\N	metaIncomeLevel:019	\N	\N	\N	\N	\N	f
$250,000 and above	\N	\N	\N	metaIncomeLevel:020	\N	\N	\N	\N	\N	f
\.


--
-- Data for Name: meta_label; Type: TABLE DATA; Schema: public; Owner: aperiosf
--

COPY public.meta_label (value, created_on_date, created_on_time, created_by, id, tags, organization_id, custom_property, checksum, object_path, is_deleted) FROM stdin;
coldLabel1	\N	\N	\N	metaLabel:coldLabel1	\N	\N	\N	\N	\N	f
chilledLabel	\N	\N	\N	metaLabel:chilledLabel	\N	\N	\N	\N	\N	f
coldLabel	\N	\N	\N	metaLabel:coldLabel	\N	\N	\N	\N	\N	f
hotLabel1	\N	\N	\N	metaLabel:coldLabel2	\N	\N	\N	\N	\N	f
GED	\N	\N	\N	metaLabel:GED	\N	\N	\N	\N	\N	f
High school	\N	\N	\N	metaLabel:highSchool	\N	\N	\N	\N	\N	f
Some college	\N	\N	\N	metaLabel:someCollege	\N	\N	\N	\N	\N	f
2-year college	\N	\N	\N	metaLabel:2YearDegree	\N	\N	\N	\N	\N	f
4-year college	\N	\N	\N	metaLabel:4YearDegree	\N	\N	\N	\N	\N	f
Postgraduate degree	\N	\N	\N	metaLabel:postGraduateDegree	\N	\N	\N	\N	\N	f
Home	\N	\N	\N	metaLabel:home	\N	\N	\N	\N	\N	f
Mailing	\N	\N	\N	metaLabel:mailing	\N	\N	\N	\N	\N	f
Billing	\N	\N	\N	metaLabel:billing	\N	\N	\N	\N	\N	f
Mobile	\N	\N	\N	metaLabel:mobile	\N	\N	\N	\N	\N	f
Work	\N	\N	\N	metaLabel:work	\N	\N	\N	\N	\N	f
Fax	\N	\N	\N	metaLabel:fax	\N	\N	\N	\N	\N	f
Other	\N	\N	\N	metaLabel:other	\N	\N	\N	\N	\N	f
Annulled	\N	\N	\N	metaLabel:annulled	\N	\N	\N	\N	\N	f
Divorced	\N	\N	\N	metaLabel:divorced	\N	\N	\N	\N	\N	f
Interlocutory	\N	\N	\N	metaLabel:interlocutory	\N	\N	\N	\N	\N	f
Legally Separated	\N	\N	\N	metaLabel:legallySeparated	\N	\N	\N	\N	\N	f
Married	\N	\N	\N	metaLabel:married	\N	\N	\N	\N	\N	f
Polygamous	\N	\N	\N	metaLabel:polygamous	\N	\N	\N	\N	\N	f
Never Married	\N	\N	\N	metaLabel:neverMarried	\N	\N	\N	\N	\N	f
Domestic Partner	\N	\N	\N	metaLabel:domesticPartner	\N	\N	\N	\N	\N	f
Unmarried	\N	\N	\N	metaLabel:unmarried	\N	\N	\N	\N	\N	f
Widowed	\N	\N	\N	metaLabel:widowed	\N	\N	\N	\N	\N	f
Male	\N	\N	\N	metaLabel:male	\N	\N	\N	\N	\N	f
Female	\N	\N	\N	metaLabel:female	\N	\N	\N	\N	\N	f
Undifferentiated	\N	\N	\N	metaLabel:undifferentiated	\N	\N	\N	\N	\N	f
Current every day smoker	\N	\N	\N	metaLabel:everyDaySmoker	\N	\N	\N	\N	\N	f
Current some day smoker	\N	\N	\N	metaLabel:someDaySmoker	\N	\N	\N	\N	\N	f
Former smoker	\N	\N	\N	metaLabel:formerSmoker	\N	\N	\N	\N	\N	f
Never smoker	\N	\N	\N	metaLabel:neverSmoker	\N	\N	\N	\N	\N	f
Smoker, current status unknown	\N	\N	\N	metaLabel:smoker	\N	\N	\N	\N	\N	f
Unknown if ever smoked	\N	\N	\N	metaLabel:unknownSmoker	\N	\N	\N	\N	\N	f
Heavy tobacco smoker	\N	\N	\N	metaLabel:heavyTobaccoSmoker	\N	\N	\N	\N	\N	f
Light tobacco smoker	\N	\N	\N	metaLabel:lightTobaccoSmoker	\N	\N	\N	\N	\N	f
American	\N	\N	\N	metaLabel:american	\N	\N	\N	\N	\N	f
Indian/Alaska Native	\N	\N	\N	metaLabel:indian/AlaskaNative	\N	\N	\N	\N	\N	f
American Indian or Alaska Native	\N	\N	\N	metaLabel:americanIndianAlaskaNative	\N	\N	\N	\N	\N	f
Asian	\N	\N	\N	metaLabel:asian	\N	\N	\N	\N	\N	f
Black or African American	\N	\N	\N	metaLabel:blackOrAfricanAmerican	\N	\N	\N	\N	\N	f
Native Hawaiian / Other Pacific Islander	\N	\N	\N	metaLabel:nativeHawaiian/otherPacificIslander	\N	\N	\N	\N	\N	f
White	\N	\N	\N	metaLabel:white	\N	\N	\N	\N	\N	f
Other Race	\N	\N	\N	metaLabel:otherRace	\N	\N	\N	\N	\N	f
Patient chooses not to provide	\N	\N	\N	metaLabel:patientChooseNotToProvide	\N	\N	\N	\N	\N	f
Hispanic or Latino	\N	\N	\N	metaLabel:hispanicOrLatino	\N	\N	\N	\N	\N	f
Not Hispanic or Latino	\N	\N	\N	metaLabel:notHispanicOrLatino	\N	\N	\N	\N	\N	f
Unknown	\N	\N	\N	metaLabel:unknown	\N	\N	\N	\N	\N	f
California	\N	\N	\N	metaLabel:california	\N	\N	\N	\N	\N	f
New York	\N	\N	\N	metaLabel:newYork	\N	\N	\N	\N	\N	f
Albama	\N	\N	\N	metaLabel:albama	\N	\N	\N	\N	\N	f
United States of America	\N	\N	\N	metaLabel:unitedStatesOfAmerica	\N	\N	\N	\N	\N	f
Buffalo	\N	\N	\N	metaLabel:buffalo	\N	\N	\N	\N	\N	f
Rochester	\N	\N	\N	metaLabel:rochester	\N	\N	\N	\N	\N	f
Brooklyn	\N	\N	\N	metaLabel:brooklyn	\N	\N	\N	\N	\N	f
Los Angeles	\N	\N	\N	metaLabel:losAngeles	\N	\N	\N	\N	\N	f
San Diego	\N	\N	\N	metaLabel:sanDiego	\N	\N	\N	\N	\N	f
Birmingham	\N	\N	\N	metaLabel:birmingham	\N	\N	\N	\N	\N	f
Employed full-time	\N	\N	\N	metaLabel:employedFullTime	\N	\N	\N	\N	\N	f
Employed part-time	\N	\N	\N	metaLabel:employedPartTime	\N	\N	\N	\N	\N	f
Self-employed	\N	\N	\N	metaLabel:employedSelf	\N	\N	\N	\N	\N	f
Unemployed	\N	\N	\N	metaLabel:unemployed	\N	\N	\N	\N	\N	f
Homemaker	\N	\N	\N	metaLabel:homemaker	\N	\N	\N	\N	\N	f
Retired	\N	\N	\N	metaLabel:retired	\N	\N	\N	\N	\N	f
Student	\N	\N	\N	metaLabel:student	\N	\N	\N	\N	\N	f
Unable to work	\N	\N	\N	metaLabel:unableToWork	\N	\N	\N	\N	\N	f
Volunteer	\N	\N	\N	metaLabel:volunteer	\N	\N	\N	\N	\N	f
Spouse	\N	\N	\N	metaLabel:spouse	\N	\N	\N	\N	\N	f
Child	\N	\N	\N	metaLabel:child	\N	\N	\N	\N	\N	f
Employee	\N	\N	\N	metaLabel:employee	\N	\N	\N	\N	\N	f
Life Partner	\N	\N	\N	metaLabel:lifePartner	\N	\N	\N	\N	\N	f
Family	\N	\N	\N	metaLabel:family	\N	\N	\N	\N	\N	f
External Provider	\N	\N	\N	metaLabel:external provider	\N	\N	\N	\N	\N	f
Mild	\N	\N	\N	metaLabel:mild	\N	\N	\N	\N	\N	f
Moderate	\N	\N	\N	metaLabel:moderate	\N	\N	\N	\N	\N	f
Severe	\N	\N	\N	metaLabel:severe	\N	\N	\N	\N	\N	f
Very Severe	\N	\N	\N	metaLabel:verySevere	\N	\N	\N	\N	\N	f
dsm djcsdl	\N	\N	\N	metaLabel:dsmCode	\N	\N	\N	\N	\N	f
abc	\N	\N	\N	metaLabel:icdCode	\N	\N	\N	\N	\N	f
Medicare Secondary Working Aged Beneficiary or Spouse with Employer Group Health Plan	\N	\N	\N	metaLabel:mediSecWABOSWEGHP	\N	\N	\N	\N	\N	f
Medicare Secondary End-Stage Renal Disease Beneficiary in the Mandated Coordination Period with an Employers Group Health Plan	\N	\N	\N	metaLabel:mediSecESRDBMCPEGHP	\N	\N	\N	\N	\N	f
Medicare Secondary, No-fault Insurance including Auto is Primary	\N	\N	\N	metaLabel:mediSecNFIAP	\N	\N	\N	\N	\N	f
Medicare Secondary Workers Compensation	\N	\N	\N	metaLabel:mediSecWC	\N	\N	\N	\N	\N	f
Medicare Secondary Black Lung	\N	\N	\N	metaLabel:mediSecBL	\N	\N	\N	\N	\N	f
Medicare Secondary Veterans Administration	\N	\N	\N	metaLabel:mediSecVA	\N	\N	\N	\N	\N	f
Medicare Secondary Disabled Beneficiary Under Age 65 with Large Group Health Plan (LGHP)	\N	\N	\N	metaLabel:mediSecDBUA65LGHP	\N	\N	\N	\N	\N	f
Medicare Secondary, Other Liability Insurance is Primary	\N	\N	\N	metaLabel:mediSecOLIP	\N	\N	\N	\N	\N	f
Primary	\N	\N	\N	metaLabel:primary	\N	\N	\N	\N	\N	f
Secondary	\N	\N	\N	metaLabel:secondary	\N	\N	\N	\N	\N	f
Tertiary	\N	\N	\N	metaLabel:tertiary	\N	\N	\N	\N	\N	f
Fourth	\N	\N	\N	metaLabel:forth	\N	\N	\N	\N	\N	f
Fifth	\N	\N	\N	metaLabel:fifth	\N	\N	\N	\N	\N	f
Sixth	\N	\N	\N	metaLabel:sixth	\N	\N	\N	\N	\N	f
Seventh	\N	\N	\N	metaLabel:seventh	\N	\N	\N	\N	\N	f
Eighth	\N	\N	\N	metaLabel:eighth	\N	\N	\N	\N	\N	f
Self	\N	\N	\N	metaLabel:self	\N	\N	\N	\N	\N	f
Organ Donor	\N	\N	\N	metaLabel:organDonor	\N	\N	\N	\N	\N	f
Cadaver Donor	\N	\N	\N	metaLabel:cadaverDonor	\N	\N	\N	\N	\N	f
Appropriate Release of Info on File at Health Care Service Provider	\N	\N	\N	metaLabel:roiOnfileAtHCSP	\N	\N	\N	\N	\N	f
Informed Consent to Release Medical Info for Conditions or Diagnosis Regulated by Federal Statutes	\N	\N	\N	metaLabel:roiOnDiagnosis	\N	\N	\N	\N	\N	f
Provider has Limited or Restricted Ability to Release Data Related to Claim	\N	\N	\N	metaLabel:roiOnClaim	\N	\N	\N	\N	\N	f
On file at Payer or at Plan Sponsor	\N	\N	\N	metaLabel:roiOnPlan	\N	\N	\N	\N	\N	f
Yes, Provider has a signed statement permitting release of medical billing data related to claim	\N	\N	\N	metaLabel:roiOnBilling	\N	\N	\N	\N	\N	f
Active	\N	\N	\N	metaLabel:active	\N	\N	\N	\N	\N	f
None	\N	\N	\N	metaLabel:none	\N	\N	\N	\N	\N	f
Inactive	\N	\N	\N	metaLabel:inactive	\N	\N	\N	\N	\N	f
Pending	\N	\N	\N	metaLabel:pending	\N	\N	\N	\N	\N	f
Veteran	\N	\N	\N	metaLabel:veteran	\N	\N	\N	\N	\N	f
Mental Health	\N	\N	\N	metaLabel:mentalHealth	\N	\N	\N	\N	\N	f
Addiction	\N	\N	\N	metaLabel:addiction	\N	\N	\N	\N	\N	f
Business Address	\N	\N	\N	metaLabel:business	\N	\N	\N	\N	\N	f
Temporary Address	\N	\N	\N	metaLabel:temporary	\N	\N	\N	\N	\N	f
Bad Address	\N	\N	\N	metaLabel:badadd	\N	\N	\N	\N	\N	f
Bad Telephone Number	\N	\N	\N	metaLabel:badtele	\N	\N	\N	\N	\N	f
Other	\N	\N	\N	metaLabel:otherInsuranceComp	\N	\N	\N	\N	\N	f
Medicaid---MC	\N	\N	\N	metaLabel:medicaid	\N	\N	\N	\N	\N	f
Medicare	\N	\N	\N	metaLabel:medicare	\N	\N	\N	\N	\N	f
Eye Surgery	\N	\N	\N	metaLabel:eyeSurgery	\N	\N	\N	\N	\N	f
Surgery	\N	\N	\N	metaLabel:surgery	\N	\N	\N	\N	\N	f
All	\N	\N	\N	metaLabel:all	\N	\N	\N	\N	\N	f
Approved	\N	\N	\N	metaLabel:approved	\N	\N	\N	\N	\N	f
Pre-approval	\N	\N	\N	metaLabel:preApproval	\N	\N	\N	\N	\N	f
In Process	\N	\N	\N	metaLabel:inProcess	\N	\N	\N	\N	\N	f
Batched	\N	\N	\N	metaLabel:batched	\N	\N	\N	\N	\N	f
Closed	\N	\N	\N	metaLabel:closed	\N	\N	\N	\N	\N	f
Open	\N	\N	\N	metaLabel:open	\N	\N	\N	\N	\N	f
Resubmit	\N	\N	\N	metaLabel:resubmit	\N	\N	\N	\N	\N	f
Cascaded	\N	\N	\N	metaLabel:cascaded	\N	\N	\N	\N	\N	f
Retracted	\N	\N	\N	metaLabel:retracted	\N	\N	\N	\N	\N	f
Arrived	\N	\N	\N	metaLabel:arrived	\N	\N	\N	\N	\N	f
Scheduled	\N	\N	\N	metaLabel:scheduled	\N	\N	\N	\N	\N	f
Cancelled	\N	\N	\N	metaLabel:cancelled	\N	\N	\N	\N	\N	f
No Show	\N	\N	\N	metaLabel:noShow	\N	\N	\N	\N	\N	f
Waiting	\N	\N	\N	metaLabel:waiting	\N	\N	\N	\N	\N	f
Sunday	\N	\N	\N	metaLabel:Sunday	\N	\N	\N	\N	\N	f
Monday	\N	\N	\N	metaLabel:Monday	\N	\N	\N	\N	\N	f
Tuesday	\N	\N	\N	metaLabel:Tuesday	\N	\N	\N	\N	\N	f
Wednesday	\N	\N	\N	metaLabel:Wednesday	\N	\N	\N	\N	\N	f
Thursday	\N	\N	\N	metaLabel:Thursday	\N	\N	\N	\N	\N	f
Friday	\N	\N	\N	metaLabel:Friday	\N	\N	\N	\N	\N	f
Saturday	\N	\N	\N	metaLabel:Saturday	\N	\N	\N	\N	\N	f
Walk-in Intake	\N	\N	\N	metaLabel:walkInIntake	\N	\N	\N	\N	\N	f
Scheduled Visit	\N	\N	\N	metaLabel:scheduledVisit	\N	\N	\N	\N	\N	f
In-patient	\N	\N	\N	metaLabel:inPatient	\N	\N	\N	\N	\N	f
Out-patient	\N	\N	\N	metaLabel:outPatient	\N	\N	\N	\N	\N	f
Same Day Surgery	\N	\N	\N	metaLabel:sameDaySurgery	\N	\N	\N	\N	\N	f
Day-off	\N	\N	\N	metaLabel:dayoff	\N	\N	\N	\N	\N	f
Short Leave	\N	\N	\N	metaLabel:shortleave	\N	\N	\N	\N	\N	f
Holiday	\N	\N	\N	metaLabel:holiday	\N	\N	\N	\N	\N	f
Declined to specify	\N	\N	\N	metaLabel:declinedToSpecify	\N	\N	\N	\N	\N	f
Amylase	\N	\N	\N	metaLabel:amylase	\N	\N	\N	\N	\N	f
ANA	\N	\N	\N	metaLabel:ANA	\N	\N	\N	\N	\N	f
aPTT (PTT)	\N	\N	\N	metaLabel:aPTT	\N	\N	\N	\N	\N	f
A1C (Hemoglobin A1C or Glycohemoglobin)	\N	\N	\N	metaLabel:AIC	\N	\N	\N	\N	\N	f
BMP (Basic Metabolic Panel)	\N	\N	\N	metaLabel:BMP	\N	\N	\N	\N	\N	f
CBC (Complete Blood Count)	\N	\N	\N	metaLabel:CBC	\N	\N	\N	\N	\N	f
CMP (Comprehensive Metabolic Panel)	\N	\N	\N	metaLabel:CMP	\N	\N	\N	\N	\N	f
Electrolytes (Electrolyte Panel)	\N	\N	\N	metaLabel:electrolytes	\N	\N	\N	\N	\N	f
ESR (Sedimentation Rate)	\N	\N	\N	metaLabel:ESR	\N	\N	\N	\N	\N	f
Flu Tests	\N	\N	\N	metaLabel:flutests	\N	\N	\N	\N	\N	f
Glucose	\N	\N	\N	metaLabel:glucose	\N	\N	\N	\N	\N	f
HCG	\N	\N	\N	metaLabel:HCG	\N	\N	\N	\N	\N	f
HIV Antibody	\N	\N	\N	metaLabel:HIVAntibody	\N	\N	\N	\N	\N	f
Lipid Profile	\N	\N	\N	metaLabel:lipidProfile	\N	\N	\N	\N	\N	f
Liver Panel (Liver Function Panel)	\N	\N	\N	metaLabel:liverPanel	\N	\N	\N	\N	\N	f
Lyme Disease	\N	\N	\N	metaLabel:lymeDisease	\N	\N	\N	\N	\N	f
Microalbumin	\N	\N	\N	metaLabel:microalbumin	\N	\N	\N	\N	\N	f
Mono	\N	\N	\N	metaLabel:mono	\N	\N	\N	\N	\N	f
Pap Smear	\N	\N	\N	metaLabel:papSmear	\N	\N	\N	\N	\N	f
Blood	\N	\N	\N	metaLabel:blood	\N	\N	\N	\N	\N	f
Serum	\N	\N	\N	metaLabel:serum	\N	\N	\N	\N	\N	f
Plasma	\N	\N	\N	metaLabel:plasma	\N	\N	\N	\N	\N	f
Cerebrospinal fluid	\N	\N	\N	metaLabel:cerebrospinalFluid	\N	\N	\N	\N	\N	f
XYZ	\N	\N	\N	metaLabel:xyz	\N	\N	\N	\N	\N	f
mEq/L	\N	\N	\N	metaLabel:mEqL	\N	\N	\N	\N	\N	f
mg/dL	\N	\N	\N	metaLabel:mgdL	\N	\N	\N	\N	\N	f
Complete	\N	\N	\N	metaLabel:complete	\N	\N	\N	\N	\N	f
Incomplete	\N	\N	\N	metaLabel:inComplete	\N	\N	\N	\N	\N	f
Cancer	\N	\N	\N	metaLabel:cancer	\N	\N	\N	\N	\N	f
Heart Disease	\N	\N	\N	metaLabel:heartDisease	\N	\N	\N	\N	\N	f
Diabetes	\N	\N	\N	metaLabel:diabetes	\N	\N	\N	\N	\N	f
Stroke/TIA	\N	\N	\N	metaLabel:strokeTIA	\N	\N	\N	\N	\N	f
High Blood Pressure	\N	\N	\N	metaLabel:highBP	\N	\N	\N	\N	\N	f
High Cholesterol or Triglycerides	\N	\N	\N	metaLabel:highCholesterolOrTriglycerides	\N	\N	\N	\N	\N	f
Liver Disease	\N	\N	\N	metaLabel:liverDisease	\N	\N	\N	\N	\N	f
Alcohol or Drug Abuse	\N	\N	\N	metaLabel:alcoholOrDrugAbuse	\N	\N	\N	\N	\N	f
Anxiety, Depression, or Psychiatric Illness	\N	\N	\N	metaLabel:anxietyEtc	\N	\N	\N	\N	\N	f
Tuberculosis	\N	\N	\N	metaLabel:tuberculosis	\N	\N	\N	\N	\N	f
Anesthesia Complications	\N	\N	\N	metaLabel:anesthesiaComplications	\N	\N	\N	\N	\N	f
Genetic Disorder	\N	\N	\N	metaLabel:geneticDisorder	\N	\N	\N	\N	\N	f
Alive	\N	\N	\N	metaLabel:alive	\N	\N	\N	\N	\N	f
Deceased	\N	\N	\N	metaLabel:deceased	\N	\N	\N	\N	\N	f
No	\N	\N	\N	metaLabel:no	\N	\N	\N	\N	\N	f
Yes	\N	\N	\N	metaLabel:yes	\N	\N	\N	\N	\N	f
Daily	\N	\N	\N	metaLabel:daily	\N	\N	\N	\N	\N	f
Weekly	\N	\N	\N	metaLabel:weekly	\N	\N	\N	\N	\N	f
Monthly	\N	\N	\N	metaLabel:monthly	\N	\N	\N	\N	\N	f
Yearly	\N	\N	\N	metaLabel:yearly	\N	\N	\N	\N	\N	f
Every Weekday	\N	\N	\N	metaLabel:everyWeekday	\N	\N	\N	\N	\N	f
Wiley	\N	\N	\N	metaLabel:wiley	\N	\N	\N	\N	\N	f
Custom	\N	\N	\N	metaLabel:custom	\N	\N	\N	\N	\N	f
Form	\N	\N	\N	metaLabel:form	\N	\N	\N	\N	\N	f
Category	\N	\N	\N	metaLabel:category	\N	\N	\N	\N	\N	f
Answer	\N	\N	\N	metaLabel:answer	\N	\N	\N	\N	\N	f
Never	\N	\N	\N	metaLabel:never	\N	\N	\N	\N	\N	f
After Occurences	\N	\N	\N	metaLabel:afterOccurences	\N	\N	\N	\N	\N	f
On	\N	\N	\N	metaLabel:on	\N	\N	\N	\N	\N	f
Afar	\N	\N	\N	metaLabel:aar	\N	\N	\N	\N	\N	f
Abkhazian	\N	\N	\N	metaLabel:abk	\N	\N	\N	\N	\N	f
Afrikaans	\N	\N	\N	metaLabel:afr	\N	\N	\N	\N	\N	f
Akan	\N	\N	\N	metaLabel:aka	\N	\N	\N	\N	\N	f
Albanian	\N	\N	\N	metaLabel:sqi	\N	\N	\N	\N	\N	f
Amharic	\N	\N	\N	metaLabel:amh	\N	\N	\N	\N	\N	f
Arabic	\N	\N	\N	metaLabel:ara	\N	\N	\N	\N	\N	f
Aragonese	\N	\N	\N	metaLabel:arg	\N	\N	\N	\N	\N	f
Armenian	\N	\N	\N	metaLabel:hye	\N	\N	\N	\N	\N	f
Assamese	\N	\N	\N	metaLabel:asm	\N	\N	\N	\N	\N	f
Avaric	\N	\N	\N	metaLabel:ava	\N	\N	\N	\N	\N	f
Avestan	\N	\N	\N	metaLabel:ave	\N	\N	\N	\N	\N	f
Aymara	\N	\N	\N	metaLabel:aym	\N	\N	\N	\N	\N	f
Azerbaijani	\N	\N	\N	metaLabel:aze	\N	\N	\N	\N	\N	f
Bashkir	\N	\N	\N	metaLabel:bak	\N	\N	\N	\N	\N	f
Bambara	\N	\N	\N	metaLabel:bam	\N	\N	\N	\N	\N	f
Basque	\N	\N	\N	metaLabel:eus	\N	\N	\N	\N	\N	f
Belarusian	\N	\N	\N	metaLabel:bel	\N	\N	\N	\N	\N	f
Bengali	\N	\N	\N	metaLabel:ben	\N	\N	\N	\N	\N	f
Bihari languages	\N	\N	\N	metaLabel:bih	\N	\N	\N	\N	\N	f
Bislama	\N	\N	\N	metaLabel:bis	\N	\N	\N	\N	\N	f
Bosnian	\N	\N	\N	metaLabel:bos	\N	\N	\N	\N	\N	f
Breton	\N	\N	\N	metaLabel:bre	\N	\N	\N	\N	\N	f
Bulgarian	\N	\N	\N	metaLabel:bul	\N	\N	\N	\N	\N	f
Burmese	\N	\N	\N	metaLabel:mya	\N	\N	\N	\N	\N	f
Catalan,Valencian	\N	\N	\N	metaLabel:cat	\N	\N	\N	\N	\N	f
Chamorro	\N	\N	\N	metaLabel:cha	\N	\N	\N	\N	\N	f
Chechen	\N	\N	\N	metaLabel:che	\N	\N	\N	\N	\N	f
Chinese	\N	\N	\N	metaLabel:zho	\N	\N	\N	\N	\N	f
Church Slavic,Old Slavonic,Church Slavonic,Old Bulgarian,Old Church Slavonic	\N	\N	\N	metaLabel:chu	\N	\N	\N	\N	\N	f
Chuvash	\N	\N	\N	metaLabel:chv	\N	\N	\N	\N	\N	f
Cornish	\N	\N	\N	metaLabel:cor	\N	\N	\N	\N	\N	f
Corsican	\N	\N	\N	metaLabel:cos	\N	\N	\N	\N	\N	f
Cree	\N	\N	\N	metaLabel:cre	\N	\N	\N	\N	\N	f
Czech	\N	\N	\N	metaLabel:ces	\N	\N	\N	\N	\N	f
Danish	\N	\N	\N	metaLabel:dan	\N	\N	\N	\N	\N	f
Divehi,Dhivehi,Maldivian	\N	\N	\N	metaLabel:div	\N	\N	\N	\N	\N	f
Dutch,Flemish	\N	\N	\N	metaLabel:nld	\N	\N	\N	\N	\N	f
Dzongkha	\N	\N	\N	metaLabel:dzo	\N	\N	\N	\N	\N	f
English	\N	\N	\N	metaLabel:eng	\N	\N	\N	\N	\N	f
Exclusive Provider Organization (EPO)---14	\N	\N	\N	metaLabel:epo	\N	\N	\N	\N	\N	f
Estonian	\N	\N	\N	metaLabel:est	\N	\N	\N	\N	\N	f
Ewe	\N	\N	\N	metaLabel:ewe	\N	\N	\N	\N	\N	f
Faroese	\N	\N	\N	metaLabel:fao	\N	\N	\N	\N	\N	f
Fijian	\N	\N	\N	metaLabel:fij	\N	\N	\N	\N	\N	f
Finnish	\N	\N	\N	metaLabel:fin	\N	\N	\N	\N	\N	f
French	\N	\N	\N	metaLabel:fra	\N	\N	\N	\N	\N	f
Western Frisian	\N	\N	\N	metaLabel:fry	\N	\N	\N	\N	\N	f
Fulah	\N	\N	\N	metaLabel:ful	\N	\N	\N	\N	\N	f
Georgian	\N	\N	\N	metaLabel:kat	\N	\N	\N	\N	\N	f
German	\N	\N	\N	metaLabel:deu	\N	\N	\N	\N	\N	f
Gaelic,Scottish Gaelic	\N	\N	\N	metaLabel:gla	\N	\N	\N	\N	\N	f
Irish	\N	\N	\N	metaLabel:gle	\N	\N	\N	\N	\N	f
Galician	\N	\N	\N	metaLabel:glg	\N	\N	\N	\N	\N	f
Manx	\N	\N	\N	metaLabel:glv	\N	\N	\N	\N	\N	f
Greek, Modern (1453-)	\N	\N	\N	metaLabel:ell	\N	\N	\N	\N	\N	f
Guarani	\N	\N	\N	metaLabel:grn	\N	\N	\N	\N	\N	f
Gujarati	\N	\N	\N	metaLabel:guj	\N	\N	\N	\N	\N	f
Haitian,Haitian Creole	\N	\N	\N	metaLabel:hat	\N	\N	\N	\N	\N	f
Hausa	\N	\N	\N	metaLabel:hau	\N	\N	\N	\N	\N	f
Hebrew	\N	\N	\N	metaLabel:heb	\N	\N	\N	\N	\N	f
Herero	\N	\N	\N	metaLabel:her	\N	\N	\N	\N	\N	f
Hindi	\N	\N	\N	metaLabel:hin	\N	\N	\N	\N	\N	f
Health Maintenance Organization (HMO) Medicare Risk---16	\N	\N	\N	metaLabel:hmo	\N	\N	\N	\N	\N	f
Croatian	\N	\N	\N	metaLabel:hrv	\N	\N	\N	\N	\N	f
Hungarian	\N	\N	\N	metaLabel:hun	\N	\N	\N	\N	\N	f
Igbo	\N	\N	\N	metaLabel:ibo	\N	\N	\N	\N	\N	f
Icelandic	\N	\N	\N	metaLabel:isl	\N	\N	\N	\N	\N	f
IDo	\N	\N	\N	metaLabel:ido	\N	\N	\N	\N	\N	f
Sichuan Yi,Nuosu	\N	\N	\N	metaLabel:iii	\N	\N	\N	\N	\N	f
Inuktitut	\N	\N	\N	metaLabel:iku	\N	\N	\N	\N	\N	f
Interlingue,Occidental	\N	\N	\N	metaLabel:ile	\N	\N	\N	\N	\N	f
Interlingua (International Auxiliary Language Association)	\N	\N	\N	metaLabel:ina	\N	\N	\N	\N	\N	f
Indonesian	\N	\N	\N	metaLabel:ind	\N	\N	\N	\N	\N	f
Inupiaq	\N	\N	\N	metaLabel:ipk	\N	\N	\N	\N	\N	f
Italian	\N	\N	\N	metaLabel:ita	\N	\N	\N	\N	\N	f
Javanese	\N	\N	\N	metaLabel:jav	\N	\N	\N	\N	\N	f
Japanese	\N	\N	\N	metaLabel:jpn	\N	\N	\N	\N	\N	f
Kalaallisut,Greenlandic	\N	\N	\N	metaLabel:kal	\N	\N	\N	\N	\N	f
Kannada	\N	\N	\N	metaLabel:kan	\N	\N	\N	\N	\N	f
Kashmiri	\N	\N	\N	metaLabel:kas	\N	\N	\N	\N	\N	f
Kanuri	\N	\N	\N	metaLabel:kau	\N	\N	\N	\N	\N	f
Kazakh	\N	\N	\N	metaLabel:kaz	\N	\N	\N	\N	\N	f
Central Khmer	\N	\N	\N	metaLabel:khm	\N	\N	\N	\N	\N	f
Kikuyu,Gikuyu	\N	\N	\N	metaLabel:kik	\N	\N	\N	\N	\N	f
Kinyarwanda	\N	\N	\N	metaLabel:kin	\N	\N	\N	\N	\N	f
Kirghiz,Kyrgyz	\N	\N	\N	metaLabel:kir	\N	\N	\N	\N	\N	f
Komi	\N	\N	\N	metaLabel:kom	\N	\N	\N	\N	\N	f
Kongo	\N	\N	\N	metaLabel:kon	\N	\N	\N	\N	\N	f
Korean	\N	\N	\N	metaLabel:kor	\N	\N	\N	\N	\N	f
Kuanyama,Kwanyama	\N	\N	\N	metaLabel:kua	\N	\N	\N	\N	\N	f
Kurdish	\N	\N	\N	metaLabel:kur	\N	\N	\N	\N	\N	f
Lao	\N	\N	\N	metaLabel:lao	\N	\N	\N	\N	\N	f
Latin	\N	\N	\N	metaLabel:lat	\N	\N	\N	\N	\N	f
Latvian	\N	\N	\N	metaLabel:lav	\N	\N	\N	\N	\N	f
Limburgan,Limburger,Limburgish	\N	\N	\N	metaLabel:lim	\N	\N	\N	\N	\N	f
Lingala	\N	\N	\N	metaLabel:lin	\N	\N	\N	\N	\N	f
Lithuanian	\N	\N	\N	metaLabel:lit	\N	\N	\N	\N	\N	f
Luxembourgish, Letzeburgesch	\N	\N	\N	metaLabel:ltz	\N	\N	\N	\N	\N	f
Luba-Katanga	\N	\N	\N	metaLabel:lub	\N	\N	\N	\N	\N	f
Ganda	\N	\N	\N	metaLabel:lug	\N	\N	\N	\N	\N	f
Macedonian	\N	\N	\N	metaLabel:mkd	\N	\N	\N	\N	\N	f
Marshallese	\N	\N	\N	metaLabel:mah	\N	\N	\N	\N	\N	f
Malayalam	\N	\N	\N	metaLabel:mal	\N	\N	\N	\N	\N	f
Maori	\N	\N	\N	metaLabel:mri	\N	\N	\N	\N	\N	f
Marathi	\N	\N	\N	metaLabel:mar	\N	\N	\N	\N	\N	f
Malay	\N	\N	\N	metaLabel:msa	\N	\N	\N	\N	\N	f
Malagasy	\N	\N	\N	metaLabel:mlg	\N	\N	\N	\N	\N	f
Maltese	\N	\N	\N	metaLabel:mlt	\N	\N	\N	\N	\N	f
Mongolian	\N	\N	\N	metaLabel:mon	\N	\N	\N	\N	\N	f
Nauru	\N	\N	\N	metaLabel:nau	\N	\N	\N	\N	\N	f
Navajo,Navaho	\N	\N	\N	metaLabel:nav	\N	\N	\N	\N	\N	f
Ndebele, South,South Ndebele	\N	\N	\N	metaLabel:nbl	\N	\N	\N	\N	\N	f
Ndebele, North,North Ndebele	\N	\N	\N	metaLabel:nde	\N	\N	\N	\N	\N	f
Ndonga	\N	\N	\N	metaLabel:ndo	\N	\N	\N	\N	\N	f
Nepali	\N	\N	\N	metaLabel:nep	\N	\N	\N	\N	\N	f
Norwegian Nynorsk,Nynorsk, Norwegian	\N	\N	\N	metaLabel:nno	\N	\N	\N	\N	\N	f
Bokml, Norwegian,Norwegian Bokml	\N	\N	\N	metaLabel:nob	\N	\N	\N	\N	\N	f
Norwegian	\N	\N	\N	metaLabel:nor	\N	\N	\N	\N	\N	f
Chichewa,Chewa,Nyanja	\N	\N	\N	metaLabel:nya	\N	\N	\N	\N	\N	f
Occitan (post 1500)	\N	\N	\N	metaLabel:oci	\N	\N	\N	\N	\N	f
Ojibwa	\N	\N	\N	metaLabel:oji	\N	\N	\N	\N	\N	f
Oriya	\N	\N	\N	metaLabel:ori	\N	\N	\N	\N	\N	f
Oromo	\N	\N	\N	metaLabel:orm	\N	\N	\N	\N	\N	f
Ossetian,Ossetic	\N	\N	\N	metaLabel:oss	\N	\N	\N	\N	\N	f
Panjabi,Punjabi	\N	\N	\N	metaLabel:pan	\N	\N	\N	\N	\N	f
Persian	\N	\N	\N	metaLabel:fas	\N	\N	\N	\N	\N	f
Pali	\N	\N	\N	metaLabel:pli	\N	\N	\N	\N	\N	f
Polish	\N	\N	\N	metaLabel:pol	\N	\N	\N	\N	\N	f
Portuguese	\N	\N	\N	metaLabel:por	\N	\N	\N	\N	\N	f
Pushto,Pashto	\N	\N	\N	metaLabel:pus	\N	\N	\N	\N	\N	f
Quechua	\N	\N	\N	metaLabel:que	\N	\N	\N	\N	\N	f
Romansh	\N	\N	\N	metaLabel:roh	\N	\N	\N	\N	\N	f
Romanian,Moldavian,Moldovan	\N	\N	\N	metaLabel:ron	\N	\N	\N	\N	\N	f
Rundi	\N	\N	\N	metaLabel:run	\N	\N	\N	\N	\N	f
Russian	\N	\N	\N	metaLabel:rus	\N	\N	\N	\N	\N	f
Sango	\N	\N	\N	metaLabel:sag	\N	\N	\N	\N	\N	f
Sanskrit	\N	\N	\N	metaLabel:san	\N	\N	\N	\N	\N	f
Sinhala,Sinhalese	\N	\N	\N	metaLabel:sin	\N	\N	\N	\N	\N	f
Slovak	\N	\N	\N	metaLabel:slk	\N	\N	\N	\N	\N	f
Slovenian	\N	\N	\N	metaLabel:slv	\N	\N	\N	\N	\N	f
Northern Sami	\N	\N	\N	metaLabel:sme	\N	\N	\N	\N	\N	f
Samoan	\N	\N	\N	metaLabel:smo	\N	\N	\N	\N	\N	f
Shona	\N	\N	\N	metaLabel:sna	\N	\N	\N	\N	\N	f
Sindhi	\N	\N	\N	metaLabel:snd	\N	\N	\N	\N	\N	f
Somali	\N	\N	\N	metaLabel:som	\N	\N	\N	\N	\N	f
Sotho, Southern	\N	\N	\N	metaLabel:sot	\N	\N	\N	\N	\N	f
Spanish,Castilian	\N	\N	\N	metaLabel:spa	\N	\N	\N	\N	\N	f
Sardinian	\N	\N	\N	metaLabel:srd	\N	\N	\N	\N	\N	f
Serbian	\N	\N	\N	metaLabel:srp	\N	\N	\N	\N	\N	f
Swati	\N	\N	\N	metaLabel:ssw	\N	\N	\N	\N	\N	f
Sundanese	\N	\N	\N	metaLabel:sun	\N	\N	\N	\N	\N	f
Swahili	\N	\N	\N	metaLabel:swa	\N	\N	\N	\N	\N	f
Swedish	\N	\N	\N	metaLabel:swe	\N	\N	\N	\N	\N	f
Tahitian	\N	\N	\N	metaLabel:tah	\N	\N	\N	\N	\N	f
Tamil	\N	\N	\N	metaLabel:tam	\N	\N	\N	\N	\N	f
Tatar	\N	\N	\N	metaLabel:tat	\N	\N	\N	\N	\N	f
Telugu	\N	\N	\N	metaLabel:tel	\N	\N	\N	\N	\N	f
Tajik	\N	\N	\N	metaLabel:tgk	\N	\N	\N	\N	\N	f
Tagalog	\N	\N	\N	metaLabel:tgl	\N	\N	\N	\N	\N	f
Thai	\N	\N	\N	metaLabel:tha	\N	\N	\N	\N	\N	f
Tibetan	\N	\N	\N	metaLabel:bod	\N	\N	\N	\N	\N	f
Tigrinya	\N	\N	\N	metaLabel:tir	\N	\N	\N	\N	\N	f
Tonga (Tonga Islands)	\N	\N	\N	metaLabel:ton	\N	\N	\N	\N	\N	f
Tswana	\N	\N	\N	metaLabel:tsn	\N	\N	\N	\N	\N	f
Tsonga	\N	\N	\N	metaLabel:tso	\N	\N	\N	\N	\N	f
Turkmen	\N	\N	\N	metaLabel:tuk	\N	\N	\N	\N	\N	f
Turkish	\N	\N	\N	metaLabel:tur	\N	\N	\N	\N	\N	f
Twi	\N	\N	\N	metaLabel:twi	\N	\N	\N	\N	\N	f
Uighur,Uyghur	\N	\N	\N	metaLabel:uig	\N	\N	\N	\N	\N	f
Ukrainian	\N	\N	\N	metaLabel:ukr	\N	\N	\N	\N	\N	f
Urdu	\N	\N	\N	metaLabel:urd	\N	\N	\N	\N	\N	f
Uzbek	\N	\N	\N	metaLabel:uzb	\N	\N	\N	\N	\N	f
Venda	\N	\N	\N	metaLabel:ven	\N	\N	\N	\N	\N	f
Vietnamese	\N	\N	\N	metaLabel:vie	\N	\N	\N	\N	\N	f
Volapk	\N	\N	\N	metaLabel:vol	\N	\N	\N	\N	\N	f
Welsh	\N	\N	\N	metaLabel:cym	\N	\N	\N	\N	\N	f
Walloon	\N	\N	\N	metaLabel:wln	\N	\N	\N	\N	\N	f
Wolof	\N	\N	\N	metaLabel:wol	\N	\N	\N	\N	\N	f
Xhosa	\N	\N	\N	metaLabel:xho	\N	\N	\N	\N	\N	f
Yiddish	\N	\N	\N	metaLabel:yid	\N	\N	\N	\N	\N	f
Yoruba	\N	\N	\N	metaLabel:yor	\N	\N	\N	\N	\N	f
Zhuang,Chuang	\N	\N	\N	metaLabel:zha	\N	\N	\N	\N	\N	f
Zulu	\N	\N	\N	metaLabel:zul	\N	\N	\N	\N	\N	f
Declined to provide	\N	\N	\N	metaLabel:declinedToProvide	\N	\N	\N	\N	\N	f
Owns home	\N	\N	\N	metaLabel:ownsHome	\N	\N	\N	\N	\N	f
Rents home	\N	\N	\N	metaLabel:rentsHome	\N	\N	\N	\N	\N	f
Lives with roommates	\N	\N	\N	metaLabel:livesWithRoommates	\N	\N	\N	\N	\N	f
Lives with family	\N	\N	\N	metaLabel:livesWithFamily	\N	\N	\N	\N	\N	f
Day of Month	\N	\N	\N	metaLabel:dayOfMonth	\N	\N	\N	\N	\N	f
Day of Week	\N	\N	\N	metaLabel:monthlyDayOfWeek	\N	\N	\N	\N	\N	f
Hospital	\N	\N	\N	metaLabel:hospital	\N	\N	\N	\N	\N	f
Driver License	\N	\N	\N	metaLabel:driverLicence	\N	\N	\N	\N	\N	f
Passport Number	\N	\N	\N	metaLabel:passportNumber	\N	\N	\N	\N	\N	f
Any Patients	\N	\N	\N	metaLabel:anyPatients	\N	\N	\N	\N	\N	f
Any Providers	\N	\N	\N	metaLabel:anyProviders	\N	\N	\N	\N	\N	f
Specific Patients	\N	\N	\N	metaLabel:specificPatients	\N	\N	\N	\N	\N	f
Specific Providers	\N	\N	\N	metaLabel:specificProviders	\N	\N	\N	\N	\N	f
Program	\N	\N	\N	metaLabel:program	\N	\N	\N	\N	\N	f
Patient	\N	\N	\N	metaLabel:patient	\N	\N	\N	\N	\N	f
Lab	\N	\N	\N	metaLabel:lab	\N	\N	\N	\N	\N	f
Radiology	\N	\N	\N	metaLabel:radiology	\N	\N	\N	\N	\N	f
Adoptive father	\N	\N	\N	metaLabel:adoptive father	\N	\N	\N	\N	\N	f
Adoptive mother	\N	\N	\N	metaLabel:adoptive mother	\N	\N	\N	\N	\N	f
Adoptive parent	\N	\N	\N	metaLabel:adoptive parent	\N	\N	\N	\N	\N	f
Aunt	\N	\N	\N	metaLabel:aunt	\N	\N	\N	\N	\N	f
Brother	\N	\N	\N	metaLabel:brother	\N	\N	\N	\N	\N	f
Brother-in-law	\N	\N	\N	metaLabel:brother-in-law	\N	\N	\N	\N	\N	f
Adopted child	\N	\N	\N	metaLabel:adopted child	\N	\N	\N	\N	\N	f
Foster child	\N	\N	\N	metaLabel:foster child	\N	\N	\N	\N	\N	f
Child-in-law	\N	\N	\N	metaLabel:child-in-law	\N	\N	\N	\N	\N	f
Cousin	\N	\N	\N	metaLabel:cousin	\N	\N	\N	\N	\N	f
Natural daughter	\N	\N	\N	metaLabel:natural daughter	\N	\N	\N	\N	\N	f
Adopted daughter	\N	\N	\N	metaLabel:adopted daughter	\N	\N	\N	\N	\N	f
Daughter	\N	\N	\N	metaLabel:daughter	\N	\N	\N	\N	\N	f
Foster daughter	\N	\N	\N	metaLabel:foster daughter	\N	\N	\N	\N	\N	f
Daughter-in-law	\N	\N	\N	metaLabel:daughter in-law	\N	\N	\N	\N	\N	f
Domestic partner	\N	\N	\N	metaLabel:domestic partner	\N	\N	\N	\N	\N	f
Extended family member	\N	\N	\N	metaLabel:extended family member	\N	\N	\N	\N	\N	f
Family member	\N	\N	\N	metaLabel:family member	\N	\N	\N	\N	\N	f
Father	\N	\N	\N	metaLabel:father	\N	\N	\N	\N	\N	f
Foster father	\N	\N	\N	metaLabel:foster father	\N	\N	\N	\N	\N	f
Father-in-law	\N	\N	\N	metaLabel:father-in-law	\N	\N	\N	\N	\N	f
Fraternal twin	\N	\N	\N	metaLabel:fraternal twin	\N	\N	\N	\N	\N	f
Fraternal twin brother	\N	\N	\N	metaLabel:fraternal twin brother	\N	\N	\N	\N	\N	f
Fraternal twin sister	\N	\N	\N	metaLabel:fraternal twin sister	\N	\N	\N	\N	\N	f
Gestational mother	\N	\N	\N	metaLabel:gestational mother	\N	\N	\N	\N	\N	f
Great grandfather	\N	\N	\N	metaLabel:great grandfather	\N	\N	\N	\N	\N	f
Great grandmother	\N	\N	\N	metaLabel:great grandmother	\N	\N	\N	\N	\N	f
Great grandparent	\N	\N	\N	metaLabel:great grandparent	\N	\N	\N	\N	\N	f
Grandfather	\N	\N	\N	metaLabel:grandfather	\N	\N	\N	\N	\N	f
Grandmother	\N	\N	\N	metaLabel:grandmother	\N	\N	\N	\N	\N	f
Grandchild	\N	\N	\N	metaLabel:grandchild	\N	\N	\N	\N	\N	f
Granddaughter	\N	\N	\N	metaLabel:granddaughter	\N	\N	\N	\N	\N	f
Grandson	\N	\N	\N	metaLabel:grandson	\N	\N	\N	\N	\N	f
Grandparent	\N	\N	\N	metaLabel:grandparent	\N	\N	\N	\N	\N	f
Half-brother	\N	\N	\N	metaLabel:half-brother	\N	\N	\N	\N	\N	f
Half-sibling	\N	\N	\N	metaLabel:half-sibling	\N	\N	\N	\N	\N	f
Half-sister	\N	\N	\N	metaLabel:half-sister	\N	\N	\N	\N	\N	f
Husband	\N	\N	\N	metaLabel:husband	\N	\N	\N	\N	\N	f
In-law	\N	\N	\N	metaLabel:inlaw	\N	\N	\N	\N	\N	f
Identical twin	\N	\N	\N	metaLabel:identical twin	\N	\N	\N	\N	\N	f
Merged	\N	\N	\N	metaLabel:merged	\N	\N	\N	\N	\N	f
Identical twin brother	\N	\N	\N	metaLabel:identical twin brother	\N	\N	\N	\N	\N	f
Identical twin sister	\N	\N	\N	metaLabel:identical twin sister	\N	\N	\N	\N	\N	f
Maternal aunt	\N	\N	\N	metaLabel:maternal aunt	\N	\N	\N	\N	\N	f
Maternal cousin	\N	\N	\N	metaLabel:maternal cousin	\N	\N	\N	\N	\N	f
Maternal great-grandfather	\N	\N	\N	metaLabel:maternal great-grandfather	\N	\N	\N	\N	\N	f
Maternal great-grandmother	\N	\N	\N	metaLabel:maternal great-grandmother	\N	\N	\N	\N	\N	f
Maternal great-grandparent	\N	\N	\N	metaLabel:maternal great-grandparent	\N	\N	\N	\N	\N	f
Maternal grandfather	\N	\N	\N	metaLabel:maternal grandfather	\N	\N	\N	\N	\N	f
Maternal grandmother	\N	\N	\N	metaLabel:maternal grandmother	\N	\N	\N	\N	\N	f
Maternal grandparent	\N	\N	\N	metaLabel:maternal grandparent	\N	\N	\N	\N	\N	f
Mother	\N	\N	\N	metaLabel:mother	\N	\N	\N	\N	\N	f
Foster mother	\N	\N	\N	metaLabel:foster mother	\N	\N	\N	\N	\N	f
Mother-in-law	\N	\N	\N	metaLabel:mother-in-law	\N	\N	\N	\N	\N	f
Maternal uncle	\N	\N	\N	metaLabel:maternal uncle	\N	\N	\N	\N	\N	f
Natural brother	\N	\N	\N	metaLabel:natural brother	\N	\N	\N	\N	\N	f
Natural child	\N	\N	\N	metaLabel:natural child	\N	\N	\N	\N	\N	f
Nephew	\N	\N	\N	metaLabel:nephew	\N	\N	\N	\N	\N	f
Natural father	\N	\N	\N	metaLabel:natural father	\N	\N	\N	\N	\N	f
Natural father of fetus	\N	\N	\N	metaLabel:natural father of fetus	\N	\N	\N	\N	\N	f
Niece	\N	\N	\N	metaLabel:niece	\N	\N	\N	\N	\N	f
Niece/nephew	\N	\N	\N	metaLabel:niece/nephew	\N	\N	\N	\N	\N	f
Natural mother	\N	\N	\N	metaLabel:natural mother	\N	\N	\N	\N	\N	f
Natural mother of fetus	\N	\N	\N	metaLabel:natural mother of fetus	\N	\N	\N	\N	\N	f
Natural parent	\N	\N	\N	metaLabel:natural parent	\N	\N	\N	\N	\N	f
Natural sibling	\N	\N	\N	metaLabel:natural sibling	\N	\N	\N	\N	\N	f
Natural sister	\N	\N	\N	metaLabel:natural sister	\N	\N	\N	\N	\N	f
Paternal aunt	\N	\N	\N	metaLabel:paternal aunt	\N	\N	\N	\N	\N	f
Paternal cousin	\N	\N	\N	metaLabel:paternal cousin	\N	\N	\N	\N	\N	f
Paternal great-grandfather	\N	\N	\N	metaLabel:paternal great-grandfather	\N	\N	\N	\N	\N	f
Paternal great-grandmother	\N	\N	\N	metaLabel:paternal great-grandmother	\N	\N	\N	\N	\N	f
Paternal great-grandparent	\N	\N	\N	metaLabel:paternal great-grandparent	\N	\N	\N	\N	\N	f
Paternal grandfather	\N	\N	\N	metaLabel:paternal grandfather	\N	\N	\N	\N	\N	f
Paternal grandmother	\N	\N	\N	metaLabel:paternal grandmother	\N	\N	\N	\N	\N	f
Paternal grandparent	\N	\N	\N	metaLabel:paternal grandparent	\N	\N	\N	\N	\N	f
Parent	\N	\N	\N	metaLabel:parent	\N	\N	\N	\N	\N	f
Foster parent	\N	\N	\N	metaLabel:foster parent	\N	\N	\N	\N	\N	f
Parent in-law	\N	\N	\N	metaLabel:parent in-law	\N	\N	\N	\N	\N	f
Paternal uncle	\N	\N	\N	metaLabel:paternal uncle	\N	\N	\N	\N	\N	f
Sibling	\N	\N	\N	metaLabel:sibling	\N	\N	\N	\N	\N	f
Sibling-in-law	\N	\N	\N	metaLabel:sibling in-law	\N	\N	\N	\N	\N	f
Significant other	\N	\N	\N	metaLabel:significant other	\N	\N	\N	\N	\N	f
Sister	\N	\N	\N	metaLabel:sister	\N	\N	\N	\N	\N	f
Sister-in-law	\N	\N	\N	metaLabel:sister-in-law	\N	\N	\N	\N	\N	f
Natural son	\N	\N	\N	metaLabel:natural son	\N	\N	\N	\N	\N	f
Adopted son	\N	\N	\N	metaLabel:adopted son	\N	\N	\N	\N	\N	f
Son	\N	\N	\N	metaLabel:son	\N	\N	\N	\N	\N	f
Foster son	\N	\N	\N	metaLabel:foster son	\N	\N	\N	\N	\N	f
Son-in-law	\N	\N	\N	metaLabel:son in-law	\N	\N	\N	\N	\N	f
Stepbrother	\N	\N	\N	metaLabel:stepbrother	\N	\N	\N	\N	\N	f
Stepchild	\N	\N	\N	metaLabel:step child	\N	\N	\N	\N	\N	f
Stepdaughter	\N	\N	\N	metaLabel:stepdaughter	\N	\N	\N	\N	\N	f
Stepfather	\N	\N	\N	metaLabel:stepfather	\N	\N	\N	\N	\N	f
Stepmother	\N	\N	\N	metaLabel:stepmother	\N	\N	\N	\N	\N	f
Stepparent	\N	\N	\N	metaLabel:step parent	\N	\N	\N	\N	\N	f
Stepsibling	\N	\N	\N	metaLabel:step sibling	\N	\N	\N	\N	\N	f
Stepsister	\N	\N	\N	metaLabel:stepsister	\N	\N	\N	\N	\N	f
Stepson	\N	\N	\N	metaLabel:stepson	\N	\N	\N	\N	\N	f
Twin	\N	\N	\N	metaLabel:twin	\N	\N	\N	\N	\N	f
Twin brother	\N	\N	\N	metaLabel:twin brother	\N	\N	\N	\N	\N	f
Twin sister	\N	\N	\N	metaLabel:twin sister	\N	\N	\N	\N	\N	f
Uncle	\N	\N	\N	metaLabel:uncle	\N	\N	\N	\N	\N	f
Wife	\N	\N	\N	metaLabel:wife	\N	\N	\N	\N	\N	f
Guardian	\N	\N	\N	metaLabel:guardian	\N	\N	\N	\N	\N	f
Rejected	\N	\N	\N	metaLabel:rejected	\N	\N	\N	\N	\N	f
Accepted	\N	\N	\N	metaLabel:accepted	\N	\N	\N	\N	\N	f
Medication	\N	\N	\N	metaLabel:medication	\N	\N	\N	\N	\N	f
Patient Diagnosis	\N	\N	\N	metaLabel:diagnosis	\N	\N	\N	\N	\N	f
Treatment Plan	\N	\N	\N	metaLabel:treatmentPlan	\N	\N	\N	\N	\N	f
Care Plan	\N	\N	\N	metaLabel:carePlan	\N	\N	\N	\N	\N	f
Recovery Plan	\N	\N	\N	metaLabel:recoveryPlan	\N	\N	\N	\N	\N	f
Answering Service	\N	\N	\N	metaLabel:answeringService	\N	\N	\N	\N	\N	f
Emergency Contact	\N	\N	\N	metaLabel:emergencyContact	\N	\N	\N	\N	\N	f
Mobile Contact	\N	\N	\N	metaLabel:mobileContact	\N	\N	\N	\N	\N	f
Pager	\N	\N	\N	metaLabel:pager	\N	\N	\N	\N	\N	f
Current User	\N	\N	\N	metaLabel:currentUser	\N	\N	\N	\N	\N	f
CCDA	\N	\N	\N	metaLabel:ccda	\N	\N	\N	\N	\N	f
CCD	\N	\N	\N	metaLabel:ccd	\N	\N	\N	\N	\N	f
CCR	\N	\N	\N	metaLabel:ccr	\N	\N	\N	\N	\N	f
CCDA-B2	\N	\N	\N	metaLabel:clinicaldocumentb2	\N	\N	\N	\N	\N	f
CCDA-B7	\N	\N	\N	metaLabel:clinicaldocumentb7	\N	\N	\N	\N	\N	f
CCDA-E1	\N	\N	\N	metaLabel:clinicaldocumente1	\N	\N	\N	\N	\N	f
CCDA-E2	\N	\N	\N	metaLabel:clinicaldocumente2	\N	\N	\N	\N	\N	f
CCDA-ALL	\N	\N	\N	metaLabel:clinicaldocumentall	\N	\N	\N	\N	\N	f
Resolved	\N	\N	\N	metaLabel:resolved	\N	\N	\N	\N	\N	f
Provider	\N	\N	\N	metaLabel:provider	\N	\N	\N	\N	\N	f
Organization	\N	\N	\N	metaLabel:organization	\N	\N	\N	\N	\N	f
Phone	\N	\N	\N	metaLabel:phone	\N	\N	\N	\N	\N	f
Email	\N	\N	\N	metaLabel:email	\N	\N	\N	\N	\N	f
Secure Message	\N	\N	\N	metaLabel:secureMessage	\N	\N	\N	\N	\N	f
Advanced Directives	\N	\N	\N	metaLabel:advancedDirectives	\N	\N	\N	\N	\N	f
Patient Allergies	\N	\N	\N	metaLabel:allergies	\N	\N	\N	\N	\N	f
Reason For Visit	\N	\N	\N	metaLabel:reasonForVisit	\N	\N	\N	\N	\N	f
Family History	\N	\N	\N	metaLabel:familyHistory	\N	\N	\N	\N	\N	f
Functional Status	\N	\N	\N	metaLabel:functionalStatus	\N	\N	\N	\N	\N	f
Patient Immunizations	\N	\N	\N	metaLabel:immunizations	\N	\N	\N	\N	\N	f
Instructions	\N	\N	\N	metaLabel:instructions	\N	\N	\N	\N	\N	f
Patient Medications	\N	\N	\N	metaLabel:medications	\N	\N	\N	\N	\N	f
Plan of Care	\N	\N	\N	metaLabel:planofCare	\N	\N	\N	\N	\N	f
Problems	\N	\N	\N	metaLabel:problems	\N	\N	\N	\N	\N	f
Procedures	\N	\N	\N	metaLabel:procedures	\N	\N	\N	\N	\N	f
Reason For Referral	\N	\N	\N	metaLabel:reasonForReferral	\N	\N	\N	\N	\N	f
Results	\N	\N	\N	metaLabel:results	\N	\N	\N	\N	\N	f
Social History	\N	\N	\N	metaLabel:socialHistory	\N	\N	\N	\N	\N	f
Vital Signs	\N	\N	\N	metaLabel:vitalSigns	\N	\N	\N	\N	\N	f
Encounters	\N	\N	\N	metaLabel:encounters	\N	\N	\N	\N	\N	f
Associate	\N	\N	\N	metaLabel:ASC	\N	\N	\N	\N	\N	f
Brother	\N	\N	\N	metaLabel:BRO	\N	\N	\N	\N	\N	f
Caregiver	\N	\N	\N	metaLabel:CGV	\N	\N	\N	\N	\N	f
Child	\N	\N	\N	metaLabel:CHD	\N	\N	\N	\N	\N	f
Emergency contact	\N	\N	\N	metaLabel:EMC	\N	\N	\N	\N	\N	f
Employee	\N	\N	\N	metaLabel:EME	\N	\N	\N	\N	\N	f
Employer	\N	\N	\N	metaLabel:EMR	\N	\N	\N	\N	\N	f
Extended family	\N	\N	\N	metaLabel:EXF	\N	\N	\N	\N	\N	f
Father	\N	\N	\N	metaLabel:FTH	\N	\N	\N	\N	\N	f
Foster child	\N	\N	\N	metaLabel:FCH	\N	\N	\N	\N	\N	f
Friend	\N	\N	\N	metaLabel:FND	\N	\N	\N	\N	\N	f
Grandchild	\N	\N	\N	metaLabel:GCH	\N	\N	\N	\N	\N	f
Grandparent	\N	\N	\N	metaLabel:GRP	\N	\N	\N	\N	\N	f
Guardian	\N	\N	\N	metaLabel:GRD	\N	\N	\N	\N	\N	f
Handicapped dependent	\N	\N	\N	metaLabel:DEP	\N	\N	\N	\N	\N	f
Life partner	\N	\N	\N	metaLabel:DOM	\N	\N	\N	\N	\N	f
Manager	\N	\N	\N	metaLabel:MGR	\N	\N	\N	\N	\N	f
Mother	\N	\N	\N	metaLabel:MTH	\N	\N	\N	\N	\N	f
Natural child	\N	\N	\N	metaLabel:NCH	\N	\N	\N	\N	\N	f
None	\N	\N	\N	metaLabel:NON	\N	\N	\N	\N	\N	f
Other	\N	\N	\N	metaLabel:OTH	\N	\N	\N	\N	\N	f
Other adult	\N	\N	\N	metaLabel:OAD	\N	\N	\N	\N	\N	f
Owner	\N	\N	\N	metaLabel:OWN	\N	\N	\N	\N	\N	f
Parent	\N	\N	\N	metaLabel:PAR	\N	\N	\N	\N	\N	f
Self	\N	\N	\N	metaLabel:SEL	\N	\N	\N	\N	\N	f
Sibling	\N	\N	\N	metaLabel:SIB	\N	\N	\N	\N	\N	f
Sister	\N	\N	\N	metaLabel:SIS	\N	\N	\N	\N	\N	f
Spouse	\N	\N	\N	metaLabel:SPO	\N	\N	\N	\N	\N	f
Stepchild	\N	\N	\N	metaLabel:SCH	\N	\N	\N	\N	\N	f
Trainer	\N	\N	\N	metaLabel:TRA	\N	\N	\N	\N	\N	f
Unknown	\N	\N	\N	metaLabel:UNK	\N	\N	\N	\N	\N	f
Ward of court	\N	\N	\N	metaLabel:WRD	\N	\N	\N	\N	\N	f
Other	\N	\N	\N	metaLabel:02	\N	\N	\N	\N	\N	f
Parental decision	\N	\N	\N	metaLabel:00	\N	\N	\N	\N	\N	f
Patient decision	\N	\N	\N	metaLabel:03	\N	\N	\N	\N	\N	f
Religious exemption	\N	\N	\N	metaLabel:01	\N	\N	\N	\N	\N	f
No reminder/recall	\N	\N	\N	metaLabel:noReminderOrRecall	\N	\N	\N	\N	\N	f
Reminder/recall - any method	\N	\N	\N	metaLabel:reminderOrRecallAnyMethod	\N	\N	\N	\N	\N	f
Reminder/recall - no calls	\N	\N	\N	metaLabel:reminderOrRecallNoCalls	\N	\N	\N	\N	\N	f
Reminder only - any method	\N	\N	\N	metaLabel:reminderOnlyAnyMethod	\N	\N	\N	\N	\N	f
Reminder only - no calls	\N	\N	\N	metaLabel:reminderOnlyNoCalls	\N	\N	\N	\N	\N	f
Recall only - any method	\N	\N	\N	metaLabel:recallOnlyAnyMethod	\N	\N	\N	\N	\N	f
Recall only - no calls	\N	\N	\N	metaLabel:recallOnlyNoCalls	\N	\N	\N	\N	\N	f
Reminder/recall - to provider	\N	\N	\N	metaLabel:reminderOrRecallToProvider	\N	\N	\N	\N	\N	f
Reminder to provider	\N	\N	\N	metaLabel:reminderToProvider	\N	\N	\N	\N	\N	f
Only reminder to provider no recall	\N	\N	\N	metaLabel:onlyReminderToProviderNoRecall	\N	\N	\N	\N	\N	f
Recall to provider	\N	\N	\N	metaLabel:recallToProvider	\N	\N	\N	\N	\N	f
Only recall to provider no reminder	\N	\N	\N	metaLabel:onlyRecallToProviderNoReminder	\N	\N	\N	\N	\N	f
Active	\N	\N	\N	metaLabel:A	\N	\N	\N	\N	\N	f
Inactive	\N	\N	\N	metaLabel:I	\N	\N	\N	\N	\N	f
Inactive - Lost to follow-up (cancel contract)	\N	\N	\N	metaLabel:L	\N	\N	\N	\N	\N	f
Inactive - Moved or gone elsewhere (cancel contract)	\N	\N	\N	metaLabel:M	\N	\N	\N	\N	\N	f
Inactive - Permanently inactive (Do not reactivate or add new entries to the record)	\N	\N	\N	metaLabel:P	\N	\N	\N	\N	\N	f
Unknown	\N	\N	\N	metaLabel:U	\N	\N	\N	\N	\N	f
VXU	\N	\N	\N	metaLabel:VXU	\N	\N	\N	\N	\N	f
ADT	\N	\N	\N	metaLabel:ADT	\N	\N	\N	\N	\N	f
ORU	\N	\N	\N	metaLabel:ORU	\N	\N	\N	\N	\N	f
Medical reason	\N	\N	\N	metaLabel:medicalReason	\N	\N	\N	\N	\N	f
Patient is not ambulatory	\N	\N	\N	metaLabel:patientIsNotAmbulatory	\N	\N	\N	\N	\N	f
Patient reason	\N	\N	\N	metaLabel:patientReason	\N	\N	\N	\N	\N	f
Medical contraindication	\N	\N	\N	metaLabel:medicalContraindication	\N	\N	\N	\N	\N	f
Patient refusal	\N	\N	\N	metaLabel:patientRefusal	\N	\N	\N	\N	\N	f
Processing	\N	\N	\N	metaLabel:processing	\N	\N	\N	\N	\N	f
Exported	\N	\N	\N	metaLabel:exported	\N	\N	\N	\N	\N	f
Sent	\N	\N	\N	metaLabel:sent	\N	\N	\N	\N	\N	f
Failed	\N	\N	\N	metaLabel:failed	\N	\N	\N	\N	\N	f
Smoking Status	\N	\N	\N	metaLabel:smokingStatus	\N	\N	\N	\N	\N	f
Age	\N	\N	\N	metaLabel:age	\N	\N	\N	\N	\N	f
Observation Value	\N	\N	\N	metaLabel:observationValue	\N	\N	\N	\N	\N	f
LOINC Code	\N	\N	\N	metaLabel:testCodeLoinc	\N	\N	\N	\N	\N	f
SNOMED Code	\N	\N	\N	metaLabel:metaSnomed	\N	\N	\N	\N	\N	f
Drug RxNorm ID	\N	\N	\N	metaLabel:drugRxNormId	\N	\N	\N	\N	\N	f
BMI	\N	\N	\N	metaLabel:bmiInternal	\N	\N	\N	\N	\N	f
Patient Lab Test	\N	\N	\N	metaLabel:patientLabTest	\N	\N	\N	\N	\N	f
Patient Diagnosis	\N	\N	\N	metaLabel:patientDiagnosis	\N	\N	\N	\N	\N	f
Patient Allergy	\N	\N	\N	metaLabel:patientAllergy	\N	\N	\N	\N	\N	f
Patient Medication	\N	\N	\N	metaLabel:patientMedication	\N	\N	\N	\N	\N	f
Patient Vital	\N	\N	\N	metaLabel:patientVital	\N	\N	\N	\N	\N	f
View	\N	\N	\N	metaLabel:ccdaView	\N	\N	\N	\N	\N	f
Transmit	\N	\N	\N	metaLabel:ccdaTransmit	\N	\N	\N	\N	\N	f
Download	\N	\N	\N	metaLabel:ccdaDownload	\N	\N	\N	\N	\N	f
Pending	\N	\N	\N	metaLabel:mrrPending	\N	\N	\N	\N	\N	f
Processing	\N	\N	\N	metaLabel:mrrProcessing	\N	\N	\N	\N	\N	f
Generated	\N	\N	\N	metaLabel:mrrGenerated	\N	\N	\N	\N	\N	f
Failed	\N	\N	\N	metaLabel:mrrFailed	\N	\N	\N	\N	\N	f
Height/Weight	\N	\N	\N	metaLabel:heightWeight	\N	\N	\N	\N	\N	f
Blood Pressure	\N	\N	\N	metaLabel:bloodPressure	\N	\N	\N	\N	\N	f
Adult	\N	\N	\N	metaLabel:adult	\N	\N	\N	\N	\N	f
Adolescent	\N	\N	\N	metaLabel:adolescent	\N	\N	\N	\N	\N	f
Image	\N	\N	\N	metaLabel:patientImage	\N	\N	\N	\N	\N	f
Patient Service	\N	\N	\N	metaLabel:patientService	\N	\N	\N	\N	\N	f
CCDA Export	\N	\N	\N	metaLabel:ccdaExport	\N	\N	\N	\N	\N	f
Care Continuity Import Request	\N	\N	\N	metaLabel:careContinuityImportRequest	\N	\N	\N	\N	\N	f
HL7 Import Request	\N	\N	\N	metaLabel:hl7ImportRequest	\N	\N	\N	\N	\N	f
HL7 Export Request	\N	\N	\N	metaLabel:hl7ExportRequest	\N	\N	\N	\N	\N	f
Cash	\N	\N	\N	metaLabel:cash	\N	\N	\N	\N	\N	f
Accident	\N	\N	\N	metaLabel:accident	\N	\N	\N	\N	\N	f
Employment	\N	\N	\N	metaLabel:employment	\N	\N	\N	\N	\N	f
Professional	\N	\N	\N	metaLabel:professional	\N	\N	\N	\N	\N	f
Institutional	\N	\N	\N	metaLabel:institutional	\N	\N	\N	\N	\N	f
Code 1	\N	\N	\N	metaLabel:code1	\N	\N	\N	\N	\N	f
Code 2	\N	\N	\N	metaLabel:code2	\N	\N	\N	\N	\N	f
Insurance	\N	\N	\N	metaLabel:insurance	\N	\N	\N	\N	\N	f
Third-party	\N	\N	\N	metaLabel:thirdParty	\N	\N	\N	\N	\N	f
Write Off	\N	\N	\N	metaLabel:writeOff	\N	\N	\N	\N	\N	f
Refund	\N	\N	\N	metaLabel:refund	\N	\N	\N	\N	\N	f
Deducitble	\N	\N	\N	metaLabel:deducitble	\N	\N	\N	\N	\N	f
Copay	\N	\N	\N	metaLabel:copay	\N	\N	\N	\N	\N	f
Coinsurance	\N	\N	\N	metaLabel:coinsurance	\N	\N	\N	\N	\N	f
Posted	\N	\N	\N	metaLabel:posted	\N	\N	\N	\N	\N	f
Check	\N	\N	\N	metaLabel:check	\N	\N	\N	\N	\N	f
Credit	\N	\N	\N	metaLabel:credit	\N	\N	\N	\N	\N	f
Card	\N	\N	\N	metaLabel:card	\N	\N	\N	\N	\N	f
ACH	\N	\N	\N	metaLabel:ach	\N	\N	\N	\N	\N	f
Wire	\N	\N	\N	metaLabel:wire	\N	\N	\N	\N	\N	f
Contractual	\N	\N	\N	metaLabel:contractual	\N	\N	\N	\N	\N	f
Payer	\N	\N	\N	metaLabel:payor	\N	\N	\N	\N	\N	f
Initated	\N	\N	\N	metaLabel:initated	\N	\N	\N	\N	\N	f
Responsibility	\N	\N	\N	metaLabel:responsibility	\N	\N	\N	\N	\N	f
Reconciled	\N	\N	\N	metaLabel:reconciled	\N	\N	\N	\N	\N	f
Acknowledged	\N	\N	\N	metaLabel:acknowledged	\N	\N	\N	\N	\N	f
Review	\N	\N	\N	metaLabel:review	\N	\N	\N	\N	\N	f
Suspense-Payer	\N	\N	\N	metaLabel:suspensePayer	\N	\N	\N	\N	\N	f
Suspense-Patient	\N	\N	\N	metaLabel:suspensePatient	\N	\N	\N	\N	\N	f
Patient AR	\N	\N	\N	metaLabel:patientAr	\N	\N	\N	\N	\N	f
Physically Handicapped Childrens Program	\N	\N	\N	metaLabel:physicallyHandicappedChildrenProgram	\N	\N	\N	\N	\N	f
Special Federal Funding	\N	\N	\N	metaLabel:specialFederalFunding	\N	\N	\N	\N	\N	f
Disability---DS	\N	\N	\N	metaLabel:disability	\N	\N	\N	\N	\N	f
Second Opinion or Surgery	\N	\N	\N	metaLabel:secondOpinionOrSurgery	\N	\N	\N	\N	\N	f
Proof of Eligibility Unknown or Unavailable	\N	\N	\N	metaLabel:proofOfEligibilityUnknownOrUnavailable	\N	\N	\N	\N	\N	f
Litigation	\N	\N	\N	metaLabel:litigation	\N	\N	\N	\N	\N	f
Authorization Delays	\N	\N	\N	metaLabel:authorizationDelays	\N	\N	\N	\N	\N	f
Delay in Certifying Provider	\N	\N	\N	metaLabel:delayInCertifyingProvider	\N	\N	\N	\N	\N	f
Delay in Supplying Billing Forms	\N	\N	\N	metaLabel:delayInSupplyingBillingForms	\N	\N	\N	\N	\N	f
Delay in Delivery of Custom-made Appliances	\N	\N	\N	metaLabel:delayInDeliveryOfCustomMadeAppliances	\N	\N	\N	\N	\N	f
Third-party Processing Delay	\N	\N	\N	metaLabel:thirdPartyProcessingDelay	\N	\N	\N	\N	\N	f
Delay in Eligibility Determination	\N	\N	\N	metaLabel:delayInEligibilityDetermination	\N	\N	\N	\N	\N	f
Original Claim Rejected or Denied Due to a Reason	\N	\N	\N	metaLabel:originalClaimRejectedOrDeniedDueToReason	\N	\N	\N	\N	\N	f
Unrelated to the Billing Limitation Rules	\N	\N	\N	metaLabel:unrelatedToBillingLimitationRules	\N	\N	\N	\N	\N	f
Administration Delay in the Prior Approval Process	\N	\N	\N	metaLabel:administrationDelayInPriorApprovalProcess	\N	\N	\N	\N	\N	f
Natural Disaster	\N	\N	\N	metaLabel:naturalDisaster	\N	\N	\N	\N	\N	f
Created	\N	\N	\N	metaLabel:created	\N	\N	\N	\N	\N	f
Face to face	\N	\N	\N	metaLabel:faceToFace	\N	\N	\N	\N	\N	f
Telephone	\N	\N	\N	metaLabel:telephone	\N	\N	\N	\N	\N	f
MBBS	\N	\N	\N	metaLabel:mbbs	\N	\N	\N	\N	\N	f
MD	\N	\N	\N	metaLabel:md	\N	\N	\N	\N	\N	f
DO	\N	\N	\N	metaLabel:do	\N	\N	\N	\N	\N	f
Doctor of nursing practice	\N	\N	\N	metaLabel:dnp	\N	\N	\N	\N	\N	f
Physician Assistant	\N	\N	\N	metaLabel:pa	\N	\N	\N	\N	\N	f
Charge Created	\N	\N	\N	metaLabel:chargeCreated	\N	\N	\N	\N	\N	f
Pre-Batch	\N	\N	\N	metaLabel:preBatch	\N	\N	\N	\N	\N	f
Duration	\N	\N	\N	metaLabel:duration	\N	\N	\N	\N	\N	f
Units	\N	\N	\N	metaLabel:units	\N	\N	\N	\N	\N	f
Earliest Service	\N	\N	\N	metaLabel:earliestService	\N	\N	\N	\N	\N	f
Highest Unit Rate	\N	\N	\N	metaLabel:highestUnitRate	\N	\N	\N	\N	\N	f
Service Rate Map Record	\N	\N	\N	metaLabel:billingMatrixRecord	\N	\N	\N	\N	\N	f
Service With Service Rate Map Record	\N	\N	\N	metaLabel:serviceWithBillingMatrixRecord	\N	\N	\N	\N	\N	f
Credential	\N	\N	\N	metaLabel:credential	\N	\N	\N	\N	\N	f
License	\N	\N	\N	metaLabel:license	\N	\N	\N	\N	\N	f
Certification	\N	\N	\N	metaLabel:certification	\N	\N	\N	\N	\N	f
Void	\N	\N	\N	metaLabel:void	\N	\N	\N	\N	\N	f
Use service duration	\N	\N	\N	metaLabel:serviceDuration	\N	\N	\N	\N	\N	f
Use full encounter duration	\N	\N	\N	metaLabel:fullEncounterDuration	\N	\N	\N	\N	\N	f
Subtract service duration from full encounter duration	\N	\N	\N	metaLabel:subtractServiceFromEncounter	\N	\N	\N	\N	\N	f
Roll action duration into service duration	\N	\N	\N	metaLabel:addActionToService	\N	\N	\N	\N	\N	f
Initiated	\N	\N	\N	metaLabel:initiated	\N	\N	\N	\N	\N	f
Partial Approval	\N	\N	\N	metaLabel:partialApproval	\N	\N	\N	\N	\N	f
Complete Error	\N	\N	\N	metaLabel:completeError	\N	\N	\N	\N	\N	f
New	\N	\N	\N	metaLabel:new	\N	\N	\N	\N	\N	f
Ready to invoice	\N	\N	\N	metaLabel:readyToInvoice	\N	\N	\N	\N	\N	f
Invoiced	\N	\N	\N	metaLabel:invoiced	\N	\N	\N	\N	\N	f
Invoiced Acknowledge	\N	\N	\N	metaLabel:invoicedAck	\N	\N	\N	\N	\N	f
Denied	\N	\N	\N	metaLabel:denied	\N	\N	\N	\N	\N	f
Patient Due	\N	\N	\N	metaLabel:patientDue	\N	\N	\N	\N	\N	f
Per Service	\N	\N	\N	metaLabel:perService	\N	\N	\N	\N	\N	f
Bi-Weekly	\N	\N	\N	metaLabel:biweekly	\N	\N	\N	\N	\N	f
Services	\N	\N	\N	metaLabel:servics	\N	\N	\N	\N	\N	f
Hours	\N	\N	\N	metaLabel:hours	\N	\N	\N	\N	\N	f
Rate	\N	\N	\N	metaLabel:rate	\N	\N	\N	\N	\N	f
Days	\N	\N	\N	metaLabel:days	\N	\N	\N	\N	\N	f
Home Primary	\N	\N	\N	metaLabel:homePrimary	\N	\N	\N	\N	\N	f
Home Vacation	\N	\N	\N	metaLabel:homeVacation	\N	\N	\N	\N	\N	f
Work direct number	\N	\N	\N	metaLabel:workDirectNumber	\N	\N	\N	\N	\N	f
Work public number	\N	\N	\N	metaLabel:workPublicNumber	\N	\N	\N	\N	\N	f
Defunct number	\N	\N	\N	metaLabel:defunctNumber	\N	\N	\N	\N	\N	f
Temporary	\N	\N	\N	metaLabel:tmp	\N	\N	\N	\N	\N	f
Years	\N	\N	\N	metaLabel:years	\N	\N	\N	\N	\N	f
Months	\N	\N	\N	metaLabel:months	\N	\N	\N	\N	\N	f
Seconds	\N	\N	\N	metaLabel:seconds	\N	\N	\N	\N	\N	f
Minutes	\N	\N	\N	metaLabel:minutes	\N	\N	\N	\N	\N	f
Weeks	\N	\N	\N	metaLabel:weeks	\N	\N	\N	\N	\N	f
Rescheduled	\N	\N	\N	metaLabel:reScheduled	\N	\N	\N	\N	\N	f
Completed	\N	\N	\N	metaLabel:completed	\N	\N	\N	\N	\N	f
Cancelled < 24 Hours	\N	\N	\N	metaLabel:cancelled24	\N	\N	\N	\N	\N	f
Cancelled By Provider	\N	\N	\N	metaLabel:cancelledByProvider	\N	\N	\N	\N	\N	f
SFTP	\N	\N	\N	metaLabel:SFTP	\N	\N	\N	\N	\N	f
Web Service	\N	\N	\N	metaLabel:WEBSERVICE	\N	\N	\N	\N	\N	f
Medicaid ID	\N	\N	\N	metaLabel:medicaidId	\N	\N	\N	\N	\N	f
State ID	\N	\N	\N	metaLabel:stateID	\N	\N	\N	\N	\N	f
Passport	\N	\N	\N	metaLabel:passport	\N	\N	\N	\N	\N	f
I-551 Perm Resident Card	\N	\N	\N	metaLabel:permResCard	\N	\N	\N	\N	\N	f
County ID	\N	\N	\N	metaLabel:countyId	\N	\N	\N	\N	\N	f
Processed	\N	\N	\N	metaLabel:processed	\N	\N	\N	\N	\N	f
NPI	\N	\N	\N	metaLabel:npi	\N	\N	\N	\N	\N	f
DEA	\N	\N	\N	metaLabel:dea	\N	\N	\N	\N	\N	f
State DL	\N	\N	\N	metaLabel:stateDL	\N	\N	\N	\N	\N	f
Downloaded	\N	\N	\N	metaLabel:downloaded	\N	\N	\N	\N	\N	f
Overwritten	\N	\N	\N	metaLabel:overwritten	\N	\N	\N	\N	\N	f
Paid	\N	\N	\N	metaLabel:paid	\N	\N	\N	\N	\N	f
Pre Downloaded	\N	\N	\N	metaLabel:preDownloaded	\N	\N	\N	\N	\N	f
Downloading	\N	\N	\N	metaLabel:downloading	\N	\N	\N	\N	\N	f
Defer	\N	\N	\N	metaLabel:defer	\N	\N	\N	\N	\N	f
Payer Initiated	\N	\N	\N	metaLabel:payerInitiated	\N	\N	\N	\N	\N	f
Patient Responsibility	\N	\N	\N	metaLabel:patientResponsibility	\N	\N	\N	\N	\N	f
Patient Demographics	\N	\N	\N	metaLabel:demographics	\N	\N	\N	\N	\N	f
Patient Vitals	\N	\N	\N	metaLabel:vitals	\N	\N	\N	\N	\N	f
Patient Tests	\N	\N	\N	metaLabel:tests	\N	\N	\N	\N	\N	f
Patient Warnings	\N	\N	\N	metaLabel:warnings	\N	\N	\N	\N	\N	f
All Others	\N	\N	\N	metaLabel:others	\N	\N	\N	\N	\N	f
Assignments	\N	\N	\N	metaLabel:assignments	\N	\N	\N	\N	\N	f
Patient Treatment Plans	\N	\N	\N	metaLabel:treatmentPlans	\N	\N	\N	\N	\N	f
Patient Contacts	\N	\N	\N	metaLabel:contacts	\N	\N	\N	\N	\N	f
Patient Insurances	\N	\N	\N	metaLabel:insurances	\N	\N	\N	\N	\N	f
Patient Encounter	\N	\N	\N	metaLabel:encounter	\N	\N	\N	\N	\N	f
Patient Service	\N	\N	\N	metaLabel:service	\N	\N	\N	\N	\N	f
Patient Hospitalization	\N	\N	\N	metaLabel:hospitalization	\N	\N	\N	\N	\N	f
Encounter Documents	\N	\N	\N	metaLabel:encounterDocuments	\N	\N	\N	\N	\N	f
Patient Schedule	\N	\N	\N	metaLabel:schedule	\N	\N	\N	\N	\N	f
Audit Log	\N	\N	\N	metaLabel:auditLog	\N	\N	\N	\N	\N	f
Patient Messaging	\N	\N	\N	metaLabel:messaging	\N	\N	\N	\N	\N	f
Patient eMAR	\N	\N	\N	metaLabel:eMAR	\N	\N	\N	\N	\N	f
Patient Tasks	\N	\N	\N	metaLabel:tasks	\N	\N	\N	\N	\N	f
Self-pay---09	\N	\N	\N	metaLabel:selfPay	\N	\N	\N	\N	\N	f
Other Non-Federal Programs---11	\N	\N	\N	metaLabel:otherNonFederalPrograms	\N	\N	\N	\N	\N	f
Preferred Provider Organization (PPO)---12	\N	\N	\N	metaLabel:ppo	\N	\N	\N	\N	\N	f
Point of Service (POS)---13	\N	\N	\N	metaLabel:pos	\N	\N	\N	\N	\N	f
Indemnity Insurance---15	\N	\N	\N	metaLabel:indemnityInsurance	\N	\N	\N	\N	\N	f
Dental Maintenance Organization---17	\N	\N	\N	metaLabel:dentalMaintenanceOrganization	\N	\N	\N	\N	\N	f
Automobile Medical---AM	\N	\N	\N	metaLabel:automobileMedical	\N	\N	\N	\N	\N	f
Blue Cross/Blue Shield---BL	\N	\N	\N	metaLabel:blueCross	\N	\N	\N	\N	\N	f
Champus---CH	\N	\N	\N	metaLabel:champus	\N	\N	\N	\N	\N	f
Commercial Insurance Co.---CI	\N	\N	\N	metaLabel:commercialInsurance	\N	\N	\N	\N	\N	f
Federal Employees Program---FI	\N	\N	\N	metaLabel:federalEmployeesProgram	\N	\N	\N	\N	\N	f
Health Maintenance Organization---HM	\N	\N	\N	metaLabel:healthMaintenanceOrganization	\N	\N	\N	\N	\N	f
Liability Medical---LM	\N	\N	\N	metaLabel:liabilityMedical	\N	\N	\N	\N	\N	f
Medicare Part A---MA	\N	\N	\N	metaLabel:medicarePartA	\N	\N	\N	\N	\N	f
Medicare Part B---MB	\N	\N	\N	metaLabel:medicarePartB	\N	\N	\N	\N	\N	f
Other Federal Program---OF	\N	\N	\N	metaLabel:otherFederalProgram	\N	\N	\N	\N	\N	f
Title V---TV	\N	\N	\N	metaLabel:titleV	\N	\N	\N	\N	\N	f
Veterans Affairs Plan---VA	\N	\N	\N	metaLabel:veteransAffairsPlan	\N	\N	\N	\N	\N	f
Workers' Compensation Health Claim---WC	\N	\N	\N	metaLabel:workersCompensationHealthClaim	\N	\N	\N	\N	\N	f
Mutually Defined---ZZ	\N	\N	\N	metaLabel:mutuallyDefined	\N	\N	\N	\N	\N	f
Claims	\N	\N	\N	metaLabel:claims	\N	\N	\N	\N	\N	f
Real-time eligibility	\N	\N	\N	metaLabel:realTimeEligibility	\N	\N	\N	\N	\N	f
Batch eligibility	\N	\N	\N	metaLabel:batchEligibility	\N	\N	\N	\N	\N	f
PayerId Not Found	\N	\N	\N	metaLabel:payerIdNotFound	\N	\N	\N	\N	\N	f
Tax Entity Not Found	\N	\N	\N	metaLabel:taxEntityNotFound	\N	\N	\N	\N	\N	f
Parsed	\N	\N	\N	metaLabel:parsed	\N	\N	\N	\N	\N	f
Ignore & Post Payment	\N	\N	\N	metaLabel:ignorePostPayment	\N	\N	\N	\N	\N	f
Post & Appeal	\N	\N	\N	metaLabel:postAndAppeal	\N	\N	\N	\N	\N	f
Reject & Resubmit	\N	\N	\N	metaLabel:rejectAndResubmit	\N	\N	\N	\N	\N	f
Confidential Address	\N	\N	\N	metaLabel:confidentialAddress	\N	\N	\N	\N	\N	f
Primary Home	\N	\N	\N	metaLabel:primaryHome	\N	\N	\N	\N	\N	f
Vacation Home	\N	\N	\N	metaLabel:vacationHome	\N	\N	\N	\N	\N	f
Old	\N	\N	\N	metaLabel:old	\N	\N	\N	\N	\N	f
Temporary Address	\N	\N	\N	metaLabel:temporaryAddress	\N	\N	\N	\N	\N	f
Work Place	\N	\N	\N	metaLabel:workPlace	\N	\N	\N	\N	\N	f
Direct	\N	\N	\N	metaLabel:direct	\N	\N	\N	\N	\N	f
Public	\N	\N	\N	metaLabel:public	\N	\N	\N	\N	\N	f
Physical Visit Address	\N	\N	\N	metaLabel:physicalVisitAddress	\N	\N	\N	\N	\N	f
Postal Address	\N	\N	\N	metaLabel:postalAddress	\N	\N	\N	\N	\N	f
\.


--
-- Data for Name: meta_label_detail; Type: TABLE DATA; Schema: public; Owner: aperiosf
--

COPY public.meta_label_detail (meta_language_id, help_text, plural_value, singular_value, created_on_date, created_on_time, created_by, meta_label_id, id, tags, organization_id, custom_property, checksum, object_path, is_deleted) FROM stdin;
\N	\N	\N	coldLabel1	\N	\N	\N	metaLabel:coldLabel1	metaLabelDetail:001	\N	\N	\N	\N	\N	f
\N	\N	\N	chilledLabel	\N	\N	\N	metaLabel:chilledLabel	metaLabelDetail:002	\N	\N	\N	\N	\N	f
\N	\N	\N	coldLabel	\N	\N	\N	metaLabel:coldLabel	metaLabelDetail:003	\N	\N	\N	\N	\N	f
\N	\N	\N	hotLabel1	\N	\N	\N	metaLabel:coldLabel2	metaLabelDetail:004	\N	\N	\N	\N	\N	f
\N	\N	\N	GED	\N	\N	\N	metaLabel:GED	metaLabelDetail:005	\N	\N	\N	\N	\N	f
\N	\N	\N	High school	\N	\N	\N	metaLabel:highSchool	metaLabelDetail:006	\N	\N	\N	\N	\N	f
\N	\N	\N	Some college	\N	\N	\N	metaLabel:someCollege	metaLabelDetail:007	\N	\N	\N	\N	\N	f
\N	\N	\N	2 year degree	\N	\N	\N	metaLabel:2YearDegree	metaLabelDetail:008	\N	\N	\N	\N	\N	f
\N	\N	\N	4 year degree	\N	\N	\N	metaLabel:4YearDegree	metaLabelDetail:009	\N	\N	\N	\N	\N	f
\N	\N	\N	Post graduate degree	\N	\N	\N	metaLabel:postGraduateDegree	metaLabelDetail:010	\N	\N	\N	\N	\N	f
\N	\N	\N	Home	\N	\N	\N	metaLabel:home	metaLabelDetail:011	\N	\N	\N	\N	\N	f
\N	\N	\N	Mailing	\N	\N	\N	metaLabel:mailing	metaLabelDetail:012	\N	\N	\N	\N	\N	f
\N	\N	\N	Billing	\N	\N	\N	metaLabel:billing	metaLabelDetail:013	\N	\N	\N	\N	\N	f
\N	\N	\N	Home	\N	\N	\N	metaLabel:home	metaLabelDetail:014	\N	\N	\N	\N	\N	f
\N	\N	\N	Mobile	\N	\N	\N	metaLabel:mobile	metaLabelDetail:015	\N	\N	\N	\N	\N	f
\N	\N	\N	Work	\N	\N	\N	metaLabel:work	metaLabelDetail:016	\N	\N	\N	\N	\N	f
\N	\N	\N	Fax	\N	\N	\N	metaLabel:fax	metaLabelDetail:017	\N	\N	\N	\N	\N	f
\N	\N	\N	Other	\N	\N	\N	metaLabel:other	metaLabelDetail:018	\N	\N	\N	\N	\N	f
\N	\N	\N	Annulled	\N	\N	\N	metaLabel:annulled	metaLabelDetail:019	\N	\N	\N	\N	\N	f
\N	\N	\N	Divorced	\N	\N	\N	metaLabel:divorced	metaLabelDetail:020	\N	\N	\N	\N	\N	f
\N	\N	\N	Interlocutory	\N	\N	\N	metaLabel:interlocutory	metaLabelDetail:021	\N	\N	\N	\N	\N	f
\N	\N	\N	Legally Separated	\N	\N	\N	metaLabel:legallySeparated	metaLabelDetail:022	\N	\N	\N	\N	\N	f
\N	\N	\N	Married	\N	\N	\N	metaLabel:married	metaLabelDetail:023	\N	\N	\N	\N	\N	f
\N	\N	\N	Polygamous	\N	\N	\N	metaLabel:polygamous	metaLabelDetail:024	\N	\N	\N	\N	\N	f
\N	\N	\N	Never Married	\N	\N	\N	metaLabel:neverMarried	metaLabelDetail:025	\N	\N	\N	\N	\N	f
\N	\N	\N	Domestic Partner	\N	\N	\N	metaLabel:domesticPartner	metaLabelDetail:026	\N	\N	\N	\N	\N	f
\N	\N	\N	unmarried	\N	\N	\N	metaLabel:unmarried	metaLabelDetail:027	\N	\N	\N	\N	\N	f
\N	\N	\N	Widowed	\N	\N	\N	metaLabel:widowed	metaLabelDetail:028	\N	\N	\N	\N	\N	f
\N	\N	\N	Male	\N	\N	\N	metaLabel:male	metaLabelDetail:029	\N	\N	\N	\N	\N	f
\N	\N	\N	Female	\N	\N	\N	metaLabel:female	metaLabelDetail:030	\N	\N	\N	\N	\N	f
\N	\N	\N	Undifferentiated	\N	\N	\N	metaLabel:undifferentiated	metaLabelDetail:031	\N	\N	\N	\N	\N	f
\N	\N	\N	Current every day smoker	\N	\N	\N	metaLabel:everyDaySmoker	metaLabelDetail:032	\N	\N	\N	\N	\N	f
\N	\N	\N	Current some day smoker	\N	\N	\N	metaLabel:someDaySmoker	metaLabelDetail:033	\N	\N	\N	\N	\N	f
\N	\N	\N	Former smoker	\N	\N	\N	metaLabel:formerSmoker	metaLabelDetail:034	\N	\N	\N	\N	\N	f
\N	\N	\N	Never smoker	\N	\N	\N	metaLabel:neverSmoker	metaLabelDetail:035	\N	\N	\N	\N	\N	f
\N	\N	\N	Smoker, current status unknown	\N	\N	\N	metaLabel:smoker	metaLabelDetail:036	\N	\N	\N	\N	\N	f
\N	\N	\N	Unknown if ever smoked	\N	\N	\N	metaLabel:unknownSmoker	metaLabelDetail:037	\N	\N	\N	\N	\N	f
\N	\N	\N	Heavy tobacco smoker	\N	\N	\N	metaLabel:heavyTobaccoSmoker	metaLabelDetail:038	\N	\N	\N	\N	\N	f
\N	\N	\N	Light tobacco smoker	\N	\N	\N	metaLabel:lightTobaccoSmoker	metaLabelDetail:039	\N	\N	\N	\N	\N	f
\N	\N	\N	American	\N	\N	\N	metaLabel:american	metaLabelDetail:040	\N	\N	\N	\N	\N	f
\N	\N	\N	Indian/Alaska Native	\N	\N	\N	metaLabel:indian/AlaskaNative	metaLabelDetail:041	\N	\N	\N	\N	\N	f
\N	\N	\N	Asian	\N	\N	\N	metaLabel:asian	metaLabelDetail:042	\N	\N	\N	\N	\N	f
\N	\N	\N	Black or African American	\N	\N	\N	metaLabel:blackOrAfricanAmerican	metaLabelDetail:043	\N	\N	\N	\N	\N	f
\N	\N	\N	Native Hawaiian / Other Pacific Islander	\N	\N	\N	metaLabel:nativeHawaiian/otherPacificIslander	metaLabelDetail:044	\N	\N	\N	\N	\N	f
\N	\N	\N	White	\N	\N	\N	metaLabel:white	metaLabelDetail:045	\N	\N	\N	\N	\N	f
\N	\N	\N	Other Race	\N	\N	\N	metaLabel:otherRace	metaLabelDetail:046	\N	\N	\N	\N	\N	f
\N	\N	\N	Hispanic or Latino	\N	\N	\N	metaLabel:hispanicOrLatino	metaLabelDetail:047	\N	\N	\N	\N	\N	f
\N	\N	\N	Not Hispanic or Latino	\N	\N	\N	metaLabel:notHispanicOrLatino	metaLabelDetail:048	\N	\N	\N	\N	\N	f
\N	\N	\N	Unknown	\N	\N	\N	metaLabel:unknown	metaLabelDetail:049	\N	\N	\N	\N	\N	f
\N	\N	\N	California	\N	\N	\N	metaLabel:california	metaLabelDetail:050	\N	\N	\N	\N	\N	f
\N	\N	\N	New York	\N	\N	\N	metaLabel:newYork	metaLabelDetail:051	\N	\N	\N	\N	\N	f
\N	\N	\N	Albama	\N	\N	\N	metaLabel:albama	metaLabelDetail:052	\N	\N	\N	\N	\N	f
\N	\N	\N	United States of America	\N	\N	\N	metaLabel:unitedStatesOfAmerica	metaLabelDetail:053	\N	\N	\N	\N	\N	f
\N	\N	\N	Buffalo	\N	\N	\N	metaLabel:buffalo	metaLabelDetail:054	\N	\N	\N	\N	\N	f
\N	\N	\N	Rochester	\N	\N	\N	metaLabel:rochester	metaLabelDetail:055	\N	\N	\N	\N	\N	f
\N	\N	\N	Brooklyn	\N	\N	\N	metaLabel:brooklyn	metaLabelDetail:056	\N	\N	\N	\N	\N	f
\N	\N	\N	Los Angeles	\N	\N	\N	metaLabel:losAngeles	metaLabelDetail:057	\N	\N	\N	\N	\N	f
\N	\N	\N	San Diego	\N	\N	\N	metaLabel:sanDiego	metaLabelDetail:058	\N	\N	\N	\N	\N	f
\N	\N	\N	Birmingham	\N	\N	\N	metaLabel:birmingham	metaLabelDetail:059	\N	\N	\N	\N	\N	f
\N	\N	\N	Employed full-time	\N	\N	\N	metaLabel:employedFullTime	metaLabelDetail:062	\N	\N	\N	\N	\N	f
\N	\N	\N	Employed part-time	\N	\N	\N	metaLabel:employedPartTime	metaLabelDetail:063	\N	\N	\N	\N	\N	f
\N	\N	\N	Self-employed	\N	\N	\N	metaLabel:employedSelf	metaLabelDetail:064	\N	\N	\N	\N	\N	f
\N	\N	\N	Unemployed	\N	\N	\N	metaLabel:unemployed	metaLabelDetail:065	\N	\N	\N	\N	\N	f
\N	\N	\N	Homemaker	\N	\N	\N	metaLabel:homemaker	metaLabelDetail:066	\N	\N	\N	\N	\N	f
\N	\N	\N	Retired	\N	\N	\N	metaLabel:retired	metaLabelDetail:067	\N	\N	\N	\N	\N	f
\N	\N	\N	Student	\N	\N	\N	metaLabel:student	metaLabelDetail:068	\N	\N	\N	\N	\N	f
\N	\N	\N	Unable to work	\N	\N	\N	metaLabel:unableToWork	metaLabelDetail:069	\N	\N	\N	\N	\N	f
\N	\N	\N	Unknown	\N	\N	\N	metaLabel:unknown	metaLabelDetail:070	\N	\N	\N	\N	\N	f
\N	\N	\N	Volunteer	\N	\N	\N	metaLabel:volunteer	metaLabelDetail:071	\N	\N	\N	\N	\N	f
\N	\N	\N	Spouse	\N	\N	\N	metaLabel:spouse	metaLabelDetail:072	\N	\N	\N	\N	\N	f
\N	\N	\N	Child	\N	\N	\N	metaLabel:child	metaLabelDetail:073	\N	\N	\N	\N	\N	f
\N	\N	\N	Employee	\N	\N	\N	metaLabel:employee	metaLabelDetail:074	\N	\N	\N	\N	\N	f
\N	\N	\N	Life Partner	\N	\N	\N	metaLabel:lifePartner	metaLabelDetail:075	\N	\N	\N	\N	\N	f
\N	\N	\N	Family	\N	\N	\N	metaLabel:family	metaLabelDetail:076	\N	\N	\N	\N	\N	f
\N	\N	\N	External Provider	\N	\N	\N	metaLabel:external provider	metaLabelDetail:077	\N	\N	\N	\N	\N	f
\N	\N	\N	Mild	\N	\N	\N	metaLabel:mild	metaLabelDetail:078	\N	\N	\N	\N	\N	f
\N	\N	\N	Moderate	\N	\N	\N	metaLabel:moderate	metaLabelDetail:079	\N	\N	\N	\N	\N	f
\N	\N	\N	Severe	\N	\N	\N	metaLabel:severe	metaLabelDetail:080	\N	\N	\N	\N	\N	f
\N	\N	\N	Very Severe	\N	\N	\N	metaLabel:verySevere	metaLabelDetail:081	\N	\N	\N	\N	\N	f
\N	\N	\N	dsm djcsdl	\N	\N	\N	metaLabel:dsmCode	metaLabelDetail:082	\N	\N	\N	\N	\N	f
\N	\N	\N	abc	\N	\N	\N	metaLabel:icdCode	metaLabelDetail:083	\N	\N	\N	\N	\N	f
\N	\N	\N	Medicare Secondary Working Aged Beneficiary or Spouse with Employer Group Health Plan	\N	\N	\N	metaLabel:mediSecWABOSWEGHP	metaLabelDetail:084	\N	\N	\N	\N	\N	f
\N	\N	\N	Medicare Secondary End-Stage Renal Disease Beneficiary in the Mandated Coordination Period with an Employers Group Health Plan	\N	\N	\N	metaLabel:mediSecESRDBMCPEGHP	metaLabelDetail:085	\N	\N	\N	\N	\N	f
\N	\N	\N	Liver Panel (Liver Function Panel)	\N	\N	\N	metaLabel:liverPanel	metaLabelDetail:168	\N	\N	\N	\N	\N	f
\N	\N	\N	Medicare Secondary, No-fault Insurance including Auto is Primary	\N	\N	\N	metaLabel:mediSecNFIAP	metaLabelDetail:086	\N	\N	\N	\N	\N	f
\N	\N	\N	Medicare Secondary Workers Compensation	\N	\N	\N	metaLabel:mediSecWC	metaLabelDetail:087	\N	\N	\N	\N	\N	f
\N	\N	\N	Medicare Secondary Black Lung	\N	\N	\N	metaLabel:mediSecBL	metaLabelDetail:088	\N	\N	\N	\N	\N	f
\N	\N	\N	Medicare Secondary Veterans Administration	\N	\N	\N	metaLabel:mediSecVA	metaLabelDetail:089	\N	\N	\N	\N	\N	f
\N	\N	\N	Medicare Secondary Disabled Beneficiary Under Age 65 with Large Group Health Plan (LGHP)	\N	\N	\N	metaLabel:mediSecDBUA65LGHP	metaLabelDetail:090	\N	\N	\N	\N	\N	f
\N	\N	\N	Medicare Secondary, Other Liability Insurance is Primary	\N	\N	\N	metaLabel:mediSecOLIP	metaLabelDetail:091	\N	\N	\N	\N	\N	f
\N	\N	\N	Primary	\N	\N	\N	metaLabel:primary	metaLabelDetail:092	\N	\N	\N	\N	\N	f
\N	\N	\N	Secondary	\N	\N	\N	metaLabel:secondary	metaLabelDetail:093	\N	\N	\N	\N	\N	f
\N	\N	\N	Tertiary	\N	\N	\N	metaLabel:tertiary	metaLabelDetail:094	\N	\N	\N	\N	\N	f
\N	\N	\N	Forth	\N	\N	\N	metaLabel:forth	metaLabelDetail:095	\N	\N	\N	\N	\N	f
\N	\N	\N	Fifth	\N	\N	\N	metaLabel:fifth	metaLabelDetail:096	\N	\N	\N	\N	\N	f
\N	\N	\N	Sixth	\N	\N	\N	metaLabel:sixth	metaLabelDetail:097	\N	\N	\N	\N	\N	f
\N	\N	\N	Seventh	\N	\N	\N	metaLabel:seventh	metaLabelDetail:098	\N	\N	\N	\N	\N	f
\N	\N	\N	Eighth	\N	\N	\N	metaLabel:eighth	metaLabelDetail:099	\N	\N	\N	\N	\N	f
\N	\N	\N	Self	\N	\N	\N	metaLabel:self	metaLabelDetail:100	\N	\N	\N	\N	\N	f
\N	\N	\N	Organ Donor	\N	\N	\N	metaLabel:organDonor	metaLabelDetail:101	\N	\N	\N	\N	\N	f
\N	\N	\N	Cadaver Donor	\N	\N	\N	metaLabel:cadaverDonor	metaLabelDetail:102	\N	\N	\N	\N	\N	f
\N	\N	\N	Appropriate Release of Info on File at Health Care Service Provider	\N	\N	\N	metaLabel:roiOnfileAtHCSP	metaLabelDetail:103	\N	\N	\N	\N	\N	f
\N	\N	\N	Informed Consent to Release Medical Info for Conditions or Diagnosis Regulated by Federal Statutes	\N	\N	\N	metaLabel:roiOnDiagnosis	metaLabelDetail:104	\N	\N	\N	\N	\N	f
\N	\N	\N	Provider has Limited or Restricted Ability to Release Data Related to Claim	\N	\N	\N	metaLabel:roiOnClaim	metaLabelDetail:105	\N	\N	\N	\N	\N	f
\N	\N	\N	On file at Payer or at Plan Sponsor	\N	\N	\N	metaLabel:roiOnPlan	metaLabelDetail:106	\N	\N	\N	\N	\N	f
\N	\N	\N	Yes, Provider has a signed statement permitting release of medical billing data related to claim	\N	\N	\N	metaLabel:roiOnBilling	metaLabelDetail:107	\N	\N	\N	\N	\N	f
\N	\N	\N	Active	\N	\N	\N	metaLabel:active	metaLabelDetail:108	\N	\N	\N	\N	\N	f
\N	\N	\N	None	\N	\N	\N	metaLabel:none	metaLabelDetail:109	\N	\N	\N	\N	\N	f
\N	\N	\N	Inactive	\N	\N	\N	metaLabel:inactive	metaLabelDetail:110	\N	\N	\N	\N	\N	f
\N	\N	\N	Pending	\N	\N	\N	metaLabel:pending	metaLabelDetail:111	\N	\N	\N	\N	\N	f
\N	\N	\N	Veteran	\N	\N	\N	metaLabel:veteran	metaLabelDetail:112	\N	\N	\N	\N	\N	f
\N	\N	\N	Mental Health	\N	\N	\N	metaLabel:mentalHealth	metaLabelDetail:113	\N	\N	\N	\N	\N	f
\N	\N	\N	Addiction	\N	\N	\N	metaLabel:addiction	metaLabelDetail:114	\N	\N	\N	\N	\N	f
\N	\N	\N	Business Address	\N	\N	\N	metaLabel:business	metaLabelDetail:115	\N	\N	\N	\N	\N	f
\N	\N	\N	Temporary Address	\N	\N	\N	metaLabel:temporary	metaLabelDetail:116	\N	\N	\N	\N	\N	f
\N	\N	\N	Bad Address	\N	\N	\N	metaLabel:badadd	metaLabelDetail:117	\N	\N	\N	\N	\N	f
\N	\N	\N	Bad Telephone Number	\N	\N	\N	metaLabel:badtele	metaLabelDetail:118	\N	\N	\N	\N	\N	f
\N	\N	\N	Other	\N	\N	\N	metaLabel:otherInsuranceComp	metaLabelDetail:119	\N	\N	\N	\N	\N	f
\N	\N	\N	Medicaid	\N	\N	\N	metaLabel:medicaid	metaLabelDetail:120	\N	\N	\N	\N	\N	f
\N	\N	\N	Medicare	\N	\N	\N	metaLabel:medicare	metaLabelDetail:121	\N	\N	\N	\N	\N	f
\N	\N	\N	Eye Surgery	\N	\N	\N	metaLabel:eyeSurgery	metaLabelDetail:122	\N	\N	\N	\N	\N	f
\N	\N	\N	Surgery	\N	\N	\N	metaLabel:surgery	metaLabelDetail:123	\N	\N	\N	\N	\N	f
\N	\N	\N	All	\N	\N	\N	metaLabel:all	metaLabelDetail:124	\N	\N	\N	\N	\N	f
\N	\N	\N	Approved	\N	\N	\N	metaLabel:approved	metaLabelDetail:125	\N	\N	\N	\N	\N	f
\N	\N	\N	Pre Approval	\N	\N	\N	metaLabel:preApproval	metaLabelDetail:126	\N	\N	\N	\N	\N	f
\N	\N	\N	In Process	\N	\N	\N	metaLabel:inProcess	metaLabelDetail:127	\N	\N	\N	\N	\N	f
\N	\N	\N	Batched	\N	\N	\N	metaLabel:batched	metaLabelDetail:128	\N	\N	\N	\N	\N	f
\N	\N	\N	Closed	\N	\N	\N	metaLabel:closed	metaLabelDetail:129	\N	\N	\N	\N	\N	f
\N	\N	\N	Open	\N	\N	\N	metaLabel:open	metaLabelDetail:1291	\N	\N	\N	\N	\N	f
\N	\N	\N	Pending	\N	\N	\N	metaLabel:pending	metaLabelDetail:130	\N	\N	\N	\N	\N	f
\N	\N	\N	Resubmit	\N	\N	\N	metaLabel:resubmit	metaLabelDetail:131	\N	\N	\N	\N	\N	f
\N	\N	\N	Cascaded	\N	\N	\N	metaLabel:cascaded	metaLabelDetail:132	\N	\N	\N	\N	\N	f
\N	\N	\N	Retracted	\N	\N	\N	metaLabel:retracted	metaLabelDetail:133	\N	\N	\N	\N	\N	f
\N	\N	\N	Arrived	\N	\N	\N	metaLabel:arrived	metaLabelDetail:134	\N	\N	\N	\N	\N	f
\N	\N	\N	Scheduled	\N	\N	\N	metaLabel:scheduled	metaLabelDetail:135	\N	\N	\N	\N	\N	f
\N	\N	\N	Cancelled	\N	\N	\N	metaLabel:cancelled	metaLabelDetail:136	\N	\N	\N	\N	\N	f
\N	\N	\N	No Show	\N	\N	\N	metaLabel:noShow	metaLabelDetail:137	\N	\N	\N	\N	\N	f
\N	\N	\N	Waiting	\N	\N	\N	metaLabel:waiting	metaLabelDetail:138	\N	\N	\N	\N	\N	f
\N	\N	\N	Sunday	\N	\N	\N	metaLabel:Sunday	metaLabelDetail:139	\N	\N	\N	\N	\N	f
\N	\N	\N	Monday	\N	\N	\N	metaLabel:Monday	metaLabelDetail:140	\N	\N	\N	\N	\N	f
\N	\N	\N	Tuesday	\N	\N	\N	metaLabel:Tuesday	metaLabelDetail:141	\N	\N	\N	\N	\N	f
\N	\N	\N	Wednesday	\N	\N	\N	metaLabel:Wednesday	metaLabelDetail:142	\N	\N	\N	\N	\N	f
\N	\N	\N	Thursday	\N	\N	\N	metaLabel:Thursday	metaLabelDetail:143	\N	\N	\N	\N	\N	f
\N	\N	\N	Friday	\N	\N	\N	metaLabel:Friday	metaLabelDetail:144	\N	\N	\N	\N	\N	f
\N	\N	\N	Saturday	\N	\N	\N	metaLabel:Saturday	metaLabelDetail:145	\N	\N	\N	\N	\N	f
\N	\N	\N	Walk-in Intake	\N	\N	\N	metaLabel:walkInIntake	metaLabelDetail:146	\N	\N	\N	\N	\N	f
\N	\N	\N	Scheduled Visit	\N	\N	\N	metaLabel:scheduledVisit	metaLabelDetail:147	\N	\N	\N	\N	\N	f
\N	\N	\N	In-patient	\N	\N	\N	metaLabel:inPatient	metaLabelDetail:148	\N	\N	\N	\N	\N	f
\N	\N	\N	Out-patient	\N	\N	\N	metaLabel:outPatient	metaLabelDetail:149	\N	\N	\N	\N	\N	f
\N	\N	\N	Same Day Surgery	\N	\N	\N	metaLabel:sameDaySurgery	metaLabelDetail:150	\N	\N	\N	\N	\N	f
\N	\N	\N	Day-off	\N	\N	\N	metaLabel:dayoff	metaLabelDetail:151	\N	\N	\N	\N	\N	f
\N	\N	\N	Short Leave	\N	\N	\N	metaLabel:shortleave	metaLabelDetail:152	\N	\N	\N	\N	\N	f
\N	\N	\N	Holiday	\N	\N	\N	metaLabel:holiday	metaLabelDetail:153	\N	\N	\N	\N	\N	f
\N	\N	\N	Amylase	\N	\N	\N	metaLabel:amylase	metaLabelDetail:154	\N	\N	\N	\N	\N	f
\N	\N	\N	ANA	\N	\N	\N	metaLabel:ANA	metaLabelDetail:155	\N	\N	\N	\N	\N	f
\N	\N	\N	aPTT (PTT)	\N	\N	\N	metaLabel:aPTT	metaLabelDetail:156	\N	\N	\N	\N	\N	f
\N	\N	\N	AIC (Hemoglobin A1C or Glycohemoglobin)	\N	\N	\N	metaLabel:AIC	metaLabelDetail:157	\N	\N	\N	\N	\N	f
\N	\N	\N	BMP (Basic Metabolic Panel)	\N	\N	\N	metaLabel:BMP	metaLabelDetail:158	\N	\N	\N	\N	\N	f
\N	\N	\N	CBC (Complete Blood Count)	\N	\N	\N	metaLabel:CBC	metaLabelDetail:159	\N	\N	\N	\N	\N	f
\N	\N	\N	CMP (Comprehensive Metabolic Panel)	\N	\N	\N	metaLabel:CMP	metaLabelDetail:160	\N	\N	\N	\N	\N	f
\N	\N	\N	Electrolytes (Electrolyte Panel)	\N	\N	\N	metaLabel:electrolytes	metaLabelDetail:161	\N	\N	\N	\N	\N	f
\N	\N	\N	ESR (Sedimentation Rate)	\N	\N	\N	metaLabel:ESR	metaLabelDetail:162	\N	\N	\N	\N	\N	f
\N	\N	\N	Flu Tests	\N	\N	\N	metaLabel:flutests	metaLabelDetail:163	\N	\N	\N	\N	\N	f
\N	\N	\N	Glucose	\N	\N	\N	metaLabel:glucose	metaLabelDetail:164	\N	\N	\N	\N	\N	f
\N	\N	\N	HCG	\N	\N	\N	metaLabel:HCG	metaLabelDetail:165	\N	\N	\N	\N	\N	f
\N	\N	\N	HIV Antibody	\N	\N	\N	metaLabel:HIVAntibody	metaLabelDetail:166	\N	\N	\N	\N	\N	f
\N	\N	\N	Lipid Profile	\N	\N	\N	metaLabel:lipidProfile	metaLabelDetail:167	\N	\N	\N	\N	\N	f
\N	\N	\N	Lyme Disease	\N	\N	\N	metaLabel:lymeDisease	metaLabelDetail:169	\N	\N	\N	\N	\N	f
\N	\N	\N	Microalbumin	\N	\N	\N	metaLabel:microalbumin	metaLabelDetail:170	\N	\N	\N	\N	\N	f
\N	\N	\N	Mono	\N	\N	\N	metaLabel:mono	metaLabelDetail:171	\N	\N	\N	\N	\N	f
\N	\N	\N	Pap Smear	\N	\N	\N	metaLabel:papSmear	metaLabelDetail:172	\N	\N	\N	\N	\N	f
\N	\N	\N	LymeBlood	\N	\N	\N	metaLabel:blood	metaLabelDetail:173	\N	\N	\N	\N	\N	f
\N	\N	\N	Serum	\N	\N	\N	metaLabel:serum	metaLabelDetail:174	\N	\N	\N	\N	\N	f
\N	\N	\N	Plasma	\N	\N	\N	metaLabel:plasma	metaLabelDetail:175	\N	\N	\N	\N	\N	f
\N	\N	\N	PapCerebrospinal fluid	\N	\N	\N	metaLabel:cerebrospinalFluid	metaLabelDetail:176	\N	\N	\N	\N	\N	f
\N	\N	\N	XYZ	\N	\N	\N	metaLabel:xyz	metaLabelDetail:177	\N	\N	\N	\N	\N	f
\N	\N	\N	mEq/L	\N	\N	\N	metaLabel:mEqL	metaLabelDetail:178	\N	\N	\N	\N	\N	f
\N	\N	\N	mg/dL	\N	\N	\N	metaLabel:mgdL	metaLabelDetail:179	\N	\N	\N	\N	\N	f
\N	\N	\N	Complete	\N	\N	\N	metaLabel:complete	metaLabelDetail:180	\N	\N	\N	\N	\N	f
\N	\N	\N	Incomplete	\N	\N	\N	metaLabel:inComplete	metaLabelDetail:181	\N	\N	\N	\N	\N	f
\N	\N	\N	Cancer	\N	\N	\N	metaLabel:cancer	metaLabelDetail:189	\N	\N	\N	\N	\N	f
\N	\N	\N	Heart Disease	\N	\N	\N	metaLabel:heartDisease	metaLabelDetail:190	\N	\N	\N	\N	\N	f
\N	\N	\N	Diabetes	\N	\N	\N	metaLabel:diabetes	metaLabelDetail:191	\N	\N	\N	\N	\N	f
\N	\N	\N	Stroke/TIA	\N	\N	\N	metaLabel:strokeTIA	metaLabelDetail:192	\N	\N	\N	\N	\N	f
\N	\N	\N	High Blood Pressure	\N	\N	\N	metaLabel:highBP	metaLabelDetail:193	\N	\N	\N	\N	\N	f
\N	\N	\N	High Cholesterol or Triglycerides	\N	\N	\N	metaLabel:highCholesterolOrTriglycerides	metaLabelDetail:194	\N	\N	\N	\N	\N	f
\N	\N	\N	Liver Disease	\N	\N	\N	metaLabel:liverDisease	metaLabelDetail:195	\N	\N	\N	\N	\N	f
\N	\N	\N	Alcohol or Drug Abuse	\N	\N	\N	metaLabel:alcoholOrDrugAbuse	metaLabelDetail:196	\N	\N	\N	\N	\N	f
\N	\N	\N	Anxiety, Depression or Psychiatric Illness	\N	\N	\N	metaLabel:anxietyEtc	metaLabelDetail:197	\N	\N	\N	\N	\N	f
\N	\N	\N	Tuberculosis	\N	\N	\N	metaLabel:tuberculosis	metaLabelDetail:198	\N	\N	\N	\N	\N	f
\N	\N	\N	Anesthesia Complications	\N	\N	\N	metaLabel:anesthesiaComplications	metaLabelDetail:199	\N	\N	\N	\N	\N	f
\N	\N	\N	Genetic Disorder	\N	\N	\N	metaLabel:geneticDisorder	metaLabelDetail:200	\N	\N	\N	\N	\N	f
\N	\N	\N	declined to specify	\N	\N	\N	metaLabel:declinedToSpecify	metaLabelDetail:201	\N	\N	\N	\N	\N	f
\N	\N	\N	Alive	\N	\N	\N	metaLabel:alive	metaLabelDetail:202	\N	\N	\N	\N	\N	f
\N	\N	\N	Deceased	\N	\N	\N	metaLabel:deceased	metaLabelDetail:203	\N	\N	\N	\N	\N	f
\N	\N	\N	No	\N	\N	\N	metaLabel:no	metaLabelDetail:204	\N	\N	\N	\N	\N	f
\N	\N	\N	Yes	\N	\N	\N	metaLabel:yes	metaLabelDetail:205	\N	\N	\N	\N	\N	f
\N	\N	\N	Daily	\N	\N	\N	metaLabel:daily	metaLabelDetail:206	\N	\N	\N	\N	\N	f
\N	\N	\N	Weekly	\N	\N	\N	metaLabel:weekly	metaLabelDetail:207	\N	\N	\N	\N	\N	f
\N	\N	\N	Monthly	\N	\N	\N	metaLabel:monthly	metaLabelDetail:208	\N	\N	\N	\N	\N	f
\N	\N	\N	Yearly	\N	\N	\N	metaLabel:yearly	metaLabelDetail:209	\N	\N	\N	\N	\N	f
\N	\N	\N	Every Weekday	\N	\N	\N	metaLabel:everyWeekday	metaLabelDetail:210	\N	\N	\N	\N	\N	f
\N	\N	\N	Wiley	\N	\N	\N	metaLabel:wiley	metaLabelDetail:211	\N	\N	\N	\N	\N	f
\N	\N	\N	Custom	\N	\N	\N	metaLabel:custom	metaLabelDetail:212	\N	\N	\N	\N	\N	f
\N	\N	\N	Form	\N	\N	\N	metaLabel:form	metaLabelDetail:213	\N	\N	\N	\N	\N	f
\N	\N	\N	Category	\N	\N	\N	metaLabel:category	metaLabelDetail:214	\N	\N	\N	\N	\N	f
\N	\N	\N	Answer	\N	\N	\N	metaLabel:answer	metaLabelDetail:215	\N	\N	\N	\N	\N	f
\N	\N	\N	Never	\N	\N	\N	metaLabel:never	metaLabelDetail:216	\N	\N	\N	\N	\N	f
\N	\N	\N	After Occurences	\N	\N	\N	metaLabel:afterOccurences	metaLabelDetail:217	\N	\N	\N	\N	\N	f
\N	\N	\N	On	\N	\N	\N	metaLabel:on	metaLabelDetail:218	\N	\N	\N	\N	\N	f
\N	\N	\N	Afar	\N	\N	\N	metaLabel:aar	metaLabelDetail:219	\N	\N	\N	\N	\N	f
\N	\N	\N	Abkhazian	\N	\N	\N	metaLabel:abk	metaLabelDetail:220	\N	\N	\N	\N	\N	f
\N	\N	\N	Afrikaans	\N	\N	\N	metaLabel:afr	metaLabelDetail:221	\N	\N	\N	\N	\N	f
\N	\N	\N	Akan	\N	\N	\N	metaLabel:aka	metaLabelDetail:222	\N	\N	\N	\N	\N	f
\N	\N	\N	Albanian	\N	\N	\N	metaLabel:sqi	metaLabelDetail:223	\N	\N	\N	\N	\N	f
\N	\N	\N	Amharic	\N	\N	\N	metaLabel:amh	metaLabelDetail:224	\N	\N	\N	\N	\N	f
\N	\N	\N	Arabic	\N	\N	\N	metaLabel:ara	metaLabelDetail:225	\N	\N	\N	\N	\N	f
\N	\N	\N	Aragonese	\N	\N	\N	metaLabel:arg	metaLabelDetail:226	\N	\N	\N	\N	\N	f
\N	\N	\N	Armenian	\N	\N	\N	metaLabel:hye	metaLabelDetail:227	\N	\N	\N	\N	\N	f
\N	\N	\N	Assamese	\N	\N	\N	metaLabel:asm	metaLabelDetail:228	\N	\N	\N	\N	\N	f
\N	\N	\N	Avaric	\N	\N	\N	metaLabel:ava	metaLabelDetail:229	\N	\N	\N	\N	\N	f
\N	\N	\N	Avestan	\N	\N	\N	metaLabel:ave	metaLabelDetail:230	\N	\N	\N	\N	\N	f
\N	\N	\N	Aymara	\N	\N	\N	metaLabel:aym	metaLabelDetail:231	\N	\N	\N	\N	\N	f
\N	\N	\N	Azerbaijani	\N	\N	\N	metaLabel:aze	metaLabelDetail:232	\N	\N	\N	\N	\N	f
\N	\N	\N	Bashkir	\N	\N	\N	metaLabel:bak	metaLabelDetail:233	\N	\N	\N	\N	\N	f
\N	\N	\N	Bambara	\N	\N	\N	metaLabel:bam	metaLabelDetail:234	\N	\N	\N	\N	\N	f
\N	\N	\N	Basque	\N	\N	\N	metaLabel:eus	metaLabelDetail:235	\N	\N	\N	\N	\N	f
\N	\N	\N	Belarusian	\N	\N	\N	metaLabel:bel	metaLabelDetail:236	\N	\N	\N	\N	\N	f
\N	\N	\N	Bengali	\N	\N	\N	metaLabel:ben	metaLabelDetail:237	\N	\N	\N	\N	\N	f
\N	\N	\N	Bihari languages	\N	\N	\N	metaLabel:bih	metaLabelDetail:238	\N	\N	\N	\N	\N	f
\N	\N	\N	Bislama	\N	\N	\N	metaLabel:bis	metaLabelDetail:239	\N	\N	\N	\N	\N	f
\N	\N	\N	Bosnian	\N	\N	\N	metaLabel:bos	metaLabelDetail:240	\N	\N	\N	\N	\N	f
\N	\N	\N	Breton	\N	\N	\N	metaLabel:bre	metaLabelDetail:241	\N	\N	\N	\N	\N	f
\N	\N	\N	Bulgarian	\N	\N	\N	metaLabel:bul	metaLabelDetail:242	\N	\N	\N	\N	\N	f
\N	\N	\N	Burmese	\N	\N	\N	metaLabel:mya	metaLabelDetail:243	\N	\N	\N	\N	\N	f
\N	\N	\N	Catalan,Valencian	\N	\N	\N	metaLabel:cat	metaLabelDetail:244	\N	\N	\N	\N	\N	f
\N	\N	\N	Chamorro	\N	\N	\N	metaLabel:cha	metaLabelDetail:245	\N	\N	\N	\N	\N	f
\N	\N	\N	Chechen	\N	\N	\N	metaLabel:che	metaLabelDetail:246	\N	\N	\N	\N	\N	f
\N	\N	\N	Chinese	\N	\N	\N	metaLabel:zho	metaLabelDetail:247	\N	\N	\N	\N	\N	f
\N	\N	\N	Church Slavic,Old Slavonic,Church Slavonic,Old Bulgarian,Old Church Slavonic	\N	\N	\N	metaLabel:chu	metaLabelDetail:248	\N	\N	\N	\N	\N	f
\N	\N	\N	Chuvash	\N	\N	\N	metaLabel:chv	metaLabelDetail:249	\N	\N	\N	\N	\N	f
\N	\N	\N	Cornish	\N	\N	\N	metaLabel:cor	metaLabelDetail:250	\N	\N	\N	\N	\N	f
\N	\N	\N	Corsican	\N	\N	\N	metaLabel:cos	metaLabelDetail:251	\N	\N	\N	\N	\N	f
\N	\N	\N	Cree	\N	\N	\N	metaLabel:cre	metaLabelDetail:252	\N	\N	\N	\N	\N	f
\N	\N	\N	Czech	\N	\N	\N	metaLabel:ces	metaLabelDetail:253	\N	\N	\N	\N	\N	f
\N	\N	\N	Danish	\N	\N	\N	metaLabel:dan	metaLabelDetail:254	\N	\N	\N	\N	\N	f
\N	\N	\N	Divehi,Dhivehi,Maldivian	\N	\N	\N	metaLabel:div	metaLabelDetail:255	\N	\N	\N	\N	\N	f
\N	\N	\N	Dutch,Flemish	\N	\N	\N	metaLabel:nld	metaLabelDetail:256	\N	\N	\N	\N	\N	f
\N	\N	\N	Dzongkha	\N	\N	\N	metaLabel:dzo	metaLabelDetail:257	\N	\N	\N	\N	\N	f
\N	\N	\N	English	\N	\N	\N	metaLabel:eng	metaLabelDetail:258	\N	\N	\N	\N	\N	f
\N	\N	\N	Esperanto	\N	\N	\N	metaLabel:epo	metaLabelDetail:259	\N	\N	\N	\N	\N	f
\N	\N	\N	Estonian	\N	\N	\N	metaLabel:est	metaLabelDetail:260	\N	\N	\N	\N	\N	f
\N	\N	\N	Ewe	\N	\N	\N	metaLabel:ewe	metaLabelDetail:261	\N	\N	\N	\N	\N	f
\N	\N	\N	Faroese	\N	\N	\N	metaLabel:fao	metaLabelDetail:262	\N	\N	\N	\N	\N	f
\N	\N	\N	Fijian	\N	\N	\N	metaLabel:fij	metaLabelDetail:263	\N	\N	\N	\N	\N	f
\N	\N	\N	Finnish	\N	\N	\N	metaLabel:fin	metaLabelDetail:264	\N	\N	\N	\N	\N	f
\N	\N	\N	French	\N	\N	\N	metaLabel:fra	metaLabelDetail:265	\N	\N	\N	\N	\N	f
\N	\N	\N	Western Frisian	\N	\N	\N	metaLabel:fry	metaLabelDetail:266	\N	\N	\N	\N	\N	f
\N	\N	\N	Fulah	\N	\N	\N	metaLabel:ful	metaLabelDetail:267	\N	\N	\N	\N	\N	f
\N	\N	\N	Georgian	\N	\N	\N	metaLabel:kat	metaLabelDetail:268	\N	\N	\N	\N	\N	f
\N	\N	\N	German	\N	\N	\N	metaLabel:deu	metaLabelDetail:269	\N	\N	\N	\N	\N	f
\N	\N	\N	Gaelic,Scottish Gaelic	\N	\N	\N	metaLabel:gla	metaLabelDetail:270	\N	\N	\N	\N	\N	f
\N	\N	\N	Irish	\N	\N	\N	metaLabel:gle	metaLabelDetail:271	\N	\N	\N	\N	\N	f
\N	\N	\N	Galician	\N	\N	\N	metaLabel:glg	metaLabelDetail:272	\N	\N	\N	\N	\N	f
\N	\N	\N	Manx	\N	\N	\N	metaLabel:glv	metaLabelDetail:273	\N	\N	\N	\N	\N	f
\N	\N	\N	Greek, Modern (1453-)	\N	\N	\N	metaLabel:ell	metaLabelDetail:274	\N	\N	\N	\N	\N	f
\N	\N	\N	Guarani	\N	\N	\N	metaLabel:grn	metaLabelDetail:275	\N	\N	\N	\N	\N	f
\N	\N	\N	Gujarati	\N	\N	\N	metaLabel:guj	metaLabelDetail:276	\N	\N	\N	\N	\N	f
\N	\N	\N	Haitian,Haitian Creole	\N	\N	\N	metaLabel:hat	metaLabelDetail:277	\N	\N	\N	\N	\N	f
\N	\N	\N	Hausa	\N	\N	\N	metaLabel:hau	metaLabelDetail:278	\N	\N	\N	\N	\N	f
\N	\N	\N	Hebrew	\N	\N	\N	metaLabel:heb	metaLabelDetail:279	\N	\N	\N	\N	\N	f
\N	\N	\N	Herero	\N	\N	\N	metaLabel:her	metaLabelDetail:280	\N	\N	\N	\N	\N	f
\N	\N	\N	Hindi	\N	\N	\N	metaLabel:hin	metaLabelDetail:281	\N	\N	\N	\N	\N	f
\N	\N	\N	Hiri Motu	\N	\N	\N	metaLabel:hmo	metaLabelDetail:282	\N	\N	\N	\N	\N	f
\N	\N	\N	Croatian	\N	\N	\N	metaLabel:hrv	metaLabelDetail:283	\N	\N	\N	\N	\N	f
\N	\N	\N	Hungarian	\N	\N	\N	metaLabel:hun	metaLabelDetail:284	\N	\N	\N	\N	\N	f
\N	\N	\N	Igbo	\N	\N	\N	metaLabel:ibo	metaLabelDetail:285	\N	\N	\N	\N	\N	f
\N	\N	\N	Icelandic	\N	\N	\N	metaLabel:isl	metaLabelDetail:286	\N	\N	\N	\N	\N	f
\N	\N	\N	Ido	\N	\N	\N	metaLabel:ido	metaLabelDetail:287	\N	\N	\N	\N	\N	f
\N	\N	\N	Sichuan Yi,Nuosu	\N	\N	\N	metaLabel:iii	metaLabelDetail:288	\N	\N	\N	\N	\N	f
\N	\N	\N	Inuktitut	\N	\N	\N	metaLabel:iku	metaLabelDetail:289	\N	\N	\N	\N	\N	f
\N	\N	\N	Interlingue,Occidental	\N	\N	\N	metaLabel:ile	metaLabelDetail:290	\N	\N	\N	\N	\N	f
\N	\N	\N	Interlingua (International Auxiliary Language Association)	\N	\N	\N	metaLabel:ina	metaLabelDetail:291	\N	\N	\N	\N	\N	f
\N	\N	\N	Indonesian	\N	\N	\N	metaLabel:ind	metaLabelDetail:292	\N	\N	\N	\N	\N	f
\N	\N	\N	Inupiaq	\N	\N	\N	metaLabel:ipk	metaLabelDetail:293	\N	\N	\N	\N	\N	f
\N	\N	\N	Italian	\N	\N	\N	metaLabel:ita	metaLabelDetail:294	\N	\N	\N	\N	\N	f
\N	\N	\N	Javanese	\N	\N	\N	metaLabel:jav	metaLabelDetail:295	\N	\N	\N	\N	\N	f
\N	\N	\N	Japanese	\N	\N	\N	metaLabel:jpn	metaLabelDetail:296	\N	\N	\N	\N	\N	f
\N	\N	\N	Kalaallisut,Greenlandic	\N	\N	\N	metaLabel:kal	metaLabelDetail:297	\N	\N	\N	\N	\N	f
\N	\N	\N	Kannada	\N	\N	\N	metaLabel:kan	metaLabelDetail:298	\N	\N	\N	\N	\N	f
\N	\N	\N	Kashmiri	\N	\N	\N	metaLabel:kas	metaLabelDetail:299	\N	\N	\N	\N	\N	f
\N	\N	\N	Kanuri	\N	\N	\N	metaLabel:kau	metaLabelDetail:300	\N	\N	\N	\N	\N	f
\N	\N	\N	Kazakh	\N	\N	\N	metaLabel:kaz	metaLabelDetail:301	\N	\N	\N	\N	\N	f
\N	\N	\N	Central Khmer	\N	\N	\N	metaLabel:khm	metaLabelDetail:302	\N	\N	\N	\N	\N	f
\N	\N	\N	Kikuyu,Gikuyu	\N	\N	\N	metaLabel:kik	metaLabelDetail:303	\N	\N	\N	\N	\N	f
\N	\N	\N	Kinyarwanda	\N	\N	\N	metaLabel:kin	metaLabelDetail:304	\N	\N	\N	\N	\N	f
\N	\N	\N	Kirghiz,Kyrgyz	\N	\N	\N	metaLabel:kir	metaLabelDetail:305	\N	\N	\N	\N	\N	f
\N	\N	\N	Komi	\N	\N	\N	metaLabel:kom	metaLabelDetail:306	\N	\N	\N	\N	\N	f
\N	\N	\N	Kongo	\N	\N	\N	metaLabel:kon	metaLabelDetail:307	\N	\N	\N	\N	\N	f
\N	\N	\N	Korean	\N	\N	\N	metaLabel:kor	metaLabelDetail:308	\N	\N	\N	\N	\N	f
\N	\N	\N	Kuanyama,Kwanyama	\N	\N	\N	metaLabel:kua	metaLabelDetail:309	\N	\N	\N	\N	\N	f
\N	\N	\N	Kurdish	\N	\N	\N	metaLabel:kur	metaLabelDetail:310	\N	\N	\N	\N	\N	f
\N	\N	\N	Lao	\N	\N	\N	metaLabel:lao	metaLabelDetail:311	\N	\N	\N	\N	\N	f
\N	\N	\N	Latin	\N	\N	\N	metaLabel:lat	metaLabelDetail:312	\N	\N	\N	\N	\N	f
\N	\N	\N	Latvian	\N	\N	\N	metaLabel:lav	metaLabelDetail:313	\N	\N	\N	\N	\N	f
\N	\N	\N	Limburgan,Limburger,Limburgish	\N	\N	\N	metaLabel:lim	metaLabelDetail:314	\N	\N	\N	\N	\N	f
\N	\N	\N	Lingala	\N	\N	\N	metaLabel:lin	metaLabelDetail:315	\N	\N	\N	\N	\N	f
\N	\N	\N	Lithuanian	\N	\N	\N	metaLabel:lit	metaLabelDetail:316	\N	\N	\N	\N	\N	f
\N	\N	\N	Luxembourgish,Letzeburgesch	\N	\N	\N	metaLabel:ltz	metaLabelDetail:317	\N	\N	\N	\N	\N	f
\N	\N	\N	Luba-Katanga	\N	\N	\N	metaLabel:lub	metaLabelDetail:318	\N	\N	\N	\N	\N	f
\N	\N	\N	Ganda	\N	\N	\N	metaLabel:lug	metaLabelDetail:319	\N	\N	\N	\N	\N	f
\N	\N	\N	Macedonian	\N	\N	\N	metaLabel:mkd	metaLabelDetail:320	\N	\N	\N	\N	\N	f
\N	\N	\N	Marshallese	\N	\N	\N	metaLabel:mah	metaLabelDetail:321	\N	\N	\N	\N	\N	f
\N	\N	\N	Malayalam	\N	\N	\N	metaLabel:mal	metaLabelDetail:322	\N	\N	\N	\N	\N	f
\N	\N	\N	Maori	\N	\N	\N	metaLabel:mri	metaLabelDetail:323	\N	\N	\N	\N	\N	f
\N	\N	\N	Marathi	\N	\N	\N	metaLabel:mar	metaLabelDetail:324	\N	\N	\N	\N	\N	f
\N	\N	\N	Malay	\N	\N	\N	metaLabel:msa	metaLabelDetail:325	\N	\N	\N	\N	\N	f
\N	\N	\N	Malagasy	\N	\N	\N	metaLabel:mlg	metaLabelDetail:326	\N	\N	\N	\N	\N	f
\N	\N	\N	Maltese	\N	\N	\N	metaLabel:mlt	metaLabelDetail:327	\N	\N	\N	\N	\N	f
\N	\N	\N	Mongolian	\N	\N	\N	metaLabel:mon	metaLabelDetail:328	\N	\N	\N	\N	\N	f
\N	\N	\N	Nauru	\N	\N	\N	metaLabel:nau	metaLabelDetail:329	\N	\N	\N	\N	\N	f
\N	\N	\N	Navajo,Navaho	\N	\N	\N	metaLabel:nav	metaLabelDetail:330	\N	\N	\N	\N	\N	f
\N	\N	\N	Ndebele, South,South Ndebele	\N	\N	\N	metaLabel:nbl	metaLabelDetail:331	\N	\N	\N	\N	\N	f
\N	\N	\N	Ndebele, North,North Ndebele	\N	\N	\N	metaLabel:nde	metaLabelDetail:332	\N	\N	\N	\N	\N	f
\N	\N	\N	Ndonga	\N	\N	\N	metaLabel:ndo	metaLabelDetail:333	\N	\N	\N	\N	\N	f
\N	\N	\N	Nepali	\N	\N	\N	metaLabel:nep	metaLabelDetail:334	\N	\N	\N	\N	\N	f
\N	\N	\N	Norwegian Nynorsk,Nynorsk, Norwegian	\N	\N	\N	metaLabel:nno	metaLabelDetail:335	\N	\N	\N	\N	\N	f
\N	\N	\N	Bokml, Norwegian,Norwegian Bokml	\N	\N	\N	metaLabel:nob	metaLabelDetail:336	\N	\N	\N	\N	\N	f
\N	\N	\N	Norwegian	\N	\N	\N	metaLabel:nor	metaLabelDetail:337	\N	\N	\N	\N	\N	f
\N	\N	\N	Chichewa,Chewa,Nyanja	\N	\N	\N	metaLabel:nya	metaLabelDetail:338	\N	\N	\N	\N	\N	f
\N	\N	\N	Occitan (post 1500)	\N	\N	\N	metaLabel:oci	metaLabelDetail:339	\N	\N	\N	\N	\N	f
\N	\N	\N	Ojibwa	\N	\N	\N	metaLabel:oji	metaLabelDetail:340	\N	\N	\N	\N	\N	f
\N	\N	\N	Oriya	\N	\N	\N	metaLabel:ori	metaLabelDetail:341	\N	\N	\N	\N	\N	f
\N	\N	\N	Oromo	\N	\N	\N	metaLabel:orm	metaLabelDetail:342	\N	\N	\N	\N	\N	f
\N	\N	\N	Ossetian,Ossetic	\N	\N	\N	metaLabel:oss	metaLabelDetail:343	\N	\N	\N	\N	\N	f
\N	\N	\N	Panjabi,Punjabi	\N	\N	\N	metaLabel:pan	metaLabelDetail:344	\N	\N	\N	\N	\N	f
\N	\N	\N	Persian	\N	\N	\N	metaLabel:fas	metaLabelDetail:345	\N	\N	\N	\N	\N	f
\N	\N	\N	Pali	\N	\N	\N	metaLabel:pli	metaLabelDetail:346	\N	\N	\N	\N	\N	f
\N	\N	\N	Polish	\N	\N	\N	metaLabel:pol	metaLabelDetail:347	\N	\N	\N	\N	\N	f
\N	\N	\N	Portuguese	\N	\N	\N	metaLabel:por	metaLabelDetail:348	\N	\N	\N	\N	\N	f
\N	\N	\N	Pushto,Pashto	\N	\N	\N	metaLabel:pus	metaLabelDetail:349	\N	\N	\N	\N	\N	f
\N	\N	\N	Quechua	\N	\N	\N	metaLabel:que	metaLabelDetail:350	\N	\N	\N	\N	\N	f
\N	\N	\N	Romansh	\N	\N	\N	metaLabel:roh	metaLabelDetail:351	\N	\N	\N	\N	\N	f
\N	\N	\N	Romanian,Moldavian,Moldovan	\N	\N	\N	metaLabel:ron	metaLabelDetail:352	\N	\N	\N	\N	\N	f
\N	\N	\N	Rundi	\N	\N	\N	metaLabel:run	metaLabelDetail:353	\N	\N	\N	\N	\N	f
\N	\N	\N	Russian	\N	\N	\N	metaLabel:rus	metaLabelDetail:354	\N	\N	\N	\N	\N	f
\N	\N	\N	Sango	\N	\N	\N	metaLabel:sag	metaLabelDetail:355	\N	\N	\N	\N	\N	f
\N	\N	\N	Sanskrit	\N	\N	\N	metaLabel:san	metaLabelDetail:356	\N	\N	\N	\N	\N	f
\N	\N	\N	Sinhala,Sinhalese	\N	\N	\N	metaLabel:sin	metaLabelDetail:357	\N	\N	\N	\N	\N	f
\N	\N	\N	Slovak	\N	\N	\N	metaLabel:slk	metaLabelDetail:358	\N	\N	\N	\N	\N	f
\N	\N	\N	Slovenian	\N	\N	\N	metaLabel:slv	metaLabelDetail:359	\N	\N	\N	\N	\N	f
\N	\N	\N	Northern Sami	\N	\N	\N	metaLabel:sme	metaLabelDetail:360	\N	\N	\N	\N	\N	f
\N	\N	\N	Samoan	\N	\N	\N	metaLabel:smo	metaLabelDetail:361	\N	\N	\N	\N	\N	f
\N	\N	\N	Shona	\N	\N	\N	metaLabel:sna	metaLabelDetail:362	\N	\N	\N	\N	\N	f
\N	\N	\N	Sindhi	\N	\N	\N	metaLabel:snd	metaLabelDetail:363	\N	\N	\N	\N	\N	f
\N	\N	\N	Somali	\N	\N	\N	metaLabel:som	metaLabelDetail:364	\N	\N	\N	\N	\N	f
\N	\N	\N	Sotho, Southern	\N	\N	\N	metaLabel:sot	metaLabelDetail:365	\N	\N	\N	\N	\N	f
\N	\N	\N	Spanish,Castilian	\N	\N	\N	metaLabel:spa	metaLabelDetail:366	\N	\N	\N	\N	\N	f
\N	\N	\N	Sardinian	\N	\N	\N	metaLabel:srd	metaLabelDetail:367	\N	\N	\N	\N	\N	f
\N	\N	\N	Serbian	\N	\N	\N	metaLabel:srp	metaLabelDetail:368	\N	\N	\N	\N	\N	f
\N	\N	\N	Swati	\N	\N	\N	metaLabel:ssw	metaLabelDetail:369	\N	\N	\N	\N	\N	f
\N	\N	\N	Sundanese	\N	\N	\N	metaLabel:sun	metaLabelDetail:370	\N	\N	\N	\N	\N	f
\N	\N	\N	Swahili	\N	\N	\N	metaLabel:swa	metaLabelDetail:371	\N	\N	\N	\N	\N	f
\N	\N	\N	Swedish	\N	\N	\N	metaLabel:swe	metaLabelDetail:372	\N	\N	\N	\N	\N	f
\N	\N	\N	Tahitian	\N	\N	\N	metaLabel:tah	metaLabelDetail:373	\N	\N	\N	\N	\N	f
\N	\N	\N	Tamil	\N	\N	\N	metaLabel:tam	metaLabelDetail:374	\N	\N	\N	\N	\N	f
\N	\N	\N	Tatar	\N	\N	\N	metaLabel:tat	metaLabelDetail:375	\N	\N	\N	\N	\N	f
\N	\N	\N	Telugu	\N	\N	\N	metaLabel:tel	metaLabelDetail:376	\N	\N	\N	\N	\N	f
\N	\N	\N	Tajik	\N	\N	\N	metaLabel:tgk	metaLabelDetail:377	\N	\N	\N	\N	\N	f
\N	\N	\N	Tagalog	\N	\N	\N	metaLabel:tgl	metaLabelDetail:378	\N	\N	\N	\N	\N	f
\N	\N	\N	Thai	\N	\N	\N	metaLabel:tha	metaLabelDetail:379	\N	\N	\N	\N	\N	f
\N	\N	\N	Tibetan	\N	\N	\N	metaLabel:bod	metaLabelDetail:380	\N	\N	\N	\N	\N	f
\N	\N	\N	Tigrinya	\N	\N	\N	metaLabel:tir	metaLabelDetail:381	\N	\N	\N	\N	\N	f
\N	\N	\N	Tonga (Tonga Islands)	\N	\N	\N	metaLabel:ton	metaLabelDetail:382	\N	\N	\N	\N	\N	f
\N	\N	\N	Tswana	\N	\N	\N	metaLabel:tsn	metaLabelDetail:383	\N	\N	\N	\N	\N	f
\N	\N	\N	Tsonga	\N	\N	\N	metaLabel:tso	metaLabelDetail:384	\N	\N	\N	\N	\N	f
\N	\N	\N	Turkmen	\N	\N	\N	metaLabel:tuk	metaLabelDetail:385	\N	\N	\N	\N	\N	f
\N	\N	\N	Turkish	\N	\N	\N	metaLabel:tur	metaLabelDetail:386	\N	\N	\N	\N	\N	f
\N	\N	\N	Twi	\N	\N	\N	metaLabel:twi	metaLabelDetail:387	\N	\N	\N	\N	\N	f
\N	\N	\N	Uighur,Uyghur	\N	\N	\N	metaLabel:uig	metaLabelDetail:388	\N	\N	\N	\N	\N	f
\N	\N	\N	Ukrainian	\N	\N	\N	metaLabel:ukr	metaLabelDetail:389	\N	\N	\N	\N	\N	f
\N	\N	\N	Urdu	\N	\N	\N	metaLabel:urd	metaLabelDetail:390	\N	\N	\N	\N	\N	f
\N	\N	\N	Uzbek	\N	\N	\N	metaLabel:uzb	metaLabelDetail:391	\N	\N	\N	\N	\N	f
\N	\N	\N	Venda	\N	\N	\N	metaLabel:ven	metaLabelDetail:392	\N	\N	\N	\N	\N	f
\N	\N	\N	Vietnamese	\N	\N	\N	metaLabel:vie	metaLabelDetail:393	\N	\N	\N	\N	\N	f
\N	\N	\N	Volapk	\N	\N	\N	metaLabel:vol	metaLabelDetail:394	\N	\N	\N	\N	\N	f
\N	\N	\N	Welsh	\N	\N	\N	metaLabel:cym	metaLabelDetail:395	\N	\N	\N	\N	\N	f
\N	\N	\N	Walloon	\N	\N	\N	metaLabel:wln	metaLabelDetail:396	\N	\N	\N	\N	\N	f
\N	\N	\N	Wolof	\N	\N	\N	metaLabel:wol	metaLabelDetail:397	\N	\N	\N	\N	\N	f
\N	\N	\N	Xhosa	\N	\N	\N	metaLabel:xho	metaLabelDetail:398	\N	\N	\N	\N	\N	f
\N	\N	\N	Yiddish	\N	\N	\N	metaLabel:yid	metaLabelDetail:399	\N	\N	\N	\N	\N	f
\N	\N	\N	Yoruba	\N	\N	\N	metaLabel:yor	metaLabelDetail:400	\N	\N	\N	\N	\N	f
\N	\N	\N	Zhuang,Chuang	\N	\N	\N	metaLabel:zha	metaLabelDetail:401	\N	\N	\N	\N	\N	f
\N	\N	\N	Zulu	\N	\N	\N	metaLabel:zul	metaLabelDetail:402	\N	\N	\N	\N	\N	f
\N	\N	\N	declined to provide	\N	\N	\N	metaLabel:declinedToProvide	metaLabelDetail:403	\N	\N	\N	\N	\N	f
\N	\N	\N	Owns home	\N	\N	\N	metaLabel:ownsHome	metaLabelDetail:404	\N	\N	\N	\N	\N	f
\N	\N	\N	Rents home	\N	\N	\N	metaLabel:rentsHome	metaLabelDetail:405	\N	\N	\N	\N	\N	f
\N	\N	\N	Lives with roommates	\N	\N	\N	metaLabel:livesWithRoommates	metaLabelDetail:406	\N	\N	\N	\N	\N	f
\N	\N	\N	Lives with family	\N	\N	\N	metaLabel:livesWithFamily	metaLabelDetail:407	\N	\N	\N	\N	\N	f
\N	\N	\N	Day of Month	\N	\N	\N	metaLabel:dayOfMonth	metaLabelDetail:408	\N	\N	\N	\N	\N	f
\N	\N	\N	Day of Week	\N	\N	\N	metaLabel:monthlyDayOfWeek	metaLabelDetail:409	\N	\N	\N	\N	\N	f
\N	\N	\N	Hospital	\N	\N	\N	metaLabel:hospital	metaLabelDetail:410	\N	\N	\N	\N	\N	f
\N	\N	\N	Driver License	\N	\N	\N	metaLabel:driverLicence	metaLabelDetail:411	\N	\N	\N	\N	\N	f
\N	\N	\N	Passport Number	\N	\N	\N	metaLabel:passportNumber	metaLabelDetail:412	\N	\N	\N	\N	\N	f
\N	\N	\N	Any Patients	\N	\N	\N	metaLabel:anyPatients	metaLabelDetail:413	\N	\N	\N	\N	\N	f
\N	\N	\N	Any Providers	\N	\N	\N	metaLabel:anyProviders	metaLabelDetail:414	\N	\N	\N	\N	\N	f
\N	\N	\N	Specific Patients	\N	\N	\N	metaLabel:specificPatients	metaLabelDetail:415	\N	\N	\N	\N	\N	f
\N	\N	\N	Specific Providers	\N	\N	\N	metaLabel:specificProviders	metaLabelDetail:416	\N	\N	\N	\N	\N	f
\N	\N	\N	Program	\N	\N	\N	metaLabel:program	metaLabelDetail:417	\N	\N	\N	\N	\N	f
\N	\N	\N	Patient	\N	\N	\N	metaLabel:patient	metaLabelDetail:418	\N	\N	\N	\N	\N	f
\N	\N	\N	Employee	\N	\N	\N	metaLabel:employee	metaLabelDetail:419	\N	\N	\N	\N	\N	f
\N	\N	\N	Lab	\N	\N	\N	metaLabel:lab	metaLabelDetail:420	\N	\N	\N	\N	\N	f
\N	\N	\N	Radiology	\N	\N	\N	metaLabel:radiology	metaLabelDetail:421	\N	\N	\N	\N	\N	f
\N	\N	\N	Adoptive father	\N	\N	\N	metaLabel:adoptive father	metaLabelDetail:422	\N	\N	\N	\N	\N	f
\N	\N	\N	Adoptive mother	\N	\N	\N	metaLabel:adoptive mother	metaLabelDetail:423	\N	\N	\N	\N	\N	f
\N	\N	\N	Adoptive parent	\N	\N	\N	metaLabel:adoptive parent	metaLabelDetail:424	\N	\N	\N	\N	\N	f
\N	\N	\N	Aunt	\N	\N	\N	metaLabel:aunt	metaLabelDetail:425	\N	\N	\N	\N	\N	f
\N	\N	\N	Brother	\N	\N	\N	metaLabel:brother	metaLabelDetail:426	\N	\N	\N	\N	\N	f
\N	\N	\N	Brother-in-law	\N	\N	\N	metaLabel:brother-in-law	metaLabelDetail:427	\N	\N	\N	\N	\N	f
\N	\N	\N	Child	\N	\N	\N	metaLabel:child	metaLabelDetail:428	\N	\N	\N	\N	\N	f
\N	\N	\N	Adopted child	\N	\N	\N	metaLabel:adopted child	metaLabelDetail:429	\N	\N	\N	\N	\N	f
\N	\N	\N	Foster child	\N	\N	\N	metaLabel:foster child	metaLabelDetail:430	\N	\N	\N	\N	\N	f
\N	\N	\N	Child-in-law	\N	\N	\N	metaLabel:child-in-law	metaLabelDetail:431	\N	\N	\N	\N	\N	f
\N	\N	\N	Cousin	\N	\N	\N	metaLabel:cousin	metaLabelDetail:432	\N	\N	\N	\N	\N	f
\N	\N	\N	Natural daughter	\N	\N	\N	metaLabel:natural daughter	metaLabelDetail:433	\N	\N	\N	\N	\N	f
\N	\N	\N	Adopted daughter	\N	\N	\N	metaLabel:adopted daughter	metaLabelDetail:434	\N	\N	\N	\N	\N	f
\N	\N	\N	Daughter	\N	\N	\N	metaLabel:daughter	metaLabelDetail:435	\N	\N	\N	\N	\N	f
\N	\N	\N	Foster daughter	\N	\N	\N	metaLabel:foster daughter	metaLabelDetail:436	\N	\N	\N	\N	\N	f
\N	\N	\N	Daughter in-law	\N	\N	\N	metaLabel:daughter in-law	metaLabelDetail:437	\N	\N	\N	\N	\N	f
\N	\N	\N	Domestic partner	\N	\N	\N	metaLabel:domestic partner	metaLabelDetail:438	\N	\N	\N	\N	\N	f
\N	\N	\N	Extended family member	\N	\N	\N	metaLabel:extended family member	metaLabelDetail:439	\N	\N	\N	\N	\N	f
\N	\N	\N	Family member	\N	\N	\N	metaLabel:family member	metaLabelDetail:440	\N	\N	\N	\N	\N	f
\N	\N	\N	Father	\N	\N	\N	metaLabel:father	metaLabelDetail:441	\N	\N	\N	\N	\N	f
\N	\N	\N	Foster father	\N	\N	\N	metaLabel:foster father	metaLabelDetail:442	\N	\N	\N	\N	\N	f
\N	\N	\N	Father-in-law	\N	\N	\N	metaLabel:father-in-law	metaLabelDetail:443	\N	\N	\N	\N	\N	f
\N	\N	\N	Fraternal twin	\N	\N	\N	metaLabel:fraternal twin	metaLabelDetail:444	\N	\N	\N	\N	\N	f
\N	\N	\N	Fraternal twin brother	\N	\N	\N	metaLabel:fraternal twin brother	metaLabelDetail:445	\N	\N	\N	\N	\N	f
\N	\N	\N	Fraternal twin sister	\N	\N	\N	metaLabel:fraternal twin sister	metaLabelDetail:446	\N	\N	\N	\N	\N	f
\N	\N	\N	Gestational mother	\N	\N	\N	metaLabel:gestational mother	metaLabelDetail:447	\N	\N	\N	\N	\N	f
\N	\N	\N	Great grandfather	\N	\N	\N	metaLabel:great grandfather	metaLabelDetail:448	\N	\N	\N	\N	\N	f
\N	\N	\N	Great grandmother	\N	\N	\N	metaLabel:great grandmother	metaLabelDetail:449	\N	\N	\N	\N	\N	f
\N	\N	\N	Great grandparent	\N	\N	\N	metaLabel:great grandparent	metaLabelDetail:450	\N	\N	\N	\N	\N	f
\N	\N	\N	Grandfather	\N	\N	\N	metaLabel:grandfather	metaLabelDetail:451	\N	\N	\N	\N	\N	f
\N	\N	\N	Grandmother	\N	\N	\N	metaLabel:grandmother	metaLabelDetail:452	\N	\N	\N	\N	\N	f
\N	\N	\N	Grandchild	\N	\N	\N	metaLabel:grandchild	metaLabelDetail:453	\N	\N	\N	\N	\N	f
\N	\N	\N	Granddaughter	\N	\N	\N	metaLabel:granddaughter	metaLabelDetail:454	\N	\N	\N	\N	\N	f
\N	\N	\N	Grandson	\N	\N	\N	metaLabel:grandson	metaLabelDetail:455	\N	\N	\N	\N	\N	f
\N	\N	\N	Grandparent	\N	\N	\N	metaLabel:grandparent	metaLabelDetail:456	\N	\N	\N	\N	\N	f
\N	\N	\N	Half-brother	\N	\N	\N	metaLabel:half-brother	metaLabelDetail:457	\N	\N	\N	\N	\N	f
\N	\N	\N	Half-sibling	\N	\N	\N	metaLabel:half-sibling	metaLabelDetail:458	\N	\N	\N	\N	\N	f
\N	\N	\N	Half-sister	\N	\N	\N	metaLabel:half-sister	metaLabelDetail:459	\N	\N	\N	\N	\N	f
\N	\N	\N	Husband	\N	\N	\N	metaLabel:husband	metaLabelDetail:460	\N	\N	\N	\N	\N	f
\N	\N	\N	Inlaw	\N	\N	\N	metaLabel:inlaw	metaLabelDetail:461	\N	\N	\N	\N	\N	f
\N	\N	\N	Identical twin	\N	\N	\N	metaLabel:identical twin	metaLabelDetail:462	\N	\N	\N	\N	\N	f
\N	\N	\N	Identical twin brother	\N	\N	\N	metaLabel:identical twin brother	metaLabelDetail:463	\N	\N	\N	\N	\N	f
\N	\N	\N	Identical twin sister	\N	\N	\N	metaLabel:identical twin sister	metaLabelDetail:464	\N	\N	\N	\N	\N	f
\N	\N	\N	Maternal aunt	\N	\N	\N	metaLabel:maternal aunt	metaLabelDetail:465	\N	\N	\N	\N	\N	f
\N	\N	\N	Maternal cousin	\N	\N	\N	metaLabel:maternal cousin	metaLabelDetail:466	\N	\N	\N	\N	\N	f
\N	\N	\N	Maternal great-grandfather	\N	\N	\N	metaLabel:maternal great-grandfather	metaLabelDetail:467	\N	\N	\N	\N	\N	f
\N	\N	\N	Maternal great-grandmother	\N	\N	\N	metaLabel:maternal great-grandmother	metaLabelDetail:468	\N	\N	\N	\N	\N	f
\N	\N	\N	Maternal great-grandparent	\N	\N	\N	metaLabel:maternal great-grandparent	metaLabelDetail:469	\N	\N	\N	\N	\N	f
\N	\N	\N	Maternal grandfather	\N	\N	\N	metaLabel:maternal grandfather	metaLabelDetail:470	\N	\N	\N	\N	\N	f
\N	\N	\N	Maternal grandmother	\N	\N	\N	metaLabel:maternal grandmother	metaLabelDetail:471	\N	\N	\N	\N	\N	f
\N	\N	\N	Maternal grandparent	\N	\N	\N	metaLabel:maternal grandparent	metaLabelDetail:472	\N	\N	\N	\N	\N	f
\N	\N	\N	Mother	\N	\N	\N	metaLabel:mother	metaLabelDetail:473	\N	\N	\N	\N	\N	f
\N	\N	\N	Foster mother	\N	\N	\N	metaLabel:foster mother	metaLabelDetail:474	\N	\N	\N	\N	\N	f
\N	\N	\N	Mother-in-law	\N	\N	\N	metaLabel:mother-in-law	metaLabelDetail:475	\N	\N	\N	\N	\N	f
\N	\N	\N	Maternal uncle	\N	\N	\N	metaLabel:maternal uncle	metaLabelDetail:476	\N	\N	\N	\N	\N	f
\N	\N	\N	Natural brother	\N	\N	\N	metaLabel:natural brother	metaLabelDetail:477	\N	\N	\N	\N	\N	f
\N	\N	\N	Natural child	\N	\N	\N	metaLabel:natural child	metaLabelDetail:478	\N	\N	\N	\N	\N	f
\N	\N	\N	Nephew	\N	\N	\N	metaLabel:nephew	metaLabelDetail:479	\N	\N	\N	\N	\N	f
\N	\N	\N	Natural father	\N	\N	\N	metaLabel:natural father	metaLabelDetail:480	\N	\N	\N	\N	\N	f
\N	\N	\N	Natural father of fetus	\N	\N	\N	metaLabel:natural father of fetus	metaLabelDetail:481	\N	\N	\N	\N	\N	f
\N	\N	\N	Niece	\N	\N	\N	metaLabel:niece	metaLabelDetail:482	\N	\N	\N	\N	\N	f
\N	\N	\N	Niece/nephew	\N	\N	\N	metaLabel:niece/nephew	metaLabelDetail:483	\N	\N	\N	\N	\N	f
\N	\N	\N	Natural mother	\N	\N	\N	metaLabel:natural mother	metaLabelDetail:484	\N	\N	\N	\N	\N	f
\N	\N	\N	Natural mother of fetus	\N	\N	\N	metaLabel:natural mother of fetus	metaLabelDetail:485	\N	\N	\N	\N	\N	f
\N	\N	\N	Natural parent	\N	\N	\N	metaLabel:natural parent	metaLabelDetail:486	\N	\N	\N	\N	\N	f
\N	\N	\N	Natural sibling	\N	\N	\N	metaLabel:natural sibling	metaLabelDetail:487	\N	\N	\N	\N	\N	f
\N	\N	\N	Natural sister	\N	\N	\N	metaLabel:natural sister	metaLabelDetail:488	\N	\N	\N	\N	\N	f
\N	\N	\N	Paternal aunt	\N	\N	\N	metaLabel:paternal aunt	metaLabelDetail:489	\N	\N	\N	\N	\N	f
\N	\N	\N	Paternal cousin	\N	\N	\N	metaLabel:paternal cousin	metaLabelDetail:490	\N	\N	\N	\N	\N	f
\N	\N	\N	Paternal great-grandfather	\N	\N	\N	metaLabel:paternal great-grandfather	metaLabelDetail:491	\N	\N	\N	\N	\N	f
\N	\N	\N	Paternal great-grandmother	\N	\N	\N	metaLabel:paternal great-grandmother	metaLabelDetail:492	\N	\N	\N	\N	\N	f
\N	\N	\N	Paternal great-grandparent	\N	\N	\N	metaLabel:paternal great-grandparent	metaLabelDetail:493	\N	\N	\N	\N	\N	f
\N	\N	\N	Paternal grandfather	\N	\N	\N	metaLabel:paternal grandfather	metaLabelDetail:494	\N	\N	\N	\N	\N	f
\N	\N	\N	Paternal grandmother	\N	\N	\N	metaLabel:paternal grandmother	metaLabelDetail:495	\N	\N	\N	\N	\N	f
\N	\N	\N	Paternal grandparent	\N	\N	\N	metaLabel:paternal grandparent	metaLabelDetail:496	\N	\N	\N	\N	\N	f
\N	\N	\N	Parent	\N	\N	\N	metaLabel:parent	metaLabelDetail:497	\N	\N	\N	\N	\N	f
\N	\N	\N	Foster parent	\N	\N	\N	metaLabel:foster parent	metaLabelDetail:498	\N	\N	\N	\N	\N	f
\N	\N	\N	Parent in-law	\N	\N	\N	metaLabel:parent in-law	metaLabelDetail:499	\N	\N	\N	\N	\N	f
\N	\N	\N	Paternal uncle	\N	\N	\N	metaLabel:paternal uncle	metaLabelDetail:500	\N	\N	\N	\N	\N	f
\N	\N	\N	Sibling	\N	\N	\N	metaLabel:sibling	metaLabelDetail:501	\N	\N	\N	\N	\N	f
\N	\N	\N	Sibling in-law	\N	\N	\N	metaLabel:sibling in-law	metaLabelDetail:502	\N	\N	\N	\N	\N	f
\N	\N	\N	Significant other	\N	\N	\N	metaLabel:significant other	metaLabelDetail:503	\N	\N	\N	\N	\N	f
\N	\N	\N	Sister	\N	\N	\N	metaLabel:sister	metaLabelDetail:504	\N	\N	\N	\N	\N	f
\N	\N	\N	Sister-in-law	\N	\N	\N	metaLabel:sister-in-law	metaLabelDetail:505	\N	\N	\N	\N	\N	f
\N	\N	\N	Natural son	\N	\N	\N	metaLabel:natural son	metaLabelDetail:506	\N	\N	\N	\N	\N	f
\N	\N	\N	Adopted son	\N	\N	\N	metaLabel:adopted son	metaLabelDetail:507	\N	\N	\N	\N	\N	f
\N	\N	\N	Son	\N	\N	\N	metaLabel:son	metaLabelDetail:508	\N	\N	\N	\N	\N	f
\N	\N	\N	Foster son	\N	\N	\N	metaLabel:foster son	metaLabelDetail:509	\N	\N	\N	\N	\N	f
\N	\N	\N	Son in-law	\N	\N	\N	metaLabel:son in-law	metaLabelDetail:510	\N	\N	\N	\N	\N	f
\N	\N	\N	Spouse	\N	\N	\N	metaLabel:spouse	metaLabelDetail:511	\N	\N	\N	\N	\N	f
\N	\N	\N	Stepbrother	\N	\N	\N	metaLabel:stepbrother	metaLabelDetail:512	\N	\N	\N	\N	\N	f
\N	\N	\N	Step child	\N	\N	\N	metaLabel:step child	metaLabelDetail:513	\N	\N	\N	\N	\N	f
\N	\N	\N	Stepdaughter	\N	\N	\N	metaLabel:stepdaughter	metaLabelDetail:514	\N	\N	\N	\N	\N	f
\N	\N	\N	Stepfather	\N	\N	\N	metaLabel:stepfather	metaLabelDetail:515	\N	\N	\N	\N	\N	f
\N	\N	\N	Stepmother	\N	\N	\N	metaLabel:stepmother	metaLabelDetail:516	\N	\N	\N	\N	\N	f
\N	\N	\N	Step parent	\N	\N	\N	metaLabel:step parent	metaLabelDetail:517	\N	\N	\N	\N	\N	f
\N	\N	\N	Step sibling	\N	\N	\N	metaLabel:step sibling	metaLabelDetail:518	\N	\N	\N	\N	\N	f
\N	\N	\N	Stepsister	\N	\N	\N	metaLabel:stepsister	metaLabelDetail:519	\N	\N	\N	\N	\N	f
\N	\N	\N	Stepson	\N	\N	\N	metaLabel:stepson	metaLabelDetail:520	\N	\N	\N	\N	\N	f
\N	\N	\N	Twin	\N	\N	\N	metaLabel:twin	metaLabelDetail:521	\N	\N	\N	\N	\N	f
\N	\N	\N	Twin brother	\N	\N	\N	metaLabel:twin brother	metaLabelDetail:522	\N	\N	\N	\N	\N	f
\N	\N	\N	Twin sister	\N	\N	\N	metaLabel:twin sister	metaLabelDetail:523	\N	\N	\N	\N	\N	f
\N	\N	\N	Uncle	\N	\N	\N	metaLabel:uncle	metaLabelDetail:524	\N	\N	\N	\N	\N	f
\N	\N	\N	Wife	\N	\N	\N	metaLabel:wife	metaLabelDetail:525	\N	\N	\N	\N	\N	f
\N	\N	\N	Guardian	\N	\N	\N	metaLabel:guardian	metaLabelDetail:526	\N	\N	\N	\N	\N	f
\N	\N	\N	Rejected	\N	\N	\N	metaLabel:rejected	metaLabelDetail:527	\N	\N	\N	\N	\N	f
\N	\N	\N	Accepted	\N	\N	\N	metaLabel:accepted	metaLabelDetail:528	\N	\N	\N	\N	\N	f
\N	\N	\N	Medication	\N	\N	\N	metaLabel:medication	metaLabelDetail:529	\N	\N	\N	\N	\N	f
\N	\N	\N	Diagnosis	\N	\N	\N	metaLabel:diagnosis	metaLabelDetail:530	\N	\N	\N	\N	\N	f
\N	\N	\N	Treatment Plan	\N	\N	\N	metaLabel:treatmentPlan	metaLabelDetail:531	\N	\N	\N	\N	\N	f
\N	\N	\N	Care Plan	\N	\N	\N	metaLabel:carePlan	metaLabelDetail:532	\N	\N	\N	\N	\N	f
\N	\N	\N	Recovery Plan	\N	\N	\N	metaLabel:recoveryPlan	metaLabelDetail:533	\N	\N	\N	\N	\N	f
\N	\N	\N	Answering Service	\N	\N	\N	metaLabel:answeringService	metaLabelDetail:534	\N	\N	\N	\N	\N	f
\N	\N	\N	Emergency Contact	\N	\N	\N	metaLabel:emergencyContact	metaLabelDetail:535	\N	\N	\N	\N	\N	f
\N	\N	\N	Mobile Contact	\N	\N	\N	metaLabel:mobileContact	metaLabelDetail:536	\N	\N	\N	\N	\N	f
\N	\N	\N	Pager	\N	\N	\N	metaLabel:pager	metaLabelDetail:537	\N	\N	\N	\N	\N	f
\N	\N	\N	Current User	\N	\N	\N	metaLabel:currentUser	metaLabelDetail:538	\N	\N	\N	\N	\N	f
\N	\N	\N	CCDA	\N	\N	\N	metaLabel:ccda	metaLabelDetail:539	\N	\N	\N	\N	\N	f
\N	\N	\N	CCD	\N	\N	\N	metaLabel:ccd	metaLabelDetail:540	\N	\N	\N	\N	\N	f
\N	\N	\N	CCR	\N	\N	\N	metaLabel:ccr	metaLabelDetail:541	\N	\N	\N	\N	\N	f
\N	\N	\N	American Indian or Alaska Native	\N	\N	\N	metaLabel:americanIndianAlaskaNative	metaLabelDetail:542	\N	\N	\N	\N	\N	f
\N	\N	\N	CCDA-B2	\N	\N	\N	metaLabel:clinicaldocumentb2	metaLabelDetail:543	\N	\N	\N	\N	\N	f
\N	\N	\N	CCDA-B7	\N	\N	\N	metaLabel:clinicaldocumentb7	metaLabelDetail:544	\N	\N	\N	\N	\N	f
\N	\N	\N	CCDA-E1	\N	\N	\N	metaLabel:clinicaldocumente1	metaLabelDetail:545	\N	\N	\N	\N	\N	f
\N	\N	\N	CCDA-E2	\N	\N	\N	metaLabel:clinicaldocumente2	metaLabelDetail:546	\N	\N	\N	\N	\N	f
\N	\N	\N	CCDA-ALL	\N	\N	\N	metaLabel:clinicaldocumentall	metaLabelDetail:547	\N	\N	\N	\N	\N	f
\N	\N	\N	Resolved	\N	\N	\N	metaLabel:resolved	metaLabelDetail:548	\N	\N	\N	\N	\N	f
\N	\N	\N	Provider	\N	\N	\N	metaLabel:provider	metaLabelDetail:549	\N	\N	\N	\N	\N	f
\N	\N	\N	Organization	\N	\N	\N	metaLabel:organization	metaLabelDetail:550	\N	\N	\N	\N	\N	f
\N	\N	\N	Phone	\N	\N	\N	metaLabel:phone	metaLabelDetail:551	\N	\N	\N	\N	\N	f
\N	\N	\N	Email	\N	\N	\N	metaLabel:email	metaLabelDetail:552	\N	\N	\N	\N	\N	f
\N	\N	\N	Secure Message	\N	\N	\N	metaLabel:secureMessage	metaLabelDetail:553	\N	\N	\N	\N	\N	f
\N	\N	\N	Advanced Directives	\N	\N	\N	metaLabel:advancedDirectives	metaLabelDetail:554	\N	\N	\N	\N	\N	f
\N	\N	\N	Allergies	\N	\N	\N	metaLabel:allergies	metaLabelDetail:555	\N	\N	\N	\N	\N	f
\N	\N	\N	Reason For Visit	\N	\N	\N	metaLabel:reasonForVisit	metaLabelDetail:556	\N	\N	\N	\N	\N	f
\N	\N	\N	Family History	\N	\N	\N	metaLabel:familyHistory	metaLabelDetail:557	\N	\N	\N	\N	\N	f
\N	\N	\N	Functional Status	\N	\N	\N	metaLabel:functionalStatus	metaLabelDetail:558	\N	\N	\N	\N	\N	f
\N	\N	\N	Immunizations	\N	\N	\N	metaLabel:immunizations	metaLabelDetail:559	\N	\N	\N	\N	\N	f
\N	\N	\N	Instructions	\N	\N	\N	metaLabel:instructions	metaLabelDetail:560	\N	\N	\N	\N	\N	f
\N	\N	\N	Medications	\N	\N	\N	metaLabel:medications	metaLabelDetail:561	\N	\N	\N	\N	\N	f
\N	\N	\N	Plan of Care	\N	\N	\N	metaLabel:planofCare	metaLabelDetail:562	\N	\N	\N	\N	\N	f
\N	\N	\N	Problems	\N	\N	\N	metaLabel:problems	metaLabelDetail:563	\N	\N	\N	\N	\N	f
\N	\N	\N	Procedures	\N	\N	\N	metaLabel:procedures	metaLabelDetail:564	\N	\N	\N	\N	\N	f
\N	\N	\N	Reason For Referral	\N	\N	\N	metaLabel:reasonForReferral	metaLabelDetail:565	\N	\N	\N	\N	\N	f
\N	\N	\N	Results	\N	\N	\N	metaLabel:results	metaLabelDetail:566	\N	\N	\N	\N	\N	f
\N	\N	\N	Social History	\N	\N	\N	metaLabel:socialHistory	metaLabelDetail:567	\N	\N	\N	\N	\N	f
\N	\N	\N	Vital Signs	\N	\N	\N	metaLabel:vitalSigns	metaLabelDetail:568	\N	\N	\N	\N	\N	f
\N	\N	\N	Encounters	\N	\N	\N	metaLabel:encounters	metaLabelDetail:569	\N	\N	\N	\N	\N	f
\N	\N	\N	Associate	\N	\N	\N	metaLabel:ASC	metaLabelDetail:570	\N	\N	\N	\N	\N	f
\N	\N	\N	Brother	\N	\N	\N	metaLabel:BRO	metaLabelDetail:571	\N	\N	\N	\N	\N	f
\N	\N	\N	Care giver	\N	\N	\N	metaLabel:CGV	metaLabelDetail:572	\N	\N	\N	\N	\N	f
\N	\N	\N	Child	\N	\N	\N	metaLabel:CHD	metaLabelDetail:573	\N	\N	\N	\N	\N	f
\N	\N	\N	Emergency contact	\N	\N	\N	metaLabel:EMC	metaLabelDetail:574	\N	\N	\N	\N	\N	f
\N	\N	\N	Employee	\N	\N	\N	metaLabel:EME	metaLabelDetail:575	\N	\N	\N	\N	\N	f
\N	\N	\N	Employer	\N	\N	\N	metaLabel:EMR	metaLabelDetail:576	\N	\N	\N	\N	\N	f
\N	\N	\N	Extended family	\N	\N	\N	metaLabel:EXF	metaLabelDetail:577	\N	\N	\N	\N	\N	f
\N	\N	\N	Father	\N	\N	\N	metaLabel:FTH	metaLabelDetail:578	\N	\N	\N	\N	\N	f
\N	\N	\N	Foster child	\N	\N	\N	metaLabel:FCH	metaLabelDetail:579	\N	\N	\N	\N	\N	f
\N	\N	\N	Friend	\N	\N	\N	metaLabel:FND	metaLabelDetail:580	\N	\N	\N	\N	\N	f
\N	\N	\N	Grandchild	\N	\N	\N	metaLabel:GCH	metaLabelDetail:581	\N	\N	\N	\N	\N	f
\N	\N	\N	Grandparent	\N	\N	\N	metaLabel:GRP	metaLabelDetail:582	\N	\N	\N	\N	\N	f
\N	\N	\N	Guardian	\N	\N	\N	metaLabel:GRD	metaLabelDetail:583	\N	\N	\N	\N	\N	f
\N	\N	\N	Handicapped dependent	\N	\N	\N	metaLabel:DEP	metaLabelDetail:584	\N	\N	\N	\N	\N	f
\N	\N	\N	Other	\N	\N	\N	metaLabel:02	metaLabelDetail:585	\N	\N	\N	\N	\N	f
\N	\N	\N	Parental decision	\N	\N	\N	metaLabel:00	metaLabelDetail:586	\N	\N	\N	\N	\N	f
\N	\N	\N	Patient decision	\N	\N	\N	metaLabel:03	metaLabelDetail:587	\N	\N	\N	\N	\N	f
\N	\N	\N	Religious exemption	\N	\N	\N	metaLabel:01	metaLabelDetail:588	\N	\N	\N	\N	\N	f
\N	\N	\N	No reminder/recall	\N	\N	\N	metaLabel:noReminderOrRecall	metaLabelDetail:589	\N	\N	\N	\N	\N	f
\N	\N	\N	Reminder/recall - any method	\N	\N	\N	metaLabel:reminderOrRecallAnyMethod	metaLabelDetail:590	\N	\N	\N	\N	\N	f
\N	\N	\N	Reminder/recall - no calls	\N	\N	\N	metaLabel:reminderOrRecallNoCalls	metaLabelDetail:591	\N	\N	\N	\N	\N	f
\N	\N	\N	Reminder only - any method	\N	\N	\N	metaLabel:reminderOnlyAnyMethod	metaLabelDetail:592	\N	\N	\N	\N	\N	f
\N	\N	\N	Reminder only - no calls	\N	\N	\N	metaLabel:reminderOnlyNoCalls	metaLabelDetail:593	\N	\N	\N	\N	\N	f
\N	\N	\N	Recall only - any method	\N	\N	\N	metaLabel:recallOnlyAnyMethod	metaLabelDetail:594	\N	\N	\N	\N	\N	f
\N	\N	\N	Recall only - no calls	\N	\N	\N	metaLabel:recallOnlyNoCalls	metaLabelDetail:595	\N	\N	\N	\N	\N	f
\N	\N	\N	Reminder/recall - to provider	\N	\N	\N	metaLabel:reminderOrRecallToProvider	metaLabelDetail:596	\N	\N	\N	\N	\N	f
\N	\N	\N	Reminder to provider	\N	\N	\N	metaLabel:reminderToProvider	metaLabelDetail:597	\N	\N	\N	\N	\N	f
\N	\N	\N	Only reminder to provider no recall	\N	\N	\N	metaLabel:onlyReminderToProviderNoRecall	metaLabelDetail:598	\N	\N	\N	\N	\N	f
\N	\N	\N	Recall to provider	\N	\N	\N	metaLabel:recallToProvider	metaLabelDetail:599	\N	\N	\N	\N	\N	f
\N	\N	\N	Only recall to provider no reminder	\N	\N	\N	metaLabel:onlyRecallToProviderNoReminder	metaLabelDetail:600	\N	\N	\N	\N	\N	f
\N	\N	\N	Life partner	\N	\N	\N	metaLabel:DOM	metaLabelDetail:601	\N	\N	\N	\N	\N	f
\N	\N	\N	Manager	\N	\N	\N	metaLabel:MGR	metaLabelDetail:602	\N	\N	\N	\N	\N	f
\N	\N	\N	Mother	\N	\N	\N	metaLabel:MTH	metaLabelDetail:603	\N	\N	\N	\N	\N	f
\N	\N	\N	Natural child	\N	\N	\N	metaLabel:NCH	metaLabelDetail:604	\N	\N	\N	\N	\N	f
\N	\N	\N	None	\N	\N	\N	metaLabel:NON	metaLabelDetail:605	\N	\N	\N	\N	\N	f
\N	\N	\N	Other	\N	\N	\N	metaLabel:OTH	metaLabelDetail:606	\N	\N	\N	\N	\N	f
\N	\N	\N	Other adult	\N	\N	\N	metaLabel:OAD	metaLabelDetail:607	\N	\N	\N	\N	\N	f
\N	\N	\N	Owner	\N	\N	\N	metaLabel:OWN	metaLabelDetail:608	\N	\N	\N	\N	\N	f
\N	\N	\N	Parent	\N	\N	\N	metaLabel:PAR	metaLabelDetail:609	\N	\N	\N	\N	\N	f
\N	\N	\N	Self	\N	\N	\N	metaLabel:SEL	metaLabelDetail:610	\N	\N	\N	\N	\N	f
\N	\N	\N	Sibling	\N	\N	\N	metaLabel:SIB	metaLabelDetail:611	\N	\N	\N	\N	\N	f
\N	\N	\N	Sister	\N	\N	\N	metaLabel:SIS	metaLabelDetail:612	\N	\N	\N	\N	\N	f
\N	\N	\N	Spouse	\N	\N	\N	metaLabel:SPO	metaLabelDetail:613	\N	\N	\N	\N	\N	f
\N	\N	\N	Stepchild	\N	\N	\N	metaLabel:SCH	metaLabelDetail:614	\N	\N	\N	\N	\N	f
\N	\N	\N	Trainer	\N	\N	\N	metaLabel:TRA	metaLabelDetail:615	\N	\N	\N	\N	\N	f
\N	\N	\N	Unknown	\N	\N	\N	metaLabel:UNK	metaLabelDetail:616	\N	\N	\N	\N	\N	f
\N	\N	\N	Ward of court	\N	\N	\N	metaLabel:WRD	metaLabelDetail:617	\N	\N	\N	\N	\N	f
\N	\N	\N	Active	\N	\N	\N	metaLabel:A	metaLabelDetail:618	\N	\N	\N	\N	\N	f
\N	\N	\N	Inactive	\N	\N	\N	metaLabel:I	metaLabelDetail:619	\N	\N	\N	\N	\N	f
\N	\N	\N	Inactive - Lost to follow-up (cancel contract)	\N	\N	\N	metaLabel:L	metaLabelDetail:620	\N	\N	\N	\N	\N	f
\N	\N	\N	Inactive - Moved or gone elsewhere (cancel contract)	\N	\N	\N	metaLabel:M	metaLabelDetail:621	\N	\N	\N	\N	\N	f
\N	\N	\N	Inactive - Permanently inactive (Do not reactivate or add new entries to the record)	\N	\N	\N	metaLabel:P	metaLabelDetail:622	\N	\N	\N	\N	\N	f
\N	\N	\N	Unknown	\N	\N	\N	metaLabel:U	metaLabelDetail:623	\N	\N	\N	\N	\N	f
\N	\N	\N	VXU	\N	\N	\N	metaLabel:VXU	metaLabelDetail:624	\N	\N	\N	\N	\N	f
\N	\N	\N	ADT	\N	\N	\N	metaLabel:ADT	metaLabelDetail:625	\N	\N	\N	\N	\N	f
\N	\N	\N	ORU	\N	\N	\N	metaLabel:ORU	metaLabelDetail:626	\N	\N	\N	\N	\N	f
\N	\N	\N	Medical reason	\N	\N	\N	metaLabel:medicalReason	metaLabelDetail:627	\N	\N	\N	\N	\N	f
\N	\N	\N	Patient is not ambulatory	\N	\N	\N	metaLabel:patientIsNotAmbulatory	metaLabelDetail:628	\N	\N	\N	\N	\N	f
\N	\N	\N	Patient reason	\N	\N	\N	metaLabel:patientReason	metaLabelDetail:629	\N	\N	\N	\N	\N	f
\N	\N	\N	Medical contraindication	\N	\N	\N	metaLabel:medicalContraindication	metaLabelDetail:630	\N	\N	\N	\N	\N	f
\N	\N	\N	Patient refusal	\N	\N	\N	metaLabel:patientRefusal	metaLabelDetail:631	\N	\N	\N	\N	\N	f
\N	\N	\N	Processing	\N	\N	\N	metaLabel:processing	metaLabelDetail:632	\N	\N	\N	\N	\N	f
\N	\N	\N	Exported	\N	\N	\N	metaLabel:exported	metaLabelDetail:633	\N	\N	\N	\N	\N	f
\N	\N	\N	Sent	\N	\N	\N	metaLabel:sent	metaLabelDetail:634	\N	\N	\N	\N	\N	f
\N	\N	\N	Failed	\N	\N	\N	metaLabel:failed	metaLabelDetail:635	\N	\N	\N	\N	\N	f
\N	\N	\N	Smoking Status	\N	\N	\N	metaLabel:smokingStatus	metaLabelDetail:636	\N	\N	\N	\N	\N	f
\N	\N	\N	Age	\N	\N	\N	metaLabel:age	metaLabelDetail:637	\N	\N	\N	\N	\N	f
\N	\N	\N	Observation Value	\N	\N	\N	metaLabel:observationValue	metaLabelDetail:638	\N	\N	\N	\N	\N	f
\N	\N	\N	Loinc Code	\N	\N	\N	metaLabel:testCodeLoinc	metaLabelDetail:639	\N	\N	\N	\N	\N	f
\N	\N	\N	Snomed Code	\N	\N	\N	metaLabel:metaSnomed	metaLabelDetail:640	\N	\N	\N	\N	\N	f
\N	\N	\N	Drug RxNorm Id	\N	\N	\N	metaLabel:drugRxNormId	metaLabelDetail:641	\N	\N	\N	\N	\N	f
\N	\N	\N	BMI	\N	\N	\N	metaLabel:bmiInternal	metaLabelDetail:642	\N	\N	\N	\N	\N	f
\N	\N	\N	Patient Lab Test	\N	\N	\N	metaLabel:patientLabTest	metaLabelDetail:643	\N	\N	\N	\N	\N	f
\N	\N	\N	Patient Diagnosis	\N	\N	\N	metaLabel:patientDiagnosis	metaLabelDetail:644	\N	\N	\N	\N	\N	f
\N	\N	\N	Patient Allergy	\N	\N	\N	metaLabel:patientAllergy	metaLabelDetail:645	\N	\N	\N	\N	\N	f
\N	\N	\N	Patient Medication	\N	\N	\N	metaLabel:patientMedication	metaLabelDetail:646	\N	\N	\N	\N	\N	f
\N	\N	\N	Patient Vital	\N	\N	\N	metaLabel:patientVital	metaLabelDetail:647	\N	\N	\N	\N	\N	f
\N	\N	\N	View	\N	\N	\N	metaLabel:ccdaView	metaLabelDetail:648	\N	\N	\N	\N	\N	f
\N	\N	\N	Transmit	\N	\N	\N	metaLabel:ccdaTransmit	metaLabelDetail:649	\N	\N	\N	\N	\N	f
\N	\N	\N	Download	\N	\N	\N	metaLabel:ccdaDownload	metaLabelDetail:650	\N	\N	\N	\N	\N	f
\N	\N	\N	Pending	\N	\N	\N	metaLabel:mrrPending	metaLabelDetail:651	\N	\N	\N	\N	\N	f
\N	\N	\N	Processing	\N	\N	\N	metaLabel:mrrProcessing	metaLabelDetail:652	\N	\N	\N	\N	\N	f
\N	\N	\N	Generated	\N	\N	\N	metaLabel:mrrGenerated	metaLabelDetail:653	\N	\N	\N	\N	\N	f
\N	\N	\N	Failed	\N	\N	\N	metaLabel:mrrFailed	metaLabelDetail:654	\N	\N	\N	\N	\N	f
\N	\N	\N	Height/Weight	\N	\N	\N	metaLabel:heightWeight	metaLabelDetail:655	\N	\N	\N	\N	\N	f
\N	\N	\N	Blood Pressure	\N	\N	\N	metaLabel:bloodPressure	metaLabelDetail:656	\N	\N	\N	\N	\N	f
\N	\N	\N	Adult	\N	\N	\N	metaLabel:adult	metaLabelDetail:657	\N	\N	\N	\N	\N	f
\N	\N	\N	Adolescent	\N	\N	\N	metaLabel:adolescent	metaLabelDetail:658	\N	\N	\N	\N	\N	f
\N	\N	\N	Image	\N	\N	\N	metaLabel:patientImage	metaLabelDetail:659	\N	\N	\N	\N	\N	f
\N	\N	\N	Patient Service	\N	\N	\N	metaLabel:patientService	metaLabelDetail:660	\N	\N	\N	\N	\N	f
\N	\N	\N	CCDA Export	\N	\N	\N	metaLabel:ccdaExport	metaLabelDetail:661	\N	\N	\N	\N	\N	f
\N	\N	\N	Care Continuity Import Request	\N	\N	\N	metaLabel:careContinuityImportRequest	metaLabelDetail:662	\N	\N	\N	\N	\N	f
\N	\N	\N	hl7 Import Request	\N	\N	\N	metaLabel:hl7ImportRequest	metaLabelDetail:663	\N	\N	\N	\N	\N	f
\N	\N	\N	hl7 Export Request	\N	\N	\N	metaLabel:hl7ExportRequest	metaLabelDetail:664	\N	\N	\N	\N	\N	f
\N	\N	\N	Cash	\N	\N	\N	metaLabel:cash	metaLabelDetail:665	\N	\N	\N	\N	\N	f
\N	\N	\N	Accident	\N	\N	\N	metaLabel:accident	metaLabelDetail:666	\N	\N	\N	\N	\N	f
\N	\N	\N	Employment	\N	\N	\N	metaLabel:employment	metaLabelDetail:667	\N	\N	\N	\N	\N	f
\N	\N	\N	Other	\N	\N	\N	metaLabel:other	metaLabelDetail:668	\N	\N	\N	\N	\N	f
\N	\N	\N	Professional	\N	\N	\N	metaLabel:professional	metaLabelDetail:669	\N	\N	\N	\N	\N	f
\N	\N	\N	Institutional	\N	\N	\N	metaLabel:institutional	metaLabelDetail:670	\N	\N	\N	\N	\N	f
\N	\N	\N	Secondary	\N	\N	\N	metaLabel:secondary	metaLabelDetail:672	\N	\N	\N	\N	\N	f
\N	\N	\N	Tertiary	\N	\N	\N	metaLabel:tertiary	metaLabelDetail:673	\N	\N	\N	\N	\N	f
\N	\N	\N	Code1	\N	\N	\N	metaLabel:code1	metaLabelDetail:674	\N	\N	\N	\N	\N	f
\N	\N	\N	Code2	\N	\N	\N	metaLabel:code2	metaLabelDetail:675	\N	\N	\N	\N	\N	f
\N	\N	\N	Patient	\N	\N	\N	metaLabel:patient	metaLabelDetail:676	\N	\N	\N	\N	\N	f
\N	\N	\N	Insurance	\N	\N	\N	metaLabel:insurance	metaLabelDetail:677	\N	\N	\N	\N	\N	f
\N	\N	\N	Third Party	\N	\N	\N	metaLabel:thirdParty	metaLabelDetail:678	\N	\N	\N	\N	\N	f
\N	\N	\N	Write Off	\N	\N	\N	metaLabel:writeOff	metaLabelDetail:679	\N	\N	\N	\N	\N	f
\N	\N	\N	Refund	\N	\N	\N	metaLabel:refund	metaLabelDetail:680	\N	\N	\N	\N	\N	f
\N	\N	\N	Deducitble	\N	\N	\N	metaLabel:deducitble	metaLabelDetail:681	\N	\N	\N	\N	\N	f
\N	\N	\N	Copay	\N	\N	\N	metaLabel:copay	metaLabelDetail:682	\N	\N	\N	\N	\N	f
\N	\N	\N	Coinsurance	\N	\N	\N	metaLabel:coinsurance	metaLabelDetail:683	\N	\N	\N	\N	\N	f
\N	\N	\N	Pending	\N	\N	\N	metaLabel:pending	metaLabelDetail:684	\N	\N	\N	\N	\N	f
\N	\N	\N	Posted	\N	\N	\N	metaLabel:posted	metaLabelDetail:685	\N	\N	\N	\N	\N	f
\N	\N	\N	Cash	\N	\N	\N	metaLabel:cash	metaLabelDetail:686	\N	\N	\N	\N	\N	f
\N	\N	\N	Check	\N	\N	\N	metaLabel:check	metaLabelDetail:687	\N	\N	\N	\N	\N	f
\N	\N	\N	Credit	\N	\N	\N	metaLabel:credit	metaLabelDetail:688	\N	\N	\N	\N	\N	f
\N	\N	\N	Card	\N	\N	\N	metaLabel:card	metaLabelDetail:689	\N	\N	\N	\N	\N	f
\N	\N	\N	ACH	\N	\N	\N	metaLabel:ach	metaLabelDetail:690	\N	\N	\N	\N	\N	f
\N	\N	\N	Wire	\N	\N	\N	metaLabel:wire	metaLabelDetail:691	\N	\N	\N	\N	\N	f
\N	\N	\N	Contractual	\N	\N	\N	metaLabel:contractual	metaLabelDetail:692	\N	\N	\N	\N	\N	f
\N	\N	\N	Payor	\N	\N	\N	metaLabel:payor	metaLabelDetail:693	\N	\N	\N	\N	\N	f
\N	\N	\N	Initated	\N	\N	\N	metaLabel:initated	metaLabelDetail:694	\N	\N	\N	\N	\N	f
\N	\N	\N	Responsibility	\N	\N	\N	metaLabel:responsibility	metaLabelDetail:695	\N	\N	\N	\N	\N	f
\N	\N	\N	Pending	\N	\N	\N	metaLabel:pending	metaLabelDetail:696	\N	\N	\N	\N	\N	f
\N	\N	\N	Complete	\N	\N	\N	metaLabel:complete	metaLabelDetail:697	\N	\N	\N	\N	\N	f
\N	\N	\N	Reconciled	\N	\N	\N	metaLabel:reconciled	metaLabelDetail:698	\N	\N	\N	\N	\N	f
\N	\N	\N	Sent	\N	\N	\N	metaLabel:sent	metaLabelDetail:699	\N	\N	\N	\N	\N	f
\N	\N	\N	Rejected	\N	\N	\N	metaLabel:rejected	metaLabelDetail:700	\N	\N	\N	\N	\N	f
\N	\N	\N	Acknowledged	\N	\N	\N	metaLabel:acknowledged	metaLabelDetail:701	\N	\N	\N	\N	\N	f
\N	\N	\N	Review	\N	\N	\N	metaLabel:review	metaLabelDetail:702	\N	\N	\N	\N	\N	f
\N	\N	\N	Suspense-Payer	\N	\N	\N	metaLabel:suspensePayer	metaLabelDetail:703	\N	\N	\N	\N	\N	f
\N	\N	\N	Suspense-Patient	\N	\N	\N	metaLabel:suspensePatient	metaLabelDetail:704	\N	\N	\N	\N	\N	f
\N	\N	\N	Patient AR	\N	\N	\N	metaLabel:patientAr	metaLabelDetail:705	\N	\N	\N	\N	\N	f
\N	\N	\N	Complete	\N	\N	\N	metaLabel:complete	metaLabelDetail:706	\N	\N	\N	\N	\N	f
\N	\N	\N	Physically Handicapped Childrens Program	\N	\N	\N	metaLabel:physicallyHandicappedChildrenProgram	metaLabelDetail:707	\N	\N	\N	\N	\N	f
\N	\N	\N	Special Federal Funding	\N	\N	\N	metaLabel:specialFederalFunding	metaLabelDetail:708	\N	\N	\N	\N	\N	f
\N	\N	\N	Disability	\N	\N	\N	metaLabel:disability	metaLabelDetail:709	\N	\N	\N	\N	\N	f
\N	\N	\N	Second Opinion or Surgery	\N	\N	\N	metaLabel:secondOpinionOrSurgery	metaLabelDetail:710	\N	\N	\N	\N	\N	f
\N	\N	\N	Proof of Eligibility Unknown or Unavailable	\N	\N	\N	metaLabel:proofOfEligibilityUnknownOrUnavailable	metaLabelDetail:711	\N	\N	\N	\N	\N	f
\N	\N	\N	Litigation	\N	\N	\N	metaLabel:litigation	metaLabelDetail:712	\N	\N	\N	\N	\N	f
\N	\N	\N	Authorization Delays	\N	\N	\N	metaLabel:authorizationDelays	metaLabelDetail:713	\N	\N	\N	\N	\N	f
\N	\N	\N	Delay in Certifying Provider	\N	\N	\N	metaLabel:delayInCertifyingProvider	metaLabelDetail:714	\N	\N	\N	\N	\N	f
\N	\N	\N	Delay in Supplying Billing Forms	\N	\N	\N	metaLabel:delayInSupplyingBillingForms	metaLabelDetail:715	\N	\N	\N	\N	\N	f
\N	\N	\N	Delay in Delivery of Custom-made Appliances	\N	\N	\N	metaLabel:delayInDeliveryOfCustomMadeAppliances	metaLabelDetail:716	\N	\N	\N	\N	\N	f
\N	\N	\N	Third Party Processing Delay	\N	\N	\N	metaLabel:thirdPartyProcessingDelay	metaLabelDetail:717	\N	\N	\N	\N	\N	f
\N	\N	\N	Delay in Eligibility Determination	\N	\N	\N	metaLabel:delayInEligibilityDetermination	metaLabelDetail:718	\N	\N	\N	\N	\N	f
\N	\N	\N	Original Claim Rejected or Denied Due to a Reason	\N	\N	\N	metaLabel:originalClaimRejectedOrDeniedDueToReason	metaLabelDetail:719	\N	\N	\N	\N	\N	f
\N	\N	\N	Unrelated to the Billing Limitation Rules	\N	\N	\N	metaLabel:unrelatedToBillingLimitationRules	metaLabelDetail:720	\N	\N	\N	\N	\N	f
\N	\N	\N	Administration Delay in the Prior Approval Process	\N	\N	\N	metaLabel:administrationDelayInPriorApprovalProcess	metaLabelDetail:721	\N	\N	\N	\N	\N	f
\N	\N	\N	Other	\N	\N	\N	metaLabel:other	metaLabelDetail:722	\N	\N	\N	\N	\N	f
\N	\N	\N	Natural Disaster	\N	\N	\N	metaLabel:naturalDisaster	metaLabelDetail:723	\N	\N	\N	\N	\N	f
\N	\N	\N	Created	\N	\N	\N	metaLabel:created	metaLabelDetail:724	\N	\N	\N	\N	\N	f
\N	\N	\N	Face to face	\N	\N	\N	metaLabel:faceToFace	metaLabelDetail:725	\N	\N	\N	\N	\N	f
\N	\N	\N	Telephone	\N	\N	\N	metaLabel:telephone	metaLabelDetail:726	\N	\N	\N	\N	\N	f
\N	\N	\N	MBBS	\N	\N	\N	metaLabel:mbbs	metaLabelDetail:727	\N	\N	\N	\N	\N	f
\N	\N	\N	MD	\N	\N	\N	metaLabel:md	metaLabelDetail:728	\N	\N	\N	\N	\N	f
\N	\N	\N	DO	\N	\N	\N	metaLabel:do	metaLabelDetail:729	\N	\N	\N	\N	\N	f
\N	\N	\N	Doctor of nursing practice	\N	\N	\N	metaLabel:dnp	metaLabelDetail:730	\N	\N	\N	\N	\N	f
\N	\N	\N	Physician Assistant	\N	\N	\N	metaLabel:pa	metaLabelDetail:731	\N	\N	\N	\N	\N	f
\N	\N	\N	Charge Created	\N	\N	\N	metaLabel:chargeCreated	metaLabelDetail:732	\N	\N	\N	\N	\N	f
\N	\N	\N	Pre-Batch	\N	\N	\N	metaLabel:preBatch	metaLabelDetail:733	\N	\N	\N	\N	\N	f
\N	\N	\N	Duration	\N	\N	\N	metaLabel:duration	metaLabelDetail:734	\N	\N	\N	\N	\N	f
\N	\N	\N	Units	\N	\N	\N	metaLabel:units	metaLabelDetail:735	\N	\N	\N	\N	\N	f
\N	\N	\N	EarliestService	\N	\N	\N	metaLabel:earliestService	metaLabelDetail:736	\N	\N	\N	\N	\N	f
\N	\N	\N	HighestUnitRate	\N	\N	\N	metaLabel:highestUnitRate	metaLabelDetail:737	\N	\N	\N	\N	\N	f
\N	\N	\N	BillingMatrixRecord	\N	\N	\N	metaLabel:billingMatrixRecord	metaLabelDetail:738	\N	\N	\N	\N	\N	f
\N	\N	\N	ServiceWithBillingMatrixRecord	\N	\N	\N	metaLabel:serviceWithBillingMatrixRecord	metaLabelDetail:739	\N	\N	\N	\N	\N	f
\N	\N	\N	Credential	\N	\N	\N	metaLabel:credential	metaLabelDetail:740	\N	\N	\N	\N	\N	f
\N	\N	\N	License	\N	\N	\N	metaLabel:license	metaLabelDetail:741	\N	\N	\N	\N	\N	f
\N	\N	\N	Certification	\N	\N	\N	metaLabel:certification	metaLabelDetail:742	\N	\N	\N	\N	\N	f
\N	\N	\N	Void	\N	\N	\N	metaLabel:void	metaLabelDetail:743	\N	\N	\N	\N	\N	f
\N	\N	\N	Institutional	\N	\N	\N	metaLabel:institutional	metaLabelDetail:744	\N	\N	\N	\N	\N	f
\N	\N	\N	Professional	\N	\N	\N	metaLabel:professional	metaLabelDetail:745	\N	\N	\N	\N	\N	f
\N	\N	\N	Use service duration	\N	\N	\N	metaLabel:serviceDuration	metaLabelDetail:746	\N	\N	\N	\N	\N	f
\N	\N	\N	Use full encounter duration	\N	\N	\N	metaLabel:fullEncounterDuration	metaLabelDetail:747	\N	\N	\N	\N	\N	f
\N	\N	\N	Subtract service duration from full encounter duration	\N	\N	\N	metaLabel:subtractServiceFromEncounter	metaLabelDetail:748	\N	\N	\N	\N	\N	f
\N	\N	\N	Roll action duration into service duration	\N	\N	\N	metaLabel:addActionToService	metaLabelDetail:749	\N	\N	\N	\N	\N	f
\N	\N	\N	Initiated	\N	\N	\N	metaLabel:initiated	metaLabelDetail:750	\N	\N	\N	\N	\N	f
\N	\N	\N	Pre Approval	\N	\N	\N	metaLabel:preApproval	metaLabelDetail:751	\N	\N	\N	\N	\N	f
\N	\N	\N	Partial Approval	\N	\N	\N	metaLabel:partialApproval	metaLabelDetail:752	\N	\N	\N	\N	\N	f
\N	\N	\N	Complete	\N	\N	\N	metaLabel:complete	metaLabelDetail:753	\N	\N	\N	\N	\N	f
\N	\N	\N	Complete Error	\N	\N	\N	metaLabel:completeError	metaLabelDetail:754	\N	\N	\N	\N	\N	f
\N	\N	\N	New	\N	\N	\N	metaLabel:new	metaLabelDetail:755	\N	\N	\N	\N	\N	f
\N	\N	\N	Ready to invoice	\N	\N	\N	metaLabel:readyToInvoice	metaLabelDetail:756	\N	\N	\N	\N	\N	f
\N	\N	\N	Invoiced	\N	\N	\N	metaLabel:invoiced	metaLabelDetail:757	\N	\N	\N	\N	\N	f
\N	\N	\N	Invoiced Acknowledge	\N	\N	\N	metaLabel:invoicedAck	metaLabelDetail:758	\N	\N	\N	\N	\N	f
\N	\N	\N	Denied	\N	\N	\N	metaLabel:denied	metaLabelDetail:759	\N	\N	\N	\N	\N	f
\N	\N	\N	Patient Due	\N	\N	\N	metaLabel:patientDue	metaLabelDetail:760	\N	\N	\N	\N	\N	f
\N	\N	\N	Per Service	\N	\N	\N	metaLabel:perService	metaLabelDetail:761	\N	\N	\N	\N	\N	f
\N	\N	\N	Bi-Weekly	\N	\N	\N	metaLabel:biweekly	metaLabelDetail:762	\N	\N	\N	\N	\N	f
\N	\N	\N	Services	\N	\N	\N	metaLabel:servics	metaLabelDetail:763	\N	\N	\N	\N	\N	f
\N	\N	\N	Hours	\N	\N	\N	metaLabel:hours	metaLabelDetail:764	\N	\N	\N	\N	\N	f
\N	\N	\N	Home Primary	\N	\N	\N	metaLabel:homePrimary	metaLabelDetail:765	\N	\N	\N	\N	\N	f
\N	\N	\N	Home Vacation	\N	\N	\N	metaLabel:homeVacation	metaLabelDetail:766	\N	\N	\N	\N	\N	f
\N	\N	\N	Work direct number	\N	\N	\N	metaLabel:workDirectNumber	metaLabelDetail:767	\N	\N	\N	\N	\N	f
\N	\N	\N	Work public number	\N	\N	\N	metaLabel:workPublicNumber	metaLabelDetail:768	\N	\N	\N	\N	\N	f
\N	\N	\N	Defunct number	\N	\N	\N	metaLabel:defunctNumber	metaLabelDetail:769	\N	\N	\N	\N	\N	f
\N	\N	\N	Temporary	\N	\N	\N	metaLabel:tmp	metaLabelDetail:770	\N	\N	\N	\N	\N	f
\N	\N	\N	Days	\N	\N	\N	metaLabel:days	metaLabelDetail:771	\N	\N	\N	\N	\N	f
\N	\N	\N	Months	\N	\N	\N	metaLabel:months	metaLabelDetail:773	\N	\N	\N	\N	\N	f
\N	\N	\N	Years	\N	\N	\N	metaLabel:years	metaLabelDetail:774	\N	\N	\N	\N	\N	f
\N	\N	\N	Seconds	\N	\N	\N	metaLabel:seconds	metaLabelDetail:775	\N	\N	\N	\N	\N	f
\N	\N	\N	Minutes	\N	\N	\N	metaLabel:minutes	metaLabelDetail:776	\N	\N	\N	\N	\N	f
\N	\N	\N	Weeks	\N	\N	\N	metaLabel:weeks	metaLabelDetail:777	\N	\N	\N	\N	\N	f
\N	\N	\N	Rescheduled	\N	\N	\N	metaLabel:reScheduled	metaLabelDetail:778	\N	\N	\N	\N	\N	f
\N	\N	\N	Completed	\N	\N	\N	metaLabel:completed	metaLabelDetail:779	\N	\N	\N	\N	\N	f
\N	\N	\N	Cancelled < 24 Hours	\N	\N	\N	metaLabel:cancelled24	metaLabelDetail:780	\N	\N	\N	\N	\N	f
\N	\N	\N	Cancelled By Provider	\N	\N	\N	metaLabel:cancelledByProvider	metaLabelDetail:781	\N	\N	\N	\N	\N	f
\N	\N	\N	SFTP	\N	\N	\N	metaLabel:SFTP	metaLabelDetail:782	\N	\N	\N	\N	\N	f
\N	\N	\N	Web Service	\N	\N	\N	metaLabel:WEBSERVICE	metaLabelDetail:783	\N	\N	\N	\N	\N	f
\N	\N	\N	Medicaid Id	\N	\N	\N	metaLabel:medicaidId	metaLabelDetail:784	\N	\N	\N	\N	\N	f
\N	\N	\N	County Id	\N	\N	\N	metaLabel:countyId	metaLabelDetail:785	\N	\N	\N	\N	\N	f
\N	\N	\N	Processed	\N	\N	\N	metaLabel:processed	metaLabelDetail:786	\N	\N	\N	\N	\N	f
\N	\N	\N	NPI	\N	\N	\N	metaLabel:npi	metaLabelDetail:787	\N	\N	\N	\N	\N	f
\N	\N	\N	DEA	\N	\N	\N	metaLabel:dea	metaLabelDetail:788	\N	\N	\N	\N	\N	f
\N	\N	\N	State ID	\N	\N	\N	metaLabel:stateID	metaLabelDetail:789	\N	\N	\N	\N	\N	f
\N	\N	\N	Downloaded	\N	\N	\N	metaLabel:downloaded	metaLabelDetail:790	\N	\N	\N	\N	\N	f
\N	\N	\N	Overwritten	\N	\N	\N	metaLabel:overwritten	metaLabelDetail:791	\N	\N	\N	\N	\N	f
\N	\N	\N	Paid	\N	\N	\N	metaLabel:paid	metaLabelDetail:792	\N	\N	\N	\N	\N	f
\N	\N	\N	Pre Downloaded	\N	\N	\N	metaLabel:preDownloaded	metaLabelDetail:793	\N	\N	\N	\N	\N	f
\N	\N	\N	Downloading	\N	\N	\N	metaLabel:downloading	metaLabelDetail:794	\N	\N	\N	\N	\N	f
\N	\N	\N	Downloaded	\N	\N	\N	metaLabel:downloaded	metaLabelDetail:795	\N	\N	\N	\N	\N	f
\N	\N	\N	Processed	\N	\N	\N	metaLabel:processed	metaLabelDetail:796	\N	\N	\N	\N	\N	f
\N	\N	\N	Merged	\N	\N	\N	metaLabel:merged	metaLabelDetail:797	\N	\N	\N	\N	\N	f
\N	\N	\N	Defer	\N	\N	\N	metaLabel:defer	metaLabelDetail:798	\N	\N	\N	\N	\N	f
\N	\N	\N	Mild	\N	\N	\N	metaLabel:mild	metaLabelDetail:799	\N	\N	\N	\N	\N	f
\N	\N	\N	Moderate	\N	\N	\N	metaLabel:moderate	metaLabelDetail:800	\N	\N	\N	\N	\N	f
\N	\N	\N	Severe	\N	\N	\N	metaLabel:severe	metaLabelDetail:801	\N	\N	\N	\N	\N	f
\N	\N	\N	Payer Initiated	\N	\N	\N	metaLabel:payerInitiated	metaLabelDetail:802	\N	\N	\N	\N	\N	f
\N	\N	\N	Patient Responsibility	\N	\N	\N	metaLabel:patientResponsibility	metaLabelDetail:803	\N	\N	\N	\N	\N	f
\N	\N	\N	Patient Demographics	\N	\N	\N	metaLabel:demographics	metaLabelDetail:804	\N	\N	\N	\N	\N	f
\N	\N	\N	Patient Vitals	\N	\N	\N	metaLabel:vitals	metaLabelDetail:805	\N	\N	\N	\N	\N	f
\N	\N	\N	Patient Medications	\N	\N	\N	metaLabel:medications	metaLabelDetail:806	\N	\N	\N	\N	\N	f
\N	\N	\N	Patient Allergies	\N	\N	\N	metaLabel:allergies	metaLabelDetail:807	\N	\N	\N	\N	\N	f
\N	\N	\N	Patient Tests	\N	\N	\N	metaLabel:tests	metaLabelDetail:808	\N	\N	\N	\N	\N	f
\N	\N	\N	Patient Diagnosis	\N	\N	\N	metaLabel:diagnosis	metaLabelDetail:809	\N	\N	\N	\N	\N	f
\N	\N	\N	Patient Warnings	\N	\N	\N	metaLabel:warnings	metaLabelDetail:810	\N	\N	\N	\N	\N	f
\N	\N	\N	Patient Immunizations	\N	\N	\N	metaLabel:immunizations	metaLabelDetail:811	\N	\N	\N	\N	\N	f
\N	\N	\N	All Others	\N	\N	\N	metaLabel:others	metaLabelDetail:812	\N	\N	\N	\N	\N	f
\N	\N	\N	Assignments	\N	\N	\N	metaLabel:assignments	metaLabelDetail:813	\N	\N	\N	\N	\N	f
\N	\N	\N	Patient Treatment Plans	\N	\N	\N	metaLabel:treatmentPlans	metaLabelDetail:814	\N	\N	\N	\N	\N	f
\N	\N	\N	Patient Contacts	\N	\N	\N	metaLabel:contacts	metaLabelDetail:815	\N	\N	\N	\N	\N	f
\N	\N	\N	Patient Insurances	\N	\N	\N	metaLabel:insurances	metaLabelDetail:816	\N	\N	\N	\N	\N	f
\N	\N	\N	Patient Encounter	\N	\N	\N	metaLabel:encounter	metaLabelDetail:817	\N	\N	\N	\N	\N	f
\N	\N	\N	Patient Service	\N	\N	\N	metaLabel:service	metaLabelDetail:818	\N	\N	\N	\N	\N	f
\N	\N	\N	Patient Hospitalization	\N	\N	\N	metaLabel:hospitalization	metaLabelDetail:819	\N	\N	\N	\N	\N	f
\N	\N	\N	Encounter Documents	\N	\N	\N	metaLabel:encounterDocuments	metaLabelDetail:820	\N	\N	\N	\N	\N	f
\N	\N	\N	Patient Schedule	\N	\N	\N	metaLabel:schedule	metaLabelDetail:821	\N	\N	\N	\N	\N	f
\N	\N	\N	Audit Log	\N	\N	\N	metaLabel:auditLog	metaLabelDetail:822	\N	\N	\N	\N	\N	f
\N	\N	\N	Billing	\N	\N	\N	metaLabel:billing	metaLabelDetail:823	\N	\N	\N	\N	\N	f
\N	\N	\N	Patient Messaging	\N	\N	\N	metaLabel:messaging	metaLabelDetail:824	\N	\N	\N	\N	\N	f
\N	\N	\N	Patient eMar	\N	\N	\N	metaLabel:eMAR	metaLabelDetail:825	\N	\N	\N	\N	\N	f
\N	\N	\N	Patient Tasks	\N	\N	\N	metaLabel:tasks	metaLabelDetail:826	\N	\N	\N	\N	\N	f
\N	\N	\N	Passport	\N	\N	\N	metaLabel:passport	metaLabelDetail:827	\N	\N	\N	\N	\N	f
\N	\N	\N	I-551 Perm Resident Card	\N	\N	\N	metaLabel:permResCard	metaLabelDetail:828	\N	\N	\N	\N	\N	f
\N	\N	\N	State DL	\N	\N	\N	metaLabel:stateDL	metaLabelDetail:829	\N	\N	\N	\N	\N	f
\N	\N	\N	Self-pay---09	\N	\N	\N	metaLabel:selfPay	metaLabelDetail:830	\N	\N	\N	\N	\N	f
\N	\N	\N	Other Non-Federal Programs---11	\N	\N	\N	metaLabel:otherNonFederalPrograms	metaLabelDetail:831	\N	\N	\N	\N	\N	f
\N	\N	\N	Preferred Provider Organization (PPO)---12	\N	\N	\N	metaLabel:ppo	metaLabelDetail:832	\N	\N	\N	\N	\N	f
\N	\N	\N	Point of Service (POS)---13	\N	\N	\N	metaLabel:pos	metaLabelDetail:833	\N	\N	\N	\N	\N	f
\N	\N	\N	Exclusive Provider Organization (EPO)---14	\N	\N	\N	metaLabel:epo	metaLabelDetail:834	\N	\N	\N	\N	\N	f
\N	\N	\N	Indemnity Insurance---15	\N	\N	\N	metaLabel:indemnityInsurance	metaLabelDetail:835	\N	\N	\N	\N	\N	f
\N	\N	\N	Health Maintenance Organization (HMO) Medicare Risk---16	\N	\N	\N	metaLabel:hmo	metaLabelDetail:836	\N	\N	\N	\N	\N	f
\N	\N	\N	Dental Maintenance Organization---17	\N	\N	\N	metaLabel:dentalMaintenanceOrganization	metaLabelDetail:837	\N	\N	\N	\N	\N	f
\N	\N	\N	Automobile Medical---AM	\N	\N	\N	metaLabel:automobileMedical	metaLabelDetail:838	\N	\N	\N	\N	\N	f
\N	\N	\N	Blue Cross/Blue Shield---BL	\N	\N	\N	metaLabel:blueCross	metaLabelDetail:839	\N	\N	\N	\N	\N	f
\N	\N	\N	Champus---CH	\N	\N	\N	metaLabel:champus	metaLabelDetail:840	\N	\N	\N	\N	\N	f
\N	\N	\N	Commercial Insurance Co.---CI	\N	\N	\N	metaLabel:commercialInsurance	metaLabelDetail:841	\N	\N	\N	\N	\N	f
\N	\N	\N	Disability---DS	\N	\N	\N	metaLabel:disability	metaLabelDetail:842	\N	\N	\N	\N	\N	f
\N	\N	\N	Federal Employees Program---FI	\N	\N	\N	metaLabel:federalEmployeesProgram	metaLabelDetail:843	\N	\N	\N	\N	\N	f
\N	\N	\N	Health Maintenance Organization---HM	\N	\N	\N	metaLabel:healthMaintenanceOrganization	metaLabelDetail:844	\N	\N	\N	\N	\N	f
\N	\N	\N	Liability Medical---LM	\N	\N	\N	metaLabel:liabilityMedical	metaLabelDetail:845	\N	\N	\N	\N	\N	f
\N	\N	\N	Medicare Part A---MA	\N	\N	\N	metaLabel:medicarePartA	metaLabelDetail:846	\N	\N	\N	\N	\N	f
\N	\N	\N	Medicare Part B---MB	\N	\N	\N	metaLabel:medicarePartB	metaLabelDetail:847	\N	\N	\N	\N	\N	f
\N	\N	\N	Medicaid---MC	\N	\N	\N	metaLabel:medicaid	metaLabelDetail:848	\N	\N	\N	\N	\N	f
\N	\N	\N	Other Federal Program---OF	\N	\N	\N	metaLabel:otherFederalProgram	metaLabelDetail:849	\N	\N	\N	\N	\N	f
\N	\N	\N	Title V---TV	\N	\N	\N	metaLabel:titleV	metaLabelDetail:850	\N	\N	\N	\N	\N	f
\N	\N	\N	Veterans Affairs Plan---VA	\N	\N	\N	metaLabel:veteransAffairsPlan	metaLabelDetail:851	\N	\N	\N	\N	\N	f
\N	\N	\N	Workers' Compensation Health Claim---WC	\N	\N	\N	metaLabel:workersCompensationHealthClaim	metaLabelDetail:852	\N	\N	\N	\N	\N	f
\N	\N	\N	Mutually Defined---ZZ	\N	\N	\N	metaLabel:mutuallyDefined	metaLabelDetail:853	\N	\N	\N	\N	\N	f
\N	\N	\N	Claims	\N	\N	\N	metaLabel:claims	metaLabelDetail:854	\N	\N	\N	\N	\N	f
\N	\N	\N	Real-time eligibility	\N	\N	\N	metaLabel:realTimeEligibility	metaLabelDetail:855	\N	\N	\N	\N	\N	f
\N	\N	\N	Batch eligibility	\N	\N	\N	metaLabel:batchEligibility	metaLabelDetail:856	\N	\N	\N	\N	\N	f
\N	\N	\N	PayerIdNot Found	\N	\N	\N	metaLabel:payerIdNotFound	metaLabelDetail:857	\N	\N	\N	\N	\N	f
\N	\N	\N	TaxEntityNotFound	\N	\N	\N	metaLabel:taxEntityNotFound	metaLabelDetail:858	\N	\N	\N	\N	\N	f
\N	\N	\N	Parsed	\N	\N	\N	metaLabel:parsed	metaLabelDetail:860	\N	\N	\N	\N	\N	f
\N	\N	\N	Ignore & Post Payment	\N	\N	\N	metaLabel:ignorePostPayment	metaLabelDetail:861	\N	\N	\N	\N	\N	f
\N	\N	\N	Post & Appeal	\N	\N	\N	metaLabel:postAndAppeal	metaLabelDetail:862	\N	\N	\N	\N	\N	f
\N	\N	\N	Reject & Resubmit	\N	\N	\N	metaLabel:rejectAndResubmit	metaLabelDetail:863	\N	\N	\N	\N	\N	f
\N	\N	\N	Confidential Address	\N	\N	\N	metaLabel:confidentialAddress	metaLabelDetail:864	\N	\N	\N	\N	\N	f
\N	\N	\N	Primary Home	\N	\N	\N	metaLabel:primaryHome	metaLabelDetail:865	\N	\N	\N	\N	\N	f
\N	\N	\N	Vacation Home	\N	\N	\N	metaLabel:vacationHome	metaLabelDetail:866	\N	\N	\N	\N	\N	f
\N	\N	\N	Old	\N	\N	\N	metaLabel:old	metaLabelDetail:867	\N	\N	\N	\N	\N	f
\N	\N	\N	Temporary Address	\N	\N	\N	metaLabel:temporaryAddress	metaLabelDetail:868	\N	\N	\N	\N	\N	f
\N	\N	\N	Work Place	\N	\N	\N	metaLabel:workPlace	metaLabelDetail:869	\N	\N	\N	\N	\N	f
\N	\N	\N	Direct	\N	\N	\N	metaLabel:direct	metaLabelDetail:870	\N	\N	\N	\N	\N	f
\N	\N	\N	Public	\N	\N	\N	metaLabel:public	metaLabelDetail:871	\N	\N	\N	\N	\N	f
\N	\N	\N	Physical Visit Address	\N	\N	\N	metaLabel:physicalVisitAddress	metaLabelDetail:872	\N	\N	\N	\N	\N	f
\N	\N	\N	Postal Address	\N	\N	\N	metaLabel:postalAddress	metaLabelDetail:873	\N	\N	\N	\N	\N	f
\N	\N	\N	Answering Service	\N	\N	\N	metaLabel:answeringService	metaLabelDetail:874	\N	\N	\N	\N	\N	f
\N	\N	\N	Emergency Contact	\N	\N	\N	metaLabel:emergencyContact	metaLabelDetail:875	\N	\N	\N	\N	\N	f
\N	\N	\N	Mobile Contact	\N	\N	\N	metaLabel:mobileContact	metaLabelDetail:876	\N	\N	\N	\N	\N	f
\N	\N	\N	Pager	\N	\N	\N	metaLabel:pager	metaLabelDetail:877	\N	\N	\N	\N	\N	f
\.


--
-- Data for Name: meta_language; Type: TABLE DATA; Schema: public; Owner: aperiosf
--

COPY public.meta_language (value, code, value_order, created_on_date, created_on_time, created_by, id, tags, organization_id, custom_property, checksum, object_path, is_deleted) FROM stdin;
English	eng	0	\N	\N	\N	metaLanguage:eng	\N	\N	\N	\N	\N	f
Afar	aar	1	\N	\N	\N	metaLanguage:aar	\N	\N	\N	\N	\N	f
Abkhazian	abk	1	\N	\N	\N	metaLanguage:abk	\N	\N	\N	\N	\N	f
Afrikaans	afr	1	\N	\N	\N	metaLanguage:afr	\N	\N	\N	\N	\N	f
Akan	aka	1	\N	\N	\N	metaLanguage:aka	\N	\N	\N	\N	\N	f
Amharic	amh	1	\N	\N	\N	metaLanguage:amh	\N	\N	\N	\N	\N	f
Arabic	ara	1	\N	\N	\N	metaLanguage:ara	\N	\N	\N	\N	\N	f
Aragonese	arg	1	\N	\N	\N	metaLanguage:arg	\N	\N	\N	\N	\N	f
Assamese	asm	1	\N	\N	\N	metaLanguage:asm	\N	\N	\N	\N	\N	f
Avaric	ava	1	\N	\N	\N	metaLanguage:ava	\N	\N	\N	\N	\N	f
Avestan	ave	1	\N	\N	\N	metaLanguage:ave	\N	\N	\N	\N	\N	f
Aymara	aym	1	\N	\N	\N	metaLanguage:aym	\N	\N	\N	\N	\N	f
Azerbaijani	aze	1	\N	\N	\N	metaLanguage:aze	\N	\N	\N	\N	\N	f
Bashkir	bak	1	\N	\N	\N	metaLanguage:bak	\N	\N	\N	\N	\N	f
Bambara	bam	1	\N	\N	\N	metaLanguage:bam	\N	\N	\N	\N	\N	f
Belarusian	bel	1	\N	\N	\N	metaLanguage:bel	\N	\N	\N	\N	\N	f
Bengali	ben	1	\N	\N	\N	metaLanguage:ben	\N	\N	\N	\N	\N	f
Bihari languages	bih	1	\N	\N	\N	metaLanguage:bih	\N	\N	\N	\N	\N	f
Bislama	bis	1	\N	\N	\N	metaLanguage:bis	\N	\N	\N	\N	\N	f
Tibetan	bod	1	\N	\N	\N	metaLanguage:bod	\N	\N	\N	\N	\N	f
Bosnian	bos	1	\N	\N	\N	metaLanguage:bos	\N	\N	\N	\N	\N	f
Breton	bre	1	\N	\N	\N	metaLanguage:bre	\N	\N	\N	\N	\N	f
Bulgarian	bul	1	\N	\N	\N	metaLanguage:bul	\N	\N	\N	\N	\N	f
Catalan,Valencian	cat	1	\N	\N	\N	metaLanguage:cat	\N	\N	\N	\N	\N	f
Czech	ces	1	\N	\N	\N	metaLanguage:ces	\N	\N	\N	\N	\N	f
Chamorro	cha	1	\N	\N	\N	metaLanguage:cha	\N	\N	\N	\N	\N	f
Chechen	che	1	\N	\N	\N	metaLanguage:che	\N	\N	\N	\N	\N	f
Church Slavic,Old Slavonic,Church Slavonic,Old Bulgarian,Old Church Slavonic	chu	1	\N	\N	\N	metaLanguage:chu	\N	\N	\N	\N	\N	f
Chuvash	chv	1	\N	\N	\N	metaLanguage:chv	\N	\N	\N	\N	\N	f
Cornish	cor	1	\N	\N	\N	metaLanguage:cor	\N	\N	\N	\N	\N	f
Corsican	cos	1	\N	\N	\N	metaLanguage:cos	\N	\N	\N	\N	\N	f
Cree	cre	1	\N	\N	\N	metaLanguage:cre	\N	\N	\N	\N	\N	f
Welsh	cym	1	\N	\N	\N	metaLanguage:cym	\N	\N	\N	\N	\N	f
Danish	dan	1	\N	\N	\N	metaLanguage:dan	\N	\N	\N	\N	\N	f
German	deu	1	\N	\N	\N	metaLanguage:deu	\N	\N	\N	\N	\N	f
Divehi,Dhivehi,Maldivian	div	1	\N	\N	\N	metaLanguage:div	\N	\N	\N	\N	\N	f
Dzongkha	dzo	1	\N	\N	\N	metaLanguage:dzo	\N	\N	\N	\N	\N	f
Greek, Modern (1453-)	ell	1	\N	\N	\N	metaLanguage:ell	\N	\N	\N	\N	\N	f
Esperanto	epo	1	\N	\N	\N	metaLanguage:epo	\N	\N	\N	\N	\N	f
Estonian	est	1	\N	\N	\N	metaLanguage:est	\N	\N	\N	\N	\N	f
Basque	eus	1	\N	\N	\N	metaLanguage:eus	\N	\N	\N	\N	\N	f
Ewe	ewe	1	\N	\N	\N	metaLanguage:ewe	\N	\N	\N	\N	\N	f
Faroese	fao	1	\N	\N	\N	metaLanguage:fao	\N	\N	\N	\N	\N	f
Persian	fas	1	\N	\N	\N	metaLanguage:fas	\N	\N	\N	\N	\N	f
Fijian	fij	1	\N	\N	\N	metaLanguage:fij	\N	\N	\N	\N	\N	f
Finnish	fin	1	\N	\N	\N	metaLanguage:fin	\N	\N	\N	\N	\N	f
French	fra	1	\N	\N	\N	metaLanguage:fra	\N	\N	\N	\N	\N	f
Western Frisian	fry	1	\N	\N	\N	metaLanguage:fry	\N	\N	\N	\N	\N	f
Fulah	ful	1	\N	\N	\N	metaLanguage:ful	\N	\N	\N	\N	\N	f
Gaelic,Scottish Gaelic	gla	1	\N	\N	\N	metaLanguage:gla	\N	\N	\N	\N	\N	f
Irish	gle	1	\N	\N	\N	metaLanguage:gle	\N	\N	\N	\N	\N	f
Galician	glg	1	\N	\N	\N	metaLanguage:glg	\N	\N	\N	\N	\N	f
Manx	glv	1	\N	\N	\N	metaLanguage:glv	\N	\N	\N	\N	\N	f
Guarani	grn	1	\N	\N	\N	metaLanguage:grn	\N	\N	\N	\N	\N	f
Gujarati	guj	1	\N	\N	\N	metaLanguage:guj	\N	\N	\N	\N	\N	f
Haitian,Haitian Creole	hat	1	\N	\N	\N	metaLanguage:hat	\N	\N	\N	\N	\N	f
Hausa	hau	1	\N	\N	\N	metaLanguage:hau	\N	\N	\N	\N	\N	f
Hebrew	heb	1	\N	\N	\N	metaLanguage:heb	\N	\N	\N	\N	\N	f
Herero	her	1	\N	\N	\N	metaLanguage:her	\N	\N	\N	\N	\N	f
Hindi	hin	1	\N	\N	\N	metaLanguage:hin	\N	\N	\N	\N	\N	f
Hiri Motu	hmo	1	\N	\N	\N	metaLanguage:hmo	\N	\N	\N	\N	\N	f
Croatian	hrv	1	\N	\N	\N	metaLanguage:hrv	\N	\N	\N	\N	\N	f
Hungarian	hun	1	\N	\N	\N	metaLanguage:hun	\N	\N	\N	\N	\N	f
Armenian	hye	1	\N	\N	\N	metaLanguage:hye	\N	\N	\N	\N	\N	f
Igbo	ibo	1	\N	\N	\N	metaLanguage:ibo	\N	\N	\N	\N	\N	f
IDo	ido	1	\N	\N	\N	metaLanguage:ido	\N	\N	\N	\N	\N	f
Sichuan Yi,Nuosu	iii	1	\N	\N	\N	metaLanguage:iii	\N	\N	\N	\N	\N	f
Inuktitut	iku	1	\N	\N	\N	metaLanguage:iku	\N	\N	\N	\N	\N	f
Interlingue,Occidental	ile	1	\N	\N	\N	metaLanguage:ile	\N	\N	\N	\N	\N	f
Interlingua (International Auxiliary Language Association)	ina	1	\N	\N	\N	metaLanguage:ina	\N	\N	\N	\N	\N	f
Indonesian	ind	1	\N	\N	\N	metaLanguage:ind	\N	\N	\N	\N	\N	f
Inupiaq	ipk	1	\N	\N	\N	metaLanguage:ipk	\N	\N	\N	\N	\N	f
Icelandic	isl	1	\N	\N	\N	metaLanguage:isl	\N	\N	\N	\N	\N	f
Italian	ita	1	\N	\N	\N	metaLanguage:ita	\N	\N	\N	\N	\N	f
Javanese	jav	1	\N	\N	\N	metaLanguage:jav	\N	\N	\N	\N	\N	f
Japanese	jpn	1	\N	\N	\N	metaLanguage:jpn	\N	\N	\N	\N	\N	f
Kalaallisut,Greenlandic	kal	1	\N	\N	\N	metaLanguage:kal	\N	\N	\N	\N	\N	f
Kannada	kan	1	\N	\N	\N	metaLanguage:kan	\N	\N	\N	\N	\N	f
Kashmiri	kas	1	\N	\N	\N	metaLanguage:kas	\N	\N	\N	\N	\N	f
Georgian	kat	1	\N	\N	\N	metaLanguage:kat	\N	\N	\N	\N	\N	f
Kanuri	kau	1	\N	\N	\N	metaLanguage:kau	\N	\N	\N	\N	\N	f
Kazakh	kaz	1	\N	\N	\N	metaLanguage:kaz	\N	\N	\N	\N	\N	f
Central Khmer	khm	1	\N	\N	\N	metaLanguage:khm	\N	\N	\N	\N	\N	f
Kikuyu,Gikuyu	kik	1	\N	\N	\N	metaLanguage:kik	\N	\N	\N	\N	\N	f
Kinyarwanda	kin	1	\N	\N	\N	metaLanguage:kin	\N	\N	\N	\N	\N	f
Kirghiz,Kyrgyz	kir	1	\N	\N	\N	metaLanguage:kir	\N	\N	\N	\N	\N	f
Komi	kom	1	\N	\N	\N	metaLanguage:kom	\N	\N	\N	\N	\N	f
Kongo	kon	1	\N	\N	\N	metaLanguage:kon	\N	\N	\N	\N	\N	f
Korean	kor	1	\N	\N	\N	metaLanguage:kor	\N	\N	\N	\N	\N	f
Kuanyama,Kwanyama	kua	1	\N	\N	\N	metaLanguage:kua	\N	\N	\N	\N	\N	f
Kurdish	kur	1	\N	\N	\N	metaLanguage:kur	\N	\N	\N	\N	\N	f
Lao	lao	1	\N	\N	\N	metaLanguage:lao	\N	\N	\N	\N	\N	f
Latin	lat	1	\N	\N	\N	metaLanguage:lat	\N	\N	\N	\N	\N	f
Latvian	lav	1	\N	\N	\N	metaLanguage:lav	\N	\N	\N	\N	\N	f
Limburgan,Limburger,Limburgish	lim	1	\N	\N	\N	metaLanguage:lim	\N	\N	\N	\N	\N	f
Lingala	lin	1	\N	\N	\N	metaLanguage:lin	\N	\N	\N	\N	\N	f
Lithuanian	lit	1	\N	\N	\N	metaLanguage:lit	\N	\N	\N	\N	\N	f
Luxembourgish, Letzeburgesch	ltz	1	\N	\N	\N	metaLanguage:ltz	\N	\N	\N	\N	\N	f
Luba-Katanga	lub	1	\N	\N	\N	metaLanguage:lub	\N	\N	\N	\N	\N	f
Ganda	lug	1	\N	\N	\N	metaLanguage:lug	\N	\N	\N	\N	\N	f
Marshallese	mah	1	\N	\N	\N	metaLanguage:mah	\N	\N	\N	\N	\N	f
Malayalam	mal	1	\N	\N	\N	metaLanguage:mal	\N	\N	\N	\N	\N	f
Marathi	mar	1	\N	\N	\N	metaLanguage:mar	\N	\N	\N	\N	\N	f
Macedonian	mkd	1	\N	\N	\N	metaLanguage:mkd	\N	\N	\N	\N	\N	f
Malagasy	mlg	1	\N	\N	\N	metaLanguage:mlg	\N	\N	\N	\N	\N	f
Maltese	mlt	1	\N	\N	\N	metaLanguage:mlt	\N	\N	\N	\N	\N	f
Mongolian	mon	1	\N	\N	\N	metaLanguage:mon	\N	\N	\N	\N	\N	f
Maori	mri	1	\N	\N	\N	metaLanguage:mri	\N	\N	\N	\N	\N	f
Malay	msa	1	\N	\N	\N	metaLanguage:msa	\N	\N	\N	\N	\N	f
Burmese	mya	1	\N	\N	\N	metaLanguage:mya	\N	\N	\N	\N	\N	f
Nauru	nau	1	\N	\N	\N	metaLanguage:nau	\N	\N	\N	\N	\N	f
Navajo,Navaho	nav	1	\N	\N	\N	metaLanguage:nav	\N	\N	\N	\N	\N	f
Ndebele, South,South Ndebele	nbl	1	\N	\N	\N	metaLanguage:nbl	\N	\N	\N	\N	\N	f
Ndebele, North,North Ndebele	nde	1	\N	\N	\N	metaLanguage:nde	\N	\N	\N	\N	\N	f
Ndonga	ndo	1	\N	\N	\N	metaLanguage:ndo	\N	\N	\N	\N	\N	f
Nepali	nep	1	\N	\N	\N	metaLanguage:nep	\N	\N	\N	\N	\N	f
Dutch,Flemish	nld	1	\N	\N	\N	metaLanguage:nld	\N	\N	\N	\N	\N	f
Norwegian Nynorsk,Nynorsk, Norwegian	nno	1	\N	\N	\N	metaLanguage:nno	\N	\N	\N	\N	\N	f
Bokml, Norwegian,Norwegian Bokml	nob	1	\N	\N	\N	metaLanguage:nob	\N	\N	\N	\N	\N	f
Norwegian	nor	1	\N	\N	\N	metaLanguage:nor	\N	\N	\N	\N	\N	f
Chichewa,Chewa,Nyanja	nya	1	\N	\N	\N	metaLanguage:nya	\N	\N	\N	\N	\N	f
Occitan (post 1500)	oci	1	\N	\N	\N	metaLanguage:oci	\N	\N	\N	\N	\N	f
Ojibwa	oji	1	\N	\N	\N	metaLanguage:oji	\N	\N	\N	\N	\N	f
Oriya	ori	1	\N	\N	\N	metaLanguage:ori	\N	\N	\N	\N	\N	f
Oromo	orm	1	\N	\N	\N	metaLanguage:orm	\N	\N	\N	\N	\N	f
Ossetian,Ossetic	oss	1	\N	\N	\N	metaLanguage:oss	\N	\N	\N	\N	\N	f
Panjabi,Punjabi	pan	1	\N	\N	\N	metaLanguage:pan	\N	\N	\N	\N	\N	f
Pali	pli	1	\N	\N	\N	metaLanguage:pli	\N	\N	\N	\N	\N	f
Polish	pol	1	\N	\N	\N	metaLanguage:pol	\N	\N	\N	\N	\N	f
Portuguese	por	1	\N	\N	\N	metaLanguage:por	\N	\N	\N	\N	\N	f
Pushto,Pashto	pus	1	\N	\N	\N	metaLanguage:pus	\N	\N	\N	\N	\N	f
Quechua	que	1	\N	\N	\N	metaLanguage:que	\N	\N	\N	\N	\N	f
Romansh	roh	1	\N	\N	\N	metaLanguage:roh	\N	\N	\N	\N	\N	f
Romanian,Moldavian,Moldovan	ron	1	\N	\N	\N	metaLanguage:ron	\N	\N	\N	\N	\N	f
Rundi	run	1	\N	\N	\N	metaLanguage:run	\N	\N	\N	\N	\N	f
Russian	rus	1	\N	\N	\N	metaLanguage:rus	\N	\N	\N	\N	\N	f
Sango	sag	1	\N	\N	\N	metaLanguage:sag	\N	\N	\N	\N	\N	f
Sanskrit	san	1	\N	\N	\N	metaLanguage:san	\N	\N	\N	\N	\N	f
Sinhala,Sinhalese	sin	1	\N	\N	\N	metaLanguage:sin	\N	\N	\N	\N	\N	f
Slovak	slk	1	\N	\N	\N	metaLanguage:slk	\N	\N	\N	\N	\N	f
Slovenian	slv	1	\N	\N	\N	metaLanguage:slv	\N	\N	\N	\N	\N	f
Northern Sami	sme	1	\N	\N	\N	metaLanguage:sme	\N	\N	\N	\N	\N	f
Samoan	smo	1	\N	\N	\N	metaLanguage:smo	\N	\N	\N	\N	\N	f
Shona	sna	1	\N	\N	\N	metaLanguage:sna	\N	\N	\N	\N	\N	f
Sindhi	snd	1	\N	\N	\N	metaLanguage:snd	\N	\N	\N	\N	\N	f
Somali	som	1	\N	\N	\N	metaLanguage:som	\N	\N	\N	\N	\N	f
Sotho, Southern	sot	1	\N	\N	\N	metaLanguage:sot	\N	\N	\N	\N	\N	f
Spanish,Castilian	spa	1	\N	\N	\N	metaLanguage:spa	\N	\N	\N	\N	\N	f
Albanian	sqi	1	\N	\N	\N	metaLanguage:sqi	\N	\N	\N	\N	\N	f
Sardinian	srd	1	\N	\N	\N	metaLanguage:srd	\N	\N	\N	\N	\N	f
Serbian	srp	1	\N	\N	\N	metaLanguage:srp	\N	\N	\N	\N	\N	f
Swati	ssw	1	\N	\N	\N	metaLanguage:ssw	\N	\N	\N	\N	\N	f
Sundanese	sun	1	\N	\N	\N	metaLanguage:sun	\N	\N	\N	\N	\N	f
Swahili	swa	1	\N	\N	\N	metaLanguage:swa	\N	\N	\N	\N	\N	f
Swedish	swe	1	\N	\N	\N	metaLanguage:swe	\N	\N	\N	\N	\N	f
Tahitian	tah	1	\N	\N	\N	metaLanguage:tah	\N	\N	\N	\N	\N	f
Tamil	tam	1	\N	\N	\N	metaLanguage:tam	\N	\N	\N	\N	\N	f
Tatar	tat	1	\N	\N	\N	metaLanguage:tat	\N	\N	\N	\N	\N	f
Telugu	tel	1	\N	\N	\N	metaLanguage:tel	\N	\N	\N	\N	\N	f
Tajik	tgk	1	\N	\N	\N	metaLanguage:tgk	\N	\N	\N	\N	\N	f
Tagalog	tgl	1	\N	\N	\N	metaLanguage:tgl	\N	\N	\N	\N	\N	f
Thai	tha	1	\N	\N	\N	metaLanguage:tha	\N	\N	\N	\N	\N	f
Tigrinya	tir	1	\N	\N	\N	metaLanguage:tir	\N	\N	\N	\N	\N	f
Tonga (Tonga Islands)	ton	1	\N	\N	\N	metaLanguage:ton	\N	\N	\N	\N	\N	f
Tswana	tsn	1	\N	\N	\N	metaLanguage:tsn	\N	\N	\N	\N	\N	f
Tsonga	tso	1	\N	\N	\N	metaLanguage:tso	\N	\N	\N	\N	\N	f
Turkmen	tuk	1	\N	\N	\N	metaLanguage:tuk	\N	\N	\N	\N	\N	f
Turkish	tur	1	\N	\N	\N	metaLanguage:tur	\N	\N	\N	\N	\N	f
Twi	twi	1	\N	\N	\N	metaLanguage:twi	\N	\N	\N	\N	\N	f
Uighur,Uyghur	uig	1	\N	\N	\N	metaLanguage:uig	\N	\N	\N	\N	\N	f
Ukrainian	ukr	1	\N	\N	\N	metaLanguage:ukr	\N	\N	\N	\N	\N	f
Urdu	urd	1	\N	\N	\N	metaLanguage:urd	\N	\N	\N	\N	\N	f
Uzbek	uzb	1	\N	\N	\N	metaLanguage:uzb	\N	\N	\N	\N	\N	f
Venda	ven	1	\N	\N	\N	metaLanguage:ven	\N	\N	\N	\N	\N	f
Vietnamese	vie	1	\N	\N	\N	metaLanguage:vie	\N	\N	\N	\N	\N	f
Volapk	vol	1	\N	\N	\N	metaLanguage:vol	\N	\N	\N	\N	\N	f
Walloon	wln	1	\N	\N	\N	metaLanguage:wln	\N	\N	\N	\N	\N	f
Wolof	wol	1	\N	\N	\N	metaLanguage:wol	\N	\N	\N	\N	\N	f
Xhosa	xho	1	\N	\N	\N	metaLanguage:xho	\N	\N	\N	\N	\N	f
Yiddish	yid	1	\N	\N	\N	metaLanguage:yid	\N	\N	\N	\N	\N	f
Yoruba	yor	1	\N	\N	\N	metaLanguage:yor	\N	\N	\N	\N	\N	f
Zhuang,Chuang	zha	1	\N	\N	\N	metaLanguage:zha	\N	\N	\N	\N	\N	f
Chinese	zho	1	\N	\N	\N	metaLanguage:zho	\N	\N	\N	\N	\N	f
Zulu	zul	1	\N	\N	\N	metaLanguage:zul	\N	\N	\N	\N	\N	f
Declined to provide	\N	1	\N	\N	\N	metaLanguage:declinedToProvide	\N	\N	\N	\N	\N	f
\.


--
-- Data for Name: meta_marital_status; Type: TABLE DATA; Schema: public; Owner: aperiosf
--

COPY public.meta_marital_status (value, code, value_order, created_on_date, created_on_time, created_by, id, tags, organization_id, custom_property, checksum, object_path, is_deleted) FROM stdin;
Never Married	S	1	\N	\N	\N	metaMaritalStatus:neverMarried	\N	\N	\N	\N	\N	f
Annulled	A	2	\N	\N	\N	metaMaritalStatus:annulled	\N	\N	\N	\N	\N	f
Divorced	D	3	\N	\N	\N	metaMaritalStatus:divorced	\N	\N	\N	\N	\N	f
Married	M	4	\N	\N	\N	metaMaritalStatus:married	\N	\N	\N	\N	\N	f
Widowed	W	5	\N	\N	\N	metaMaritalStatus:widowed	\N	\N	\N	\N	\N	f
Domestic Partner	T	6	\N	\N	\N	metaMaritalStatus:domesticPartner	\N	\N	\N	\N	\N	f
Interlocutory	I	7	\N	\N	\N	metaMaritalStatus:interlocutory	\N	\N	\N	\N	\N	f
Legally Separated	L	8	\N	\N	\N	metaMaritalStatus:legallySeparated	\N	\N	\N	\N	\N	f
Polygamous	P	9	\N	\N	\N	metaMaritalStatus:polygamous	\N	\N	\N	\N	\N	f
\.


--
-- Data for Name: meta_medication_delivery_route; Type: TABLE DATA; Schema: public; Owner: aperiosf
--

COPY public.meta_medication_delivery_route (value, created_on_date, created_on_time, created_by, id, tags, organization_id, custom_property, checksum, object_path, is_deleted) FROM stdin;
Oral	\N	\N	\N	metaMedicationDeliveryRoute:OR	\N	\N	\N	\N	\N	f
Rectal	\N	\N	\N	metaMedicationDeliveryRoute:RE	\N	\N	\N	\N	\N	f
Epidural	\N	\N	\N	metaMedicationDeliveryRoute:EP	\N	\N	\N	\N	\N	f
Intracerebral	\N	\N	\N	metaMedicationDeliveryRoute:IC	\N	\N	\N	\N	\N	f
Intracerebroventricular	\N	\N	\N	metaMedicationDeliveryRoute:IV	\N	\N	\N	\N	\N	f
Epicutaneous	\N	\N	\N	metaMedicationDeliveryRoute:ET	\N	\N	\N	\N	\N	f
Sublingual	\N	\N	\N	metaMedicationDeliveryRoute:SI	\N	\N	\N	\N	\N	f
Nasal	\N	\N	\N	metaMedicationDeliveryRoute:NA	\N	\N	\N	\N	\N	f
Extra-amniotic	\N	\N	\N	metaMedicationDeliveryRoute:EA	\N	\N	\N	\N	\N	f
Intra-arterial	\N	\N	\N	metaMedicationDeliveryRoute:AT	\N	\N	\N	\N	\N	f
Intra-articular	\N	\N	\N	metaMedicationDeliveryRoute:AR	\N	\N	\N	\N	\N	f
Intracardiac	\N	\N	\N	metaMedicationDeliveryRoute:CD	\N	\N	\N	\N	\N	f
Intracavernous	\N	\N	\N	metaMedicationDeliveryRoute:CA	\N	\N	\N	\N	\N	f
Intradermal	\N	\N	\N	metaMedicationDeliveryRoute:DE	\N	\N	\N	\N	\N	f
Intralesional	\N	\N	\N	metaMedicationDeliveryRoute:LE	\N	\N	\N	\N	\N	f
Intramusclar	\N	\N	\N	metaMedicationDeliveryRoute:MU	\N	\N	\N	\N	\N	f
Intraocular	\N	\N	\N	metaMedicationDeliveryRoute:CU	\N	\N	\N	\N	\N	f
Intraosseous	\N	\N	\N	metaMedicationDeliveryRoute:SS	\N	\N	\N	\N	\N	f
Intraperitoneal	\N	\N	\N	metaMedicationDeliveryRoute:PE	\N	\N	\N	\N	\N	f
Intrathecal	\N	\N	\N	metaMedicationDeliveryRoute:TH	\N	\N	\N	\N	\N	f
Intrauterine	\N	\N	\N	metaMedicationDeliveryRoute:UT	\N	\N	\N	\N	\N	f
Intravaginal	\N	\N	\N	metaMedicationDeliveryRoute:VA	\N	\N	\N	\N	\N	f
Intravenous	\N	\N	\N	metaMedicationDeliveryRoute:VE	\N	\N	\N	\N	\N	f
Intravesical	\N	\N	\N	metaMedicationDeliveryRoute:VS	\N	\N	\N	\N	\N	f
Intravitreal	\N	\N	\N	metaMedicationDeliveryRoute:VI	\N	\N	\N	\N	\N	f
Subcutaneous	\N	\N	\N	metaMedicationDeliveryRoute:SC	\N	\N	\N	\N	\N	f
Transdermal	\N	\N	\N	metaMedicationDeliveryRoute:TD	\N	\N	\N	\N	\N	f
Perivascular	\N	\N	\N	metaMedicationDeliveryRoute:PS	\N	\N	\N	\N	\N	f
Transmucosal	\N	\N	\N	metaMedicationDeliveryRoute:TM	\N	\N	\N	\N	\N	f
Inhalation	\N	\N	\N	metaMedicationDeliveryRoute:IH	\N	\N	\N	\N	\N	f
External	\N	\N	\N	metaMedicationDeliveryRoute:EX	\N	\N	\N	\N	\N	f
Other	\N	\N	\N	metaMedicationDeliveryRoute:OT	\N	\N	\N	\N	\N	f
\.


--
-- Data for Name: meta_military_status; Type: TABLE DATA; Schema: public; Owner: aperiosf
--

COPY public.meta_military_status (value, value_order, created_on_date, created_on_time, created_by, id, tags, organization_id, custom_property, checksum, object_path, is_deleted) FROM stdin;
metaLabel:active	1	\N	\N	\N	metaMilitaryStatus:none	\N	\N	\N	\N	\N	f
metaLabel:none	2	\N	\N	\N	metaMilitaryStatus:active	\N	\N	\N	\N	\N	f
metaLabel:veteran	3	\N	\N	\N	metaMilitaryStatus:veteran	\N	\N	\N	\N	\N	f
\.


--
-- Data for Name: meta_pain_level; Type: TABLE DATA; Schema: public; Owner: aperiosf
--

COPY public.meta_pain_level (value, created_on_date, created_on_time, created_by, id, tags, organization_id, custom_property, checksum, object_path, is_deleted) FROM stdin;
1	\N	\N	\N	metaPainLevel:1	\N	\N	\N	\N	\N	f
2	\N	\N	\N	metaPainLevel:2	\N	\N	\N	\N	\N	f
3	\N	\N	\N	metaPainLevel:3	\N	\N	\N	\N	\N	f
4	\N	\N	\N	metaPainLevel:4	\N	\N	\N	\N	\N	f
5	\N	\N	\N	metaPainLevel:5	\N	\N	\N	\N	\N	f
6	\N	\N	\N	metaPainLevel:6	\N	\N	\N	\N	\N	f
7	\N	\N	\N	metaPainLevel:7	\N	\N	\N	\N	\N	f
8	\N	\N	\N	metaPainLevel:8	\N	\N	\N	\N	\N	f
9	\N	\N	\N	metaPainLevel:9	\N	\N	\N	\N	\N	f
10	\N	\N	\N	metaPainLevel:10	\N	\N	\N	\N	\N	f
\.


--
-- Data for Name: meta_patient_diagnosis_status; Type: TABLE DATA; Schema: public; Owner: aperiosf
--

COPY public.meta_patient_diagnosis_status (value, created_on_date, created_on_time, created_by, id, tags, organization_id, custom_property, checksum, object_path, is_deleted) FROM stdin;
Active	\N	\N	\N	metaPatientDiagnosisStatus:active	\N	\N	\N	\N	\N	f
Inactive	\N	\N	\N	metaPatientDiagnosisStatus:inactive	\N	\N	\N	\N	\N	f
Resolved	\N	\N	\N	metaPatientDiagnosisStatus:resolved	\N	\N	\N	\N	\N	f
\.


--
-- Data for Name: meta_patient_document_status; Type: TABLE DATA; Schema: public; Owner: aperiosf
--

COPY public.meta_patient_document_status (value, created_on_date, created_on_time, created_by, id, tags, organization_id, custom_property, checksum, object_path, is_deleted) FROM stdin;
metaLabel:initiated	\N	\N	\N	metaPatientDocumentStatus:initiated	\N	\N	\N	\N	\N	f
metaLabel:preApproval	\N	\N	\N	metaPatientDocumentStatus:preApproval	\N	\N	\N	\N	\N	f
metaLabel:partialApproval	\N	\N	\N	metaPatientDocumentStatus:partialApproval	\N	\N	\N	\N	\N	f
metaLabel:complete	\N	\N	\N	metaPatientDocumentStatus:complete	\N	\N	\N	\N	\N	f
metaLabel:completeError	\N	\N	\N	metaPatientDocumentStatus:completeError	\N	\N	\N	\N	\N	f
\.


--
-- Data for Name: meta_patient_document_type; Type: TABLE DATA; Schema: public; Owner: aperiosf
--

COPY public.meta_patient_document_type (value, created_on_date, created_on_time, created_by, id, tags, organization_id, custom_property, checksum, object_path, is_deleted) FROM stdin;
\.


--
-- Data for Name: meta_patient_identity_type; Type: TABLE DATA; Schema: public; Owner: aperiosf
--

COPY public.meta_patient_identity_type (value, value_order, created_on_date, created_on_time, created_by, id, tags, organization_id, custom_property, checksum, object_path, is_deleted) FROM stdin;
metaLabel:stateDL	1	\N	\N	\N	metaPatientIdentityType:stateDL	\N	\N	\N	\N	\N	f
metaLabel:stateID	2	\N	\N	\N	metaPatientIdentityType:stateID	\N	\N	\N	\N	\N	f
metaLabel:passport	3	\N	\N	\N	metaPatientIdentityType:passport	\N	\N	\N	\N	\N	f
metaLabel:permResCard	4	\N	\N	\N	metaPatientIdentityType:permResCard	\N	\N	\N	\N	\N	f
metaLabel:other	5	\N	\N	\N	metaPatientIdentityType:other	\N	\N	\N	\N	\N	f
\.


--
-- Data for Name: meta_patient_status; Type: TABLE DATA; Schema: public; Owner: aperiosf
--

COPY public.meta_patient_status (value, status, created_on_date, created_on_time, created_by, id, tags, organization_id, custom_property, checksum, object_path, is_deleted) FROM stdin;
metaLabel:pending	P	\N	\N	\N	metaPatientStatus:pending	\N	\N	\N	\N	\N	f
metaLabel:active	A	\N	\N	\N	metaPatientStatus:active	\N	\N	\N	\N	\N	f
metaLabel:inactive	I	\N	\N	\N	metaPatientStatus:inactive	\N	\N	\N	\N	\N	f
\.


--
-- Data for Name: meta_permission; Type: TABLE DATA; Schema: public; Owner: aperiosf
--

COPY public.meta_permission (object_type, system_assigned_only, action, allowed_for_all, display_value, logical_permission, created_on_date, created_on_time, created_by, id, tags, organization_id, custom_property, checksum, object_path, is_deleted) FROM stdin;
account	t	create	f	account create	\N	\N	\N	\N	metaPermission:accountCreate	\N	\N	\N	\N	\N	f
account	t	delete	f	account delete	\N	\N	\N	\N	metaPermission:accountDelete	\N	\N	\N	\N	\N	f
account	f	read	f	account read	\N	\N	\N	\N	metaPermission:accountRead	\N	\N	\N	\N	\N	f
account	t	update	f	account update	\N	\N	\N	\N	metaPermission:accountUpdate	\N	\N	\N	\N	\N	f
appointmentSchedule	f	create	f	appointmentSchedule create	\N	\N	\N	\N	metaPermission:appointmentScheduleCreate	\N	\N	\N	\N	\N	f
appointmentSchedule	f	delete	f	appointmentSchedule delete	\N	\N	\N	\N	metaPermission:appointmentScheduleDelete	\N	\N	\N	\N	\N	f
appointmentSchedule	f	read	f	appointmentSchedule read	\N	\N	\N	\N	metaPermission:appointmentScheduleRead	\N	\N	\N	\N	\N	f
appointmentSchedule	t	update	f	appointmentSchedule update	\N	\N	\N	\N	metaPermission:appointmentScheduleUpdate	\N	\N	\N	\N	\N	f
careContinuityImportRequest	f	create	f	careContinuityImportRequest create	\N	\N	\N	\N	metaPermission:careContinuityImportRequestCreate	\N	\N	\N	\N	\N	f
careContinuityImportRequest	f	delete	f	careContinuityImportRequest delete	\N	\N	\N	\N	metaPermission:careContinuityImportRequestDelete	\N	\N	\N	\N	\N	f
careContinuityImportRequest	f	read	f	careContinuityImportRequest read	\N	\N	\N	\N	metaPermission:careContinuityImportRequestRead	\N	\N	\N	\N	\N	f
careContinuityImportRequest	t	update	f	careContinuityImportRequest update	\N	\N	\N	\N	metaPermission:careContinuityImportRequestUpdate	\N	\N	\N	\N	\N	f
caseEpisodeStatusConfig	f	create	f	caseEpisodeStatusConfig create	\N	\N	\N	\N	metaPermission:caseEpisodeStatusConfigCreate	\N	\N	\N	\N	\N	f
caseEpisodeStatusConfig	t	delete	f	caseEpisodeStatusConfig delete	\N	\N	\N	\N	metaPermission:caseEpisodeStatusConfigDelete	\N	\N	\N	\N	\N	f
caseEpisodeStatusConfig	t	read	t	caseEpisodeStatusConfig read	\N	\N	\N	\N	metaPermission:caseEpisodeStatusConfigRead	\N	\N	\N	\N	\N	f
caseEpisodeStatusConfig	t	update	f	caseEpisodeStatusConfig update	\N	\N	\N	\N	metaPermission:caseEpisodeStatusConfigUpdate	\N	\N	\N	\N	\N	f
ccdaExport	f	create	f	ccdaExport create	\N	\N	\N	\N	metaPermission:ccdaExportCreate	\N	\N	\N	\N	\N	f
ccdaExport	f	delete	f	ccdaExport delete	\N	\N	\N	\N	metaPermission:ccdaExportDelete	\N	\N	\N	\N	\N	f
ccdaExport	f	read	f	ccdaExport read	\N	\N	\N	\N	metaPermission:ccdaExportRead	\N	\N	\N	\N	\N	f
ccdaExport	f	update	f	ccdaExport update	\N	\N	\N	\N	metaPermission:ccdaExportUpdate	\N	\N	\N	\N	\N	f
ccdaExportLog	t	create	f	ccdaExportLog create	\N	\N	\N	\N	metaPermission:metaCcdaExportLogCreate	\N	\N	\N	\N	\N	f
ccdaExportLog	t	read	f	ccdaExportLog read	\N	\N	\N	\N	metaPermission:metaCcdaExportLogRead	\N	\N	\N	\N	\N	f
ccdaExportRequest	t	create	f	ccdaExportRequest create	\N	\N	\N	\N	metaPermission:ccdaExportRequestCreate	\N	\N	\N	\N	\N	f
ccdaExportRequest	t	read	f	ccdaExportRequest read	\N	\N	\N	\N	metaPermission:ccdaExportRequestRead	\N	\N	\N	\N	\N	f
ccdaImportAllergy	t	create	f	ccdaImportAllergy create	\N	\N	\N	\N	metaPermission:ccdaImportAllergyCreate	\N	\N	\N	\N	\N	f
ccdaImportAllergy	t	delete	f	ccdaImportAllergy delete	\N	\N	\N	\N	metaPermission:ccdaImportAllergyDelete	\N	\N	\N	\N	\N	f
ccdaImportAllergy	t	read	f	ccdaImportAllergy read	\N	\N	\N	\N	metaPermission:ccdaImportAllergyRead	\N	\N	\N	\N	\N	f
ccdaImportAllergy	t	update	f	ccdaImportAllergy update	\N	\N	\N	\N	metaPermission:ccdaImportAllergyUpdate	\N	\N	\N	\N	\N	f
ccdaImportDiagnosis	t	create	f	ccdaImportDiagnosis create	\N	\N	\N	\N	metaPermission:ccdaImportDiagnosisCreate	\N	\N	\N	\N	\N	f
ccdaImportDiagnosis	t	delete	f	ccdaImportDiagnosis delete	\N	\N	\N	\N	metaPermission:ccdaImportDiagnosisDelete	\N	\N	\N	\N	\N	f
ccdaImportDiagnosis	t	read	f	ccdaImportDiagnosis read	\N	\N	\N	\N	metaPermission:ccdaImportDiagnosisRead	\N	\N	\N	\N	\N	f
ccdaImportDiagnosis	t	update	f	ccdaImportDiagnosis update	\N	\N	\N	\N	metaPermission:ccdaImportDiagnosisUpdate	\N	\N	\N	\N	\N	f
ccdaImportMedication	t	create	f	ccdaImportMedication create	\N	\N	\N	\N	metaPermission:ccdaImportMedicationCreate	\N	\N	\N	\N	\N	f
ccdaImportMedication	t	delete	f	ccdaImportMedication delete	\N	\N	\N	\N	metaPermission:ccdaImportMedicationDelete	\N	\N	\N	\N	\N	f
ccdaImportMedication	t	read	f	ccdaImportMedication read	\N	\N	\N	\N	metaPermission:ccdaImportMedicationRead	\N	\N	\N	\N	\N	f
ccdaImportMedication	t	update	f	ccdaImportMedication update	\N	\N	\N	\N	metaPermission:ccdaImportMedicationUpdate	\N	\N	\N	\N	\N	f
ccdUpload	f	create	f	ccdUpload create	\N	\N	\N	\N	metaPermission:ccdUploadCreate	\N	\N	\N	\N	\N	f
ccdUpload	t	delete	f	ccdUpload delete	\N	\N	\N	\N	metaPermission:ccdUploadDelete	\N	\N	\N	\N	\N	f
ccdUpload	f	read	f	ccdUpload read	\N	\N	\N	\N	metaPermission:ccdUploadRead	\N	\N	\N	\N	\N	f
ccdUpload	t	update	f	ccdUpload update	\N	\N	\N	\N	metaPermission:ccdUploadUpdate	\N	\N	\N	\N	\N	f
cdsInterventionConfig	f	create	f	cdsInterventionConfig create	\N	\N	\N	\N	metaPermission:cdsInterventionConfigCreate	\N	\N	\N	\N	\N	f
cdsInterventionConfig	t	delete	f	cdsInterventionConfig delete	\N	\N	\N	\N	metaPermission:cdsInterventionConfigDelete	\N	\N	\N	\N	\N	f
cdsInterventionConfig	t	read	t	cdsInterventionConfig read	\N	\N	\N	\N	metaPermission:cdsInterventionConfigRead	\N	\N	\N	\N	\N	f
cdsInterventionConfig	t	update	f	cdsInterventionConfig update	\N	\N	\N	\N	metaPermission:cdsInterventionConfigUpdate	\N	\N	\N	\N	\N	f
cqmRequest	f	create	f	cqmRequest create	\N	\N	\N	\N	metaPermission:cqmRequestCreate	\N	\N	\N	\N	\N	f
cqmRequest	t	delete	f	cqmRequest delete	\N	\N	\N	\N	metaPermission:cqmRequestDelete	\N	\N	\N	\N	\N	f
cqmRequest	f	read	f	cqmRequest read	\N	\N	\N	\N	metaPermission:cqmRequestRead	\N	\N	\N	\N	\N	f
cqmRequest	t	update	f	cqmRequest update	\N	\N	\N	\N	metaPermission:cqmRequestUpdate	\N	\N	\N	\N	\N	f
dataExportRequest	t	create	f	dataExportRequest create	\N	\N	\N	\N	metaPermission:dataExportRequestCreate	\N	\N	\N	\N	\N	f
dataExportRequest	t	read	f	dataExportRequest read	\N	\N	\N	\N	metaPermission:dataExportRequestRead	\N	\N	\N	\N	\N	f
dataImportRequest	t	create	f	dataImportRequest create	\N	\N	\N	\N	metaPermission:dataImportRequestCreate	\N	\N	\N	\N	\N	f
dataImportRequest	t	read	f	dataImportRequest read	\N	\N	\N	\N	metaPermission:dataImportRequestRead	\N	\N	\N	\N	\N	f
drFirstConfig	t	create	f	drFirstConfig create	\N	\N	\N	\N	metaPermission:drFirstConfigCreate	\N	\N	\N	\N	\N	f
drFirstConfig	t	read	t	drFirstConfig read	\N	\N	\N	\N	metaPermission:drFirstConfigRead	\N	\N	\N	\N	\N	f
drFirstConfig	t	update	f	drFirstConfig update	\N	\N	\N	\N	metaPermission:drFirstConfigUpdate	\N	\N	\N	\N	\N	f
emrDirectMailConfig	t	create	f	emrDirectMailConfig create	\N	\N	\N	\N	metaPermission:emrDirectMailConfigCreate	\N	\N	\N	\N	\N	f
emrDirectMailConfig	t	read	t	emrDirectMailConfig read	\N	\N	\N	\N	metaPermission:emrDirectMailConfigRead	\N	\N	\N	\N	\N	f
emrDirectMailConfig	f	update	f	emrDirectMailConfig update	\N	\N	\N	\N	metaPermission:emrDirectMailConfigUpdate	\N	\N	\N	\N	\N	f
encounterConfig	f	create	f	encounterConfig create	\N	\N	\N	\N	metaPermission:encounterConfigCreate	\N	\N	\N	\N	\N	f
encounterConfig	f	delete	f	encounterConfig delete	\N	\N	\N	\N	metaPermission:encounterConfigDelete	\N	\N	\N	\N	\N	f
encounterConfig	t	read	t	encounterConfig read	\N	\N	\N	\N	metaPermission:encounterConfigRead	\N	\N	\N	\N	\N	f
encounterConfig	f	update	f	encounterConfig update	\N	\N	\N	\N	metaPermission:encounterConfigUpdate	\N	\N	\N	\N	\N	f
eraList	t	create	f	eraList create	\N	\N	\N	\N	metaPermission:eraListCreate	\N	\N	\N	\N	\N	f
eraList	t	delete	f	eraList delete	\N	\N	\N	\N	metaPermission:eraListDelete	\N	\N	\N	\N	\N	f
eraList	t	read	t	eraList read	\N	\N	\N	\N	metaPermission:eraListRead	\N	\N	\N	\N	\N	f
eraList	t	update	f	eraList update	\N	\N	\N	\N	metaPermission:eraListUpdate	\N	\N	\N	\N	\N	f
hl7ExportRequest	f	create	f	hl7ExportRequest create	\N	\N	\N	\N	metaPermission:hl7ExportRequestCreate	\N	\N	\N	\N	\N	f
hl7ExportRequest	f	delete	f	hl7ExportRequest delete	\N	\N	\N	\N	metaPermission:hl7ExportRequestDelete	\N	\N	\N	\N	\N	f
hl7ExportRequest	f	read	f	hl7ExportRequest read	\N	\N	\N	\N	metaPermission:hl7ExportRequestRead	\N	\N	\N	\N	\N	f
hl7ExportRequest	t	update	f	hl7ExportRequest update	\N	\N	\N	\N	metaPermission:hl7ExportRequestUpdate	\N	\N	\N	\N	\N	f
hl7ImportRequest	f	create	f	hl7ImportRequest create	\N	\N	\N	\N	metaPermission:hl7ImportRequestCreate	\N	\N	\N	\N	\N	f
hl7ImportRequest	f	delete	f	hl7ImportRequest delete	\N	\N	\N	\N	metaPermission:hl7ImportRequestDelete	\N	\N	\N	\N	\N	f
hl7ImportRequest	f	read	f	hl7ImportRequest read	\N	\N	\N	\N	metaPermission:hl7ImportRequestRead	\N	\N	\N	\N	\N	f
hl7ImportRequest	t	update	f	hl7ImportRequest update	\N	\N	\N	\N	metaPermission:hl7ImportRequestUpdate	\N	\N	\N	\N	\N	f
journal	f	create	f	journal create	\N	\N	\N	\N	metaPermission:journalCreate	\N	\N	\N	\N	\N	f
journal	f	delete	f	journal delete	\N	\N	\N	\N	metaPermission:journalDelete	\N	\N	\N	\N	\N	f
journal	f	read	f	journal read	\N	\N	\N	\N	metaPermission:journalRead	\N	\N	\N	\N	\N	f
journal	f	update	f	journal update	\N	\N	\N	\N	metaPermission:journalUpdate	\N	\N	\N	\N	\N	f
liabilityRuleConfig	f	create	f	liabilityRuleConfig create	\N	\N	\N	\N	metaPermission:liabilityRuleConfigCreate	\N	\N	\N	\N	\N	f
liabilityRuleConfig	f	delete	f	liabilityRuleConfig delete	\N	\N	\N	\N	metaPermission:liabilityRuleConfigDelete	\N	\N	\N	\N	\N	f
liabilityRuleConfig	t	read	t	liabilityRuleConfig read	\N	\N	\N	\N	metaPermission:liabilityRuleConfigRead	\N	\N	\N	\N	\N	f
liabilityRuleConfig	f	update	f	liabilityRuleConfig update	\N	\N	\N	\N	metaPermission:liabilityRuleConfigUpdate	\N	\N	\N	\N	\N	f
measureRecordingRequest	f	create	f	measureRecordingRequest create	\N	\N	\N	\N	metaPermission:measureRecordingRequestCreate	\N	\N	\N	\N	\N	f
measureRecordingRequest	t	delete	f	measureRecordingRequest delete	\N	\N	\N	\N	metaPermission:measureRecordingRequestDelete	\N	\N	\N	\N	\N	f
measureRecordingRequest	f	read	f	measureRecordingRequest read	\N	\N	\N	\N	metaPermission:measureRecordingRequestRead	\N	\N	\N	\N	\N	f
measureRecordingRequest	t	update	f	measureRecordingRequest update	\N	\N	\N	\N	metaPermission:measureRecordingRequestUpdate	\N	\N	\N	\N	\N	f
measureRecordingResult	f	create	f	measureRecordingResult create	\N	\N	\N	\N	metaPermission:measureRecordingResultCreate	\N	\N	\N	\N	\N	f
measureRecordingResult	f	delete	f	measureRecordingResult delete	\N	\N	\N	\N	metaPermission:measureRecordingResultDelete	\N	\N	\N	\N	\N	f
measureRecordingResult	f	read	f	measureRecordingResult read	\N	\N	\N	\N	metaPermission:measureRecordingResultRead	\N	\N	\N	\N	\N	f
mergeRecord	f	create	f	mergeRecord create	\N	\N	\N	\N	metaPermission:mergeRecordCreate	\N	\N	\N	\N	\N	f
mergeRecord	f	delete	f	mergeRecord delete	\N	\N	\N	\N	metaPermission:mergeRecordDelete	\N	\N	\N	\N	\N	f
mergeRecord	t	read	t	mergeRecord read	\N	\N	\N	\N	metaPermission:mergeRecordRead	\N	\N	\N	\N	\N	f
mergeRecord	f	update	f	mergeRecord update	\N	\N	\N	\N	metaPermission:mergeRecordUpdate	\N	\N	\N	\N	\N	f
metaAccountingPeriodStatus	t	read	t	metaAccountingPeriodStatus read	\N	\N	\N	\N	metaPermission:metaAccountingPeriodStatusRead	\N	\N	\N	\N	\N	f
metaAccountSubType	t	read	t	metaAccountSubType read	\N	\N	\N	\N	metaPermission:metaAccountSubTypeRead	\N	\N	\N	\N	\N	f
metaAccountType	t	read	t	metaAccountType read	\N	\N	\N	\N	metaPermission:metaAccountTypeRead	\N	\N	\N	\N	\N	f
metaActionType	t	read	t	metaActionType read	\N	\N	\N	\N	metaPermission:metaActionType	\N	\N	\N	\N	\N	f
metaAddressType	t	read	t	metaAddressType read	\N	\N	\N	\N	metaPermission:metaAddressTypeRead	\N	\N	\N	\N	\N	f
metaAdjustmentReasonCode	t	read	t	metaAdjustmentReasonCode read	\N	\N	\N	\N	metaPermission:metaAdjustmentReasonCodeRead	\N	\N	\N	\N	\N	f
metaAdjustmentRemarkCode	t	read	t	metaAdjustmentRemarkCode read	\N	\N	\N	\N	metaPermission:metaAdjustmentRemarkCodeRead	\N	\N	\N	\N	\N	f
metaAllergySeverity	t	read	t	metaAllergySeverity read	\N	\N	\N	\N	metaPermission:metaAllergySeverityRead	\N	\N	\N	\N	\N	f
metaAllergyType	t	read	t	metaAllergyType read	\N	\N	\N	\N	metaPermission:metaAllergyTypeRead	\N	\N	\N	\N	\N	f
metaAmendmentRequestBy	t	read	t	metaAmendmentRequestBy read	\N	\N	\N	\N	metaPermission:metaAmendmentRequestByRead	\N	\N	\N	\N	\N	f
metaAmendmentStatus	t	read	t	metaAmendmentStatus read	\N	\N	\N	\N	metaPermission:metaAmendmentStatusRead	\N	\N	\N	\N	\N	f
metaAmendmentType	t	read	t	metaAmendmentType read	\N	\N	\N	\N	metaPermission:metaAmendmentTypeRead	\N	\N	\N	\N	\N	f
metaAppointmentStatus	t	read	t	metaAppointmentStatus read	\N	\N	\N	\N	metaPermission:metaAppointmentStatusRead	\N	\N	\N	\N	\N	f
metaAuthorizationType	t	read	t	metaAuthorizationType read	\N	\N	\N	\N	metaPermission:metaAuthorizationTypeRead	\N	\N	\N	\N	\N	f
metaBatchStatus	t	read	t	metaBatchStatus read	\N	\N	\N	\N	metaPermission:metaBatchStatusRead	\N	\N	\N	\N	\N	f
metaBatchType	t	read	t	metaBatchType read	\N	\N	\N	\N	metaPermission:metaBatchTypeRead	\N	\N	\N	\N	\N	f
metaBillingInfoRelease	t	read	t	metaBillingInfoRelease read	\N	\N	\N	\N	metaPermission:metaBillingInfoReleaseRead	\N	\N	\N	\N	\N	f
metaBloodPressureUnit	t	read	t	metaBloodPressureUnit read	\N	\N	\N	\N	metaPermission:metaBloodPressureUnitRead	\N	\N	\N	\N	\N	f
metaCareContinuityDocumentType	t	read	t	metaCareContinuityDocumentType read	\N	\N	\N	\N	metaPermission:metaCareContinuityDocumentTypeRead	\N	\N	\N	\N	\N	f
metaCaseEpisodeStatusType	t	read	t	metaCaseEpisodeStatusType read	\N	\N	\N	\N	metaPermission:metaCaseEpisodeStatusTpeRead	\N	\N	\N	\N	\N	f
metaCcdaExportStatus	t	read	t	metaCcdaExportStatus read	\N	\N	\N	\N	metaPermission:metaCcdaExportStatusRead	\N	\N	\N	\N	\N	f
metaCcdaSections	t	read	t	metaCcdaSections read	\N	\N	\N	\N	metaPermission:metaCcdaSectionsRead	\N	\N	\N	\N	\N	f
metaCdsObjType	t	read	t	metaCdsObjType read	\N	\N	\N	\N	metaPermission:metaCdsObjTypeRead	\N	\N	\N	\N	\N	f
metaCdsProperty	t	read	t	metaCdsProperty read	\N	\N	\N	\N	metaPermission:metaCdsPropertyRead	\N	\N	\N	\N	\N	f
metaCdsStatus	t	read	t	metaCdsStatus read	\N	\N	\N	\N	metaPermission:metaCdsStatusRead	\N	\N	\N	\N	\N	f
metaChangeRecordMode	t	read	t	metaChangeRecordMode read	\N	\N	\N	\N	metaPermission:metaChangeRecordModeRead	\N	\N	\N	\N	\N	f
metaChargeType	t	read	t	metaChargeType read	\N	\N	\N	\N	metaPermission:metaChargeTypeRead	\N	\N	\N	\N	\N	f
metaClaimRelatedCause	t	read	t	metaClaimRelatedCause read	\N	\N	\N	\N	metaPermission:metaClaimRelatedCauseRead	\N	\N	\N	\N	\N	f
metaClaimResponsibilityLevel	t	read	t	metaClaimResponsibilityLevel read	\N	\N	\N	\N	metaPermission:metaClaimResponsibilityLevelRead	\N	\N	\N	\N	\N	f
metaClaimStatus	t	read	t	metaClaimStatus read	\N	\N	\N	\N	metaPermission:metaClaimStatusRead	\N	\N	\N	\N	\N	f
metaClaimType	t	read	t	metaClaimType read	\N	\N	\N	\N	metaPermission:metaClaimTypeRead	\N	\N	\N	\N	\N	f
metaClinicalDocumentType	t	read	t	metaClinicalDocumentType read	\N	\N	\N	\N	metaPermission:metaClinicalDocumentTypeRead	\N	\N	\N	\N	\N	f
metaCognitiveRiskAssessmentExceptionReason	t	read	t	metaCognitiveRiskAssessmentExceptionReason read	\N	\N	\N	\N	metaPermission:metaCognitiveRiskAssessmentExceptionReasonRead	\N	\N	\N	\N	\N	f
\N	t	\N	t	\N	patientPayment	\N	\N	\N	metaPermission:patientPayment	\N	\N	\N	\N	\N	f
metaCognitiveStatus	t	read	t	metaCognitiveStatus read	\N	\N	\N	\N	metaPermission:metaCognitiveStatusRead	\N	\N	\N	\N	\N	f
metaCommunicationMode	t	read	t	metaCommunicationMode read	\N	\N	\N	\N	metaPermission:metaCommunicationModeRead	\N	\N	\N	\N	\N	f
metaContactType	t	read	t	metaContactType read	\N	\N	\N	\N	metaPermission:metaContactTypeRead	\N	\N	\N	\N	\N	f
metaCountry	t	read	t	metaCountry read	\N	\N	\N	\N	metaPermission:metaCountryRead	\N	\N	\N	\N	\N	f
metaCqm	t	read	t	metaCqm read	\N	\N	\N	\N	metaPermission:metaCqmRead	\N	\N	\N	\N	\N	f
metaCredentialConfigType	t	read	t	metaCredentialConfigType read	\N	\N	\N	\N	metaPermission:metaCredentialConfigTypeRead	\N	\N	\N	\N	\N	f
metaCredentialType	t	read	t	metaCredentialType read	\N	\N	\N	\N	metaPermission:metaCredentialTypeRead	\N	\N	\N	\N	\N	f
metaDayOfWeek	t	read	t	metaDayOfWeek read	\N	\N	\N	\N	metaPermission:metaDayOfWeekRead	\N	\N	\N	\N	\N	f
metaDelayReasonCode	t	read	t	metaDelayReasonCode read	\N	\N	\N	\N	metaPermission:metaDelayReasonCodeRead	\N	\N	\N	\N	\N	f
metaDepressionScreeningExceptionReason	t	read	t	metaDepressionScreeningExceptionReason read	\N	\N	\N	\N	metaPermission:metaDepressionScreeningExceptionReasonRead	\N	\N	\N	\N	\N	f
metaDepressionScreeningType	t	read	t	metaDepressionScreeningType read	\N	\N	\N	\N	metaPermission:metaDepressionScreeningTypeRead	\N	\N	\N	\N	\N	f
metaDiagnosticCode	t	read	t	metaDiagnosticCode read	\N	\N	\N	\N	metaPermission:metaDiagnosticCodeRead	\N	\N	\N	\N	\N	f
metaDurationUnit	t	read	t	metaDurationUnit read	\N	\N	\N	\N	metaPermission:metaDurationUnitRead	\N	\N	\N	\N	\N	f
metaEdiLoop	t	read	t	metaEdiLoop read	\N	\N	\N	\N	metaPermission:metaEdiLoopRead	\N	\N	\N	\N	\N	f
metaEducationStatus	t	read	t	metaEducationStatus read	\N	\N	\N	\N	metaPermission:metaEducationStatusRead	\N	\N	\N	\N	\N	f
metaEmLevel	t	read	t	metaEmLevel read	\N	\N	\N	\N	metaPermission:metaEmLevelRead	\N	\N	\N	\N	\N	f
metaEmployeeStatus	t	read	t	metaEmployeeStatus read	\N	\N	\N	\N	metaPermission:metaEmployeeStatusRead	\N	\N	\N	\N	\N	f
metaEmploymentStatus	t	read	t	metaEmploymentStatus read	\N	\N	\N	\N	metaPermission:metaEmploymentStatusRead	\N	\N	\N	\N	\N	f
metaEncounterStatus	t	read	t	metaEncounterStatus read	\N	\N	\N	\N	metaPermission:metaEncounterStatusRead	\N	\N	\N	\N	\N	f
metaEraStatus	t	read	t	metaEraStatus read	\N	\N	\N	\N	metaPermission:metaEraStatusRead	\N	\N	\N	\N	\N	f
metaEsTempRecordStatus	t	read	t	metaEsTempRecordStatus read	\N	\N	\N	\N	metaPermission:metaEsTempRecordStatus	\N	\N	\N	\N	\N	f
metaEthnicity	t	read	t	metaEthnicity read	\N	\N	\N	\N	metaPermission:metaEthnicityRead	\N	\N	\N	\N	\N	f
metaFallRiskScreeningExceptionReason	t	read	t	metaFallRiskScreeningExceptionReason read	\N	\N	\N	\N	metaPermission:metaFallRiskScreeningExceptionReasonRead	\N	\N	\N	\N	\N	f
metaFamilyRelationship	t	read	t	metaFamilyRelationship read	\N	\N	\N	\N	metaPermission:metaFamilyRelationshipRead	\N	\N	\N	\N	\N	f
metaFinancialClass	t	read	t	metaFinancialClass read	\N	\N	\N	\N	metaPermission:metaFinancialClassRead	\N	\N	\N	\N	\N	f
metaFunctionalStatus	t	read	t	metaFunctionalStatus read	\N	\N	\N	\N	metaPermission:metaFunctionalStatusRead	\N	\N	\N	\N	\N	f
metaGender	t	read	t	metaGender read	\N	\N	\N	\N	metaPermission:metaGenderRead	\N	\N	\N	\N	\N	f
metaHeightUnit	t	read	t	metaHeightUnit read	\N	\N	\N	\N	metaPermission:metaHeightUnitRead	\N	\N	\N	\N	\N	f
metaHl7MessageStandard	t	read	t	metaHl7MessageStandard read	\N	\N	\N	\N	metaPermission:metaHl7MessageStandardRead	\N	\N	\N	\N	\N	f
metaHl7ObxStandardMap	t	read	t	metaHl7ObxStandardMap read	\N	\N	\N	\N	metaPermission:metaHl7ObxStandardMapRead	\N	\N	\N	\N	\N	f
metaHl7SegmentSet	t	read	t	metaHl7SegmentSet read	\N	\N	\N	\N	metaPermission:metaHl7SegmentSetRead	\N	\N	\N	\N	\N	f
metaHl7SegmentStandardMap	t	read	t	metaHl7SegmentStandardMap read	\N	\N	\N	\N	metaPermission:metaHl7SegmentStandardMapRead	\N	\N	\N	\N	\N	f
metaHouseholdIncomeLevel	t	read	t	metaHouseholdIncomeLevel read	\N	\N	\N	\N	metaPermission:metaHouseholdIncomeLevelRead	\N	\N	\N	\N	\N	f
metaHousingStatus	t	read	t	metaHousingStatus read	\N	\N	\N	\N	metaPermission:metaHousingStatusRead	\N	\N	\N	\N	\N	f
metaIdType	t	read	t	metaIdType read	\N	\N	\N	\N	metaPermission:metaIdTypeRead	\N	\N	\N	\N	\N	f
metaImagingCode	t	read	t	metaImagingCode read	\N	\N	\N	\N	metaPermission:metaImagingCodeRead	\N	\N	\N	\N	\N	f
metaImmunizationInfoSource	t	read	t	metaImmunizationInfoSource read	\N	\N	\N	\N	metaPermission:metaImmunizationInfoSourceRead	\N	\N	\N	\N	\N	f
metaImmunizationLocation	t	read	t	metaImmunizationLocation read	\N	\N	\N	\N	metaPermission:metaImmunizationLocationRead	\N	\N	\N	\N	\N	f
metaImmunizationRegistryStatus	t	read	t	metaImmunizationRegistryStatus read	\N	\N	\N	\N	metaPermission:metaImmunizationRegistryStatusRead	\N	\N	\N	\N	\N	f
metaImmunizationRoute	t	read	t	metaImmunizationRoute read	\N	\N	\N	\N	metaPermission:metaImmunizationRouteRead	\N	\N	\N	\N	\N	f
metaImmunizationUnit	t	read	t	metaImmunizationUnit read	\N	\N	\N	\N	metaPermission:metaImmunizationUnitRead	\N	\N	\N	\N	\N	f
metaIncomeLevel	t	read	t	metaIncomeLevel read	\N	\N	\N	\N	metaPermission:metaIncomeLevelRead	\N	\N	\N	\N	\N	f
metaInsuranceCompanyRank	t	read	t	metaInsuranceCompanyRank read	\N	\N	\N	\N	metaPermission:metaInsuranceCompanyRankRead	\N	\N	\N	\N	\N	f
metaInsuranceCompanyType	t	read	t	metaInsuranceCompanyType read	\N	\N	\N	\N	metaPermission:metaInsuranceCompanyTypeRead	\N	\N	\N	\N	\N	f
metaLabel	t	read	t	metaLabel read	\N	\N	\N	\N	metaPermission:metaLabelRead	\N	\N	\N	\N	\N	f
metaLabelDetail	t	read	t	metaLabelDetail read	\N	\N	\N	\N	metaPermission:metaLabelDetailRead	\N	\N	\N	\N	\N	f
metaLabSpecimenCondition	t	read	t	metaLabSpecimenCondition read	\N	\N	\N	\N	metaPermission:metaLabSpecimenConditionRead	\N	\N	\N	\N	\N	f
metaLabTestCode	t	read	t	metaLabTestCode read	\N	\N	\N	\N	metaPermission:metaLabTestCodeRead	\N	\N	\N	\N	\N	f
metaLabTestGroup	t	read	t	metaLabTestGroup read	\N	\N	\N	\N	metaPermission:metaLabTestGroupRead	\N	\N	\N	\N	\N	f
metaLabTestInstruction	t	read	t	metaLabTestInstruction read	\N	\N	\N	\N	metaPermission:metaLabTestInstructionRead	\N	\N	\N	\N	\N	f
metaLabTestType	t	read	t	metaLabTestType read	\N	\N	\N	\N	metaPermission:metaLabTestTypeRead	\N	\N	\N	\N	\N	f
metaLanguage	t	read	t	metaLanguage read	\N	\N	\N	\N	metaPermission:metaLanguageRead	\N	\N	\N	\N	\N	f
metaLiabilityTimeframe	t	read	t	metaLiabilityTimeframe read	\N	\N	\N	\N	metaPermission:metaLiabilityTimeframeRead	\N	\N	\N	\N	\N	f
metaLivingStatus	t	read	t	metaLivingStatus read	\N	\N	\N	\N	metaPermission:metaLivingStatusRead	\N	\N	\N	\N	\N	f
metaManufacturer	t	read	t	metaManufacturer read	\N	\N	\N	\N	metaPermission:metaManufacturerRead	\N	\N	\N	\N	\N	f
metaMaritalStatus	t	read	t	metaMaritalStatus read	\N	\N	\N	\N	metaPermission:metaMaritalStatusRead	\N	\N	\N	\N	\N	f
metaMeasureRecordingRequestExclusion	t	read	t	metaMeasureRecordingRequestExclusion read	\N	\N	\N	\N	metaPermission:metaMeasureRecordingRequestExclusionRead	\N	\N	\N	\N	\N	f
metaMeasureRecordingRequestStage	t	read	t	metaMeasureRecordingRequestStage read	\N	\N	\N	\N	metaPermission:metaMeasureRecordingRequestStageRead	\N	\N	\N	\N	\N	f
metaMeasureRecordingRequestStatus	t	read	t	metaMeasureRecordingRequestStatus read	\N	\N	\N	\N	metaPermission:metaMeasureRecordingRequestStatusRead	\N	\N	\N	\N	\N	f
metaMeasureRecordingRequestType	t	read	t	metaMeasureRecordingRequestType read	\N	\N	\N	\N	metaPermission:metaMeasureRecordingRequestTypeRead	\N	\N	\N	\N	\N	f
metaTxPlanIntensity	t	read	t	metaTxPlanIntensity read	\N	\N	\N	\N	metaPermission:metaTxPlanIntensityRead	\N	\N	\N	\N	\N	f
metaMeasureRecordingResultMeasure	t	read	t	metaMeasureRecordingResultMeasure read	\N	\N	\N	\N	metaPermission:metaMeasureRecordingResultMeasureRead	\N	\N	\N	\N	\N	f
metaMedicationReconciliationExceptionReason	t	read	t	metaMedicationReconciliationExceptionReason read	\N	\N	\N	\N	metaPermission:metaMedicationReconciliationExceptionReasonRead	\N	\N	\N	\N	\N	f
metaMergeMode	t	read	t	metaMergeMode read	\N	\N	\N	\N	metaPermission:metaMergeModeRead	\N	\N	\N	\N	\N	f
metaMilitaryStatus	t	read	t	metaMilitaryStatus read	\N	\N	\N	\N	metaPermission:metaMilitaryStatusRead	\N	\N	\N	\N	\N	f
metaModifierCode	t	read	t	metaModifierCode read	\N	\N	\N	\N	metaPermission:metaModifierCodeRead	\N	\N	\N	\N	\N	f
metaNetworkPayer	t	read	t	metaNetworkPayer read	\N	\N	\N	\N	metaPermission:metaNetworkPayerRead	\N	\N	\N	\N	\N	f
metaNotRequiredToSchedule	t	read	t	metaNotRequiredToSchedule read	\N	\N	\N	\N	metaPermission:metaNotRequiredToScheduleRead	\N	\N	\N	\N	\N	f
metaOperator	t	read	t	metaOperator read	\N	\N	\N	\N	metaPermission:metaOperatorRead	\N	\N	\N	\N	\N	f
metaOrganizationDocumentType	t	read	t	metaOrganizationDocumentType read	\N	\N	\N	\N	metaPermission:metaOrganizationDocumentTypeRead	\N	\N	\N	\N	\N	f
metaPainLevel	t	read	t	metaPainLevel read	\N	\N	\N	\N	metaPermission:metaPainLevelRead	\N	\N	\N	\N	\N	f
metaParticipantType	t	read	t	metaParticipantType read	\N	\N	\N	\N	metaPermission:metaParticipantTypeRead	\N	\N	\N	\N	\N	f
metaPatientDiagnosisStatus	t	read	t	metaPatientDiagnosisStatus read	\N	\N	\N	\N	metaPermission:metaPatientDiagnosisStatusRead	\N	\N	\N	\N	\N	f
metaPatientDocumentStatus	t	read	t	metaPatientDocumentStatus read	\N	\N	\N	\N	metaPermission:metaPatientDocumentStatusRead	\N	\N	\N	\N	\N	f
metaPatientIdentityType	t	read	t	metaPatientIdentityType read	\N	\N	\N	\N	metaPermission:metaPatientIdentityTypeRead	\N	\N	\N	\N	\N	f
metaPatientStatmentStatus	t	read	t	metaPatientStatmentStatus read	\N	\N	\N	\N	metaPermission:metaPatientStatementStatusRead	\N	\N	\N	\N	\N	f
metaPatientStatus	t	read	t	metaPatientStatus read	\N	\N	\N	\N	metaPermission:metaPatientStatusRead	\N	\N	\N	\N	\N	f
metaPatientTxStatus	t	read	t	metaPatientTxStatus read	\N	\N	\N	\N	metaPermission:metaPatientTxStatusRead	\N	\N	\N	\N	\N	f
metaPayer	t	read	t	metaPayer read	\N	\N	\N	\N	metaPermission:metaPayerRead	\N	\N	\N	\N	\N	f
metaPaymentAdjustmentType	t	read	t	metaPaymentAdjustmentType read	\N	\N	\N	\N	metaPermission:metaPaymentAdjustmentTypeRead	\N	\N	\N	\N	\N	f
metaPaymentPatientResponsibilityType	t	read	t	metaPaymentPatientResponsibilityType read	\N	\N	\N	\N	metaPermission:metaPaymentPatientResponsibilityTypeRead	\N	\N	\N	\N	\N	f
metaPaymentStatus	t	read	t	metaPaymentStatus read	\N	\N	\N	\N	metaPermission:metaPaymentStatusRead	\N	\N	\N	\N	\N	f
metaPaymentSubType	t	read	t	metaPaymentSubType read	\N	\N	\N	\N	metaPermission:metaPaymentSubTypeRead	\N	\N	\N	\N	\N	f
metaPaymentType	t	read	t	metaPaymentType read	\N	\N	\N	\N	metaPermission:metaPaymentTypeRead	\N	\N	\N	\N	\N	f
metaPermission	t	read	t	metaPermission read	\N	\N	\N	\N	metaPermission:metaPermissionRead	\N	\N	\N	\N	\N	f
metaPlacementType	t	read	t	metaPlacementType read	\N	\N	\N	\N	metaPermission:metaPlacementTypeRead	\N	\N	\N	\N	\N	f
metaPlaceOfServiceCode	t	read	t	metaPlaceOfServiceCode read	\N	\N	\N	\N	metaPermission:metaPlaceOfServiceCodeRead	\N	\N	\N	\N	\N	f
metaProtectionIndicator	t	read	t	metaProtectionIndicator read	\N	\N	\N	\N	metaPermission:metaProtectionIndicatorRead	\N	\N	\N	\N	\N	f
metaPublicityCode	t	read	t	metaPublicityCode read	\N	\N	\N	\N	metaPermission:metaPublicityCodeRead	\N	\N	\N	\N	\N	f
metaQrdaCategory	t	read	t	metaQrdaCategory read	\N	\N	\N	\N	metaPermission:metaQrdaCategoryRead	\N	\N	\N	\N	\N	f
metaRace	t	read	t	metaRace read	\N	\N	\N	\N	metaPermission:metaRaceRead	\N	\N	\N	\N	\N	f
metaRecepientType	t	read	t	metaRecepientType read	\N	\N	\N	\N	metaPermission:metaRecepientTypeRead	\N	\N	\N	\N	\N	f
metaRecurrencePattern	t	read	t	metaRecurrencePattern read	\N	\N	\N	\N	metaPermission:metaRecurrencePatternRead	\N	\N	\N	\N	\N	f
metaRecurringEndsOn	t	read	t	metaRecurringEndsOn read	\N	\N	\N	\N	metaPermission:metaRecurringEndsOnRead	\N	\N	\N	\N	\N	f
metaRelationship	t	read	t	metaRelationship read	\N	\N	\N	\N	metaPermission:metaRelationshipRead	\N	\N	\N	\N	\N	f
metaRemittanceStatus	t	read	t	metaRemittanceStatus read	\N	\N	\N	\N	metaPermission:metaRemittanceStatusRead	\N	\N	\N	\N	\N	f
metaRepeatMonthBy	t	read	t	metaRepeatMonthBy read	\N	\N	\N	\N	metaPermission:metaRepeatMonthByRead	\N	\N	\N	\N	\N	f
metaServiceStatus	t	read	t	metaServiceStatus read	\N	\N	\N	\N	metaPermission:metaServiceStatusRead	\N	\N	\N	\N	\N	f
metaServiceType	t	read	t	metaServiceType read	\N	\N	\N	\N	metaPermission:metaServiceTypeRead	\N	\N	\N	\N	\N	f
metaServiceTypeSelection	t	read	t	metaServiceTypeSelection read	\N	\N	\N	\N	metaPermission:metaServiceTypeSelectionRead	\N	\N	\N	\N	\N	f
metaSeverity	t	read	t	metaSeverity read	\N	\N	\N	\N	metaPermission:metaSeverityRead	\N	\N	\N	\N	\N	f
metaSmokingStatus	t	read	t	metaSmokingStatus read	\N	\N	\N	\N	metaPermission:metaSmokingStatusRead	\N	\N	\N	\N	\N	f
metaSnomed	t	read	t	metaSnomed read	\N	\N	\N	\N	metaPermission:metaSnomedRead	\N	\N	\N	\N	\N	f
metaSnomedCode	t	read	t	metaSnomedCode read	\N	\N	\N	\N	metaPermission:metaSnomedCodeRead	\N	\N	\N	\N	\N	f
metaSpecialization	t	read	t	metaSpecialization read	\N	\N	\N	\N	metaPermission:metaSpecializationRead	\N	\N	\N	\N	\N	f
metaSpecialProgramCode	t	read	t	metaSpecialProgramCode read	\N	\N	\N	\N	metaPermission:metaSpecialProgramCodeRead	\N	\N	\N	\N	\N	f
metaState	t	read	t	metaState read	\N	\N	\N	\N	metaPermission:metaStateRead	\N	\N	\N	\N	\N	f
metaSubscriberRelationship	t	read	t	metaSubscriberRelationship read	\N	\N	\N	\N	metaPermission:metaSubscriberRelationshipRead	\N	\N	\N	\N	\N	f
metaSynapProfile	t	read	t	metaSynapProfile read	\N	\N	\N	\N	metaPermission:metaSynapProfileRead	\N	\N	\N	\N	\N	f
metaTagList	f	create	f	metaTagList create	\N	\N	\N	\N	metaPermission:metaTagListCreate	\N	\N	\N	\N	\N	f
metaTagList	f	delete	f	metaTagList delete	\N	\N	\N	\N	metaPermission:metaTagListDelete	\N	\N	\N	\N	\N	f
metaTagList	t	read	t	metaTagList read	\N	\N	\N	\N	metaPermission:metaTagListRead	\N	\N	\N	\N	\N	f
metaTagList	f	update	f	metaTagList update	\N	\N	\N	\N	metaPermission:metaTagListUpdate	\N	\N	\N	\N	\N	f
metaTelephoneType	t	read	t	metaTelephoneType read	\N	\N	\N	\N	metaPermission:metaTelephoneTypeRead	\N	\N	\N	\N	\N	f
metaTemperatureUnit	t	read	t	metaTemperatureUnit read	\N	\N	\N	\N	metaPermission:metaTemperatureUnitRead	\N	\N	\N	\N	\N	f
metaTenure	t	read	t	metaTenure read	\N	\N	\N	\N	metaPermission:metaTenureRead	\N	\N	\N	\N	\N	f
metaTimeFrame	t	read	t	metaTimeFrame read	\N	\N	\N	\N	metaPermission:metaTimeFrameRead	\N	\N	\N	\N	\N	f
metaTimezone	t	read	t	metaTimezone read	\N	\N	\N	\N	metaPermission:metaTimezoneRead	\N	\N	\N	\N	\N	f
metaTobaccoScreeningExceptionReason	t	read	t	metaTobaccoScreeningExceptionReason read	\N	\N	\N	\N	metaPermission:metaTobaccoScreeningExceptionReasonRead	\N	\N	\N	\N	\N	f
metaTransmissionTunnelType	t	read	t	metaTransmissionTunnelType read	\N	\N	\N	\N	metaPermission:metaTransmissionTunnelTypeRead	\N	\N	\N	\N	\N	f
metaTxAssessedNeed	t	read	t	metaTxAssessedNeed read	\N	\N	\N	\N	metaPermission:metaTxAssessedNeedRead	\N	\N	\N	\N	\N	f
metaTxDomain	t	read	t	metaTxDomain read	\N	\N	\N	\N	metaPermission:metaTxDomainRead	\N	\N	\N	\N	\N	f
metaTxLevelOrder	t	read	t	metaTxLevelOrder read	\N	\N	\N	\N	metaPermission:metaTxLevelOrderRead	\N	\N	\N	\N	\N	f
\N	t	\N	t	\N	submitClaims	\N	\N	\N	metaPermission:submitClaims	\N	\N	\N	\N	\N	f
metaTxPlanStatus	t	read	t	metaTxPlanStatus read	\N	\N	\N	\N	metaPermission:metaTxPlanStatusRead	\N	\N	\N	\N	\N	f
metaTxPlanType	t	read	t	metaTxPlanType read	\N	\N	\N	\N	metaPermission:metaTxPlanTypeRead	\N	\N	\N	\N	\N	f
metaTxPriority	t	read	t	metaTxPriority read	\N	\N	\N	\N	metaPermission:metaTxPriorityRead	\N	\N	\N	\N	\N	f
metaVaccine	t	read	t	metaVaccine read	\N	\N	\N	\N	metaPermission:metaVaccineRead	\N	\N	\N	\N	\N	f
metaVaccineRefusalReason	t	read	t	metaVaccineRefusalReason read	\N	\N	\N	\N	metaPermission:metaVaccineRefusalReasonRead	\N	\N	\N	\N	\N	f
metaWeightUnit	t	read	t	metaWeightUnit read	\N	\N	\N	\N	metaPermission:metaWeightUnitRead	\N	\N	\N	\N	\N	f
metaWorkflowWaitExecutionPropertyStatus	t	create	f	metaWorkflowWaitExecutionPropertyStatus create	\N	\N	\N	\N	metaPermission:metaWorkflowWaitExecutionPropertyStatusCreate	\N	\N	\N	\N	\N	f
metaWorkflowWaitExecutionPropertyStatus	t	delete	f	metaWorkflowWaitExecutionPropertyStatus delete	\N	\N	\N	\N	metaPermission:metaWorkflowWaitExecutionPropertyStatusDelete	\N	\N	\N	\N	\N	f
metaWorkflowWaitExecutionPropertyStatus	t	read	t	metaWorkflowWaitExecutionPropertyStatus read	\N	\N	\N	\N	metaPermission:metaWorkflowWaitExecutionPropertyStatusRead	\N	\N	\N	\N	\N	f
metaWorkflowWaitExecutionPropertyStatus	t	update	f	metaWorkflowWaitExecutionPropertyStatus update	\N	\N	\N	\N	metaPermission:metaWorkflowWaitExecutionPropertyStatusUpdate	\N	\N	\N	\N	\N	f
metaWorkListApprovalStatus	t	read	t	metaWorkListApprovalStatus read	\N	\N	\N	\N	metaPermission:metaWorkListApprovalStatusRead	\N	\N	\N	\N	\N	f
metaWorklistPriority	t	read	t	metaWorklistPriority read	\N	\N	\N	\N	metaPermission:metaWorklistPriorityRead	\N	\N	\N	\N	\N	f
metaWorkListReminderType	t	read	t	metaWorkListReminderType read	\N	\N	\N	\N	metaPermission:metaWorkListReminderTypeRead	\N	\N	\N	\N	\N	f
metaWorkListReminderWhoType	t	read	t	metaWorkListReminderWhoType read	\N	\N	\N	\N	metaPermission:metaWorkListReminderWhoTypeRead	\N	\N	\N	\N	\N	f
metaWorklistStatus	t	read	t	metaWorklistStatus read	\N	\N	\N	\N	metaPermission:metaWorklistStatusRead	\N	\N	\N	\N	\N	f
metaZipCode	t	read	t	metaZipCode read	\N	\N	\N	\N	metaPermission:metaZipCodeRead	\N	\N	\N	\N	\N	f
omlObject	t	read	t	omlObject read	\N	\N	\N	\N	metaPermission:omlObjectRead	\N	\N	\N	\N	\N	f
omlProperty	t	read	t	omlProperty read	\N	\N	\N	\N	metaPermission:omlPropertyRead	\N	\N	\N	\N	\N	f
organization	t	create	f	organization create	\N	\N	\N	\N	metaPermission:organizationCreate	\N	\N	\N	\N	\N	f
organization	t	read	t	organization read	\N	\N	\N	\N	metaPermission:organizationRead	\N	\N	\N	\N	\N	f
organization	f	update	f	organization update	\N	\N	\N	\N	metaPermission:organizationUpdate	\N	\N	\N	\N	\N	f
organizationCredentialConfig	f	create	f	organizationCredentialConfig create	\N	\N	\N	\N	metaPermission:organizationCredentialConfigCreate	\N	\N	\N	\N	\N	f
organizationCredentialConfig	f	delete	f	organizationCredentialConfig delete	\N	\N	\N	\N	metaPermission:organizationCredentialConfigDelete	\N	\N	\N	\N	\N	f
organizationCredentialConfig	t	read	t	organizationCredentialConfig read	\N	\N	\N	\N	metaPermission:organizationCredentialConfigRead	\N	\N	\N	\N	\N	f
organizationCredentialConfig	f	update	f	organizationCredentialConfig update	\N	\N	\N	\N	metaPermission:organizationCredentialConfigUpdate	\N	\N	\N	\N	\N	f
organizationDivision	f	create	f	organizationDivision create	\N	\N	\N	\N	metaPermission:organizationDivisionCreate	\N	\N	\N	\N	\N	f
organizationDivision	f	delete	f	organizationDivision delete	\N	\N	\N	\N	metaPermission:organizationDivisionDelete	\N	\N	\N	\N	\N	f
organizationDivision	t	read	t	organizationDivision read	\N	\N	\N	\N	metaPermission:organizationDivisionRead	\N	\N	\N	\N	\N	f
organizationDivision	f	update	f	organizationDivision update	\N	\N	\N	\N	metaPermission:organizationDivisionUpdate	\N	\N	\N	\N	\N	f
organizationDocument	t	create	t	organizationDocument create	\N	\N	\N	\N	metaPermission:organizationDocumentCreate	\N	\N	\N	\N	\N	f
organizationDocument	t	delete	t	organizationDocument delete	\N	\N	\N	\N	metaPermission:organizationDocumentDelete	\N	\N	\N	\N	\N	f
organizationDocument	t	read	t	organizationDocument read	\N	\N	\N	\N	metaPermission:organizationDocumentRead	\N	\N	\N	\N	\N	f
organizationDocument	t	update	t	organizationDocument update	\N	\N	\N	\N	metaPermission:organizationDocumentUpdate	\N	\N	\N	\N	\N	f
organizationEmployee	f	create	f	organizationEmployee create	\N	\N	\N	\N	metaPermission:organizationEmployeeCreate	\N	\N	\N	\N	\N	f
organizationEmployee	f	delete	f	organizationEmployee delete	\N	\N	\N	\N	metaPermission:organizationEmployeeDelete	\N	\N	\N	\N	\N	f
organizationEmployee	t	read	t	organizationEmployee read	\N	\N	\N	\N	metaPermission:organizationEmployeeRead	\N	\N	\N	\N	\N	f
organizationEmployee	f	update	f	organizationEmployee update	\N	\N	\N	\N	metaPermission:organizationEmployeeUpdate	\N	\N	\N	\N	\N	f
organizationEmployeeCredential	f	create	f	organizationEmployeeCredential create	\N	\N	\N	\N	metaPermission:organizationEmployeeCredentialCreate	\N	\N	\N	\N	\N	f
organizationEmployeeCredential	f	delete	f	organizationEmployeeCredential delete	\N	\N	\N	\N	metaPermission:organizationEmployeeCredentialDelete	\N	\N	\N	\N	\N	f
organizationEmployeeCredential	f	read	f	organizationEmployeeCredential read	\N	\N	\N	\N	metaPermission:organizationEmployeeCredentialRead	\N	\N	\N	\N	\N	f
organizationEmployeeCredential	f	update	f	organizationEmployeeCredential update	\N	\N	\N	\N	metaPermission:organizationEmployeeCredentialUpdate	\N	\N	\N	\N	\N	f
organizationEmployeeDivision	f	create	f	organizationEmployeeDivision create	\N	\N	\N	\N	metaPermission:organizationEmployeeDivisionCreate	\N	\N	\N	\N	\N	f
organizationEmployeeDivision	f	delete	f	organizationEmployeeDivision delete	\N	\N	\N	\N	metaPermission:organizationEmployeeDivisionDelete	\N	\N	\N	\N	\N	f
organizationEmployeeDivision	f	read	f	organizationEmployeeDivision read	\N	\N	\N	\N	metaPermission:organizationEmployeeDivisionRead	\N	\N	\N	\N	\N	f
organizationEmployeeDivision	f	update	f	organizationEmployeeDivision update	\N	\N	\N	\N	metaPermission:organizationEmployeeDivisionUpdate	\N	\N	\N	\N	\N	f
organizationFolder	t	create	t	organizationFolder create	\N	\N	\N	\N	metaPermission:organizationFolderCreate	\N	\N	\N	\N	\N	f
organizationFolder	t	delete	t	organizationFolder delete	\N	\N	\N	\N	metaPermission:organizationFolderDelete	\N	\N	\N	\N	\N	f
organizationFolder	t	read	t	organizationFolder read	\N	\N	\N	\N	metaPermission:organizationFolderRead	\N	\N	\N	\N	\N	f
organizationFolder	t	update	t	organizationFolder update	\N	\N	\N	\N	metaPermission:organizationFolderUpdate	\N	\N	\N	\N	\N	f
organizationHoliday	f	create	f	organizationHoliday create	\N	\N	\N	\N	metaPermission:organizationHolidayCreate	\N	\N	\N	\N	\N	f
organizationHoliday	f	delete	f	organizationHoliday delete	\N	\N	\N	\N	metaPermission:organizationHolidayDelete	\N	\N	\N	\N	\N	f
organizationHoliday	t	read	t	organizationHoliday read	\N	\N	\N	\N	metaPermission:organizationHolidayRead	\N	\N	\N	\N	\N	f
organizationHoliday	f	update	f	organizationHoliday update	\N	\N	\N	\N	metaPermission:organizationHolidayUpdate	\N	\N	\N	\N	\N	f
organizationPayer	f	create	f	organizationPayer create	\N	\N	\N	\N	metaPermission:organizationPayerCreate	\N	\N	\N	\N	\N	f
organizationPayer	f	delete	f	organizationPayer delete	\N	\N	\N	\N	metaPermission:organizationPayerDelete	\N	\N	\N	\N	\N	f
organizationPayer	t	read	t	organizationPayer read	\N	\N	\N	\N	metaPermission:organizationPayerRead	\N	\N	\N	\N	\N	f
organizationPayer	f	update	f	organizationPayer update	\N	\N	\N	\N	metaPermission:organizationPayerUpdate	\N	\N	\N	\N	\N	f
organizationProfile	f	create	f	organizationProfile create	\N	\N	\N	\N	metaPermission:organizationProfileCreate	\N	\N	\N	\N	\N	f
organizationProfile	f	delete	f	organizationProfile delete	\N	\N	\N	\N	metaPermission:organizationProfileDelete	\N	\N	\N	\N	\N	f
organizationProfile	f	read	f	organizationProfile read	\N	\N	\N	\N	metaPermission:organizationProfileRead	\N	\N	\N	\N	\N	f
organizationProfile	f	update	f	organizationProfile update	\N	\N	\N	\N	metaPermission:organizationProfileUpdate	\N	\N	\N	\N	\N	f
organizationProgram	f	create	f	organizationProgram create	\N	\N	\N	\N	metaPermission:organizationProgramCreate	\N	\N	\N	\N	\N	f
organizationProgram	f	delete	f	organizationProgram delete	\N	\N	\N	\N	metaPermission:organizationProgramDelete	\N	\N	\N	\N	\N	f
organizationProgram	t	read	t	organizationProgram read	\N	\N	\N	\N	metaPermission:organizationProgramRead	\N	\N	\N	\N	\N	f
organizationProgram	f	update	f	organizationProgram update	\N	\N	\N	\N	metaPermission:organizationProgramUpdate	\N	\N	\N	\N	\N	f
organizationResource	f	create	f	organizationResource create	\N	\N	\N	\N	metaPermission:organizationResourceCreate	\N	\N	\N	\N	\N	f
organizationResource	f	delete	f	organizationResource delete	\N	\N	\N	\N	metaPermission:organizationResourceDelete	\N	\N	\N	\N	\N	f
organizationResource	t	read	t	organizationResource read	\N	\N	\N	\N	metaPermission:organizationResourceRead	\N	\N	\N	\N	\N	f
organizationResource	f	update	f	organizationResource update	\N	\N	\N	\N	metaPermission:organizationResourceUpdate	\N	\N	\N	\N	\N	f
organizationRole	f	create	f	organizationRole create	\N	\N	\N	\N	metaPermission:organizationRoleCreate	\N	\N	\N	\N	\N	f
organizationRole	f	delete	f	organizationRole delete	\N	\N	\N	\N	metaPermission:organizationRoleDelete	\N	\N	\N	\N	\N	f
organizationRole	t	read	t	organizationRole read	\N	\N	\N	\N	metaPermission:organizationRoleRead	\N	\N	\N	\N	\N	f
organizationRole	f	update	f	organizationRole update	\N	\N	\N	\N	metaPermission:organizationRoleUpdate	\N	\N	\N	\N	\N	f
organizationScheduleGroup	f	create	f	organizationScheduleGroup create	\N	\N	\N	\N	metaPermission:organizationScheduleGroupCreate	\N	\N	\N	\N	\N	f
organizationScheduleGroup	f	delete	f	organizationScheduleGroup delete	\N	\N	\N	\N	metaPermission:organizationScheduleGroupDelete	\N	\N	\N	\N	\N	f
organizationScheduleGroup	t	read	t	organizationScheduleGroup read	\N	\N	\N	\N	metaPermission:organizationScheduleGroupRead	\N	\N	\N	\N	\N	f
organizationScheduleGroup	f	update	f	organizationScheduleGroup update	\N	\N	\N	\N	metaPermission:organizationScheduleGroupUpdate	\N	\N	\N	\N	\N	f
organizationStateConfig	f	create	f	organizationStateConfig create	\N	\N	\N	\N	metaPermission:organizationStateConfigCreate	\N	\N	\N	\N	\N	f
organizationStateConfig	f	delete	f	organizationStateConfig delete	\N	\N	\N	\N	metaPermission:organizationStateConfigDelete	\N	\N	\N	\N	\N	f
organizationStateConfig	t	read	t	organizationStateConfig read	\N	\N	\N	\N	metaPermission:organizationStateConfigRead	\N	\N	\N	\N	\N	f
organizationStateConfig	f	update	f	organizationStateConfig update	\N	\N	\N	\N	metaPermission:organizationStateConfigUpdate	\N	\N	\N	\N	\N	f
organizationTaxEntity	f	create	f	organizationTaxEntity create	\N	\N	\N	\N	metaPermission:organizationTaxEntityCreate	\N	\N	\N	\N	\N	f
organizationTaxEntity	f	delete	f	organizationTaxEntity delete	\N	\N	\N	\N	metaPermission:organizationTaxEntityDelete	\N	\N	\N	\N	\N	f
organizationTaxEntity	f	read	f	organizationTaxEntity read	\N	\N	\N	\N	metaPermission:organizationTaxEntityRead	\N	\N	\N	\N	\N	f
organizationTaxEntity	f	update	f	organizationTaxEntity update	\N	\N	\N	\N	metaPermission:organizationTaxEntityUpdate	\N	\N	\N	\N	\N	f
organizationTaxEntityAccountPeriod	f	create	f	organizationTaxEntityAccountPeriod create	\N	\N	\N	\N	metaPermission:organizationTaxEntityAccountPeriodCreate	\N	\N	\N	\N	\N	f
organizationTaxEntityAccountPeriod	f	delete	f	organizationTaxEntityAccountPeriod delete	\N	\N	\N	\N	metaPermission:organizationTaxEntityAccountPeriodDelete	\N	\N	\N	\N	\N	f
organizationTaxEntityAccountPeriod	t	read	t	organizationTaxEntityAccountPeriod read	\N	\N	\N	\N	metaPermission:organizationTaxEntityAccountPeriodRead	\N	\N	\N	\N	\N	f
organizationTaxEntityAccountPeriod	f	update	f	organizationTaxEntityAccountPeriod update	\N	\N	\N	\N	metaPermission:organizationTaxEntityAccountPeriodUpdate	\N	\N	\N	\N	\N	f
organizationTaxEntityPayerConfig	f	create	f	organizationTaxEntityPayerConfig create	\N	\N	\N	\N	metaPermission:organizationTaxEntityPayerConfigCreate	\N	\N	\N	\N	\N	f
organizationTaxEntityPayerConfig	f	delete	f	organizationTaxEntityPayerConfig delete	\N	\N	\N	\N	metaPermission:organizationTaxEntityPayerConfigDelete	\N	\N	\N	\N	\N	f
organizationTaxEntityPayerConfig	t	read	t	organizationTaxEntityPayerConfig read	\N	\N	\N	\N	metaPermission:organizationTaxEntityPayerConfigRead	\N	\N	\N	\N	\N	f
organizationTaxEntityPayerConfig	f	update	f	organizationTaxEntityPayerConfig update	\N	\N	\N	\N	metaPermission:organizationTaxEntityPayerConfigUpdate	\N	\N	\N	\N	\N	f
organizationTaxEntityTransmissionTunnel	f	create	f	organizationTaxEntityTransmissionTunnel create	\N	\N	\N	\N	metaPermission:organizationTaxEntityTransmissionTunnelCreate	\N	\N	\N	\N	\N	f
organizationTaxEntityTransmissionTunnel	f	delete	f	organizationTaxEntityTransmissionTunnel delete	\N	\N	\N	\N	metaPermission:organizationTaxEntityTransmissionTunnelDelete	\N	\N	\N	\N	\N	f
organizationTaxEntityTransmissionTunnel	t	read	t	organizationTaxEntityTransmissionTunnel read	\N	\N	\N	\N	metaPermission:organizationTaxEntityTransmissionTunnelRead	\N	\N	\N	\N	\N	f
organizationTaxEntityTransmissionTunnel	f	update	f	organizationTaxEntityTransmissionTunnel update	\N	\N	\N	\N	metaPermission:organizationTaxEntityTransmissionTunnelUpdate	\N	\N	\N	\N	\N	f
patient	f	create	f	patient create	\N	\N	\N	\N	metaPermission:patientCreate	\N	\N	\N	\N	\N	f
patient	f	read	f	patient read	\N	\N	\N	\N	metaPermission:patientRead	\N	\N	\N	\N	\N	f
patient	f	update	f	patient update	\N	\N	\N	\N	metaPermission:patientUpdate	\N	\N	\N	\N	\N	f
patientAllergy	f	create	f	patientAllergy create	\N	\N	\N	\N	metaPermission:patientAllergyCreate	\N	\N	\N	\N	\N	f
patientAllergy	f	delete	f	patientAllergy delete	\N	\N	\N	\N	metaPermission:patientAllergyDelete	\N	\N	\N	\N	\N	f
patientAllergy	f	read	f	patientAllergy read	\N	\N	\N	\N	metaPermission:patientAllergyRead	\N	\N	\N	\N	\N	f
patientAllergy	f	update	f	patientAllergy update	\N	\N	\N	\N	metaPermission:patientAllergyUpdate	\N	\N	\N	\N	\N	f
patientAmendment	f	create	f	patientAmendment create	\N	\N	\N	\N	metaPermission:patientAmendmentCreate	\N	\N	\N	\N	\N	f
patientAmendment	f	read	f	patientAmendment read	\N	\N	\N	\N	metaPermission:patientAmendmentRead	\N	\N	\N	\N	\N	f
patientAmendment	f	update	f	patientAmendment update	\N	\N	\N	\N	metaPermission:patientAmendmentUpdate	\N	\N	\N	\N	\N	f
patientAuthorization	f	create	f	patientAuthorization create	\N	\N	\N	\N	metaPermission:patientAuthorizationCreate	\N	\N	\N	\N	\N	f
patientAuthorization	f	delete	f	patientAuthorization delete	\N	\N	\N	\N	metaPermission:patientAuthorizationDelete	\N	\N	\N	\N	\N	f
patientAuthorization	f	read	f	patientAuthorization read	\N	\N	\N	\N	metaPermission:patientAuthorizationRead	\N	\N	\N	\N	\N	f
patientAuthorization	f	update	f	patientAuthorization update	\N	\N	\N	\N	metaPermission:patientAuthorizationUpdate	\N	\N	\N	\N	\N	f
patientAuthorizationLevel	f	create	f	patientAuthorizationLevel create	\N	\N	\N	\N	metaPermission:patientAuthorizationLevelCreate	\N	\N	\N	\N	\N	f
patientLabTest	f	read	f	patientLabTest read	\N	\N	\N	\N	metaPermission:patientLabTestRead	\N	\N	\N	\N	\N	f
patientAuthorizationLevel	f	delete	f	patientAuthorizationLevel delete	\N	\N	\N	\N	metaPermission:patientAuthorizationLevelDelete	\N	\N	\N	\N	\N	f
patientAuthorizationLevel	t	read	t	patientAuthorizationLevel read	\N	\N	\N	\N	metaPermission:patientAuthorizationLevelRead	\N	\N	\N	\N	\N	f
patientAuthorizationLevel	f	update	f	patientAuthorizationLevel update	\N	\N	\N	\N	metaPermission:patientAuthorizationLevelUpdate	\N	\N	\N	\N	\N	f
patientBatch	f	create	f	patientBatch create	\N	\N	\N	\N	metaPermission:patientBatchCreate	\N	\N	\N	\N	\N	f
patientBatch	f	delete	f	patientBatch delete	\N	\N	\N	\N	metaPermission:patientBatchDelete	\N	\N	\N	\N	\N	f
patientBatch	f	read	f	patientBatch read	\N	\N	\N	\N	metaPermission:patientBatchRead	\N	\N	\N	\N	\N	f
patientBatch	f	update	f	patientBatch update	\N	\N	\N	\N	metaPermission:patientBatchUpdate	\N	\N	\N	\N	\N	f
patientCase	f	create	f	patientCase create	\N	\N	\N	\N	metaPermission:patientCaseCreate	\N	\N	\N	\N	\N	f
patientCase	f	delete	f	patientCase delete	\N	\N	\N	\N	metaPermission:patientCaseDelete	\N	\N	\N	\N	\N	f
patientCase	f	read	f	patientCase read	\N	\N	\N	\N	metaPermission:patientCaseRead	\N	\N	\N	\N	\N	f
patientCase	f	update	f	patientCase update	\N	\N	\N	\N	metaPermission:patientCaseUpdate	\N	\N	\N	\N	\N	f
patientClaim	f	create	f	patientClaim create	\N	\N	\N	\N	metaPermission:patientClaimCreate	\N	\N	\N	\N	\N	f
patientClaim	f	delete	f	patientClaim delete	\N	\N	\N	\N	metaPermission:patientClaimDelete	\N	\N	\N	\N	\N	f
patientClaim	f	read	f	patientClaim read	\N	\N	\N	\N	metaPermission:patientClaimRead	\N	\N	\N	\N	\N	f
patientClaim	f	update	f	patientClaim update	\N	\N	\N	\N	metaPermission:patientClaimUpdate	\N	\N	\N	\N	\N	f
patientContact	f	create	f	patientContact create	\N	\N	\N	\N	metaPermission:patientContactCreate	\N	\N	\N	\N	\N	f
patientContact	f	delete	f	patientContact delete	\N	\N	\N	\N	metaPermission:patientContactDelete	\N	\N	\N	\N	\N	f
patientContact	f	read	f	patientContact read	\N	\N	\N	\N	metaPermission:patientContactRead	\N	\N	\N	\N	\N	f
patientContact	f	update	f	patientContact update	\N	\N	\N	\N	metaPermission:patientContactUpdate	\N	\N	\N	\N	\N	f
patientDiagnosis	f	create	f	patientDiagnosis create	\N	\N	\N	\N	metaPermission:patientDiagnosisCreate	\N	\N	\N	\N	\N	f
patientDiagnosis	f	delete	f	patientDiagnosis delete	\N	\N	\N	\N	metaPermission:patientDiagnosisDelete	\N	\N	\N	\N	\N	f
patientDiagnosis	f	read	f	patientDiagnosis read	\N	\N	\N	\N	metaPermission:patientDiagnosisRead	\N	\N	\N	\N	\N	f
patientDiagnosis	f	update	f	patientDiagnosis update	\N	\N	\N	\N	metaPermission:patientDiagnosisUpdate	\N	\N	\N	\N	\N	f
patientDocument	f	create	f	patientDocument create	\N	\N	\N	\N	metaPermission:patientDocumentCreate	\N	\N	\N	\N	\N	f
patientDocument	f	delete	f	patientDocument delete	\N	\N	\N	\N	metaPermission:patientDocumentDelete	\N	\N	\N	\N	\N	f
patientDocument	f	read	f	patientDocument read	\N	\N	\N	\N	metaPermission:patientDocumentRead	\N	\N	\N	\N	\N	f
patientDocument	f	update	f	patientDocument update	\N	\N	\N	\N	metaPermission:patientDocumentUpdate	\N	\N	\N	\N	\N	f
patientEmergencyAccess	t	create	f	patientEmergencyAccess create	\N	\N	\N	\N	metaPermission:patientEmergencyAccessCreate	\N	\N	\N	\N	\N	f
patientEmergencyAccess	t	read	f	patientEmergencyAccess read	\N	\N	\N	\N	metaPermission:patientEmergencyAccessRead	\N	\N	\N	\N	\N	f
patientEmploymentInfo	f	create	f	patientEmploymentInfo create	\N	\N	\N	\N	metaPermission:patientEmploymentInfoCreate	\N	\N	\N	\N	\N	f
patientEmploymentInfo	f	delete	f	patientEmploymentInfo delete	\N	\N	\N	\N	metaPermission:patientEmploymentInfoDelete	\N	\N	\N	\N	\N	f
patientEmploymentInfo	f	read	f	patientEmploymentInfo read	\N	\N	\N	\N	metaPermission:patientEmploymentInfoRead	\N	\N	\N	\N	\N	f
patientEmploymentInfo	f	update	f	patientEmploymentInfo update	\N	\N	\N	\N	metaPermission:patientEmploymentInfoUpdate	\N	\N	\N	\N	\N	f
patientEncounter	f	create	f	patientEncounter create	\N	\N	\N	\N	metaPermission:patientEncounterCreate	\N	\N	\N	\N	\N	f
patientEncounter	f	delete	f	patientEncounter delete	\N	\N	\N	\N	metaPermission:patientEncounterDelete	\N	\N	\N	\N	\N	f
patientEncounter	f	read	f	patientEncounter read	\N	\N	\N	\N	metaPermission:patientEncounterRead	\N	\N	\N	\N	\N	f
patientEncounter	f	update	f	patientEncounter update	\N	\N	\N	\N	metaPermission:patientEncounterUpdate	\N	\N	\N	\N	\N	f
patientFamilyConditionHistory	f	create	f	patientFamilyConditionHistory create	\N	\N	\N	\N	metaPermission:patientFamilyConditionHistoryCreate	\N	\N	\N	\N	\N	f
patientFamilyConditionHistory	f	delete	f	patientFamilyConditionHistory delete	\N	\N	\N	\N	metaPermission:patientFamilyConditionHistoryDelete	\N	\N	\N	\N	\N	f
patientFamilyConditionHistory	f	read	f	patientFamilyConditionHistory read	\N	\N	\N	\N	metaPermission:patientFamilyConditionHistoryRead	\N	\N	\N	\N	\N	f
patientFamilyConditionHistory	f	update	f	patientFamilyConditionHistory update	\N	\N	\N	\N	metaPermission:patientFamilyConditionHistoryUpdate	\N	\N	\N	\N	\N	f
patientFamilyHistory	f	create	f	patientFamilyHistory create	\N	\N	\N	\N	metaPermission:patientFamilyHistoryCreate	\N	\N	\N	\N	\N	f
patientFamilyHistory	f	delete	f	patientFamilyHistory delete	\N	\N	\N	\N	metaPermission:patientFamilyHistoryDelete	\N	\N	\N	\N	\N	f
patientFamilyHistory	f	read	f	patientFamilyHistory read	\N	\N	\N	\N	metaPermission:patientFamilyHistoryRead	\N	\N	\N	\N	\N	f
patientFamilyHistory	f	update	f	patientFamilyHistory update	\N	\N	\N	\N	metaPermission:patientFamilyHistoryUpdate	\N	\N	\N	\N	\N	f
patientForm	t	create	t	patientForm create	\N	\N	\N	\N	metaPermission:patientFormCreate	\N	\N	\N	\N	\N	f
patientForm	t	delete	f	patientForm delete	\N	\N	\N	\N	metaPermission:patientFormDelete	\N	\N	\N	\N	\N	f
patientForm	t	read	t	patientForm read	\N	\N	\N	\N	metaPermission:patientFormRead	\N	\N	\N	\N	\N	f
patientForm	t	update	t	patientForm update	\N	\N	\N	\N	metaPermission:patientFormUpdate	\N	\N	\N	\N	\N	f
patientImmunization	f	create	f	patientImmunization create	\N	\N	\N	\N	metaPermission:patientImmunizationCreate	\N	\N	\N	\N	\N	f
patientImmunization	f	delete	f	patientImmunization delete	\N	\N	\N	\N	metaPermission:patientImmunizationDelete	\N	\N	\N	\N	\N	f
patientImmunization	f	read	f	patientImmunization read	\N	\N	\N	\N	metaPermission:patientImmunizationRead	\N	\N	\N	\N	\N	f
patientImmunization	f	update	f	patientImmunization update	\N	\N	\N	\N	metaPermission:patientImmunizationUpdate	\N	\N	\N	\N	\N	f
patientInsurance	f	create	f	patientInsurance create	\N	\N	\N	\N	metaPermission:patientInsuranceCreate	\N	\N	\N	\N	\N	f
patientInsurance	f	delete	f	patientInsurance delete	\N	\N	\N	\N	metaPermission:patientInsuranceDelete	\N	\N	\N	\N	\N	f
patientInsurance	f	read	f	patientInsurance read	\N	\N	\N	\N	metaPermission:patientInsuranceRead	\N	\N	\N	\N	\N	f
patientInsurance	f	update	f	patientInsurance update	\N	\N	\N	\N	metaPermission:patientInsuranceUpdate	\N	\N	\N	\N	\N	f
patientLabOrder	f	create	f	patientLabOrder create	\N	\N	\N	\N	metaPermission:patientLabOrderCreate	\N	\N	\N	\N	\N	f
patientLabOrder	f	delete	f	patientLabOrder delete	\N	\N	\N	\N	metaPermission:patientLabOrderDelete	\N	\N	\N	\N	\N	f
patientLabOrder	f	read	f	patientLabOrder read	\N	\N	\N	\N	metaPermission:patientLabOrderRead	\N	\N	\N	\N	\N	f
patientLabOrder	f	update	f	patientLabOrder update	\N	\N	\N	\N	metaPermission:patientLabOrderUpdate	\N	\N	\N	\N	\N	f
patientLabTest	f	create	f	patientLabTest create	\N	\N	\N	\N	metaPermission:patientLabTestCreate	\N	\N	\N	\N	\N	f
patientLabTest	f	delete	f	patientLabTest delete	\N	\N	\N	\N	metaPermission:patientLabTestDelete	\N	\N	\N	\N	\N	f
patientLabTest	f	update	f	patientLabTest update	\N	\N	\N	\N	metaPermission:patientLabTestUpdate	\N	\N	\N	\N	\N	f
patientLabTestResult	f	create	f	patientLabTestResult create	\N	\N	\N	\N	metaPermission:patientLabTestResultCreate	\N	\N	\N	\N	\N	f
patientLabTestResult	f	delete	f	patientLabTestResult delete	\N	\N	\N	\N	metaPermission:patientLabTestResultDelete	\N	\N	\N	\N	\N	f
patientLabTestResult	f	read	f	patientLabTestResult read	\N	\N	\N	\N	metaPermission:patientLabTestResultRead	\N	\N	\N	\N	\N	f
patientLabTestResult	f	update	f	patientLabTestResult update	\N	\N	\N	\N	metaPermission:patientLabTestResultUpdate	\N	\N	\N	\N	\N	f
patientLiability	f	create	f	patientLiability create	\N	\N	\N	\N	metaPermission:patientLiabilityCreate	\N	\N	\N	\N	\N	f
patientLiability	t	delete	t	patientLiability delete	\N	\N	\N	\N	metaPermission:patientLiabilityDelete	\N	\N	\N	\N	\N	f
patientLiability	f	read	f	patientLiability read	\N	\N	\N	\N	metaPermission:patientLiabilityRead	\N	\N	\N	\N	\N	f
patientLiability	f	update	f	patientLiability update	\N	\N	\N	\N	metaPermission:patientLiabilityUpdate	\N	\N	\N	\N	\N	f
patientMedication	f	create	f	patientMedication create	\N	\N	\N	\N	metaPermission:patientMedicationCreate	\N	\N	\N	\N	\N	f
patientMedication	f	delete	f	patientMedication delete	\N	\N	\N	\N	metaPermission:patientMedicationDelete	\N	\N	\N	\N	\N	f
patientMedication	f	read	f	patientMedication read	\N	\N	\N	\N	metaPermission:patientMedicationRead	\N	\N	\N	\N	\N	f
patientMedication	f	update	f	patientMedication update	\N	\N	\N	\N	metaPermission:patientMedicationUpdate	\N	\N	\N	\N	\N	f
patientOrganizationData	f	create	f	patientOrganizationData create	\N	\N	\N	\N	metaPermission:patientOrganizationDataCreate	\N	\N	\N	\N	\N	f
patientOrganizationData	f	read	f	patientOrganizationData read	\N	\N	\N	\N	metaPermission:patientOrganizationDataRead	\N	\N	\N	\N	\N	f
patientOrganizationData	f	update	f	patientOrganizationData update	\N	\N	\N	\N	metaPermission:patientOrganizationDataUpdate	\N	\N	\N	\N	\N	f
patientPlacementHistory	f	create	f	patientPlacementHistory create	\N	\N	\N	\N	metaPermission:patientPlacementHistoryCreate	\N	\N	\N	\N	\N	f
patientPlacementHistory	f	delete	f	patientPlacementHistory delete	\N	\N	\N	\N	metaPermission:patientPlacementHistoryDelete	\N	\N	\N	\N	\N	f
patientPlacementHistory	f	read	f	patientPlacementHistory read	\N	\N	\N	\N	metaPermission:patientPlacementHistoryRead	\N	\N	\N	\N	\N	f
patientPlacementHistory	f	update	f	patientPlacementHistory update	\N	\N	\N	\N	metaPermission:patientPlacementHistoryUpdate	\N	\N	\N	\N	\N	f
patientPrescription	f	create	f	patientPrescription create	\N	\N	\N	\N	metaPermission:patientPrescriptionCreate	\N	\N	\N	\N	\N	f
patientPrescription	f	delete	f	patientPrescription delete	\N	\N	\N	\N	metaPermission:patientPrescriptionDelete	\N	\N	\N	\N	\N	f
patientPrescription	f	read	f	patientPrescription read	\N	\N	\N	\N	metaPermission:patientPrescriptionRead	\N	\N	\N	\N	\N	f
patientPrescription	f	update	f	patientPrescription update	\N	\N	\N	\N	metaPermission:patientPrescriptionUpdate	\N	\N	\N	\N	\N	f
patientProcedure	f	create	f	patientProcedure create	\N	\N	\N	\N	metaPermission:patientProcedureCreate	\N	\N	\N	\N	\N	f
patientProcedure	t	delete	t	patientProcedure delete	\N	\N	\N	\N	metaPermission:patientProcedureDelete	\N	\N	\N	\N	\N	f
patientProcedure	f	read	f	patientProcedure read	\N	\N	\N	\N	metaPermission:patientProcedureRead	\N	\N	\N	\N	\N	f
patientProcedure	f	update	f	patientProcedure update	\N	\N	\N	\N	metaPermission:patientProcedureUpdate	\N	\N	\N	\N	\N	f
patientReferral	f	create	f	patientReferral create	\N	\N	\N	\N	metaPermission:patientReferralCreate	\N	\N	\N	\N	\N	f
patientReferral	t	delete	t	patientReferral delete	\N	\N	\N	\N	metaPermission:patientReferralDelete	\N	\N	\N	\N	\N	f
patientReferral	f	read	f	patientReferral read	\N	\N	\N	\N	metaPermission:patientReferralRead	\N	\N	\N	\N	\N	f
patientReferral	f	update	f	patientReferral update	\N	\N	\N	\N	metaPermission:patientReferralUpdate	\N	\N	\N	\N	\N	f
patientReleaseOfInformation	f	create	f	patientReleaseOfInformation create	\N	\N	\N	\N	metaPermission:patientReleaseOfInformationCreate	\N	\N	\N	\N	\N	f
patientReleaseOfInformation	f	delete	f	patientReleaseOfInformation delete	\N	\N	\N	\N	metaPermission:patientReleaseOfInformationDelete	\N	\N	\N	\N	\N	f
patientReleaseOfInformation	f	read	f	patientReleaseOfInformation read	\N	\N	\N	\N	metaPermission:patientReleaseOfInformationRead	\N	\N	\N	\N	\N	f
patientReleaseOfInformation	f	update	f	patientReleaseOfInformation update	\N	\N	\N	\N	metaPermission:patientReleaseOfInformationUpdate	\N	\N	\N	\N	\N	f
patientReminder	f	create	f	patientReminder create	\N	\N	\N	\N	metaPermission:patientReminderCreate	\N	\N	\N	\N	\N	f
patientReminder	t	delete	t	patientReminder delete	\N	\N	\N	\N	metaPermission:patientReminderDelete	\N	\N	\N	\N	\N	f
patientReminder	f	read	f	patientReminder read	\N	\N	\N	\N	metaPermission:patientReminderRead	\N	\N	\N	\N	\N	f
patientReminder	f	update	f	patientReminder update	\N	\N	\N	\N	metaPermission:patientReminderUpdate	\N	\N	\N	\N	\N	f
patientScheduleGroupAssignment	f	create	f	patientScheduleGroupAssignment create	\N	\N	\N	\N	metaPermission:patientScheduleGroupAssignmentCreate	\N	\N	\N	\N	\N	f
patientScheduleGroupAssignment	f	delete	f	patientScheduleGroupAssignment delete	\N	\N	\N	\N	metaPermission:patientScheduleGroupAssignmentDelete	\N	\N	\N	\N	\N	f
patientScheduleGroupAssignment	f	read	f	patientScheduleGroupAssignment read	\N	\N	\N	\N	metaPermission:patientScheduleGroupAssignmentRead	\N	\N	\N	\N	\N	f
patientScheduleGroupAssignment	f	update	f	patientScheduleGroupAssignment update	\N	\N	\N	\N	metaPermission:patientScheduleGroupAssignmentUpdate	\N	\N	\N	\N	\N	f
patientService	f	create	f	patientService create	\N	\N	\N	\N	metaPermission:patientServiceCreate	\N	\N	\N	\N	\N	f
patientService	f	delete	f	patientService delete	\N	\N	\N	\N	metaPermission:patientServiceDelete	\N	\N	\N	\N	\N	f
patientService	f	read	f	patientService read	\N	\N	\N	\N	metaPermission:patientServiceRead	\N	\N	\N	\N	\N	f
patientService	f	update	f	patientService update	\N	\N	\N	\N	metaPermission:patientServiceUpdate	\N	\N	\N	\N	\N	f
patientStatement	f	create	f	patientStatement create	\N	\N	\N	\N	metaPermission:patientStatementCreate	\N	\N	\N	\N	\N	f
patientStatement	f	delete	f	patientStatement delete	\N	\N	\N	\N	metaPermission:patientStatementDelete	\N	\N	\N	\N	\N	f
patientStatement	f	read	f	patientStatement read	\N	\N	\N	\N	metaPermission:patientStatementRead	\N	\N	\N	\N	\N	f
patientStatement	f	update	f	patientStatement update	\N	\N	\N	\N	metaPermission:patientStatementUpdate	\N	\N	\N	\N	\N	f
patientStatementRequest	t	create	t	patientStatementRequest create	\N	\N	\N	\N	metaPermission:patientStatementRequestCreate	\N	\N	\N	\N	\N	f
patientStatementRequest	t	delete	t	patientStatementRequest delete	\N	\N	\N	\N	metaPermission:patientStatementRequestDelete	\N	\N	\N	\N	\N	f
patientStatementRequest	t	read	t	patientStatementRequest read	\N	\N	\N	\N	metaPermission:patientStatementRequestRead	\N	\N	\N	\N	\N	f
patientStatementRequest	t	update	t	patientStatementRequest update	\N	\N	\N	\N	metaPermission:patientStatementRequestUpdate	\N	\N	\N	\N	\N	f
patientTxPlan	f	create	f	patientTxPlan create	\N	\N	\N	\N	metaPermission:patientTxPlanCreate	\N	\N	\N	\N	\N	f
patientTxPlan	f	delete	f	patientTxPlan delete	\N	\N	\N	\N	metaPermission:patientTxPlanDelete	\N	\N	\N	\N	\N	f
patientTxPlan	f	read	f	patientTxPlan read	\N	\N	\N	\N	metaPermission:patientTxPlanRead	\N	\N	\N	\N	\N	f
patientTxPlan	f	update	f	patientTxPlan update	\N	\N	\N	\N	metaPermission:patientTxPlanUpdate	\N	\N	\N	\N	\N	f
patientTxPlanLevel	f	create	f	patientTxPlanLevel create	\N	\N	\N	\N	metaPermission:patientTxPlanLevelCreate	\N	\N	\N	\N	\N	f
patientTxPlanLevel	f	delete	f	patientTxPlanLevel delete	\N	\N	\N	\N	metaPermission:patientTxPlanLevelDelete	\N	\N	\N	\N	\N	f
patientTxPlanLevel	f	read	f	patientTxPlanLevel read	\N	\N	\N	\N	metaPermission:patientTxPlanLevelRead	\N	\N	\N	\N	\N	f
patientTxPlanLevel	f	update	f	patientTxPlanLevel update	\N	\N	\N	\N	metaPermission:patientTxPlanLevelUpdate	\N	\N	\N	\N	\N	f
patientVital	f	create	f	patientVital create	\N	\N	\N	\N	metaPermission:patientVitalCreate	\N	\N	\N	\N	\N	f
patientVital	f	delete	f	patientVital delete	\N	\N	\N	\N	metaPermission:patientVitalDelete	\N	\N	\N	\N	\N	f
patientVital	f	read	f	patientVital read	\N	\N	\N	\N	metaPermission:patientVitalRead	\N	\N	\N	\N	\N	f
patientVital	f	update	f	patientVital update	\N	\N	\N	\N	metaPermission:patientVitalUpdate	\N	\N	\N	\N	\N	f
patientWarning	f	create	f	patientWarning create	\N	\N	\N	\N	metaPermission:patientWarningCreate	\N	\N	\N	\N	\N	f
patientWarning	f	delete	f	patientWarning delete	\N	\N	\N	\N	metaPermission:patientWarningDelete	\N	\N	\N	\N	\N	f
patientWarning	f	read	f	patientWarning read	\N	\N	\N	\N	metaPermission:patientWarningRead	\N	\N	\N	\N	\N	f
patientWarning	f	update	f	patientWarning update	\N	\N	\N	\N	metaPermission:patientWarningUpdate	\N	\N	\N	\N	\N	f
payment	f	create	f	payment create	\N	\N	\N	\N	metaPermission:paymentCreate	\N	\N	\N	\N	\N	f
payment	f	delete	f	payment delete	\N	\N	\N	\N	metaPermission:paymentDelete	\N	\N	\N	\N	\N	f
payment	f	read	f	payment read	\N	\N	\N	\N	metaPermission:paymentRead	\N	\N	\N	\N	\N	f
payment	f	update	f	payment update	\N	\N	\N	\N	metaPermission:paymentUpdate	\N	\N	\N	\N	\N	f
qrdaExportRequest	f	create	f	qrdaExportRequest create	\N	\N	\N	\N	metaPermission:qrdaExportRequestCreate	\N	\N	\N	\N	\N	f
qrdaExportRequest	f	delete	f	qrdaExportRequest delete	\N	\N	\N	\N	metaPermission:qrdaExportRequestDelete	\N	\N	\N	\N	\N	f
qrdaExportRequest	f	read	f	qrdaExportRequest read	\N	\N	\N	\N	metaPermission:qrdaExportRequestRead	\N	\N	\N	\N	\N	f
qrdaExportRequest	t	update	f	qrdaExportRequest update	\N	\N	\N	\N	metaPermission:qrdaExportRequestUpdate	\N	\N	\N	\N	\N	f
remittance	f	create	f	remittance create	\N	\N	\N	\N	metaPermission:remittanceCreate	\N	\N	\N	\N	\N	f
remittance	f	delete	f	remittance delete	\N	\N	\N	\N	metaPermission:remittanceDelete	\N	\N	\N	\N	\N	f
remittance	f	read	f	remittance read	\N	\N	\N	\N	metaPermission:remittanceRead	\N	\N	\N	\N	\N	f
remittance	f	update	f	remittance update	\N	\N	\N	\N	metaPermission:remittanceUpdate	\N	\N	\N	\N	\N	f
state	f	create	f	state create	\N	\N	\N	\N	metaPermission:stateCreate	\N	\N	\N	\N	\N	f
state	f	delete	f	state delete	\N	\N	\N	\N	metaPermission:stateDelete	\N	\N	\N	\N	\N	f
state	t	read	t	state read	\N	\N	\N	\N	metaPermission:stateRead	\N	\N	\N	\N	\N	f
state	f	update	f	state update	\N	\N	\N	\N	metaPermission:stateUpdate	\N	\N	\N	\N	\N	f
stateName	f	create	f	stateName create	\N	\N	\N	\N	metaPermission:stateNameCreate	\N	\N	\N	\N	\N	f
stateName	f	delete	f	stateName delete	\N	\N	\N	\N	metaPermission:stateNameDelete	\N	\N	\N	\N	\N	f
stateName	t	read	t	stateName read	\N	\N	\N	\N	metaPermission:stateNameRead	\N	\N	\N	\N	\N	f
stateName	f	update	f	stateName update	\N	\N	\N	\N	metaPermission:stateNameUpdate	\N	\N	\N	\N	\N	f
synapConfig	t	create	f	synapConfig create	\N	\N	\N	\N	metaPermission:synapConfigCreate	\N	\N	\N	\N	\N	f
synapConfig	t	delete	f	synapConfig delete	\N	\N	\N	\N	metaPermission:synapConfigDelete	\N	\N	\N	\N	\N	f
synapConfig	t	read	t	synapConfig read	\N	\N	\N	\N	metaPermission:synapConfigRead	\N	\N	\N	\N	\N	f
synapConfig	t	update	f	synapConfig update	\N	\N	\N	\N	metaPermission:synapConfigUpdate	\N	\N	\N	\N	\N	f
billingMatrix	f	create	f	billingMatrix create	\N	\N	\N	\N	metaPermission:billingMatrixCreate	\N	\N	\N	\N	\N	f
billingMatrix	f	delete	f	billingMatrix delete	\N	\N	\N	\N	metaPermission:billingMatrixDelete	\N	\N	\N	\N	\N	f
billingMatrix	f	read	f	billingMatrix read	\N	\N	\N	\N	metaPermission:billingMatrixRead	\N	\N	\N	\N	\N	f
billingMatrix	f	update	f	billingMatrix update	\N	\N	\N	\N	metaPermission:billingMatrixUpdate	\N	\N	\N	\N	\N	f
synapUser	t	create	f	synapUser create	\N	\N	\N	\N	metaPermission:synapUserCreate	\N	\N	\N	\N	\N	f
synapUser	t	delete	f	synapUser delete	\N	\N	\N	\N	metaPermission:synapUserDelete	\N	\N	\N	\N	\N	f
synapUser	t	read	t	synapUser read	\N	\N	\N	\N	metaPermission:synapUserRead	\N	\N	\N	\N	\N	f
synapUser	t	update	f	synapUser update	\N	\N	\N	\N	metaPermission:synapUserUpdate	\N	\N	\N	\N	\N	f
synapWorkflow	f	create	f	synapWorkflow create	\N	\N	\N	\N	metaPermission:synapWorkflowCreate	\N	\N	\N	\N	\N	f
synapWorkflow	f	delete	f	synapWorkflow delete	\N	\N	\N	\N	metaPermission:synapWorkflowDelete	\N	\N	\N	\N	\N	f
synapWorkflow	t	read	t	synapWorkflow read	\N	\N	\N	\N	metaPermission:synapWorkflowRead	\N	\N	\N	\N	\N	f
synapWorkflow	f	update	f	synapWorkflow update	\N	\N	\N	\N	metaPermission:synapWorkflowUpdate	\N	\N	\N	\N	\N	f
synapWorkflowExecution	t	create	t	synapWorkflowExecution create	\N	\N	\N	\N	metaPermission:synapWorkflowExecutionCreate	\N	\N	\N	\N	\N	f
synapWorkflowExecution	t	update	t	synapWorkflowExecution update	\N	\N	\N	\N	metaPermission:synapWorkflowExecutionUpdate	\N	\N	\N	\N	\N	f
synapWorkflowExecutionSteps	t	create	t	synapWorkflowExecutionSteps create	\N	\N	\N	\N	metaPermission:synapWorkflowExecutionStepsCreate	\N	\N	\N	\N	\N	f
synapWorkflowExecutionSteps	t	delete	t	synapWorkflowExecutionSteps delete	\N	\N	\N	\N	metaPermission:synapWorkflowExecutionStepsDelete	\N	\N	\N	\N	\N	f
synapWorkflowExecutionSteps	t	read	t	synapWorkflowExecutionSteps read	\N	\N	\N	\N	metaPermission:synapWorkflowExecutionStepsRead	\N	\N	\N	\N	\N	f
synapWorkflowExecutionSteps	t	update	t	synapWorkflowExecutionSteps update	\N	\N	\N	\N	metaPermission:synapWorkflowExecutionStepsUpdate	\N	\N	\N	\N	\N	f
synapWorkflowExecutionVariables	t	create	t	synapWorkflowExecutionVariables create	\N	\N	\N	\N	metaPermission:synapWorkflowExecutionVariablesCreate	\N	\N	\N	\N	\N	f
synapWorkflowExecutionVariables	t	delete	t	synapWorkflowExecutionVariables delete	\N	\N	\N	\N	metaPermission:synapWorkflowExecutionVariablesDelete	\N	\N	\N	\N	\N	f
synapWorkflowExecutionVariables	t	read	t	synapWorkflowExecutionVariables read	\N	\N	\N	\N	metaPermission:synapWorkflowExecutionVariablesRead	\N	\N	\N	\N	\N	f
synapWorkflowExecutionVariables	t	update	t	synapWorkflowExecutionVariables update	\N	\N	\N	\N	metaPermission:synapWorkflowExecutionVariablesUpdate	\N	\N	\N	\N	\N	f
synapWorkflowExecutionWait	t	create	t	synapWorkflowExecutionWait create	\N	\N	\N	\N	metaPermission:synapWorkflowExecutionWaitCreate	\N	\N	\N	\N	\N	f
synapWorkflowExecutionWait	t	delete	t	synapWorkflowExecutionWait delete	\N	\N	\N	\N	metaPermission:synapWorkflowExecutionWaitDelete	\N	\N	\N	\N	\N	f
synapWorkflowExecutionWait	t	read	t	synapWorkflowExecutionWait read	\N	\N	\N	\N	metaPermission:synapWorkflowExecutionWaitRead	\N	\N	\N	\N	\N	f
synapWorkflowExecutionWait	t	update	t	synapWorkflowExecutionWait update	\N	\N	\N	\N	metaPermission:synapWorkflowExecutionWaitUpdate	\N	\N	\N	\N	\N	f
synapWorkflowExecutionWaitProperty	t	create	t	synapWorkflowExecutionWaitProperty create	\N	\N	\N	\N	metaPermission:synapWorkflowExecutionWaitPropertyCreate	\N	\N	\N	\N	\N	f
synapWorkflowExecutionWaitProperty	t	delete	t	synapWorkflowExecutionWaitProperty delete	\N	\N	\N	\N	metaPermission:synapWorkflowExecutionWaitPropertyDelete	\N	\N	\N	\N	\N	f
\N	t	\N	t	\N	ElasticSearchUpdate	\N	\N	\N	metaPermission:ElasticSearchUpdate	\N	\N	\N	\N	\N	f
synapWorkflowExecutionWaitProperty	t	read	t	synapWorkflowExecutionWaitProperty read	\N	\N	\N	\N	metaPermission:synapWorkflowExecutionWaitPropertyRead	\N	\N	\N	\N	\N	f
synapWorkflowExecutionWaitProperty	t	update	t	synapWorkflowExecutionWaitProperty update	\N	\N	\N	\N	metaPermission:synapWorkflowExecutionWaitPropertyUpdate	\N	\N	\N	\N	\N	f
trigger	t	create	t	trigger create	\N	\N	\N	\N	metaPermission:triggerCreate	\N	\N	\N	\N	\N	f
trigger	t	delete	t	trigger delete	\N	\N	\N	\N	metaPermission:triggerDelete	\N	\N	\N	\N	\N	f
trigger	t	read	t	trigger read	\N	\N	\N	\N	metaPermission:triggerRead	\N	\N	\N	\N	\N	f
trigger	t	update	f	trigger update	\N	\N	\N	\N	metaPermission:triggerUpdate	\N	\N	\N	\N	\N	f
txPlanConfig	f	create	f	txPlanConfig create	\N	\N	\N	\N	metaPermission:txPlanConfigCreate	\N	\N	\N	\N	\N	f
txPlanConfig	f	delete	f	txPlanConfig delete	\N	\N	\N	\N	metaPermission:txPlanConfigDelete	\N	\N	\N	\N	\N	f
txPlanConfig	f	read	f	txPlanConfig read	\N	\N	\N	\N	metaPermission:txPlanConfigRead	\N	\N	\N	\N	\N	f
txPlanConfig	f	update	f	txPlanConfig update	\N	\N	\N	\N	metaPermission:txPlanConfigUpdate	\N	\N	\N	\N	\N	f
txPlanLevelConfig	f	create	f	txPlanLevelConfig create	\N	\N	\N	\N	metaPermission:txPlanLevelConfigCreate	\N	\N	\N	\N	\N	f
txPlanLevelConfig	f	delete	f	txPlanLevelConfig delete	\N	\N	\N	\N	metaPermission:txPlanLevelConfigDelete	\N	\N	\N	\N	\N	f
txPlanLevelConfig	f	read	f	txPlanLevelConfig read	\N	\N	\N	\N	metaPermission:txPlanLevelConfigRead	\N	\N	\N	\N	\N	f
txPlanLevelConfig	f	update	f	txPlanLevelConfig update	\N	\N	\N	\N	metaPermission:txPlanLevelConfigUpdate	\N	\N	\N	\N	\N	f
txProgressNote	f	create	f	txProgressNote create	\N	\N	\N	\N	metaPermission:txProgressNoteCreate	\N	\N	\N	\N	\N	f
txProgressNote	f	delete	f	txProgressNote delete	\N	\N	\N	\N	metaPermission:txProgressNoteDelete	\N	\N	\N	\N	\N	f
txProgressNote	f	read	f	txProgressNote read	\N	\N	\N	\N	metaPermission:txProgressNoteRead	\N	\N	\N	\N	\N	f
txProgressNote	f	update	f	txProgressNote update	\N	\N	\N	\N	metaPermission:txProgressNoteUpdate	\N	\N	\N	\N	\N	f
txProviderResponsibility	f	create	f	txProviderResponsibility create	\N	\N	\N	\N	metaPermission:txProviderResponsibilityCreate	\N	\N	\N	\N	\N	f
txProviderResponsibility	f	delete	f	txProviderResponsibility delete	\N	\N	\N	\N	metaPermission:txProviderResponsibilityDelete	\N	\N	\N	\N	\N	f
txProviderResponsibility	f	read	f	txProviderResponsibility read	\N	\N	\N	\N	metaPermission:txProviderResponsibilityRead	\N	\N	\N	\N	\N	f
txProviderResponsibility	f	update	f	txProviderResponsibility update	\N	\N	\N	\N	metaPermission:txProviderResponsibilityUpdate	\N	\N	\N	\N	\N	f
workflowTrigger	f	create	f	workflowTrigger create	\N	\N	\N	\N	metaPermission:workflowTriggerCreate	\N	\N	\N	\N	\N	f
workflowTrigger	f	delete	f	workflowTrigger delete	\N	\N	\N	\N	metaPermission:workflowTriggerDelete	\N	\N	\N	\N	\N	f
workflowTrigger	f	read	f	workflowTrigger read	\N	\N	\N	\N	metaPermission:workflowTriggerRead	\N	\N	\N	\N	\N	f
workflowTrigger	f	update	f	workflowTrigger update	\N	\N	\N	\N	metaPermission:workflowTriggerUpdate	\N	\N	\N	\N	\N	f
workList	f	create	f	workList create	\N	\N	\N	\N	metaPermission:workListCreate	\N	\N	\N	\N	\N	f
workList	f	delete	f	workList delete	\N	\N	\N	\N	metaPermission:workListDelete	\N	\N	\N	\N	\N	f
workList	t	read	t	workList read	\N	\N	\N	\N	metaPermission:workListRead	\N	\N	\N	\N	\N	f
workList	t	update	t	workList update	\N	\N	\N	\N	metaPermission:workListUpdate	\N	\N	\N	\N	\N	f
workListApprover	t	create	t	workListApprover create	\N	\N	\N	\N	metaPermission:workListApproverCreate	\N	\N	\N	\N	\N	f
workListApprover	t	delete	t	workListApprover delete	\N	\N	\N	\N	metaPermission:workListApproverDelete	\N	\N	\N	\N	\N	f
workListApprover	t	read	t	workListApprover read	\N	\N	\N	\N	metaPermission:workListApproverRead	\N	\N	\N	\N	\N	f
workListApprover	t	update	t	workListApprover update	\N	\N	\N	\N	metaPermission:workListApproverUpdate	\N	\N	\N	\N	\N	f
workListNotes	t	create	t	workListNotes create	\N	\N	\N	\N	metaPermission:workListNotesCreate	\N	\N	\N	\N	\N	f
workListNotes	t	delete	t	workListNotes delete	\N	\N	\N	\N	metaPermission:workListNotesDelete	\N	\N	\N	\N	\N	f
workListNotes	t	read	t	workListNotes read	\N	\N	\N	\N	metaPermission:workListNotesRead	\N	\N	\N	\N	\N	f
workListNotes	t	update	t	workListNotes update	\N	\N	\N	\N	metaPermission:workListNotesUpdate	\N	\N	\N	\N	\N	f
workListReminder	t	create	t	workListReminder create	\N	\N	\N	\N	metaPermission:workListReminderCreate	\N	\N	\N	\N	\N	f
workListReminder	t	delete	t	workListReminder delete	\N	\N	\N	\N	metaPermission:workListReminderDelete	\N	\N	\N	\N	\N	f
workListReminder	t	read	t	workListReminder read	\N	\N	\N	\N	metaPermission:workListReminderRead	\N	\N	\N	\N	\N	f
workListReminder	t	update	t	workListReminder update	\N	\N	\N	\N	metaPermission:workListReminderUpdate	\N	\N	\N	\N	\N	f
auditLog	t	read	t	auditLog read	\N	\N	\N	\N	metaPermission:auditLogRead	\N	\N	\N	\N	\N	f
patientPrintView	f	create	f	patientPrintView create	\N	\N	\N	\N	metaPermission:patientPrintViewCreate	\N	\N	\N	\N	\N	f
patientPrintView	t	read	f	patientPrintView read	\N	\N	\N	\N	metaPermission:patientPrintViewRead	\N	\N	\N	\N	\N	f
patientSpecificDocument	f	create	f	patientSpecificDocument create	\N	\N	\N	\N	metaPermission:patientSpecificDocumentCreate	\N	\N	\N	\N	\N	f
patientSpecificDocument	f	delete	f	patientSpecificDocument delete	\N	\N	\N	\N	metaPermission:patientSpecificDocumentDelete	\N	\N	\N	\N	\N	f
patientSpecificDocument	f	read	f	patientSpecificDocument read	\N	\N	\N	\N	metaPermission:patientSpecificDocumentRead	\N	\N	\N	\N	\N	f
patientSpecificDocument	f	update	f	patientSpecificDocument update	\N	\N	\N	\N	metaPermission:patientSpecificDocumentUpdate	\N	\N	\N	\N	\N	f
metaPatientDocumentType	t	read	t	metaPatientDocumentType read	\N	\N	\N	\N	metaPermission:metaPatientDocumentTypeRead	\N	\N	\N	\N	\N	f
esTempRecord	t	update	t	esTempRecord update	\N	\N	\N	\N	metaPermission:esTempRecordUpdate	\N	\N	\N	\N	\N	f
esTempRecord	t	read	t	esTempRecord read	\N	\N	\N	\N	metaPermission:esTempRecordRead	\N	\N	\N	\N	\N	f
\N	t	\N	t	\N	workListReminderAction	\N	\N	\N	metaPermission:workListReminderAction	\N	\N	\N	\N	\N	f
\N	t	\N	t	\N	OmlConfigCustomObject	\N	\N	\N	metaPermission:OmlConfigCustomObject	\N	\N	\N	\N	\N	f
\N	t	\N	t	\N	OmlConfigCustomProperty	\N	\N	\N	metaPermission:OmlConfigCustomProperty	\N	\N	\N	\N	\N	f
\N	t	\N	t	\N	waitPropertyAction	\N	\N	\N	metaPermission:waitPropertyAction	\N	\N	\N	\N	\N	f
\N	t	\N	t	\N	waitTimeAction	\N	\N	\N	metaPermission:waitTimeAction	\N	\N	\N	\N	\N	f
\N	t	\N	t	\N	matchBillingMatrix	\N	\N	\N	metaPermission:matchBillingMatrix	\N	\N	\N	\N	\N	f
\N	t	\N	t	\N	SchedulerScript	\N	\N	\N	metaPermission:SchedulerScript	\N	\N	\N	\N	\N	f
\N	t	\N	t	\N	parseEra	\N	\N	\N	metaPermission:parseEra	\N	\N	\N	\N	\N	f
\N	t	\N	t	\N	MeasureRecording	\N	\N	\N	metaPermission:MeasureRecording	\N	\N	\N	\N	\N	f
\N	t	\N	t	\N	getEra	\N	\N	\N	metaPermission:getEra	\N	\N	\N	\N	\N	f
\N	t	\N	t	\N	getEraList	\N	\N	\N	metaPermission:getEraList	\N	\N	\N	\N	\N	f
\N	t	\N	t	\N	DrFirstBackgroundSyncScript	\N	\N	\N	metaPermission:DrFirstBackgroundSyncScript	\N	\N	\N	\N	\N	f
\N	t	\N	t	\N	AuditLoggerUpdate	\N	\N	\N	metaPermission:AuditLoggerUpdateExecute	\N	\N	\N	\N	\N	f
\N	t	\N	t	\N	CcdaImportExecute	\N	\N	\N	metaPermission:CcdaImportExecute	\N	\N	\N	\N	\N	f
\N	t	\N	t	\N	CqmReport	\N	\N	\N	metaPermission:CqmReport	\N	\N	\N	\N	\N	f
\N	t	\N	t	\N	DrFirstPatientSyncScript	\N	\N	\N	metaPermission:DrFirstPatientSyncScript	\N	\N	\N	\N	\N	f
\N	t	\N	t	\N	ElasticSearchImport	\N	\N	\N	metaPermission:ElasticSearchImport	\N	\N	\N	\N	\N	f
\N	t	\N	t	\N	generatePendingServiceCharge	\N	\N	\N	metaPermission:generatePendingServiceCharge	\N	\N	\N	\N	\N	f
\N	f	\N	f	\N	divisionLevelPatient	\N	\N	\N	metaPermission:divisionLevelPatient	\N	\N	\N	\N	\N	f
\N	f	\N	f	\N	currentAssignedPatient	\N	\N	\N	metaPermission:currentAssignedPatient	\N	\N	\N	\N	\N	f
\N	f	\N	f	\N	everAssignedPatient	\N	\N	\N	metaPermission:everAssignedPatient	\N	\N	\N	\N	\N	f
communicationCenter	t	read	t	\N	\N	\N	\N	\N	metaPermission:communicationCenterRead	\N	\N	\N	\N	\N	f
metaSynapShotReport	t	read	t	metaSynapShotReport Read	\N	\N	\N	\N	metaPermission:metaSynapShotReportRead	\N	\N	\N	\N	\N	f
metaOtherReport	t	read	t	metaOtherReport Read	\N	\N	\N	\N	metaPermission:metaOtherReportRead	\N	\N	\N	\N	\N	f
payerGroup	f	create	f	payerGroup Create	\N	\N	\N	\N	metaPermission:payerGroupCreate	\N	\N	\N	\N	\N	f
payerGroup	t	read	t	\N	\N	\N	\N	\N	metaPermission:payerGroupRead	\N	\N	\N	\N	\N	f
payerGroup	t	update	f	\N	\N	\N	\N	\N	metaPermission:payerGroupUpdate	\N	\N	\N	\N	\N	f
payerGroup	t	delete	f	\N	\N	\N	\N	\N	metaPermission:payerGroupDelete	\N	\N	\N	\N	\N	f
saveForLater	t	create	t	saveForLater Create	\N	\N	\N	\N	metaPermission:saveForLaterCreate	\N	\N	\N	\N	\N	f
saveForLater	t	read	t	saveForLater Read	\N	\N	\N	\N	metaPermission:saveForLaterRead	\N	\N	\N	\N	\N	f
saveForLater	t	delete	t	saveForLater Delete	\N	\N	\N	\N	metaPermission:saveForLaterDelete	\N	\N	\N	\N	\N	f
metaLoincGroup	t	read	t	metaLoincGroup read	\N	\N	\N	\N	metaPermission:metaLoincGroupRead	\N	\N	\N	\N	\N	f
\N	t	\N	t	\N	patientStatement	\N	\N	\N	metaPermission:patientStatement	\N	\N	\N	\N	\N	f
\N	t	\N	t	\N	regeneratePatientStatement	\N	\N	\N	metaPermission:regeneratePatientStatement	\N	\N	\N	\N	\N	f
metaClaimFillingIndicatorCode	t	read	t	metaClaimFillingIndicatorCode read	\N	\N	\N	\N	metaPermission:metaClaimFillingIndicatorCodeRead	\N	\N	\N	\N	\N	f
\N	t	\N	t	\N	DrFirstNotificationSyncScript	\N	\N	\N	metaPermission:DrFirstNotificationSyncScript	\N	\N	\N	\N	\N	f
metaTransmissionTunnelEligibilityType	t	read	t	metaTransmissionTunnelEligibilityType read	\N	\N	\N	\N	metaPermission:metaTransmissionTunnelEligibilityType	\N	\N	\N	\N	\N	f
organizationEligibilityRequest	f	create	f	organizationEligibilityRequest create	\N	\N	\N	\N	metaPermission:organizationEligibilityRequestCreate	\N	\N	\N	\N	\N	f
organizationEligibilityRequest	f	delete	f	organizationEligibilityRequest delete	\N	\N	\N	\N	metaPermission:organizationEligibilityRequestDelete	\N	\N	\N	\N	\N	f
organizationEligibilityRequest	f	read	f	organizationEligibilityRequest read	\N	\N	\N	\N	metaPermission:organizationEligibilityRequestRead	\N	\N	\N	\N	\N	f
organizationEligibilityRequest	f	update	f	organizationEligibilityRequest update	\N	\N	\N	\N	metaPermission:organizationEligibilityRequestUpdate	\N	\N	\N	\N	\N	f
organizationEmployeePayerTaxEntity	f	create	f	organizationEmployeePayerTaxEntity create	\N	\N	\N	\N	metaPermission:organizationEmployeePayerTaxEntityCreate	\N	\N	\N	\N	\N	f
organizationEmployeePayerTaxEntity	f	delete	f	organizationEmployeePayerTaxEntity delete	\N	\N	\N	\N	metaPermission:organizationEmployeePayerTaxEntityDelete	\N	\N	\N	\N	\N	f
organizationEmployeePayerTaxEntity	f	read	f	organizationEmployeePayerTaxEntity read	\N	\N	\N	\N	metaPermission:organizationEmployeePayerTaxEntityRead	\N	\N	\N	\N	\N	f
organizationEmployeePayerTaxEntity	f	update	f	organizationEmployeePayerTaxEntity update	\N	\N	\N	\N	metaPermission:organizationEmployeePayerTaxEntityUpdate	\N	\N	\N	\N	\N	f
organizationEmployeeTaxEntity	f	create	f	organizationEmployeeTaxEntity create	\N	\N	\N	\N	metaPermission:organizationEmployeeTaxEntityCreate	\N	\N	\N	\N	\N	f
organizationEmployeeTaxEntity	f	delete	f	organizationEmployeeTaxEntity delete	\N	\N	\N	\N	metaPermission:organizationEmployeeTaxEntityDelete	\N	\N	\N	\N	\N	f
organizationEmployeeTaxEntity	f	read	f	organizationEmployeeTaxEntity read	\N	\N	\N	\N	metaPermission:organizationEmployeeTaxEntityRead	\N	\N	\N	\N	\N	f
organizationEmployeeTaxEntity	f	update	f	organizationEmployeeTaxEntity update	\N	\N	\N	\N	metaPermission:organizationEmployeeTaxEntityUpdate	\N	\N	\N	\N	\N	f
metaTitle	t	read	t	metaTitle read	\N	\N	\N	\N	metaPermission:metaTitle	\N	\N	\N	\N	\N	f
metaEligibilityRequestStatus	t	read	t	metaEligibilityRequestStatus read	\N	\N	\N	\N	metaPermission:metaEligibilityRequestStatus	\N	\N	\N	\N	\N	f
metaEligibilityRequestType	t	read	t	metaEligibilityRequestType read	\N	\N	\N	\N	metaPermission:metaEligibilityRequestType	\N	\N	\N	\N	\N	f
\N	t	\N	t	\N	batchEligibilityRequest	\N	\N	\N	metaPermission:batchEligibilityRequest	\N	\N	\N	\N	\N	f
\N	t	\N	t	\N	batchEligibilityResponse	\N	\N	\N	metaPermission:batchEligibilityResponse	\N	\N	\N	\N	\N	f
\N	t	\N	t	\N	patientLabOrderReport	\N	\N	\N	metaPermission:patientLabOrderReport	\N	\N	\N	\N	\N	f
metaTaxonomyCode	t	read	t	metaTaxonomyCode read	\N	\N	\N	\N	metaPermission:metaTaxonomyCode	\N	\N	\N	\N	\N	f
receivedEdi	f	create	f	receivedEdi create	\N	\N	\N	\N	metaPermission:receivedEdiCreate	\N	\N	\N	\N	\N	f
receivedEdi	f	delete	f	receivedEdi delete	\N	\N	\N	\N	metaPermission:receivedEdiDelete	\N	\N	\N	\N	\N	f
receivedEdi	f	read	f	receivedEdi read	\N	\N	\N	\N	metaPermission:receivedEdiRead	\N	\N	\N	\N	\N	f
receivedEdi	f	update	f	receivedEdi update	\N	\N	\N	\N	metaPermission:receivedEdiUpdate	\N	\N	\N	\N	\N	f
claimMessage	f	create	f	claimMessage create	\N	\N	\N	\N	metaPermission:claimMessageCreate	\N	\N	\N	\N	\N	f
claimMessage	f	delete	f	claimMessage delete	\N	\N	\N	\N	metaPermission:claimMessageDelete	\N	\N	\N	\N	\N	f
claimMessage	f	read	f	claimMessage read	\N	\N	\N	\N	metaPermission:claimMessageRead	\N	\N	\N	\N	\N	f
claimMessage	f	update	f	claimMessage update	\N	\N	\N	\N	metaPermission:claimMessageUpdate	\N	\N	\N	\N	\N	f
metaReceivedEdiStatus	t	read	t	metaReceivedEdiStatus read	\N	\N	\N	\N	metaPermission:metaReceivedEdiStatusRead	\N	\N	\N	\N	\N	f
\N	t	\N	t	\N	resetUserSignaturePin	\N	\N	\N	metaPermission:resetUserSignaturePin	\N	\N	\N	\N	\N	f
\N	t	\N	t	\N	parseEdi	\N	\N	\N	metaPermission:parseEdi	\N	\N	\N	\N	\N	f
\N	t	\N	t	\N	patientStatementBatch	\N	\N	\N	metaPermission:patientStatementBatch	\N	\N	\N	\N	\N	f
referringProvider	t	create	t	referringProvider create	\N	\N	\N	\N	metaPermission:referringProviderCreate	\N	\N	\N	\N	\N	f
referringProvider	t	delete	t	referringProvider delete	\N	\N	\N	\N	metaPermission:referringProviderDelete	\N	\N	\N	\N	\N	f
referringProvider	t	read	t	referringProvider read	\N	\N	\N	\N	metaPermission:referringProviderRead	\N	\N	\N	\N	\N	f
referringProvider	t	update	t	referringProvider update	\N	\N	\N	\N	metaPermission:referringProviderUpdate	\N	\N	\N	\N	\N	f
\N	t	\N	t	\N	GenerateReportQuery	\N	\N	\N	metaPermission:GenerateReportQuery	\N	\N	\N	\N	\N	f
report	t	create	t	report create	\N	\N	\N	\N	metaPermission:reportCreate	\N	\N	\N	\N	\N	f
report	t	delete	t	report delete	\N	\N	\N	\N	metaPermission:reportDelete	\N	\N	\N	\N	\N	f
report	t	read	t	report read	\N	\N	\N	\N	metaPermission:reportRead	\N	\N	\N	\N	\N	f
report	t	update	t	report update	\N	\N	\N	\N	metaPermission:reportUpdate	\N	\N	\N	\N	\N	f
metaPaymentDeniedAction	t	read	t	metaPaymentDeniedAction read	\N	\N	\N	\N	metaPermission:metaPaymentDeniedActionRead	\N	\N	\N	\N	\N	f
\N	t	\N	t	\N	GeneratePatientBatchQuery	\N	\N	\N	metaPermission:GeneratePatientBatchQuery	\N	\N	\N	\N	\N	f
metaTransmissionTunnelIsa	t	read	t	metaTransmissionTunnelIsa read	\N	\N	\N	\N	metaPermission:metaTransmissionTunnelIsaRead	\N	\N	\N	\N	\N	f
metaUserType	t	read	t	metaUserType read	\N	\N	\N	\N	metaPermission:metaUserTypeRead	\N	\N	\N	\N	\N	f
metaProviderServiceType	t	read	t	metaProviderServiceType read	\N	\N	\N	\N	metaPermission:metaProviderServiceType	\N	\N	\N	\N	\N	f
userPassword	t	create	f	userPassword create	\N	\N	\N	\N	metaPermission:userPasswordCreate	\N	\N	\N	\N	\N	f
userPassword	t	delete	f	userPassword delete	\N	\N	\N	\N	metaPermission:userPasswordDelete	\N	\N	\N	\N	\N	f
userPassword	f	read	f	userPassword read	\N	\N	\N	\N	metaPermission:userPasswordRead	\N	\N	\N	\N	\N	f
\.


--
-- Data for Name: meta_permission_cascaded_permission; Type: TABLE DATA; Schema: public; Owner: aperiosf
--

COPY public.meta_permission_cascaded_permission (cascaded_permission, meta_permission_id, checksum) FROM stdin;
metaPermission:accountRead	metaPermission:accountCreate	\N
metaPermission:accountUpdate	metaPermission:accountCreate	\N
metaPermission:accountRead	metaPermission:accountDelete	\N
metaPermission:accountRead	metaPermission:accountUpdate	\N
metaPermission:appointmentScheduleUpdate	metaPermission:appointmentScheduleCreate	\N
metaPermission:appointmentScheduleRead	metaPermission:appointmentScheduleCreate	\N
metaPermission:appointmentScheduleRead	metaPermission:appointmentScheduleDelete	\N
metaPermission:appointmentScheduleRead	metaPermission:appointmentScheduleUpdate	\N
metaPermission:careContinuityImportRequestUpdate	metaPermission:careContinuityImportRequestCreate	\N
metaPermission:ccdaImportAllergyCreate	metaPermission:careContinuityImportRequestCreate	\N
metaPermission:ccdaImportDiagnosisCreate	metaPermission:careContinuityImportRequestCreate	\N
metaPermission:ccdaImportMedicationCreate	metaPermission:careContinuityImportRequestCreate	\N
metaPermission:ccdaImportAllergyDelete	metaPermission:careContinuityImportRequestDelete	\N
metaPermission:ccdaImportDiagnosisDelete	metaPermission:careContinuityImportRequestDelete	\N
metaPermission:ccdaImportMedicationDelete	metaPermission:careContinuityImportRequestDelete	\N
metaPermission:ccdaImportAllergyRead	metaPermission:careContinuityImportRequestRead	\N
metaPermission:ccdaImportDiagnosisRead	metaPermission:careContinuityImportRequestRead	\N
metaPermission:ccdaImportMedicationRead	metaPermission:careContinuityImportRequestRead	\N
metaPermission:ccdaImportAllergyUpdate	metaPermission:careContinuityImportRequestUpdate	\N
metaPermission:ccdaImportDiagnosisUpdate	metaPermission:careContinuityImportRequestUpdate	\N
metaPermission:ccdaImportMedicationUpdate	metaPermission:careContinuityImportRequestUpdate	\N
metaPermission:caseEpisodeStatusConfigUpdate	metaPermission:caseEpisodeStatusConfigCreate	\N
metaPermission:caseEpisodeStatusConfigDelete	metaPermission:caseEpisodeStatusConfigCreate	\N
metaPermission:ccdaExportRequestCreate	metaPermission:ccdaExportCreate	\N
metaPermission:metaCcdaExportLogCreate	metaPermission:ccdaExportCreate	\N
metaPermission:ccdaExportUpdate	metaPermission:ccdaExportCreate	\N
metaPermission:ccdaExportRead	metaPermission:ccdaExportCreate	\N
metaPermission:ccdaExportRead	metaPermission:ccdaExportDelete	\N
metaPermission:ccdaExportRequestRead	metaPermission:ccdaExportRead	\N
metaPermission:metaCcdaExportLogRead	metaPermission:ccdaExportRead	\N
metaPermission:ccdaExportRead	metaPermission:ccdaExportUpdate	\N
metaPermission:ccdUploadUpdate	metaPermission:ccdUploadCreate	\N
metaPermission:ccdUploadRead	metaPermission:ccdUploadCreate	\N
metaPermission:ccdUploadRead	metaPermission:ccdUploadDelete	\N
metaPermission:ccdUploadRead	metaPermission:ccdUploadUpdate	\N
metaPermission:cdsInterventionConfigUpdate	metaPermission:cdsInterventionConfigCreate	\N
metaPermission:cdsInterventionConfigRead	metaPermission:cdsInterventionConfigCreate	\N
metaPermission:cdsInterventionConfigRead	metaPermission:cdsInterventionConfigDelete	\N
metaPermission:cdsInterventionConfigRead	metaPermission:cdsInterventionConfigUpdate	\N
metaPermission:cqmRequestUpdate	metaPermission:cqmRequestCreate	\N
metaPermission:cqmRequestRead	metaPermission:cqmRequestCreate	\N
metaPermission:cqmRequestRead	metaPermission:cqmRequestDelete	\N
metaPermission:cqmRequestRead	metaPermission:cqmRequestUpdate	\N
metaPermission:dataExportRequestRead	metaPermission:dataExportRequestCreate	\N
metaPermission:dataImportRequestRead	metaPermission:dataImportRequestCreate	\N
metaPermission:drFirstConfigUpdate	metaPermission:drFirstConfigCreate	\N
metaPermission:emrDirectMailConfigUpdate	metaPermission:emrDirectMailConfigCreate	\N
metaPermission:encounterConfigUpdate	metaPermission:encounterConfigCreate	\N
metaPermission:eraListUpdate	metaPermission:eraListCreate	\N
metaPermission:hl7ExportRequestUpdate	metaPermission:hl7ExportRequestCreate	\N
metaPermission:hl7ExportRequestRead	metaPermission:hl7ExportRequestCreate	\N
metaPermission:hl7ExportRequestRead	metaPermission:hl7ExportRequestDelete	\N
metaPermission:hl7ExportRequestRead	metaPermission:hl7ExportRequestUpdate	\N
metaPermission:hl7ImportRequestUpdate	metaPermission:hl7ImportRequestCreate	\N
metaPermission:hl7ImportRequestRead	metaPermission:hl7ImportRequestCreate	\N
metaPermission:hl7ImportRequestRead	metaPermission:hl7ImportRequestDelete	\N
metaPermission:hl7ImportRequestRead	metaPermission:hl7ImportRequestUpdate	\N
metaPermission:journalUpdate	metaPermission:journalCreate	\N
metaPermission:journalRead	metaPermission:journalCreate	\N
metaPermission:journalRead	metaPermission:journalDelete	\N
metaPermission:journalRead	metaPermission:journalUpdate	\N
metaPermission:liabilityRuleConfigUpdate	metaPermission:liabilityRuleConfigCreate	\N
metaPermission:measureRecordingRequestUpdate	metaPermission:measureRecordingRequestCreate	\N
metaPermission:measureRecordingRequestRead	metaPermission:measureRecordingRequestCreate	\N
metaPermission:measureRecordingRequestRead	metaPermission:measureRecordingRequestDelete	\N
metaPermission:measureRecordingRequestRead	metaPermission:measureRecordingRequestUpdate	\N
metaPermission:measureRecordingResultRead	metaPermission:measureRecordingResultCreate	\N
metaPermission:measureRecordingResultRead	metaPermission:measureRecordingResultDelete	\N
metaPermission:mergeRecordUpdate	metaPermission:mergeRecordCreate	\N
metaPermission:metaTagListUpdate	metaPermission:metaTagListCreate	\N
metaPermission:drFirstConfigCreate	metaPermission:organizationCreate	\N
metaPermission:organizationRead	metaPermission:organizationCreate	\N
metaPermission:drFirstConfigUpdate	metaPermission:organizationUpdate	\N
metaPermission:organizationRead	metaPermission:organizationUpdate	\N
metaPermission:organizationCredentialConfigUpdate	metaPermission:organizationCredentialConfigCreate	\N
metaPermission:organizationDivisionUpdate	metaPermission:organizationDivisionCreate	\N
metaPermission:organizationEmployeeRead	metaPermission:organizationEmployeeCreate	\N
metaPermission:organizationEmployeeRead	metaPermission:organizationEmployeeDelete	\N
metaPermission:organizationEmployeeDivisionRead	metaPermission:organizationEmployeeRead	\N
metaPermission:organizationEmployeeRead	metaPermission:organizationEmployeeUpdate	\N
metaPermission:organizationEmployeeCredentialUpdate	metaPermission:organizationEmployeeCredentialCreate	\N
metaPermission:organizationEmployeeCredentialRead	metaPermission:organizationEmployeeCredentialCreate	\N
metaPermission:organizationEmployeeCredentialRead	metaPermission:organizationEmployeeCredentialDelete	\N
metaPermission:organizationEmployeeCredentialRead	metaPermission:organizationEmployeeCredentialUpdate	\N
metaPermission:organizationEmployeeDivisionRead	metaPermission:organizationEmployeeDivisionCreate	\N
metaPermission:organizationEmployeeDivisionUpdate	metaPermission:organizationEmployeeDivisionCreate	\N
metaPermission:organizationEmployeeDivisionRead	metaPermission:organizationEmployeeDivisionDelete	\N
metaPermission:organizationEmployeeDivisionRead	metaPermission:organizationEmployeeDivisionUpdate	\N
metaPermission:organizationHolidayUpdate	metaPermission:organizationHolidayCreate	\N
metaPermission:organizationHolidayRead	metaPermission:organizationHolidayCreate	\N
metaPermission:organizationHolidayRead	metaPermission:organizationHolidayDelete	\N
metaPermission:organizationHolidayRead	metaPermission:organizationHolidayUpdate	\N
metaPermission:organizationPayerUpdate	metaPermission:organizationPayerCreate	\N
metaPermission:organizationPayerRead	metaPermission:organizationPayerCreate	\N
metaPermission:organizationPayerRead	metaPermission:organizationPayerDelete	\N
metaPermission:organizationPayerRead	metaPermission:organizationPayerUpdate	\N
metaPermission:organizationProfileUpdate	metaPermission:organizationProfileCreate	\N
metaPermission:organizationProfileRead	metaPermission:organizationProfileCreate	\N
metaPermission:organizationProfileRead	metaPermission:organizationProfileDelete	\N
metaPermission:organizationProfileRead	metaPermission:organizationProfileUpdate	\N
metaPermission:organizationProgramUpdate	metaPermission:organizationProgramCreate	\N
metaPermission:organizationProgramRead	metaPermission:organizationProgramCreate	\N
metaPermission:organizationProgramRead	metaPermission:organizationProgramDelete	\N
metaPermission:organizationProgramRead	metaPermission:organizationProgramUpdate	\N
metaPermission:organizationResourceUpdate	metaPermission:organizationResourceCreate	\N
metaPermission:organizationRoleUpdate	metaPermission:organizationRoleCreate	\N
metaPermission:organizationScheduleGroupUpdate	metaPermission:organizationScheduleGroupCreate	\N
metaPermission:organizationTaxEntityUpdate	metaPermission:organizationTaxEntityCreate	\N
metaPermission:organizationTaxEntityRead	metaPermission:organizationTaxEntityCreate	\N
metaPermission:organizationTaxEntityRead	metaPermission:organizationTaxEntityDelete	\N
metaPermission:organizationTaxEntityRead	metaPermission:organizationTaxEntityUpdate	\N
metaPermission:organizationTaxEntityAccountPeriodUpdate	metaPermission:organizationTaxEntityAccountPeriodCreate	\N
metaPermission:organizationTaxEntityPayerConfigUpdate	metaPermission:organizationTaxEntityPayerConfigCreate	\N
metaPermission:organizationTaxEntityTransmissionTunnelUpdate	metaPermission:organizationTaxEntityTransmissionTunnelCreate	\N
metaPermission:patientUpdate	metaPermission:patientCreate	\N
metaPermission:patientRead	metaPermission:patientCreate	\N
metaPermission:patientRead	metaPermission:patientRead	\N
metaPermission:patientRead	metaPermission:patientUpdate	\N
metaPermission:patientAllergyUpdate	metaPermission:patientAllergyCreate	\N
metaPermission:patientAllergyRead	metaPermission:patientAllergyCreate	\N
metaPermission:patientAllergyRead	metaPermission:patientAllergyDelete	\N
metaPermission:patientAllergyRead	metaPermission:patientAllergyUpdate	\N
metaPermission:patientAmendmentRead	metaPermission:patientAmendmentCreate	\N
metaPermission:patientAmendmentUpdate	metaPermission:patientAmendmentCreate	\N
metaPermission:patientAmendmentRead	metaPermission:patientAmendmentUpdate	\N
metaPermission:patientAuthorizationRead	metaPermission:patientAuthorizationCreate	\N
metaPermission:patientAuthorizationUpdate	metaPermission:patientAuthorizationCreate	\N
metaPermission:patientAuthorizationRead	metaPermission:patientAuthorizationDelete	\N
metaPermission:patientAuthorizationRead	metaPermission:patientAuthorizationUpdate	\N
metaPermission:patientAuthorizationLevelUpdate	metaPermission:patientAuthorizationLevelCreate	\N
metaPermission:patientAuthorizationLevelRead	metaPermission:patientAuthorizationLevelCreate	\N
metaPermission:patientAuthorizationLevelRead	metaPermission:patientAuthorizationLevelDelete	\N
metaPermission:patientAuthorizationLevelRead	metaPermission:patientAuthorizationLevelUpdate	\N
metaPermission:patientBatchRead	metaPermission:patientBatchCreate	\N
metaPermission:patientBatchUpdate	metaPermission:patientBatchCreate	\N
metaPermission:patientBatchRead	metaPermission:patientBatchDelete	\N
metaPermission:patientBatchRead	metaPermission:patientBatchUpdate	\N
metaPermission:patientCaseRead	metaPermission:patientCaseCreate	\N
metaPermission:patientCaseUpdate	metaPermission:patientCaseCreate	\N
metaPermission:patientCaseRead	metaPermission:patientCaseDelete	\N
metaPermission:patientCaseRead	metaPermission:patientCaseUpdate	\N
metaPermission:patientClaimCreate	metaPermission:patientClaimCreate	\N
metaPermission:patientClaimDelete	metaPermission:patientClaimDelete	\N
metaPermission:patientClaimRead	metaPermission:patientClaimRead	\N
metaPermission:patientClaimUpdate	metaPermission:patientClaimUpdate	\N
metaPermission:patientContactRead	metaPermission:patientContactCreate	\N
metaPermission:patientContactUpdate	metaPermission:patientContactCreate	\N
metaPermission:patientContactRead	metaPermission:patientContactDelete	\N
metaPermission:patientContactRead	metaPermission:patientContactUpdate	\N
metaPermission:patientDiagnosisRead	metaPermission:patientDiagnosisCreate	\N
metaPermission:patientDiagnosisUpdate	metaPermission:patientDiagnosisCreate	\N
metaPermission:patientDiagnosisRead	metaPermission:patientDiagnosisDelete	\N
metaPermission:patientDiagnosisRead	metaPermission:patientDiagnosisUpdate	\N
metaPermission:patientDocumentRead	metaPermission:patientDocumentCreate	\N
metaPermission:patientDocumentUpdate	metaPermission:patientDocumentCreate	\N
metaPermission:patientDocumentRead	metaPermission:patientDocumentDelete	\N
metaPermission:patientDocumentRead	metaPermission:patientDocumentUpdate	\N
metaPermission:patientEmergencyAccessRead	metaPermission:patientEmergencyAccessCreate	\N
metaPermission:patientEmploymentInfoRead	metaPermission:patientEmploymentInfoCreate	\N
metaPermission:patientEmploymentInfoUpdate	metaPermission:patientEmploymentInfoCreate	\N
metaPermission:patientEmploymentInfoRead	metaPermission:patientEmploymentInfoUpdate	\N
metaPermission:patientEncounterRead	metaPermission:patientEncounterCreate	\N
metaPermission:patientEncounterUpdate	metaPermission:patientEncounterCreate	\N
metaPermission:patientEncounterRead	metaPermission:patientEncounterUpdate	\N
metaPermission:patientFamilyConditionHistoryRead	metaPermission:patientFamilyConditionHistoryCreate	\N
metaPermission:patientFamilyConditionHistoryUpdate	metaPermission:patientFamilyConditionHistoryCreate	\N
metaPermission:patientFamilyConditionHistoryRead	metaPermission:patientFamilyConditionHistoryUpdate	\N
metaPermission:patientFamilyHistoryRead	metaPermission:patientFamilyHistoryCreate	\N
metaPermission:patientFamilyHistoryUpdate	metaPermission:patientFamilyHistoryCreate	\N
metaPermission:patientFamilyHistoryRead	metaPermission:patientFamilyHistoryUpdate	\N
metaPermission:patientFormRead	metaPermission:patientFormCreate	\N
metaPermission:patientFormUpdate	metaPermission:patientFormCreate	\N
metaPermission:patientFormRead	metaPermission:patientFormUpdate	\N
metaPermission:patientImmunizationRead	metaPermission:patientImmunizationCreate	\N
metaPermission:patientImmunizationUpdate	metaPermission:patientImmunizationCreate	\N
metaPermission:patientImmunizationRead	metaPermission:patientImmunizationUpdate	\N
metaPermission:patientInsuranceRead	metaPermission:patientInsuranceCreate	\N
metaPermission:patientInsuranceUpdate	metaPermission:patientInsuranceCreate	\N
metaPermission:patientInsuranceRead	metaPermission:patientInsuranceUpdate	\N
metaPermission:patientLabOrderRead	metaPermission:patientLabOrderCreate	\N
metaPermission:patientLabOrderUpdate	metaPermission:patientLabOrderCreate	\N
metaPermission:patientLabOrderRead	metaPermission:patientLabOrderUpdate	\N
metaPermission:patientLabTestRead	metaPermission:patientLabTestCreate	\N
metaPermission:patientLabTestUpdate	metaPermission:patientLabTestCreate	\N
metaPermission:patientLabTestRead	metaPermission:patientLabTestUpdate	\N
metaPermission:patientLabTestResultRead	metaPermission:patientLabTestResultCreate	\N
metaPermission:patientLabTestResultUpdate	metaPermission:patientLabTestResultCreate	\N
metaPermission:patientLabTestResultRead	metaPermission:patientLabTestResultUpdate	\N
metaPermission:patientLiabilityRead	metaPermission:patientLiabilityCreate	\N
metaPermission:patientLiabilityUpdate	metaPermission:patientLiabilityCreate	\N
metaPermission:patientLiabilityRead	metaPermission:patientLiabilityUpdate	\N
metaPermission:patientMedicationRead	metaPermission:patientMedicationCreate	\N
metaPermission:patientMedicationUpdate	metaPermission:patientMedicationCreate	\N
metaPermission:patientMedicationRead	metaPermission:patientMedicationUpdate	\N
metaPermission:patientOrganizationDataRead	metaPermission:patientOrganizationDataCreate	\N
metaPermission:patientOrganizationDataUpdate	metaPermission:patientOrganizationDataCreate	\N
metaPermission:patientOrganizationDataRead	metaPermission:patientOrganizationDataUpdate	\N
metaPermission:patientPlacementHistoryRead	metaPermission:patientPlacementHistoryCreate	\N
metaPermission:patientPlacementHistoryUpdate	metaPermission:patientPlacementHistoryCreate	\N
metaPermission:patientPlacementHistoryRead	metaPermission:patientPlacementHistoryUpdate	\N
metaPermission:patientPrescriptionRead	metaPermission:patientPrescriptionCreate	\N
metaPermission:patientPrescriptionUpdate	metaPermission:patientPrescriptionCreate	\N
metaPermission:patientPrescriptionRead	metaPermission:patientPrescriptionUpdate	\N
metaPermission:patientProcedureRead	metaPermission:patientProcedureCreate	\N
metaPermission:patientProcedureUpdate	metaPermission:patientProcedureCreate	\N
metaPermission:patientProcedureRead	metaPermission:patientProcedureUpdate	\N
metaPermission:patientReferralRead	metaPermission:patientReferralCreate	\N
metaPermission:patientReferralUpdate	metaPermission:patientReferralCreate	\N
metaPermission:patientReferralRead	metaPermission:patientReferralUpdate	\N
metaPermission:patientReleaseOfInformationRead	metaPermission:patientReleaseOfInformationCreate	\N
metaPermission:patientReleaseOfInformationRead	metaPermission:patientReleaseOfInformationUpdate	\N
metaPermission:patientReminderRead	metaPermission:patientReminderCreate	\N
metaPermission:patientReminderUpdate	metaPermission:patientReminderCreate	\N
metaPermission:patientReminderRead	metaPermission:patientReminderUpdate	\N
metaPermission:patientScheduleGroupAssignmentRead	metaPermission:patientScheduleGroupAssignmentCreate	\N
metaPermission:patientScheduleGroupAssignmentUpdate	metaPermission:patientScheduleGroupAssignmentCreate	\N
metaPermission:patientScheduleGroupAssignmentRead	metaPermission:patientScheduleGroupAssignmentUpdate	\N
metaPermission:patientServiceRead	metaPermission:patientServiceCreate	\N
metaPermission:patientServiceUpdate	metaPermission:patientServiceCreate	\N
metaPermission:patientServiceRead	metaPermission:patientServiceUpdate	\N
metaPermission:patientStatementRead	metaPermission:patientStatementCreate	\N
metaPermission:patientStatementUpdate	metaPermission:patientStatementCreate	\N
metaPermission:patientStatementRead	metaPermission:patientStatementUpdate	\N
metaPermission:patientStatementRequestRead	metaPermission:patientStatementRequestCreate	\N
metaPermission:patientStatementRequestUpdate	metaPermission:patientStatementRequestCreate	\N
metaPermission:patientStatementRequestRead	metaPermission:patientStatementRequestUpdate	\N
metaPermission:patientTxPlanRead	metaPermission:patientTxPlanCreate	\N
metaPermission:patientTxPlanUpdate	metaPermission:patientTxPlanCreate	\N
metaPermission:patientTxPlanRead	metaPermission:patientTxPlanUpdate	\N
metaPermission:patientTxPlanLevelRead	metaPermission:patientTxPlanLevelCreate	\N
metaPermission:patientTxPlanLevelUpdate	metaPermission:patientTxPlanLevelCreate	\N
metaPermission:patientTxPlanLevelRead	metaPermission:patientTxPlanLevelUpdate	\N
metaPermission:patientVitalRead	metaPermission:patientVitalCreate	\N
metaPermission:patientVitalUpdate	metaPermission:patientVitalCreate	\N
metaPermission:patientVitalRead	metaPermission:patientVitalUpdate	\N
metaPermission:patientWarningRead	metaPermission:patientWarningCreate	\N
metaPermission:patientWarningUpdate	metaPermission:patientWarningCreate	\N
metaPermission:patientWarningRead	metaPermission:patientWarningUpdate	\N
metaPermission:qrdaExportRequestUpdate	metaPermission:qrdaExportRequestCreate	\N
metaPermission:remittanceUpdate	metaPermission:remittanceCreate	\N
metaPermission:stateUpdate	metaPermission:stateCreate	\N
metaPermission:stateNameUpdate	metaPermission:stateNameCreate	\N
metaPermission:synapWorkflowUpdate	metaPermission:synapWorkflowCreate	\N
metaPermission:patientPrintViewRead	metaPermission:patientPrintViewCreate	\N
metaPermission:patientSpecificDocumentUpdate	metaPermission:patientSpecificDocumentCreate	\N
metaPermission:patientSpecificDocumentRead	metaPermission:patientSpecificDocumentCreate	\N
metaPermission:patientSpecificDocumentRead	metaPermission:patientSpecificDocumentDelete	\N
metaPermission:patientSpecificDocumentRead	metaPermission:patientSpecificDocumentRead	\N
metaPermission:patientSpecificDocumentUpdate	metaPermission:patientSpecificDocumentUpdate	\N
metaPermission:patientSpecificDocumentRead	metaPermission:patientSpecificDocumentUpdate	\N
metaPermission:patientRead	metaPermission:divisionLevelPatient	\N
metaPermission:patientRead	metaPermission:currentAssignedPatient	\N
metaPermission:patientRead	metaPermission:everAssignedPatient	\N
metaPermission:payerGroupUpdate	metaPermission:payerGroupCreate	\N
metaPermission:payerGroupDelete	metaPermission:payerGroupCreate	\N
metaPermission:saveForLaterDelete	metaPermission:saveForLaterCreate	\N
metaPermission:receivedEdiRead	metaPermission:receivedEdiCreate	\N
metaPermission:receivedEdiRead	metaPermission:receivedEdiDelete	\N
metaPermission:receivedEdiUpdate	metaPermission:receivedEdiRead	\N
metaPermission:receivedEdiRead	metaPermission:receivedEdiUpdate	\N
metaPermission:userPasswordCreate	metaPermission:userPasswordCreate	\N
metaPermission:userPasswordDelete	metaPermission:userPasswordDelete	\N
metaPermission:userPasswordRead	metaPermission:userPasswordRead	\N
\.


--
-- Data for Name: meta_provider_service_type; Type: TABLE DATA; Schema: public; Owner: aperiosf
--

COPY public.meta_provider_service_type (value, created_on_date, created_on_time, created_by, id, tags, organization_id, custom_property, checksum, object_path, is_deleted) FROM stdin;
Unknown	\N	\N	\N	metaProviderServiceType:Unknown	\N	\N	\N	\N	\N	f
Accident Rehabilation	\N	\N	\N	metaProviderServiceType:AccidentRehabilation	\N	\N	\N	\N	\N	f
Allergy and Immunology	\N	\N	\N	metaProviderServiceType:AllergyandImmunology	\N	\N	\N	\N	\N	f
Anesthesiology	\N	\N	\N	metaProviderServiceType:Anesthesiology	\N	\N	\N	\N	\N	f
Cardiac | Thoracic | Vascular Surg	\N	\N	\N	metaProviderServiceType:CardiacThoracicVascularSurg	\N	\N	\N	\N	\N	f
Cardiology	\N	\N	\N	metaProviderServiceType:Cardiology	\N	\N	\N	\N	\N	f
Cardiovascular Disease	\N	\N	\N	metaProviderServiceType:CardiovascularDisease	\N	\N	\N	\N	\N	f
Child and Adolescent Psychiatry	\N	\N	\N	metaProviderServiceType:ChildandAdolescentPsychiatry	\N	\N	\N	\N	\N	f
Colon and Rectal Surgery	\N	\N	\N	metaProviderServiceType:ColonandRectalSurgery	\N	\N	\N	\N	\N	f
Dentistry	\N	\N	\N	metaProviderServiceType:Dentistry	\N	\N	\N	\N	\N	f
Dermatology	\N	\N	\N	metaProviderServiceType:Dermatology	\N	\N	\N	\N	\N	f
Durable Medical Equipment	\N	\N	\N	metaProviderServiceType:DurableMedicalEquipment	\N	\N	\N	\N	\N	f
Emergency Medicine	\N	\N	\N	metaProviderServiceType:EmergencyMedicine	\N	\N	\N	\N	\N	f
Endocrinology	\N	\N	\N	metaProviderServiceType:Endocrinology	\N	\N	\N	\N	\N	f
Family Practice	\N	\N	\N	metaProviderServiceType:FamilyPractice	\N	\N	\N	\N	\N	f
Gastroenterology	\N	\N	\N	metaProviderServiceType:Gastroenterology	\N	\N	\N	\N	\N	f
General Pediatrics	\N	\N	\N	metaProviderServiceType:GeneralPediatrics	\N	\N	\N	\N	\N	f
General Surgery	\N	\N	\N	metaProviderServiceType:GeneralSurgery	\N	\N	\N	\N	\N	f
Gynecology	\N	\N	\N	metaProviderServiceType:Gynecology	\N	\N	\N	\N	\N	f
Hematology	\N	\N	\N	metaProviderServiceType:Hematology	\N	\N	\N	\N	\N	f
Hematology | Oncology	\N	\N	\N	metaProviderServiceType:HematologyOncology	\N	\N	\N	\N	\N	f
Infectious Diseases	\N	\N	\N	metaProviderServiceType:InfectiousDiseases	\N	\N	\N	\N	\N	f
Internal Medicine	\N	\N	\N	metaProviderServiceType:InternalMedicine	\N	\N	\N	\N	\N	f
Nephrology	\N	\N	\N	metaProviderServiceType:Nephrology	\N	\N	\N	\N	\N	f
Neurology	\N	\N	\N	metaProviderServiceType:Neurology	\N	\N	\N	\N	\N	f
Neurological Surgery	\N	\N	\N	metaProviderServiceType:Neurological Surgery	\N	\N	\N	\N	\N	f
Obstetrics and Gynecology	\N	\N	\N	metaProviderServiceType:ObstetricsandGynecology	\N	\N	\N	\N	\N	f
Oncology	\N	\N	\N	metaProviderServiceType:Oncology	\N	\N	\N	\N	\N	f
Ophthalmology	\N	\N	\N	metaProviderServiceType:Ophthalmology	\N	\N	\N	\N	\N	f
Oral and Maxillofacial Surgery	\N	\N	\N	metaProviderServiceType:OralandMaxillofacialSurgery	\N	\N	\N	\N	\N	f
Orthopaedic Surgery	\N	\N	\N	metaProviderServiceType:OrthopaedicSurgery	\N	\N	\N	\N	\N	f
Orthopaedics	\N	\N	\N	metaProviderServiceType:Orthopaedics	\N	\N	\N	\N	\N	f
Otolaryngology	\N	\N	\N	metaProviderServiceType:Otolaryngology	\N	\N	\N	\N	\N	f
Pain Management	\N	\N	\N	metaProviderServiceType:PainManagement	\N	\N	\N	\N	\N	f
Pathology	\N	\N	\N	metaProviderServiceType:Pathology	\N	\N	\N	\N	\N	f
Pediatric Allergy	\N	\N	\N	metaProviderServiceType:PediatricAllergy	\N	\N	\N	\N	\N	f
Pediatric Cardiology	\N	\N	\N	metaProviderServiceType:PediatricCardiology	\N	\N	\N	\N	\N	f
Pediatric Dentistry	\N	\N	\N	metaProviderServiceType:PediatricDentistry	\N	\N	\N	\N	\N	f
Pediatric Gastroenterology	\N	\N	\N	metaProviderServiceType:PediatricGastroenterology	\N	\N	\N	\N	\N	f
Pediatric Hematology	\N	\N	\N	metaProviderServiceType:PediatricHematology	\N	\N	\N	\N	\N	f
Pediatric Infectious Disease	\N	\N	\N	metaProviderServiceType:PediatricInfectiousDisease	\N	\N	\N	\N	\N	f
Pediatric Neonatology	\N	\N	\N	metaProviderServiceType:PediatricNeonatology	\N	\N	\N	\N	\N	f
Pediatric Neurology	\N	\N	\N	metaProviderServiceType:PediatricNeurology	\N	\N	\N	\N	\N	f
Pediatric Ophthalmology	\N	\N	\N	metaProviderServiceType:PediatricOphthalmology	\N	\N	\N	\N	\N	f
Pediatric Orthopaedic Surgery	\N	\N	\N	metaProviderServiceType:PediatricOrthopaedicSurgery	\N	\N	\N	\N	\N	f
Pediatric Otolaryngology	\N	\N	\N	metaProviderServiceType:Pediatric Otolaryngology	\N	\N	\N	\N	\N	f
Pediatrics	\N	\N	\N	metaProviderServiceType:Pediatrics	\N	\N	\N	\N	\N	f
Physical Medicine and Rehab	\N	\N	\N	metaProviderServiceType:PhysicalMedicineandRehab	\N	\N	\N	\N	\N	f
Plastic Surgery	\N	\N	\N	metaProviderServiceType:PlasticSurgery	\N	\N	\N	\N	\N	f
Podiatry	\N	\N	\N	metaProviderServiceType:Podiatry	\N	\N	\N	\N	\N	f
Post MVA Rehabilitation	\N	\N	\N	metaProviderServiceType:PostMVARehabilitation	\N	\N	\N	\N	\N	f
Psychiatry	\N	\N	\N	metaProviderServiceType:Psychiatry	\N	\N	\N	\N	\N	f
Pulmonary Diseases	\N	\N	\N	metaProviderServiceType:PulmonaryDiseases	\N	\N	\N	\N	\N	f
Pulmonary Medicine	\N	\N	\N	metaProviderServiceType:PulmonaryMedicine	\N	\N	\N	\N	\N	f
Radiation Oncology	\N	\N	\N	metaProviderServiceType:RadiationOncology	\N	\N	\N	\N	\N	f
Radiology	\N	\N	\N	metaProviderServiceType:Radiology	\N	\N	\N	\N	\N	f
Rehabilitation and Pain Mgmt.	\N	\N	\N	metaProviderServiceType:RehabilitationandPainMgmt	\N	\N	\N	\N	\N	f
Rheumatology	\N	\N	\N	metaProviderServiceType:Rheumatology	\N	\N	\N	\N	\N	f
Urology	\N	\N	\N	metaProviderServiceType:Urology	\N	\N	\N	\N	\N	f
Critical Care Medicine	\N	\N	\N	metaProviderServiceType:CriticalCareMedicine	\N	\N	\N	\N	\N	f
Pediatric Dermatology	\N	\N	\N	metaProviderServiceType:PediatricDermatology	\N	\N	\N	\N	\N	f
Medical Toxicology	\N	\N	\N	metaProviderServiceType:MedicalToxicology	\N	\N	\N	\N	\N	f
Sports Medicine	\N	\N	\N	metaProviderServiceType:SportsMedicine	\N	\N	\N	\N	\N	f
Hyperbaric Medicine	\N	\N	\N	metaProviderServiceType:HyperbaricMedicine	\N	\N	\N	\N	\N	f
Pediatric Rehabilation	\N	\N	\N	metaProviderServiceType:PediatricRehabilation	\N	\N	\N	\N	\N	f
Occupational Medicine	\N	\N	\N	metaProviderServiceType:OccupationalMedicine	\N	\N	\N	\N	\N	f
Vascular Surgery	\N	\N	\N	metaProviderServiceType:VascularSurgery	\N	\N	\N	\N	\N	f
Thoracic Surgery	\N	\N	\N	metaProviderServiceType:ThoracicSurgery	\N	\N	\N	\N	\N	f
Pediatric Urology	\N	\N	\N	metaProviderServiceType:PediatricUrology	\N	\N	\N	\N	\N	f
Adolescent Medicine	\N	\N	\N	metaProviderServiceType:AdolescentMedicine	\N	\N	\N	\N	\N	f
Geriatric Medicine	\N	\N	\N	metaProviderServiceType:GeriatricMedicine	\N	\N	\N	\N	\N	f
Hospice and Palliative Medicine	\N	\N	\N	metaProviderServiceType:HospiceandPalliative Medicine	\N	\N	\N	\N	\N	f
Sleep Medicine	\N	\N	\N	metaProviderServiceType:SleepMedicine	\N	\N	\N	\N	\N	f
Neonatal Medicine	\N	\N	\N	metaProviderServiceType:NeonatalMedicine	\N	\N	\N	\N	\N	f
Spinal Cord Injury Medicine	\N	\N	\N	metaProviderServiceType:SpinalCordInjuryMedicine	\N	\N	\N	\N	\N	f
Neuromuscular Medicine	\N	\N	\N	metaProviderServiceType:NeuromuscularMedicine	\N	\N	\N	\N	\N	f
\.


--
-- Data for Name: meta_race; Type: TABLE DATA; Schema: public; Owner: aperiosf
--

COPY public.meta_race (value, code, value_order, created_on_date, created_on_time, created_by, id, tags, organization_id, custom_property, checksum, object_path, is_deleted) FROM stdin;
American Indian or Alaska Native	1002-5	1	\N	\N	\N	metaRace:americanIndianAlaskaNative	\N	\N	\N	\N	\N	f
Asian	2028-9	2	\N	\N	\N	metaRace:asian	\N	\N	\N	\N	\N	f
Black or African American	2054-5	3	\N	\N	\N	metaRace:blackOrAfricanAmerican	\N	\N	\N	\N	\N	f
Native Hawaiian / Other Pacific Islander	2076-8	4	\N	\N	\N	metaRace:nativeHawaiianOtherPacificIslander	\N	\N	\N	\N	\N	f
Other Race	2131-1	5	\N	\N	\N	metaRace:otherRace	\N	\N	\N	\N	\N	f
White	2106-3	6	\N	\N	\N	metaRace:white	\N	\N	\N	\N	\N	f
Declined to provide	\N	7	\N	\N	\N	metaRace:declinedToProvide	\N	\N	\N	\N	\N	f
\.


--
-- Data for Name: meta_relationship; Type: TABLE DATA; Schema: public; Owner: aperiosf
--

COPY public.meta_relationship (value, code, meta_contact_type_id, created_on_date, created_on_time, created_by, id, tags, organization_id, custom_property, checksum, object_path, is_deleted) FROM stdin;
metaLabel:ASC	ASC	metaContactType:other	\N	\N	\N	metaRelationship:ASC	\N	\N	\N	\N	\N	f
metaLabel:BRO	BRO	metaContactType:family	\N	\N	\N	metaRelationship:BRO	\N	\N	\N	\N	\N	f
metaLabel:CGV	CGV	metaContactType:externalProvider	\N	\N	\N	metaRelationship:CGV	\N	\N	\N	\N	\N	f
metaLabel:CHD	CHD	metaContactType:family	\N	\N	\N	metaRelationship:CHD	\N	\N	\N	\N	\N	f
metaLabel:EMC	EMC	metaContactType:family	\N	\N	\N	metaRelationship:EMC	\N	\N	\N	\N	\N	f
metaLabel:EME	EME	metaContactType:other	\N	\N	\N	metaRelationship:EME	\N	\N	\N	\N	\N	f
metaLabel:EMR	EMR	metaContactType:other	\N	\N	\N	metaRelationship:EMR	\N	\N	\N	\N	\N	f
metaLabel:EXF	EXF	metaContactType:family	\N	\N	\N	metaRelationship:EXF	\N	\N	\N	\N	\N	f
metaLabel:FTH	FTH	metaContactType:family	\N	\N	\N	metaRelationship:FTH	\N	\N	\N	\N	\N	f
metaLabel:FCH	FCH	metaContactType:family	\N	\N	\N	metaRelationship:FCH	\N	\N	\N	\N	\N	f
metaLabel:FND	FND	metaContactType:other	\N	\N	\N	metaRelationship:FND	\N	\N	\N	\N	\N	f
metaLabel:GCH	GCH	metaContactType:family	\N	\N	\N	metaRelationship:GCH	\N	\N	\N	\N	\N	f
metaLabel:GRP	GRP	metaContactType:family	\N	\N	\N	metaRelationship:GRP	\N	\N	\N	\N	\N	f
metaLabel:GRD	GRD	metaContactType:other	\N	\N	\N	metaRelationship:GRD	\N	\N	\N	\N	\N	f
metaLabel:DEP	DEP	metaContactType:other	\N	\N	\N	metaRelationship:DEP	\N	\N	\N	\N	\N	f
metaLabel:DOM	DOM	metaContactType:other	\N	\N	\N	metaRelationship:DOM	\N	\N	\N	\N	\N	f
metaLabel:MGR	MGR	metaContactType:other	\N	\N	\N	metaRelationship:MGR	\N	\N	\N	\N	\N	f
metaLabel:MTH	MTH	metaContactType:family	\N	\N	\N	metaRelationship:MTH	\N	\N	\N	\N	\N	f
metaLabel:NCH	NCH	metaContactType:family	\N	\N	\N	metaRelationship:NCH	\N	\N	\N	\N	\N	f
metaLabel:NON	NON	metaContactType:other	\N	\N	\N	metaRelationship:NON	\N	\N	\N	\N	\N	f
metaLabel:OTH	OTH	metaContactType:other	\N	\N	\N	metaRelationship:OTH	\N	\N	\N	\N	\N	f
metaLabel:OAD	OAD	metaContactType:other	\N	\N	\N	metaRelationship:OAD	\N	\N	\N	\N	\N	f
metaLabel:OWN	OWN	metaContactType:other	\N	\N	\N	metaRelationship:OWN	\N	\N	\N	\N	\N	f
metaLabel:PAR	PAR	metaContactType:family	\N	\N	\N	metaRelationship:PAR	\N	\N	\N	\N	\N	f
metaLabel:SEL	SEL	metaContactType:family	\N	\N	\N	metaRelationship:SEL	\N	\N	\N	\N	\N	f
metaLabel:SIB	SIB	metaContactType:family	\N	\N	\N	metaRelationship:SIB	\N	\N	\N	\N	\N	f
metaLabel:SIS	SIS	metaContactType:family	\N	\N	\N	metaRelationship:SIS	\N	\N	\N	\N	\N	f
metaLabel:SPO	SPO	metaContactType:family	\N	\N	\N	metaRelationship:SPO	\N	\N	\N	\N	\N	f
metaLabel:SCH	SCH	metaContactType:family	\N	\N	\N	metaRelationship:SCH	\N	\N	\N	\N	\N	f
metaLabel:TRA	TRA	metaContactType:other	\N	\N	\N	metaRelationship:TRA	\N	\N	\N	\N	\N	f
metaLabel:UNK	UNK	metaContactType:other	\N	\N	\N	metaRelationship:UNK	\N	\N	\N	\N	\N	f
metaLabel:WRD	WRD	metaContactType:other	\N	\N	\N	metaRelationship:WRD	\N	\N	\N	\N	\N	f
\.


--
-- Data for Name: meta_severity; Type: TABLE DATA; Schema: public; Owner: aperiosf
--

COPY public.meta_severity (value, value_order, created_on_date, created_on_time, created_by, id, tags, organization_id, custom_property, checksum, object_path, is_deleted) FROM stdin;
metaLabel:mild	1	\N	\N	\N	metaSeverity:mild	\N	\N	\N	\N	\N	f
metaLabel:moderate	2	\N	\N	\N	metaSeverity:moderate	\N	\N	\N	\N	\N	f
metaLabel:severe	3	\N	\N	\N	metaSeverity:severe	\N	\N	\N	\N	\N	f
metaLabel:verySevere	4	\N	\N	\N	metaSeverity:verySevere	\N	\N	\N	\N	\N	f
\.


--
-- Data for Name: meta_smoking_status; Type: TABLE DATA; Schema: public; Owner: aperiosf
--

COPY public.meta_smoking_status (value, code, value_order, created_on_date, created_on_time, created_by, id, tags, organization_id, custom_property, checksum, object_path, is_deleted) FROM stdin;
metaLabel:everyDaySmoker	449868002	1	\N	\N	\N	metaSmokingStatus:everyDaySmoker	\N	\N	\N	\N	\N	f
metaLabel:formerSmoker	8517006	2	\N	\N	\N	metaSmokingStatus:formerSmoker	\N	\N	\N	\N	\N	f
metaLabel:heavyTobaccoSmoker	428071000124103	3	\N	\N	\N	metaSmokingStatus:heavyTobaccoSmoker	\N	\N	\N	\N	\N	f
metaLabel:lightTobaccoSmoker	428061000124105	4	\N	\N	\N	metaSmokingStatus:lightTobaccoSmoker	\N	\N	\N	\N	\N	f
metaLabel:neverSmoker	266919005	5	\N	\N	\N	metaSmokingStatus:neverSmoker	\N	\N	\N	\N	\N	f
metaLabel:smoker	77176002	6	\N	\N	\N	metaSmokingStatus:smoker	\N	\N	\N	\N	\N	f
metaLabel:someDaySmoker	428041000124106	7	\N	\N	\N	metaSmokingStatus:someDaySmoker	\N	\N	\N	\N	\N	f
metaLabel:unknownSmoker	266927001	8	\N	\N	\N	metaSmokingStatus:unknownSmoker	\N	\N	\N	\N	\N	f
\.


--
-- Data for Name: meta_snomed; Type: TABLE DATA; Schema: public; Owner: aperiosf
--

COPY public.meta_snomed (code, description, created_on_date, created_on_time, created_by, id, tags, organization_id, custom_property, checksum, object_path, is_deleted) FROM stdin;
\.


--
-- Data for Name: meta_snomed_code; Type: TABLE DATA; Schema: public; Owner: aperiosf
--

COPY public.meta_snomed_code (code, description, icd10_code, icd_code, icd_long_desc, icd_short_desc, created_on_date, created_on_time, created_by, id, tags, organization_id, custom_property, checksum, object_path, is_deleted) FROM stdin;
\.


--
-- Data for Name: meta_social_needs; Type: TABLE DATA; Schema: public; Owner: aperiosf
--

COPY public.meta_social_needs (key, type, value, is_multiple_allow, display_value, category_id, value_order, status, created_on_date, created_on_time, created_by, meta_social_needs_category_id, id, tags, organization_id, custom_property, checksum, object_path, is_deleted) FROM stdin;
educatingCoachingOnSelfAdvocacy	bool	[]	f	Educating/Coaching on Self-Advocacy	\N	1	active	\N	\N	\N	metaSocialNeedsCategory:001	metaSocialNeeds:001	\N	\N	\N	\N	\N	f
legislativeAction	meta	{"correspondenceWFederalAgency":"Correspondence w\\/ Federal Agency","CorrespondenceWLocalAgency":"Correspondence w\\/ Local Agency","CorrespondenceWStateAgency":"Correspondence w\\/ State Agency"}	t	Legislative Action	\N	2	active	\N	\N	\N	metaSocialNeedsCategory:001	metaSocialNeeds:002	\N	\N	\N	\N	\N	f
onBehalfOfClientTo	meta	{"anOutsideCommuityServiceProvider":"An Outside Community Service Provider","management":"Management"}	t	On Behalf of Client To	\N	3	active	\N	\N	\N	metaSocialNeedsCategory:001	metaSocialNeeds:003	\N	\N	\N	\N	\N	f
initialAssessment	meta	{"adl":"ADL","individual":"Individual","intake":"Intake","clientNeeds":"Client Needs"}	t	Initial Assessment	\N	1	active	\N	\N	\N	metaSocialNeedsCategory:002	metaSocialNeeds:004	\N	\N	\N	\N	\N	f
updateAssessment	meta	{"adl":"ADL","individual":"Individual","intake":"Intake","clientNeeds":"Client Needs"}	t	Update Assessment	\N	2	active	\N	\N	\N	metaSocialNeedsCategory:002	metaSocialNeeds:005	\N	\N	\N	\N	\N	f
applicationFormAssistance	bool	[]	f	Application / Form Assistance	\N	1	active	\N	\N	\N	metaSocialNeedsCategory:003	metaSocialNeeds:006	\N	\N	\N	\N	\N	f
burialPolicy	bool	[]	f	Burial Policy	\N	2	active	\N	\N	\N	metaSocialNeedsCategory:003	metaSocialNeeds:007	\N	\N	\N	\N	\N	f
energyAssistance	bool	[]	f	Energy Assistance	\N	3	active	\N	\N	\N	metaSocialNeedsCategory:003	metaSocialNeeds:008	\N	\N	\N	\N	\N	f
generalRelief	bool	[]	f	General Relief	\N	4	active	\N	\N	\N	metaSocialNeedsCategory:003	metaSocialNeeds:009	\N	\N	\N	\N	\N	f
immigrationNaturalization	bool	[]	f	Immigration / Naturalization	\N	5	active	\N	\N	\N	metaSocialNeedsCategory:003	metaSocialNeeds:010	\N	\N	\N	\N	\N	f
lifeInsurance	bool	[]	f	Life Insurance	\N	6	active	\N	\N	\N	metaSocialNeedsCategory:003	metaSocialNeeds:011	\N	\N	\N	\N	\N	f
longTermDisability	bool	[]	f	Long Term Disability	\N	7	active	\N	\N	\N	metaSocialNeedsCategory:003	metaSocialNeeds:012	\N	\N	\N	\N	\N	f
lowIncomeSubsidyProgram	bool	[]	f	Low-Income Subsidy Program	\N	8	active	\N	\N	\N	metaSocialNeedsCategory:003	metaSocialNeeds:013	\N	\N	\N	\N	\N	f
medicaid	bool	[]	f	Medicaid	\N	9	active	\N	\N	\N	metaSocialNeedsCategory:003	metaSocialNeeds:014	\N	\N	\N	\N	\N	f
medicare	bool	[]	f	Medicare	\N	10	active	\N	\N	\N	metaSocialNeedsCategory:003	metaSocialNeeds:015	\N	\N	\N	\N	\N	f
pension	bool	[]	f	Pension	\N	11	active	\N	\N	\N	metaSocialNeedsCategory:003	metaSocialNeeds:016	\N	\N	\N	\N	\N	f
prescriptionBenefits	bool	[]	f	Prescription Benefits	\N	12	active	\N	\N	\N	metaSocialNeedsCategory:003	metaSocialNeeds:017	\N	\N	\N	\N	\N	f
privateHealthInsurance	bool	[]	f	Private Health Insurance	\N	13	active	\N	\N	\N	metaSocialNeedsCategory:003	metaSocialNeeds:018	\N	\N	\N	\N	\N	f
rentalAssistance	bool	[]	f	Rental Assistance	\N	14	active	\N	\N	\N	metaSocialNeedsCategory:003	metaSocialNeeds:019	\N	\N	\N	\N	\N	f
rentersTaxCredit	bool	[]	f	Renter's Tax Credit	\N	15	active	\N	\N	\N	metaSocialNeedsCategory:003	metaSocialNeeds:020	\N	\N	\N	\N	\N	f
snapFoodBenefits	bool	[]	f	SNAP / Food Benefits	\N	16	active	\N	\N	\N	metaSocialNeedsCategory:003	metaSocialNeeds:021	\N	\N	\N	\N	\N	f
socialSecurity	bool	[]	f	Social Security	\N	17	active	\N	\N	\N	metaSocialNeedsCategory:003	metaSocialNeeds:022	\N	\N	\N	\N	\N	f
socialSecuritySurvivorsBenefits	bool	[]	f	Social Security Survivor's Benefits	\N	18	active	\N	\N	\N	metaSocialNeedsCategory:003	metaSocialNeeds:023	\N	\N	\N	\N	\N	f
ssdiSsi	bool	[]	f	SSDI / SSI	\N	19	active	\N	\N	\N	metaSocialNeedsCategory:003	metaSocialNeeds:024	\N	\N	\N	\N	\N	f
utilitiesPhonePrograms	bool	[]	f	Utilities / Phone Programs	\N	20	active	\N	\N	\N	metaSocialNeedsCategory:003	metaSocialNeeds:025	\N	\N	\N	\N	\N	f
veteransAdministration	bool	[]	f	Veteran's Administration	\N	21	active	\N	\N	\N	metaSocialNeedsCategory:003	metaSocialNeeds:026	\N	\N	\N	\N	\N	f
developedCaseManagementPlan	bool	[]	f	Developed Case Management Plan	\N	1	active	\N	\N	\N	metaSocialNeedsCategory:004	metaSocialNeeds:027	\N	\N	\N	\N	\N	f
implementationOfCaseManagementPlan	bool	[]	f	Implementation of Case Management Plan	\N	2	active	\N	\N	\N	metaSocialNeedsCategory:004	metaSocialNeeds:028	\N	\N	\N	\N	\N	f
linkedWithOutsideCaseManagementService	bool	[]	f	Linked with Outside Case Management Service	\N	3	active	\N	\N	\N	metaSocialNeedsCategory:004	metaSocialNeeds:029	\N	\N	\N	\N	\N	f
evictionPreventionConflictManagement	bool	[]	f	Eviction Prevention	\N	1	active	\N	\N	\N	metaSocialNeedsCategory:005	metaSocialNeeds:030	\N	\N	\N	\N	\N	f
interventionRequestedByConflictManagement	bool	[]	f	Intervention Requested by Management	\N	2	active	\N	\N	\N	metaSocialNeedsCategory:005	metaSocialNeeds:031	\N	\N	\N	\N	\N	f
linkedWithOutsideResolutionProvider	bool	[]	f	Linked with Outside Resolution Provider	\N	3	active	\N	\N	\N	metaSocialNeedsCategory:005	metaSocialNeeds:032	\N	\N	\N	\N	\N	f
clientCaregiver	bool	[]	f	Client - Caregiver	\N	4	active	\N	\N	\N	metaSocialNeedsCategory:005	metaSocialNeeds:033	\N	\N	\N	\N	\N	f
clientFamily	bool	[]	f	Client - Family	\N	5	active	\N	\N	\N	metaSocialNeedsCategory:005	metaSocialNeeds:034	\N	\N	\N	\N	\N	f
clientClient	bool	[]	f	Client - Client	\N	6	active	\N	\N	\N	metaSocialNeedsCategory:005	metaSocialNeeds:035	\N	\N	\N	\N	\N	f
clientStaff	bool	[]	f	Client - Staff	\N	7	active	\N	\N	\N	metaSocialNeedsCategory:005	metaSocialNeeds:036	\N	\N	\N	\N	\N	f
call911	bool	[]	f	9-1-1 Call	\N	1	active	\N	\N	\N	metaSocialNeedsCategory:006	metaSocialNeeds:037	\N	\N	\N	\N	\N	f
adultProtectiveServices	bool	[]	f	Adult Protective Services	\N	2	active	\N	\N	\N	metaSocialNeedsCategory:006	metaSocialNeeds:038	\N	\N	\N	\N	\N	f
assistanceWithDisastrousEvent	bool	[]	f	Assistance with Disastrous Event	\N	3	active	\N	\N	\N	metaSocialNeedsCategory:006	metaSocialNeeds:039	\N	\N	\N	\N	\N	f
bereavement	bool	[]	f	Bereavement	\N	4	active	\N	\N	\N	metaSocialNeedsCategory:006	metaSocialNeeds:040	\N	\N	\N	\N	\N	f
interventionRequestedByManagement	bool	[]	f	Intervention Requested by Management	\N	5	active	\N	\N	\N	metaSocialNeedsCategory:006	metaSocialNeeds:041	\N	\N	\N	\N	\N	f
linkedWithCrisisInterventionSupportProvider	bool	[]	f	Linked with Crisis Intervention / Support Provider	\N	6	active	\N	\N	\N	metaSocialNeedsCategory:006	metaSocialNeeds:042	\N	\N	\N	\N	\N	f
policeFireSafetyCheck	bool	[]	f	Police / Fire Safety Check	\N	7	active	\N	\N	\N	metaSocialNeedsCategory:006	metaSocialNeeds:043	\N	\N	\N	\N	\N	f
psychiatricEmergency	bool	[]	f	Psychiatric Emergency	\N	8	active	\N	\N	\N	metaSocialNeedsCategory:006	metaSocialNeeds:044	\N	\N	\N	\N	\N	f
responseToCriticalCilentHarmSuicide	bool	[]	f	Response to Critical Incident: Prevent Cilent Harm / Suicide	\N	9	active	\N	\N	\N	metaSocialNeedsCategory:006	metaSocialNeeds:045	\N	\N	\N	\N	\N	f
adultGeneralEducation	bool	[]	f	Adult General Education	\N	1	active	\N	\N	\N	metaSocialNeedsCategory:007	metaSocialNeeds:046	\N	\N	\N	\N	\N	f
college	bool	[]	f	College	\N	2	active	\N	\N	\N	metaSocialNeedsCategory:007	metaSocialNeeds:047	\N	\N	\N	\N	\N	f
computerTrainingAssistance	bool	[]	f	Computer Training / Assistance	\N	3	active	\N	\N	\N	metaSocialNeedsCategory:007	metaSocialNeeds:048	\N	\N	\N	\N	\N	f
employmentServiceProvider	bool	[]	f	Employment Service Provider	\N	4	active	\N	\N	\N	metaSocialNeedsCategory:007	metaSocialNeeds:049	\N	\N	\N	\N	\N	f
englishAsSecondLanguageESOL	bool	[]	f	English as Second Language / ESOL	\N	5	active	\N	\N	\N	metaSocialNeedsCategory:007	metaSocialNeeds:050	\N	\N	\N	\N	\N	f
linkedWithOutsideEducationCounselor	bool	[]	f	Linked with Outside Education Counselor	\N	6	active	\N	\N	\N	metaSocialNeedsCategory:007	metaSocialNeeds:051	\N	\N	\N	\N	\N	f
literacy	bool	[]	f	Literacy	\N	7	active	\N	\N	\N	metaSocialNeedsCategory:007	metaSocialNeeds:052	\N	\N	\N	\N	\N	f
seniorEmploymentAidesProgram	bool	[]	f	Senior Employment / Aides Program	\N	8	active	\N	\N	\N	metaSocialNeedsCategory:007	metaSocialNeeds:053	\N	\N	\N	\N	\N	f
vocationalJobTraining	bool	[]	f	Vocational / Job Training	\N	9	active	\N	\N	\N	metaSocialNeedsCategory:007	metaSocialNeeds:054	\N	\N	\N	\N	\N	f
volunteering	bool	[]	f	Volunteering	\N	10	active	\N	\N	\N	metaSocialNeedsCategory:007	metaSocialNeeds:055	\N	\N	\N	\N	\N	f
acceptingDeathBereavement	bool	[]	f	Accepting Death / Bereavement	\N	1	active	\N	\N	\N	metaSocialNeedsCategory:008	metaSocialNeeds:056	\N	\N	\N	\N	\N	f
counselingEducation	bool	[]	f	Counseling / Education	\N	2	active	\N	\N	\N	metaSocialNeedsCategory:008	metaSocialNeeds:057	\N	\N	\N	\N	\N	f
informationExchange	bool	[]	f	Information Exchange	\N	3	active	\N	\N	\N	metaSocialNeedsCategory:008	metaSocialNeeds:058	\N	\N	\N	\N	\N	f
relatedToTransportation	meta	{"moveOut":"Move Out","moveOutToHigherLevelOfCare":"Move Out to Higher Level of Care"}	f	Related to Transition	\N	4	active	\N	\N	\N	metaSocialNeedsCategory:008	metaSocialNeeds:059	\N	\N	\N	\N	\N	f
gaveGeneralInformation	bool	[]	f	Gave General Information	\N	1	active	\N	\N	\N	metaSocialNeedsCategory:009	metaSocialNeeds:060	\N	\N	\N	\N	\N	f
gaveResourceDirectoryListOfServices	bool	[]	f	Gave Resource Directory / List of Services	\N	2	active	\N	\N	\N	metaSocialNeedsCategory:009	metaSocialNeeds:061	\N	\N	\N	\N	\N	f
sharedQualityTime	bool	[]	f	Shared Quality Time	\N	3	active	\N	\N	\N	metaSocialNeedsCategory:009	metaSocialNeeds:062	\N	\N	\N	\N	\N	f
adultDayHealthCare	bool	[]	f	Adult Day Health Care	\N	1	active	\N	\N	\N	metaSocialNeedsCategory:010	metaSocialNeeds:063	\N	\N	\N	\N	\N	f
consultWHospitalDischargePlanner	bool	[]	f	Consult w/ Hospital Discharge Planner	\N	2	active	\N	\N	\N	metaSocialNeedsCategory:010	metaSocialNeeds:064	\N	\N	\N	\N	\N	f
doctorAppointmentsMedicalProfessionals	bool	[]	f	Doctor Appointments / Medical Professionals	\N	3	active	\N	\N	\N	metaSocialNeedsCategory:010	metaSocialNeeds:065	\N	\N	\N	\N	\N	f
durableMedicalEquipmentAdaptiveEquipment	bool	[]	f	Durable Medical Equipment / Adaptive Equipment	\N	4	active	\N	\N	\N	metaSocialNeedsCategory:010	metaSocialNeeds:066	\N	\N	\N	\N	\N	f
exercisePhysicalFitness	bool	[]	f	Exercise / Physical Fitness	\N	5	active	\N	\N	\N	metaSocialNeedsCategory:010	metaSocialNeeds:067	\N	\N	\N	\N	\N	f
fallPrevention	bool	[]	f	Fall Prevention	\N	6	active	\N	\N	\N	metaSocialNeedsCategory:010	metaSocialNeeds:068	\N	\N	\N	\N	\N	f
healthClinicDentalOpticalAuditoryEtc	bool	[]	f	Health Clinic (Dental, Optical, Auditory, etc.)	\N	7	active	\N	\N	\N	metaSocialNeedsCategory:010	metaSocialNeeds:069	\N	\N	\N	\N	\N	f
healthPresentationProgram	bool	[]	f	Health Presentation / Program	\N	8	active	\N	\N	\N	metaSocialNeedsCategory:010	metaSocialNeeds:070	\N	\N	\N	\N	\N	f
homeHealthCareServices	bool	[]	f	Home Health Care Services	\N	9	active	\N	\N	\N	metaSocialNeedsCategory:010	metaSocialNeeds:071	\N	\N	\N	\N	\N	f
hospiceHealthCare	bool	[]	f	Hospice	\N	10	active	\N	\N	\N	metaSocialNeedsCategory:010	metaSocialNeeds:072	\N	\N	\N	\N	\N	f
hospitalAdmission	bool	[]	f	Hospital Admission	\N	11	active	\N	\N	\N	metaSocialNeedsCategory:010	metaSocialNeeds:073	\N	\N	\N	\N	\N	f
hospitalFacilityDischarge	bool	[]	f	Hospital/Facility Discharge	\N	12	active	\N	\N	\N	metaSocialNeedsCategory:010	metaSocialNeeds:074	\N	\N	\N	\N	\N	f
medicalBills	bool	[]	f	Medical Bills	\N	13	active	\N	\N	\N	metaSocialNeedsCategory:010	metaSocialNeeds:075	\N	\N	\N	\N	\N	f
medicationManagement	bool	[]	f	Medication Management	\N	14	active	\N	\N	\N	metaSocialNeedsCategory:010	metaSocialNeeds:076	\N	\N	\N	\N	\N	f
medicineEducationProgram	bool	[]	f	Medicine Education Program	\N	15	active	\N	\N	\N	metaSocialNeedsCategory:010	metaSocialNeeds:077	\N	\N	\N	\N	\N	f
newPatientFormsPatientForms	bool	[]	f	New Patient Forms/Patient Forms	\N	16	active	\N	\N	\N	metaSocialNeedsCategory:010	metaSocialNeeds:078	\N	\N	\N	\N	\N	f
nutritionEducation	bool	[]	f	Nutrition Education	\N	17	active	\N	\N	\N	metaSocialNeedsCategory:010	metaSocialNeeds:079	\N	\N	\N	\N	\N	f
outpatientServices	bool	[]	f	Outpatient Services	\N	18	active	\N	\N	\N	metaSocialNeedsCategory:010	metaSocialNeeds:080	\N	\N	\N	\N	\N	f
physicianReferral	bool	[]	f	Physician Referral	\N	19	active	\N	\N	\N	metaSocialNeedsCategory:010	metaSocialNeeds:081	\N	\N	\N	\N	\N	f
prescriptions	bool	[]	f	Prescriptions	\N	20	active	\N	\N	\N	metaSocialNeedsCategory:010	metaSocialNeeds:082	\N	\N	\N	\N	\N	f
rehabilitationServices	bool	[]	f	Rehabilitation Services	\N	21	active	\N	\N	\N	metaSocialNeedsCategory:010	metaSocialNeeds:083	\N	\N	\N	\N	\N	f
smokingCessation	bool	[]	f	Smoking Cessation	\N	22	active	\N	\N	\N	metaSocialNeedsCategory:010	metaSocialNeeds:084	\N	\N	\N	\N	\N	f
needsPCP	bool	[]	f	Needs PCP	\N	23	active	\N	\N	\N	metaSocialNeedsCategory:010	metaSocialNeeds:085	\N	\N	\N	\N	\N	f
bills	bool	[]	f	Bills	\N	1	active	\N	\N	\N	metaSocialNeedsCategory:011	metaSocialNeeds:086	\N	\N	\N	\N	\N	f
correspondenceMail	bool	[]	f	Correspondence / Mail	\N	2	active	\N	\N	\N	metaSocialNeedsCategory:011	metaSocialNeeds:087	\N	\N	\N	\N	\N	f
dailyMoneyManagementFinancialManagement	bool	[]	f	Daily Money Management/Financial Management	\N	3	active	\N	\N	\N	metaSocialNeedsCategory:011	metaSocialNeeds:088	\N	\N	\N	\N	\N	f
disasterEmergencyPreparedness	bool	[]	f	Disaster / Emergency Preparedness	\N	4	active	\N	\N	\N	metaSocialNeedsCategory:011	metaSocialNeeds:089	\N	\N	\N	\N	\N	f
disposalOfAptContentsUponMoveOutOrDeath	bool	[]	f	Disposal of Apt. Contents Upon Move Out or Death	\N	5	active	\N	\N	\N	metaSocialNeedsCategory:011	metaSocialNeeds:090	\N	\N	\N	\N	\N	f
donationsContributions	bool	[]	f	Donations / Contributions	\N	6	active	\N	\N	\N	metaSocialNeedsCategory:011	metaSocialNeeds:091	\N	\N	\N	\N	\N	f
fraudsScams	bool	[]	f	Frauds & Scams	\N	7	active	\N	\N	\N	metaSocialNeedsCategory:011	metaSocialNeeds:092	\N	\N	\N	\N	\N	f
hoardingAndClutter	bool	[]	f	Hoarding and Clutter	\N	8	active	\N	\N	\N	metaSocialNeedsCategory:011	metaSocialNeeds:093	\N	\N	\N	\N	\N	f
lifelineOtherPersonalAlarmSystem	bool	[]	f	Lifeline / Other Personal Alarm System	\N	9	active	\N	\N	\N	metaSocialNeedsCategory:011	metaSocialNeeds:094	\N	\N	\N	\N	\N	f
maintenance	bool	[]	f	Maintenance	\N	10	active	\N	\N	\N	metaSocialNeedsCategory:011	metaSocialNeeds:095	\N	\N	\N	\N	\N	f
organizationOfPersonalRecords	bool	[]	f	Organization of Personal Records	\N	11	active	\N	\N	\N	metaSocialNeedsCategory:011	metaSocialNeeds:096	\N	\N	\N	\N	\N	f
pestControl	bool	[]	f	Pest Control	\N	12	active	\N	\N	\N	metaSocialNeedsCategory:011	metaSocialNeeds:097	\N	\N	\N	\N	\N	f
petAssistanceServices	bool	[]	f	Pet Assistance / Services	\N	13	active	\N	\N	\N	metaSocialNeedsCategory:011	metaSocialNeeds:098	\N	\N	\N	\N	\N	f
reasonableAccommodations	bool	[]	f	Reasonable Accommodations	\N	14	active	\N	\N	\N	metaSocialNeedsCategory:011	metaSocialNeeds:099	\N	\N	\N	\N	\N	f
telephoneSuggestion	bool	[]	f	Telephone Suggestion	\N	15	active	\N	\N	\N	metaSocialNeedsCategory:011	metaSocialNeeds:100	\N	\N	\N	\N	\N	f
utilities	bool	[]	f	Utilities	\N	16	active	\N	\N	\N	metaSocialNeedsCategory:011	metaSocialNeeds:101	\N	\N	\N	\N	\N	f
vialOfLifeFileOfLife	bool	[]	f	Vial of Life / File of Life	\N	17	active	\N	\N	\N	metaSocialNeedsCategory:011	metaSocialNeeds:102	\N	\N	\N	\N	\N	f
domesticGeneralHousekeeping	bool	[]	f	Domestic / General Housekeeping	\N	1	active	\N	\N	\N	metaSocialNeedsCategory:012	metaSocialNeeds:103	\N	\N	\N	\N	\N	f
dueToAptInspectionFailureManagementReferral	bool	[]	f	Due to Apt Inspection Failure / Management Referral	\N	2	active	\N	\N	\N	metaSocialNeedsCategory:012	metaSocialNeeds:104	\N	\N	\N	\N	\N	f
householdGoodsItems	bool	[]	f	Household Goods/Items	\N	3	active	\N	\N	\N	metaSocialNeedsCategory:012	metaSocialNeeds:105	\N	\N	\N	\N	\N	f
personalCare	bool	[]	f	Personal Care	\N	4	active	\N	\N	\N	metaSocialNeedsCategory:012	metaSocialNeeds:106	\N	\N	\N	\N	\N	f
privatePay	bool	[]	f	Private Pay	\N	5	active	\N	\N	\N	metaSocialNeedsCategory:012	metaSocialNeeds:107	\N	\N	\N	\N	\N	f
identifiedEncouraged	meta	{"propertyCommunitySocialActivities":"Property\\/Community\\/Social Activities","recreationalActivities":"Recreational Activities"}	t	Identified / Encouraged	\N	1	active	\N	\N	\N	metaSocialNeedsCategory:013	metaSocialNeeds:108	\N	\N	\N	\N	\N	f
clienttoClientNetworkingRealtionshipBuilding	bool	[]	f	Client-to-Client Networking/Realtionship Building	\N	2	active	\N	\N	\N	metaSocialNeedsCategory:013	metaSocialNeeds:109	\N	\N	\N	\N	\N	f
socialization	bool	[]	f	Socialization	\N	3	active	\N	\N	\N	metaSocialNeedsCategory:013	metaSocialNeeds:110	\N	\N	\N	\N	\N	f
intergenerationalActivities	bool	[]	f	Intergenerational Activities	\N	4	active	\N	\N	\N	metaSocialNeedsCategory:013	metaSocialNeeds:111	\N	\N	\N	\N	\N	f
apartmentInspectionEducation	bool	[]	f	Apartment Inspection Education	\N	1	active	\N	\N	\N	metaSocialNeedsCategory:014	metaSocialNeeds:112	\N	\N	\N	\N	\N	f
evictionPrevention	bool	[]	f	Eviction Prevention	\N	2	active	\N	\N	\N	metaSocialNeedsCategory:014	metaSocialNeeds:113	\N	\N	\N	\N	\N	f
houseRulesViolationEducation	bool	[]	f	House Rules Violation Education	\N	3	active	\N	\N	\N	metaSocialNeedsCategory:014	metaSocialNeeds:114	\N	\N	\N	\N	\N	f
hUDPolicyClarification	bool	[]	f	HUD Policy Clarification	\N	4	active	\N	\N	\N	metaSocialNeedsCategory:014	metaSocialNeeds:115	\N	\N	\N	\N	\N	f
recertification	bool	[]	f	Recertification	\N	5	active	\N	\N	\N	metaSocialNeedsCategory:014	metaSocialNeeds:116	\N	\N	\N	\N	\N	f
advancedDirective	bool	[]	f	Advanced Directive	\N	1	active	\N	\N	\N	metaSocialNeedsCategory:015	metaSocialNeeds:117	\N	\N	\N	\N	\N	f
birthCertificateStateID	bool	[]	f	Birth Certificate/State ID	\N	2	active	\N	\N	\N	metaSocialNeedsCategory:015	metaSocialNeeds:118	\N	\N	\N	\N	\N	f
census	bool	[]	f	Census	\N	3	active	\N	\N	\N	metaSocialNeedsCategory:015	metaSocialNeeds:119	\N	\N	\N	\N	\N	f
juryDuty	bool	[]	f	Jury Duty	\N	4	active	\N	\N	\N	metaSocialNeedsCategory:015	metaSocialNeeds:120	\N	\N	\N	\N	\N	f
legalClinic	bool	[]	f	Legal Clinic	\N	5	active	\N	\N	\N	metaSocialNeedsCategory:015	metaSocialNeeds:121	\N	\N	\N	\N	\N	f
livingWill	bool	[]	f	Living Will	\N	6	active	\N	\N	\N	metaSocialNeedsCategory:015	metaSocialNeeds:122	\N	\N	\N	\N	\N	f
passportAssistance	bool	[]	f	Passport Assistance	\N	7	active	\N	\N	\N	metaSocialNeedsCategory:015	metaSocialNeeds:123	\N	\N	\N	\N	\N	f
powerOfAttorney	bool	[]	f	Power of Attorney	\N	8	active	\N	\N	\N	metaSocialNeedsCategory:015	metaSocialNeeds:124	\N	\N	\N	\N	\N	f
clientAlienStatusGreenCard	bool	[]	f	Client Alien Status/Green Card	\N	9	active	\N	\N	\N	metaSocialNeedsCategory:015	metaSocialNeeds:125	\N	\N	\N	\N	\N	f
congregateMealsSite	bool	[]	f	Congregate Meals Site	\N	1	active	\N	\N	\N	metaSocialNeedsCategory:016	metaSocialNeeds:126	\N	\N	\N	\N	\N	f
farmersMarket	bool	[]	f	Farmer's Market	\N	2	active	\N	\N	\N	metaSocialNeedsCategory:016	metaSocialNeeds:127	\N	\N	\N	\N	\N	f
foodBankFoodDistributionProgram	bool	[]	f	Food Bank / Food Distribution Program	\N	3	active	\N	\N	\N	metaSocialNeedsCategory:016	metaSocialNeeds:128	\N	\N	\N	\N	\N	f
healthyEating	bool	[]	f	Healthy Eating	\N	4	active	\N	\N	\N	metaSocialNeedsCategory:016	metaSocialNeeds:129	\N	\N	\N	\N	\N	f
homeDelivered	bool	[]	f	Home Delivered	\N	5	active	\N	\N	\N	metaSocialNeedsCategory:016	metaSocialNeeds:130	\N	\N	\N	\N	\N	f
nutritionHealthSupplements	bool	[]	f	Nutrition / Health Supplements	\N	6	active	\N	\N	\N	metaSocialNeedsCategory:016	metaSocialNeeds:131	\N	\N	\N	\N	\N	f
behavior	bool	[]	f	Behavior	\N	1	active	\N	\N	\N	metaSocialNeedsCategory:017	metaSocialNeeds:132	\N	\N	\N	\N	\N	f
gamblingAddiction	bool	[]	f	Gambling Addiction	\N	2	active	\N	\N	\N	metaSocialNeedsCategory:017	metaSocialNeeds:133	\N	\N	\N	\N	\N	f
communicationWithCaseWorkerDoctors	bool	[]	f	Communication with Case Worker / Doctors	\N	3	active	\N	\N	\N	metaSocialNeedsCategory:017	metaSocialNeeds:134	\N	\N	\N	\N	\N	f
personality	bool	[]	f	Personality	\N	4	active	\N	\N	\N	metaSocialNeedsCategory:017	metaSocialNeeds:135	\N	\N	\N	\N	\N	f
conservatorshipPublicGuardian	bool	[]	f	Conservatorship / Public Guardian	\N	5	active	\N	\N	\N	metaSocialNeedsCategory:017	metaSocialNeeds:136	\N	\N	\N	\N	\N	f
psychiatricHoldOvers	bool	[]	f	Psychiatric Hold Overs	\N	6	active	\N	\N	\N	metaSocialNeedsCategory:017	metaSocialNeeds:137	\N	\N	\N	\N	\N	f
referrals	bool	[]	f	Referrals	\N	7	active	\N	\N	\N	metaSocialNeedsCategory:017	metaSocialNeeds:138	\N	\N	\N	\N	\N	f
counseling	bool	[]	f	Counseling	\N	8	active	\N	\N	\N	metaSocialNeedsCategory:017	metaSocialNeeds:139	\N	\N	\N	\N	\N	f
dayTreatmentProgram	bool	[]	f	Day Treatment Program	\N	9	active	\N	\N	\N	metaSocialNeedsCategory:017	metaSocialNeeds:140	\N	\N	\N	\N	\N	f
followupWith	meta	{"client":"Client","serviceProvider":"Service Provider"}	t	Follow-up with	\N	1	active	\N	\N	\N	metaSocialNeedsCategory:018	metaSocialNeeds:141	\N	\N	\N	\N	\N	f
homeVisits	bool	[]	f	Home Visits	\N	2	active	\N	\N	\N	metaSocialNeedsCategory:018	metaSocialNeeds:142	\N	\N	\N	\N	\N	f
hospitalNusingHomeVisit	bool	[]	f	Hospital/Nusing Home Visit	\N	3	active	\N	\N	\N	metaSocialNeedsCategory:018	metaSocialNeeds:143	\N	\N	\N	\N	\N	f
telephoneReassurance	bool	[]	f	Telephone Reassurance	\N	4	active	\N	\N	\N	metaSocialNeedsCategory:018	metaSocialNeeds:144	\N	\N	\N	\N	\N	f
encouragementToAttendEventActivityProgram	bool	[]	f	Encouragement to attend Event/Activity/Program	\N	1	active	\N	\N	\N	metaSocialNeedsCategory:019	metaSocialNeeds:145	\N	\N	\N	\N	\N	f
introductionToServiceCoordinatorSCProgram	bool	[]	f	Introduction to Service Coordinator/ SC Program	\N	2	active	\N	\N	\N	metaSocialNeedsCategory:019	metaSocialNeeds:146	\N	\N	\N	\N	\N	f
invitationToEventActivityProgram	bool	[]	f	Invitation to Event/Activity/Program	\N	3	active	\N	\N	\N	metaSocialNeedsCategory:019	metaSocialNeeds:147	\N	\N	\N	\N	\N	f
newClientContract	bool	[]	f	New Client Contract	\N	4	active	\N	\N	\N	metaSocialNeedsCategory:019	metaSocialNeeds:148	\N	\N	\N	\N	\N	f
outreachToNonPropertyCommunityClients	bool	[]	f	Outreach to Non-Property Community Clients	\N	5	active	\N	\N	\N	metaSocialNeedsCategory:019	metaSocialNeeds:149	\N	\N	\N	\N	\N	f
relationshipBuilding	bool	[]	f	Relationship Building	\N	6	active	\N	\N	\N	metaSocialNeedsCategory:019	metaSocialNeeds:150	\N	\N	\N	\N	\N	f
assistanceWith	meta	{"operations":"Operations","startingUpDevelopmentPlans":"Starting Up\\/Development Plans"}	t	Assistance with	\N	1	active	\N	\N	\N	metaSocialNeedsCategory:020	metaSocialNeeds:151	\N	\N	\N	\N	\N	f
encourageClientsTo	meta	{"join":"Join","start":"Start"}	t	Encourage Clients to	\N	2	active	\N	\N	\N	metaSocialNeedsCategory:020	metaSocialNeeds:152	\N	\N	\N	\N	\N	f
counselingService	bool	[]	f	Counseling Service	\N	1	active	\N	\N	\N	metaSocialNeedsCategory:021	metaSocialNeeds:153	\N	\N	\N	\N	\N	f
educationPreventionService	bool	[]	f	Education / Prevention Service	\N	2	active	\N	\N	\N	metaSocialNeedsCategory:021	metaSocialNeeds:154	\N	\N	\N	\N	\N	f
interventionService	bool	[]	f	Intervention Service	\N	3	active	\N	\N	\N	metaSocialNeedsCategory:021	metaSocialNeeds:155	\N	\N	\N	\N	\N	f
linkingWithOutsideProvider	bool	[]	f	Linking with outside provider	\N	4	active	\N	\N	\N	metaSocialNeedsCategory:021	metaSocialNeeds:156	\N	\N	\N	\N	\N	f
referralToProvider	bool	[]	f	Referral to Provider	\N	5	active	\N	\N	\N	metaSocialNeedsCategory:021	metaSocialNeeds:157	\N	\N	\N	\N	\N	f
hostedLowOrNoCostTaxServicesAtProperty	bool	[]	f	Hosted Low or No-Cost Tax Services at Property	\N	1	active	\N	\N	\N	metaSocialNeedsCategory:022	metaSocialNeeds:158	\N	\N	\N	\N	\N	f
informationAboutLowOrNoCost022	bool	[]	f	Information about Low or No-Cost Tax Preparation Services	\N	2	active	\N	\N	\N	metaSocialNeedsCategory:022	metaSocialNeeds:159	\N	\N	\N	\N	\N	f
organizedTaxDocumentAndSupportingMaterials	bool	[]	f	Organized Tax Document and Supporting Materials	\N	3	active	\N	\N	\N	metaSocialNeedsCategory:022	metaSocialNeeds:160	\N	\N	\N	\N	\N	f
preparedSpecificAgeDisabilitybasedRebates	bool	[]	f	Prepared/Filed Specific Age/Disability-based Rebates	\N	4	active	\N	\N	\N	metaSocialNeedsCategory:022	metaSocialNeeds:161	\N	\N	\N	\N	\N	f
scheduledLowOrNoCostTaxPreparationServices	bool	[]	f	Scheduled Low or No-Cost Tax Preparation Services	\N	5	active	\N	\N	\N	metaSocialNeedsCategory:022	metaSocialNeeds:162	\N	\N	\N	\N	\N	f
anotherApartmentComplexunit	bool	[]	f	Another apartment complex/unit	\N	1	active	\N	\N	\N	metaSocialNeedsCategory:023	metaSocialNeeds:163	\N	\N	\N	\N	\N	f
boardAndCare	bool	[]	f	Board and Care	\N	2	active	\N	\N	\N	metaSocialNeedsCategory:023	metaSocialNeeds:164	\N	\N	\N	\N	\N	f
family	bool	[]	f	Family	\N	3	active	\N	\N	\N	metaSocialNeedsCategory:023	metaSocialNeeds:165	\N	\N	\N	\N	\N	f
groupHomeAssistedLiving	bool	[]	f	Group Home / Assisted Living	\N	4	active	\N	\N	\N	metaSocialNeedsCategory:023	metaSocialNeeds:166	\N	\N	\N	\N	\N	f
hospice	bool	[]	f	Hospice	\N	5	active	\N	\N	\N	metaSocialNeedsCategory:023	metaSocialNeeds:167	\N	\N	\N	\N	\N	f
nursingHome	bool	[]	f	Nursing Home	\N	6	active	\N	\N	\N	metaSocialNeedsCategory:023	metaSocialNeeds:168	\N	\N	\N	\N	\N	f
rehabilitationFacility	bool	[]	f	Rehabilitation Facility	\N	7	active	\N	\N	\N	metaSocialNeedsCategory:023	metaSocialNeeds:169	\N	\N	\N	\N	\N	f
transitionBackToApt	bool	[]	f	Transition Back to Apt	\N	8	active	\N	\N	\N	metaSocialNeedsCategory:023	metaSocialNeeds:170	\N	\N	\N	\N	\N	f
translationInterpretationServices	bool	[]	f	Translation/Interpretation Services	\N	1	active	\N	\N	\N	metaSocialNeedsCategory:024	metaSocialNeeds:171	\N	\N	\N	\N	\N	f
writtenDocuments	bool	[]	f	Written Documents	\N	2	active	\N	\N	\N	metaSocialNeedsCategory:024	metaSocialNeeds:172	\N	\N	\N	\N	\N	f
busPasses	bool	[]	f	Bus Passes	\N	1	active	\N	\N	\N	metaSocialNeedsCategory:025	metaSocialNeeds:173	\N	\N	\N	\N	\N	f
departmentOfMotorVehicleDriversLicense	bool	[]	f	Department of Motor Vehicle/Driver's License	\N	2	active	\N	\N	\N	metaSocialNeedsCategory:025	metaSocialNeeds:174	\N	\N	\N	\N	\N	f
driversEducationDefensiveDriving	bool	[]	f	Driver's Education / Defensive Driving	\N	3	active	\N	\N	\N	metaSocialNeedsCategory:025	metaSocialNeeds:175	\N	\N	\N	\N	\N	f
fieldTrip	bool	[]	f	Field Trip	\N	4	active	\N	\N	\N	metaSocialNeedsCategory:025	metaSocialNeeds:176	\N	\N	\N	\N	\N	f
medicaidNonEmergencyVouchers	bool	[]	f	Medicaid Non-Emergency Vouchers	\N	5	active	\N	\N	\N	metaSocialNeedsCategory:025	metaSocialNeeds:177	\N	\N	\N	\N	\N	f
medicalTransportation	bool	[]	f	Medical Transportation	\N	6	active	\N	\N	\N	metaSocialNeedsCategory:025	metaSocialNeeds:178	\N	\N	\N	\N	\N	f
nonEmergencyMedicalTransportation	bool	[]	f	Non-Emergency Medical Transportation	\N	7	active	\N	\N	\N	metaSocialNeedsCategory:025	metaSocialNeeds:179	\N	\N	\N	\N	\N	f
paraTransit	bool	[]	f	Para Transit	\N	8	active	\N	\N	\N	metaSocialNeedsCategory:025	metaSocialNeeds:180	\N	\N	\N	\N	\N	f
publicTransportation	bool	[]	f	Public Transportation	\N	9	active	\N	\N	\N	metaSocialNeedsCategory:025	metaSocialNeeds:181	\N	\N	\N	\N	\N	f
taxiService	bool	[]	f	Taxi Service	\N	10	active	\N	\N	\N	metaSocialNeedsCategory:025	metaSocialNeeds:182	\N	\N	\N	\N	\N	f
taxiVouchersScrips	bool	[]	f	Taxi Vouchers / Scrips	\N	11	active	\N	\N	\N	metaSocialNeedsCategory:025	metaSocialNeeds:183	\N	\N	\N	\N	\N	f
toAssistWithShopping	bool	[]	f	To assist with Shopping	\N	12	active	\N	\N	\N	metaSocialNeedsCategory:025	metaSocialNeeds:184	\N	\N	\N	\N	\N	f
vehiclePersonalCar	bool	[]	f	Vehicle / Personal Car	\N	13	active	\N	\N	\N	metaSocialNeedsCategory:025	metaSocialNeeds:185	\N	\N	\N	\N	\N	f
vehiclePersonalCarInsurance	bool	[]	f	Vehicle / Personal Car Insurance	\N	14	active	\N	\N	\N	metaSocialNeedsCategory:025	metaSocialNeeds:186	\N	\N	\N	\N	\N	f
\.


--
-- Data for Name: meta_social_needs_category; Type: TABLE DATA; Schema: public; Owner: aperiosf
--

COPY public.meta_social_needs_category (key, display_value, value_order, status, created_on_date, created_on_time, created_by, id, tags, organization_id, custom_property, checksum, object_path, is_deleted) FROM stdin;
advocacy	Advocacy	1	active	\N	\N	\N	metaSocialNeedsCategory:001	\N	\N	\N	\N	\N	f
assessment	Assessment	2	active	\N	\N	\N	metaSocialNeedsCategory:002	\N	\N	\N	\N	\N	f
benefitsEntitlementsInsurance	Benefits/Entitlements/Insurance	3	active	\N	\N	\N	metaSocialNeedsCategory:003	\N	\N	\N	\N	\N	f
caseManagement	Case Management	4	active	\N	\N	\N	metaSocialNeedsCategory:004	\N	\N	\N	\N	\N	f
conflictManagement	Conflict Management	5	active	\N	\N	\N	metaSocialNeedsCategory:005	\N	\N	\N	\N	\N	f
crisisInterventionSupportCounseling	Crisis Intervention / Support Counseling	6	active	\N	\N	\N	metaSocialNeedsCategory:006	\N	\N	\N	\N	\N	f
educationEmployment	Education / Employment	7	active	\N	\N	\N	metaSocialNeedsCategory:007	\N	\N	\N	\N	\N	f
familySupport	Family Support	8	active	\N	\N	\N	metaSocialNeedsCategory:008	\N	\N	\N	\N	\N	f
generalInformationReferral	General Information & Referral	9	active	\N	\N	\N	metaSocialNeedsCategory:009	\N	\N	\N	\N	\N	f
healthCareServices	Health Care / Services	10	active	\N	\N	\N	metaSocialNeedsCategory:010	\N	\N	\N	\N	\N	f
homeManagement	Home Management	11	active	\N	\N	\N	metaSocialNeedsCategory:011	\N	\N	\N	\N	\N	f
homeMaker	HomeMaker	12	active	\N	\N	\N	metaSocialNeedsCategory:012	\N	\N	\N	\N	\N	f
isolationIntervention	Isolation Intervention	13	active	\N	\N	\N	metaSocialNeedsCategory:013	\N	\N	\N	\N	\N	f
leaseEducation	Lease Education	14	active	\N	\N	\N	metaSocialNeedsCategory:014	\N	\N	\N	\N	\N	f
legalAssistance	Legal Assistance	15	active	\N	\N	\N	metaSocialNeedsCategory:015	\N	\N	\N	\N	\N	f
meals	Meals	16	active	\N	\N	\N	metaSocialNeedsCategory:016	\N	\N	\N	\N	\N	f
mentalHealthServices	Mental Health Services	17	active	\N	\N	\N	metaSocialNeedsCategory:017	\N	\N	\N	\N	\N	f
monitoringServices	Monitoring Services	18	active	\N	\N	\N	metaSocialNeedsCategory:018	\N	\N	\N	\N	\N	f
outreach	Outreach	19	active	\N	\N	\N	metaSocialNeedsCategory:019	\N	\N	\N	\N	\N	f
clientsTenantsAssociations	Clients/Tenants Associations	20	active	\N	\N	\N	metaSocialNeedsCategory:020	\N	\N	\N	\N	\N	f
substanceAbuse	Substance Abuse	21	active	\N	\N	\N	metaSocialNeedsCategory:021	\N	\N	\N	\N	\N	f
taxPreparationServices	Tax Preparation Services	22	active	\N	\N	\N	metaSocialNeedsCategory:022	\N	\N	\N	\N	\N	f
transferToAlterativeHousingOrHospital	Transfer to Alterative Housing or Hospital	23	active	\N	\N	\N	metaSocialNeedsCategory:023	\N	\N	\N	\N	\N	f
translationInterpretation	Translation/Interpretation	24	active	\N	\N	\N	metaSocialNeedsCategory:024	\N	\N	\N	\N	\N	f
transportation	Transportation	25	active	\N	\N	\N	metaSocialNeedsCategory:025	\N	\N	\N	\N	\N	f
\.


--
-- Data for Name: meta_state; Type: TABLE DATA; Schema: public; Owner: aperiosf
--

COPY public.meta_state (value, created_on_date, created_on_time, created_by, meta_country_id, id, tags, organization_id, custom_property, checksum, object_path, is_deleted) FROM stdin;
AK	\N	\N	\N	metaCountry:US	metaState:AK	\N	\N	\N	\N	\N	f
AL	\N	\N	\N	metaCountry:US	metaState:AL	\N	\N	\N	\N	\N	f
AR	\N	\N	\N	metaCountry:US	metaState:AR	\N	\N	\N	\N	\N	f
AZ	\N	\N	\N	metaCountry:US	metaState:AZ	\N	\N	\N	\N	\N	f
CA	\N	\N	\N	metaCountry:US	metaState:CA	\N	\N	\N	\N	\N	f
CO	\N	\N	\N	metaCountry:US	metaState:CO	\N	\N	\N	\N	\N	f
CT	\N	\N	\N	metaCountry:US	metaState:CT	\N	\N	\N	\N	\N	f
DE	\N	\N	\N	metaCountry:US	metaState:DE	\N	\N	\N	\N	\N	f
FL	\N	\N	\N	metaCountry:US	metaState:FL	\N	\N	\N	\N	\N	f
GA	\N	\N	\N	metaCountry:US	metaState:GA	\N	\N	\N	\N	\N	f
HI	\N	\N	\N	metaCountry:US	metaState:HI	\N	\N	\N	\N	\N	f
IA	\N	\N	\N	metaCountry:US	metaState:IA	\N	\N	\N	\N	\N	f
ID	\N	\N	\N	metaCountry:US	metaState:ID	\N	\N	\N	\N	\N	f
IL	\N	\N	\N	metaCountry:US	metaState:IL	\N	\N	\N	\N	\N	f
IN	\N	\N	\N	metaCountry:US	metaState:IN	\N	\N	\N	\N	\N	f
KS	\N	\N	\N	metaCountry:US	metaState:KS	\N	\N	\N	\N	\N	f
KY	\N	\N	\N	metaCountry:US	metaState:KY	\N	\N	\N	\N	\N	f
LA	\N	\N	\N	metaCountry:US	metaState:LA	\N	\N	\N	\N	\N	f
MA	\N	\N	\N	metaCountry:US	metaState:MA	\N	\N	\N	\N	\N	f
MD	\N	\N	\N	metaCountry:US	metaState:MD	\N	\N	\N	\N	\N	f
ME	\N	\N	\N	metaCountry:US	metaState:ME	\N	\N	\N	\N	\N	f
MI	\N	\N	\N	metaCountry:US	metaState:MI	\N	\N	\N	\N	\N	f
MN	\N	\N	\N	metaCountry:US	metaState:MN	\N	\N	\N	\N	\N	f
MO	\N	\N	\N	metaCountry:US	metaState:MO	\N	\N	\N	\N	\N	f
MS	\N	\N	\N	metaCountry:US	metaState:MS	\N	\N	\N	\N	\N	f
MT	\N	\N	\N	metaCountry:US	metaState:MT	\N	\N	\N	\N	\N	f
NC	\N	\N	\N	metaCountry:US	metaState:NC	\N	\N	\N	\N	\N	f
ND	\N	\N	\N	metaCountry:US	metaState:ND	\N	\N	\N	\N	\N	f
NE	\N	\N	\N	metaCountry:US	metaState:NE	\N	\N	\N	\N	\N	f
NH	\N	\N	\N	metaCountry:US	metaState:NH	\N	\N	\N	\N	\N	f
NJ	\N	\N	\N	metaCountry:US	metaState:NJ	\N	\N	\N	\N	\N	f
NM	\N	\N	\N	metaCountry:US	metaState:NM	\N	\N	\N	\N	\N	f
NV	\N	\N	\N	metaCountry:US	metaState:NV	\N	\N	\N	\N	\N	f
NY	\N	\N	\N	metaCountry:US	metaState:NY	\N	\N	\N	\N	\N	f
OH	\N	\N	\N	metaCountry:US	metaState:OH	\N	\N	\N	\N	\N	f
OK	\N	\N	\N	metaCountry:US	metaState:OK	\N	\N	\N	\N	\N	f
OR	\N	\N	\N	metaCountry:US	metaState:OR	\N	\N	\N	\N	\N	f
PA	\N	\N	\N	metaCountry:US	metaState:PA	\N	\N	\N	\N	\N	f
RI	\N	\N	\N	metaCountry:US	metaState:RI	\N	\N	\N	\N	\N	f
SC	\N	\N	\N	metaCountry:US	metaState:SC	\N	\N	\N	\N	\N	f
SD	\N	\N	\N	metaCountry:US	metaState:SD	\N	\N	\N	\N	\N	f
TN	\N	\N	\N	metaCountry:US	metaState:TN	\N	\N	\N	\N	\N	f
TX	\N	\N	\N	metaCountry:US	metaState:TX	\N	\N	\N	\N	\N	f
UT	\N	\N	\N	metaCountry:US	metaState:UT	\N	\N	\N	\N	\N	f
VA	\N	\N	\N	metaCountry:US	metaState:VA	\N	\N	\N	\N	\N	f
VT	\N	\N	\N	metaCountry:US	metaState:VT	\N	\N	\N	\N	\N	f
WA	\N	\N	\N	metaCountry:US	metaState:WA	\N	\N	\N	\N	\N	f
WI	\N	\N	\N	metaCountry:US	metaState:WI	\N	\N	\N	\N	\N	f
WV	\N	\N	\N	metaCountry:US	metaState:WV	\N	\N	\N	\N	\N	f
WY	\N	\N	\N	metaCountry:US	metaState:WY	\N	\N	\N	\N	\N	f
\.


--
-- Data for Name: meta_telephone_type; Type: TABLE DATA; Schema: public; Owner: aperiosf
--

COPY public.meta_telephone_type (value, code, value_order, created_on_date, created_on_time, created_by, id, tags, organization_id, custom_property, checksum, object_path, is_deleted) FROM stdin;
metaLabel:home	H	1	\N	\N	\N	metaTelephoneType:home	\N	\N	\N	\N	\N	f
metaLabel:mobileContact	MC	7	\N	\N	\N	metaTelephoneType:mobileContact	\N	\N	\N	\N	\N	f
metaLabel:answeringService	AS	3	\N	\N	\N	metaTelephoneType:answeringService	\N	\N	\N	\N	\N	f
metaLabel:defunctNumber	BAD	13	\N	\N	\N	metaTelephoneType:defunctNumber	\N	\N	\N	\N	\N	f
metaLabel:emergencyContact	EC	4	\N	\N	\N	metaTelephoneType:emergencyContact	\N	\N	\N	\N	\N	f
metaLabel:homePrimary	HP	5	\N	\N	\N	metaTelephoneType:homePrimary	\N	\N	\N	\N	\N	f
metaLabel:homeVacation	HV	6	\N	\N	\N	metaTelephoneType:homeVacation	\N	\N	\N	\N	\N	f
metaLabel:pager	PG	9	\N	\N	\N	metaTelephoneType:pager	\N	\N	\N	\N	\N	f
metaLabel:tmp	TMP	10	\N	\N	\N	metaTelephoneType:tmp	\N	\N	\N	\N	\N	f
metaLabel:workDirectNumber	DIR	11	\N	\N	\N	metaTelephoneType:workDirectNumber	\N	\N	\N	\N	\N	f
metaLabel:workPublicNumber	PUB	12	\N	\N	\N	metaTelephoneType:workPublicNumber	\N	\N	\N	\N	\N	f
metaLabel:work	WP	2	\N	\N	\N	metaTelephoneType:work	\N	\N	\N	\N	\N	f
metaLabel:other	OT	8	\N	\N	\N	metaTelephoneType:other	\N	\N	\N	\N	\N	f
\.


--
-- Data for Name: meta_temperature_unit; Type: TABLE DATA; Schema: public; Owner: aperiosf
--

COPY public.meta_temperature_unit (value, created_on_date, created_on_time, created_by, id, tags, organization_id, custom_property, checksum, object_path, is_deleted) FROM stdin;
F	\N	\N	\N	metaTemperatureUnit:f	\N	\N	\N	\N	\N	f
\.


--
-- Data for Name: meta_timezone; Type: TABLE DATA; Schema: public; Owner: aperiosf
--

COPY public.meta_timezone (value, created_on_date, created_on_time, created_by, id, tags, organization_id, custom_property, checksum, object_path, is_deleted) FROM stdin;
Eastern Standard Time (EST)	\N	\N	\N	metaTimezone:est	\N	\N	\N	\N	\N	f
Central Standard Time (CST)	\N	\N	\N	metaTimezone:cst	\N	\N	\N	\N	\N	f
Mountain Standard Time (MST)	\N	\N	\N	metaTimezone:mst	\N	\N	\N	\N	\N	f
Pacific Standard Time (PST)	\N	\N	\N	metaTimezone:pst	\N	\N	\N	\N	\N	f
Alaska Standard Time (AKST)	\N	\N	\N	metaTimezone:akst	\N	\N	\N	\N	\N	f
Hawaii Standard Time (HST)	\N	\N	\N	metaTimezone:hst	\N	\N	\N	\N	\N	f
\.


--
-- Data for Name: meta_token_type; Type: TABLE DATA; Schema: public; Owner: aperiosf
--

COPY public.meta_token_type (value, created_on_date, created_on_time, created_by, id, tags, organization_id, custom_property, checksum, object_path, is_deleted) FROM stdin;
Signature Pin	\N	\N	\N	metaTokenType:signaturepin	\N	\N	\N	\N	\N	f
Register	\N	\N	\N	metaTokenType:register	\N	\N	\N	\N	\N	f
Forgot Password	\N	\N	\N	metaTokenType:forgotPassword	\N	\N	\N	\N	\N	f
\.


--
-- Data for Name: meta_user_type; Type: TABLE DATA; Schema: public; Owner: aperiosf
--

COPY public.meta_user_type (value, value_order, created_on_date, created_on_time, created_by, id, tags, organization_id, custom_property, checksum, object_path, is_deleted) FROM stdin;
User	1	\N	\N	\N	metaUserType:user	\N	\N	\N	\N	\N	f
Admin	2	\N	\N	\N	metaUserType:admin	\N	\N	\N	\N	\N	f
System	3	\N	\N	\N	metaUserType:system	\N	\N	\N	\N	\N	f
\.


--
-- Data for Name: meta_weight_unit; Type: TABLE DATA; Schema: public; Owner: aperiosf
--

COPY public.meta_weight_unit (value, created_on_date, created_on_time, created_by, id, tags, organization_id, custom_property, checksum, object_path, is_deleted) FROM stdin;
KG	\N	\N	\N	metaWeightUnit:kg	\N	\N	\N	\N	\N	f
Pounds	\N	\N	\N	metaWeightUnit:lbs	\N	\N	\N	\N	\N	f
\.


--
-- Data for Name: meta_work_list_approval_status; Type: TABLE DATA; Schema: public; Owner: aperiosf
--

COPY public.meta_work_list_approval_status (value, created_on_date, created_on_time, created_by, id, tags, organization_id, custom_property, checksum, object_path, is_deleted) FROM stdin;
Pending	\N	\N	\N	metaWorkListApprovalStatus:PENDING	\N	\N	\N	\N	\N	f
Rejected	\N	\N	\N	metaWorkListApprovalStatus:REJECTED	\N	\N	\N	\N	\N	f
Qued	\N	\N	\N	metaWorkListApprovalStatus:QUED	\N	\N	\N	\N	\N	f
Approved	\N	\N	\N	metaWorkListApprovalStatus:APPROVED	\N	\N	\N	\N	\N	f
\.


--
-- Data for Name: meta_work_list_reminder_status; Type: TABLE DATA; Schema: public; Owner: aperiosf
--

COPY public.meta_work_list_reminder_status (value, created_on_date, created_on_time, created_by, id, tags, organization_id, custom_property, checksum, object_path, is_deleted) FROM stdin;
Pending	\N	\N	\N	metaWorkListReminderStatus:PENDING	\N	\N	\N	\N	\N	f
Snooze	\N	\N	\N	metaWorkListReminderStatus:SNOOZE	\N	\N	\N	\N	\N	f
Inactive	\N	\N	\N	metaWorkListReminderStatus:INACTIVE	\N	\N	\N	\N	\N	f
Done	\N	\N	\N	metaWorkListReminderStatus:DONE	\N	\N	\N	\N	\N	f
\.


--
-- Data for Name: meta_work_list_reminder_type; Type: TABLE DATA; Schema: public; Owner: aperiosf
--

COPY public.meta_work_list_reminder_type (value, created_on_date, created_on_time, created_by, id, tags, organization_id, custom_property, checksum, object_path, is_deleted) FROM stdin;
Alert	\N	\N	\N	metaWorkListReminderType:Alert	\N	\N	\N	\N	\N	f
Notification	\N	\N	\N	metaWorkListReminderType:Notification	\N	\N	\N	\N	\N	f
\.


--
-- Data for Name: meta_work_list_reminder_who_type; Type: TABLE DATA; Schema: public; Owner: aperiosf
--

COPY public.meta_work_list_reminder_who_type (value, created_on_date, created_on_time, created_by, id, tags, organization_id, custom_property, checksum, object_path, is_deleted) FROM stdin;
WorkListAssignee	\N	\N	\N	metaWorkListReminderWhoType:WorkListAssignee	\N	\N	\N	\N	\N	f
SuperVisor	\N	\N	\N	metaWorkListReminderWhoType:SuperVisor	\N	\N	\N	\N	\N	f
Employee	\N	\N	\N	metaWorkListReminderWhoType:Employee	\N	\N	\N	\N	\N	f
Patient	\N	\N	\N	metaWorkListReminderWhoType:Patient	\N	\N	\N	\N	\N	f
Role	\N	\N	\N	metaWorkListReminderWhoType:Role	\N	\N	\N	\N	\N	f
\.


--
-- Data for Name: meta_worklist_priority; Type: TABLE DATA; Schema: public; Owner: aperiosf
--

COPY public.meta_worklist_priority (value, sort_order, created_on_date, created_on_time, created_by, id, tags, organization_id, custom_property, checksum, object_path, is_deleted) FROM stdin;
HIGH	2	\N	\N	\N	metaWorklistPriority:2-HIGH	\N	\N	\N	\N	\N	f
NORMAL	3	\N	\N	\N	metaWorklistPriority:3-NORMAL	\N	\N	\N	\N	\N	f
LOW	4	\N	\N	\N	metaWorklistPriority:4-LOW	\N	\N	\N	\N	\N	f
URGENT	1	\N	\N	\N	metaWorklistPriority:1-URGENT	\N	\N	\N	\N	\N	f
\.


--
-- Data for Name: meta_worklist_status; Type: TABLE DATA; Schema: public; Owner: aperiosf
--

COPY public.meta_worklist_status (value, ui_hidden, created_on_date, created_on_time, created_by, id, tags, organization_id, custom_property, checksum, object_path, is_deleted) FROM stdin;
OPEN	f	\N	\N	\N	metaWorklistStatus:OPEN	\N	\N	\N	\N	\N	f
PENDING	t	\N	\N	\N	metaWorklistStatus:PENDING	\N	\N	\N	\N	\N	f
INACTIVE	t	\N	\N	\N	metaWorklistStatus:INACTIVE	\N	\N	\N	\N	\N	f
COMPLETE	f	\N	\N	\N	metaWorklistStatus:COMPLETE	\N	\N	\N	\N	\N	f
SKIPPED	t	\N	\N	\N	metaWorklistStatus:SKIPPED	\N	\N	\N	\N	\N	f
REOPEN	t	\N	\N	\N	metaWorklistStatus:REOPEN	\N	\N	\N	\N	\N	f
PREAPPROVAL	t	\N	\N	\N	metaWorklistStatus:PREAPPROVAL	\N	\N	\N	\N	\N	f
READONLY	t	\N	\N	\N	metaWorklistStatus:READONLY	\N	\N	\N	\N	\N	f
\.


--
-- Data for Name: meta_zip_code; Type: TABLE DATA; Schema: public; Owner: aperiosf
--

COPY public.meta_zip_code (value, state, city, created_on_date, created_on_time, created_by, id, tags, organization_id, custom_property, checksum, object_path, is_deleted) FROM stdin;
\.


--
-- Data for Name: oml_data_type; Type: TABLE DATA; Schema: public; Owner: aperiosf
--

COPY public.oml_data_type (data_type, minim_length, maxim_length, minim_val, maxim_val, format, availability, regex, object, comments, is_deleted) FROM stdin;
string	t	t	f	f	t	f	t	f	format allowed are email, alphanumeric, alphabets, phone, cc	f
cdnUrlPublic	t	t	f	f	t	t	f	f	format allowed are jpeg, jpg, png, pdf, zip	f
cdnUrlPrivate	t	t	f	f	t	t	f	f	format allowed are jpeg, jpg, png, pdf, zip	f
refer	f	f	f	f	f	f	f	t	Availability for cdnUrlPublic would be public,private	f
meta	f	f	f	f	f	f	f	t		f
bool	f	f	f	f	f	f	f	f		f
integer	f	f	t	t	f	f	f	f		f
json	f	f	f	f	f	f	f	f		f
number	f	f	t	t	f	f	f	f		f
signature	f	f	f	f	t	f	f	f		f
arrays	f	f	t	t	f	f	f	f	will be an array of tags	f
\.


--
-- Data for Name: oml_object; Type: TABLE DATA; Schema: public; Owner: aperiosf
--

COPY public.oml_object (organization_id, name, display_name, parent, authorization_policy, auto_generate_id, auto_generate_method, search_index_config, recursion_level, maintain_cache, allow_fetch_all, encrypt_data, maintain_audit, maintain_history, allow_create, allow_edit, allow_delete, restrict_to_same_org, permission_check_on, cardinality, comments, auto_create, is_internal, is_deleted) FROM stdin;
	careContinuityImportRequest	Care Continuity Import Request	organization		t					t	f	ALL	f	t	t	t	f	this	n		f	f	f
	ccdaExport	CCDA Export	patient		t					t	f	ALL	f	t	t	t	f	this	n		f	f	f
	ccdaExportLog	CCDA Export Log	patient		t					t	f	ALL	f	t	t	f	f	this	n		f	f	f
	ccdaExportRequest	CCDA Export Request	organization		t					t	f	ALL	f	t	t	t	f	this	n	Need to add custom policy so that only allowed patients are exported	f	f	f
	ccdaImportAllergy	CCDA Import Allergy	patient		t					t	f	ALL	f	t	t	t	f	this	n		f	f	f
	ccdaImportDiagnosis	CCDA Import Diagnosis	patient		t					t	f	ALL	f	t	t	t	f	this	n		f	f	f
	ccdaImportMedication	CCDA Import Medication	patient		t					t	f	ALL	f	t	t	t	f	this	n		f	f	f
	ccdUpload	CCD Upload	patient		t					t	f	ALL	f	t	t	t	f	parent	n		f	f	f
	cdnTempFile	CDN Temp File			t					f	f		f	t	t	t	f	this	n		f	f	f
	clientDocument	Document	patient		t		{index: patient}		1	t	f	ALL	f	t	t	t	f	this	n		f	f	f
	clientDocumentFile	Document File	clientDocument		t		{index: clientDocument}		1	t	f	ALL	f	t	t	t	f	this	n		f	f	f
	clientNote	Note	patient		t		{index: patient}		1	t	f	ALL	f	t	t	t	f	this	n		f	f	f
	course	Course			t				1	f	f	ALL	f	t	t	t	f				f	f	f
	courseCustomFieldDefinition	Custom Field	course		t				1	f	f	ALL	f	t	t	t	f	this	n		f	f	f
	courseParticipant	Participant	course		t					f	f	ALL	f	t	t	t	f	this	n		f	f	f
	courseSession	Session	course		t				1	f	f	ALL	f	t	t	t	f	this	n		f	f	f
	courseSessionAttendance	Attendance	courseSession		t					f	f	ALL	f	t	t	t	f	this	n		f	f	f
	courseSessionCustomFieldValue	customFieldValue	courseSessionAttendance		t					f	f	ALL	f	t	t	t	f	this	n		f	f	f
	dataExportRequest	Data Export Request			t					f	f		f	t	t	t	f	this	n		f	f	f
	dataImportRequest	Data Import Request			t					f	f		f	t	t	t	f	this	n		f	f	f
	housingUpgrade	Housing Upgrade	patient		t					f	f	ALL	f	t	t	t	f				f	f	f
	kchProgram	Program			t					f	f	ALL	f	t	t	t	f				f	f	f
	kchProgramAssignment	Program Assignment	patient		t					f	f	ALL	f	t	t	t	f				f	f	f
	metaAllergySeverity	Allergy Severity			f				1	t	f	WRITE	f	f	f	f	f	this	n		f	f	f
	metaAllergyType	Allergy Type			f				1	t	f	WRITE	f	f	f	f	f	this	n		f	f	f
	metaBasicStatus	metaBasicStatus			f				1	f	f	WRITE	t	f	f	f	f	this	n		f	f	f
	metaBloodPressureUnit	Blood Pressure Unit			f				1	t	f	WRITE	f	f	f	f	f	this	n		f	f	f
	metaCareContinuityDocumentType	Care Continuity Document Type			f				1	t	f	WRITE	f	f	f	f	f	this	n		f	f	f
	metaCcdaExportLogType	CCDA Export Log Type			f				1	t	f	WRITE	f	f	f	f	f	this	n		f	f	f
	metaCcdaExportStatus	CCDA Export Status			f				1	t	f	WRITE	f	f	f	f	f	this	n		f	f	f
	metaCcdaSections	CCDA Sections			f				1	t	f	WRITE	f	f	f	f	f	this	n		f	f	f
	metaClinicalDocumentType	Clinical Document Type			f				1	t	f	WRITE	f	f	f	f	f	this	n		f	f	f
	metaCommunicationMode	Communication Mode			f				1	t	f	WRITE	f	f	f	f	f	this	n		f	f	f
	metaContactType	Contact Type			f				1	t	f	WRITE	f	f	f	f	f	this	n		f	f	f
	metaCountry	Country			f				1	t	f	WRITE	f	f	f	f	f	this	n		f	f	f
	metaDataFamily	Data Family			f					f	f		f	f	f	f	f	this	n		f	f	f
	metaDayOfWeek	Day Of Week			f				1	f	f	WRITE	f	f	f	f	f	this	n		f	f	f
	metaDiagnosticCode	Diagnostic Code			f		{"index" : "meta"}			t	f	WRITE	f	f	f	f	f	this	n		f	f	f
	metaEmployeeStatus	Employee Status			f				1	f	f	WRITE	f	f	f	f	f	this	n		f	f	f
	metaEmploymentStatus	Employment Status			f				1	f	f	WRITE	f	f	f	f	f	this	n		f	f	f
	metaEthnicity	Ethnicity			f				1	f	f	WRITE	f	f	f	f	f	this	n		f	f	f
	metaFamilyRelationship	Family Relationship			f				1	t	f	WRITE	f	f	f	f	f	this	n		f	f	f
	metaFieldDefinationType	metaFieldDefinationType			f				1	f	f	WRITE	t	f	f	f	f	this	n		f	f	f
	metaGender	Sex			f				1	f	f	WRITE	f	f	f	f	f	this	n		f	f	f
	metaHeightUnit	Height Unit			f				1	t	f	WRITE	f	f	f	f	f	this	n		f	f	f
	metaHouseholdIncomeLevel	Household Income Level			f				1	f	f	WRITE	f	f	f	f	f	this	n		f	f	f
	metaHousingStatus	Housing Status			f				1	f	f	WRITE	f	f	f	f	f	this	n		f	f	f
	metaHousingUpgradeStatus	Housing Upgrade Status			f				1	t	f	WRITE	f	f	f	t	f				f	f	f
	metaHousingUpgradeType	Housing Upgrade Type			f				1	t	f	WRITE	f	f	f	t	f				f	f	f
	metaIdType	ID Type			f				1	f	f	WRITE	f	f	f	f	f	this	n		f	f	f
	metaLabel	Label			f				1	t	f	WRITE	t	f	f	f	t	this	n		f	f	f
	metaLabelDetail	Label Detail	metaLabel		t				1	t	f	WRITE	t	f	f	f	f	this	n		f	f	f
	metaLanguage	Language			f				1	t	f	WRITE	t	f	f	f	f	this	n		f	f	f
	metaMaritalStatus	Marital Status			f				1	f	f	WRITE	f	f	f	f	f	this	n		f	f	f
	metaMedicationDeliveryRoute	Medication Delivery Route			f				1	t	f	WRITE	f	f	f	t	f				f	f	f
	metaMilitaryStatus	Military Status			f				1	f	f	WRITE	f	f	f	f	f	this	n		f	f	f
	metaPainLevel	Pain Level			f				1	t	f	WRITE	f	f	f	f	f	this	n		f	f	f
	metaPatientDocumentStatus	Patient Document Status			f				1	t	f	WRITE	f	f	f	f	f	this	n		f	f	f
	metaPatientDocumentType	Patient Document Type			f				1	t	f	WRITE	f	f	f	f	f	this	n		f	f	f
	metaPatientIdentityType	Patient Identity Type			f				1	t	f	WRITE	f	f	f	f	f	this	n		f	f	f
	metaPatientStatus	Patient Status			f				1	f	f	WRITE	f	f	f	f	f	this	n		f	f	f
	metaPermission	Permission			f				1	t	f	WRITE	t	f	f	f	t	this	n		f	f	f
	metaProviderServiceType	Service Type			f				1	t	f	WRITE	f	f	f	f	f	this	n		f	f	f
	metaRace	Race			f				1	f	f	WRITE	f	f	f	f	f	this	n		f	f	f
	metaRelationship	Relationship			f				1	t	f	WRITE	f	f	f	f	f	this	n		f	f	f
	metaSeverity	Severity			f				1	t	f	WRITE	f	f	f	f	f	this	n		f	f	f
	metaSmokingStatus	Smoking Status			f				1	f	f	WRITE	f	f	f	f	f	this	n		f	f	f
	metaSnomed	SNOMED			f					t	f	WRITE	f	f	f	f	f	this	n		f	f	f
	metaSnomedCode	SNOMED Code			f		{"index" : "meta"}			t	f	WRITE	f	f	f	f	f	this	n		f	f	f
	metaState	State	metaCountry		f				1	f	f	WRITE	f	f	f	f	f	this	n		f	f	f
	metaTelephoneType	Telephone Type			f				1	f	f	WRITE	f	f	f	f	f	this	n		f	f	f
	metaTemperatureUnit	Temperature Unit			f				1	t	f	WRITE	f	f	f	f	f	this	n		f	f	f
	metaTimezone	TimeZone			f				1	t	f	WRITE	t	f	f	f	t	this	n		f	f	f
	metaTokenType	Token Type			t				1	t	f	WRITE	t	f	f	t	f	this	n		f	f	f
	metaUserType	User Type			f				1	t	f	WRITE	f	f	f	f	f	this	n		f	f	f
	metaWeightUnit	Weight Unit			f				1	t	f	WRITE	f	f	f	f	f	this	n		f	f	f
	metaWorkListApprovalStatus	Worklist Approval Status			f				1	t	f	WRITE	t	f	f	f	f	this	n		f	f	f
	organization	Organization			t		{"index" : "organization"}			f	f	ALL	t	t	t	f	f	this	n		f	f	f
	organizationDivision	Organization Division	organization		t					f	f	ALL	t	t	t	t	t	this	n		f	f	f
	organizationEmployee	Organization Employee	organization		t		{"index" : "organizationemployee"}			f	f	ALL	t	t	t	t	f	this	n		f	f	f
	organizationEmployeeAddress	Organization Employee Address	organizationEmployee		t		{"index" : "organizationemployee"}			f	f	ALL	f	t	t	t	f	parent	n		f	f	f
	organizationEmployeeDivision	Organization Employee Division	organizationEmployee		t		{"index" : "organizationemployee"}			f	f	ALL	t	t	t	t	t	this	n		f	f	f
	organizationEmployeeTelephone	Organization Employee Telephone	organizationEmployee		t		{"index" : "organizationemployee"}			f	f	ALL	f	t	t	t	f	parent	n		f	f	f
	organizationFolder	Organization Folder	organization		t					f	f	ALL	f	t	t	f	f	this	n	Need to be remove this, permissions also	f	f	f
	organizationProfile	Organization Profile	organization		t					f	f	ALL	t	t	t	t	f	this	n		f	f	f
	patient	Client			t		{"index" : "patient"}			f	f	ALL	t	t	t	t	f	this	1		f	f	f
	patientAddress	Client Address	patient		t		{"index" : "patient"}			f	f	ALL	f	t	t	t	f	parent	n		f	f	f
	patientAdmission	Client Admission	patient		t					f	f	ALL	f	t	t	t	f				f	f	f
	patientAllergy	Allergy	patient		t		{"index" : "patient"}			f	f	ALL	t	t	t	t	f	this	n		f	f	f
	patientContact	Client Contact	patient		t		{"index" : "patient"}			f	f	ALL	f	t	t	t	f	this	n		f	f	f
	patientContactAddress	Client Contact Address	patientContact		t		{"index" : "patient"}			f	f	ALL	f	t	t	t	f	parent	n		f	f	f
	patientDiagnosis	Problem	patient		t		{"index" : "patient"}			f	f	ALL	f	t	t	t	f	this	n		f	f	f
	patientEmploymentInfo	Client Employment Info	patient		t		{"index" : "patient"}			f	f	ALL	f	t	t	t	f	parent	n		f	f	f
	patientMedication	Medication	patient		t		{"index" : "patient"}			f	f	ALL	t	t	t	t	f	this	n		f	f	f
	patientPrescription	Prescription	patient		t		{"index" : "patient"}			t	f	ALL	t	t	t	t	f	this	n		f	f	f
	patientSpecificDocument	Patient Specific Document	patient		t		{"index" : "patient"}			f	f	ALL	f	t	t	t	f	this	n		f	f	f
	patientVital	Vitals	patient		t		{"index" : "patient"}			f	f	ALL	f	t	t	t	f	this	n		f	f	f
	preferredProvider	Preferred Provider			t				1	t	f	ALL	f	t	t	t	f				f	f	f
	synapConfig	Aperio Config			t				1	t	f	WRITE	f	t	t	t	f	this	n		f	f	f
	synapUserGroup	Aperio User Group	synapUser		t					f	f		f	t	t	t	f	parent	n		f	f	f
	synapUserToken	Aperio User Token	synapUser		t					f	f		f	t	t	t	f	parent	n		f	f	f
	workList	Task			t					t	f	WRITE	f	t	t	t	f	this	n		f	f	f
	workListApprover	Worklist Approver	workList		t					t	f	WRITE	f	t	t	t	f	this	n		f	f	f
	workListNotes	Worklist Notes	workList		t					t	f	WRITE	f	t	t	t	f	this	n		f	f	f
	workListReminder	Worklist Reminder	workList		t					t	f	WRITE	f	t	t	t	f	this	n		f	f	f
	userPassword	Aperio User Passwords	synapUser		t					t	f		f	t	f	t	f	parent	n		f	f	f
	patientPrimaryCareProvider	Primary Care Provider	patient		t		{"index" : "patient"}			f	f	ALL	f	t	t	t	f	this	n		f	f	f
	viewedClient	Viewed Client	synapUser		t				1	t	f		f	t	t	f	f	parent	n		f	f	f
	synapUser	Aperio User			t					t	f	ALL	t	t	t	t	f	this	n		f	f	f
	report	Report			t					f	f	ALL	f	t	f	f	f	this	n		f	f	f
	metaAddressType	Address Type			f				1	f	f	WRITE	f	f	f	f	f	this	n		f	f	f
	metaDefaultStatus	Default Status			f				1	t	f	WRITE	f	f	f	f	f	this	n		f	f	f
	metaPatientDiagnosisStatus	Patient Diagnosis Status			f				1	t	f	WRITE	f	f	f	f	f	this	n		f	f	f
	metaWorklistPriority	Worklist Priority			f					f	f	WRITE	f	f	f	f	f	this	n		f	f	f
	metaWorkListReminderStatus	Worklist Reminder Status			f				1	t	f	WRITE	t	f	f	f	f	this	n		f	f	f
	metaWorkListReminderType	Worklist Reminder Type			f				1	t	f	WRITE	t	f	f	f	f	this	n		f	f	f
	metaWorkListReminderWhoType	Worklist Reminder Who Type			f				1	t	f	WRITE	t	f	f	f	f	this	n		f	f	f
	metaWorklistStatus	Worklist Status			f					f	f	WRITE	f	f	f	f	f	this	n		f	f	f
	metaZipCode	Zip Code			f					f	f	WRITE	f	f	f	f	f	this	n		f	f	f
	omlObject	OML Object			f				1	f	f	WRITE	f	f	f	f	f	this	n		f	f	f
	omlProperty	OML Property			f				1	f	f	WRITE	f	f	f	f	f	this	n		f	f	f
	metaIncomeLevel	Meta Income Level			f				1	f	f	WRITE	f	f	f	f	f	this	n		f	f	f
	metaSocialNeedsCategory	Social Needs Category			f				1	t	f	ALL	f	f	f	f	f	this	n		f	f	f
	metaSocialNeeds	Social Needs	metaSocialNeedsCategory		f		{"index" : "metaSocialNeedsCategory"}		1	t	f	ALL	f	f	f	f	f	this	n		f	f	f
	patientSocialNeeds	Client Social Needs	patient		t		{"index" : "patient"}			f	f	ALL	f	t	t	t	f	this	n		f	f	f
\.


--
-- Data for Name: oml_property; Type: TABLE DATA; Schema: public; Owner: aperiosf
--

COPY public.oml_property (organization_id, object, property, display_name, data_type, search_config, data_attributes, dependency, is_calculated, calculation_formula, allow_multiple_values, default_value, display_when_referred, required, property_permissions, allow_edit, unique_index, comments, is_deleted) FROM stdin;
	careContinuityImportRequest	emrDirectMessageId	EMR Direct Message ID	string		[]	[]	f	[]	f		t	f	f	f	f		f
	careContinuityImportRequest	cdnPathOriginal	CDN Path Original	cdnUrlPrivate		{"fileType":"xml"}	[]	f	[]	f		t	f	f	f	f		f
	careContinuityImportRequest	careContinuityDocumentType	Care Continuity Document Type	meta		{"object":"metaCareContinuityDocumentType"}	[]	f	[]	f		t	t	f	t	f		f
	careContinuityImportRequest	receiverDirectAddress	Receiver Direct Address	string		[]	[]	f	[]	f		t	f	f	f	f		f
	careContinuityImportRequest	senderDirectAddress	Sender Direct Address	string		[]	[]	f	[]	f		t	f	f	f	f		f
	careContinuityImportRequest	patientId	Patient ID	refer		{"object":"patient"}	[]	f	[]	f		f	f	f	t	f		f
	careContinuityImportRequest	cdnPathModified	CDN Path Modified	cdnUrlPrivate		{"fileType":"xml"}	[]	f	[]	f		t	f	f	t	f		f
	careContinuityImportRequest	XsltFileUrl	XSLT File URL	string		[]	[]	t	{"phpFunction":"GetCDNUrl","parameters":["careContinuityDocumentTypeXsltFileName"]}	f		f	f	f	f	f		f
	careContinuityImportRequest	isReconciled	Is Reconciled	bool		[]	[]	f	[]	f	1	t	f	f	t	f		f
	careContinuityImportRequest	folderId	Folder ID	refer		{"object":"organizationFolder"}	[]	f	[]	f		f	f	f	t	f		f
	careContinuityImportRequest	allowPatientDuplicate	Allow Patient Duplicate	bool		[]	[]	f	[]	f	0	f	f	f	f	f		f
	careContinuityImportRequest	allowPatientMerge	Allow Patient Merge	bool		[]	[]	f	[]	f	0	f	f	f	f	f		f
	careContinuityImportRequest	createdOnDate	Created On Date	string	[]	{"format":"date"}	[]	f	[]	f		f	f	f	f	f	Auto added field from syncronizer	f
	careContinuityImportRequest	createdOnTime	Created On Time	string	[]	{"format":"time"}	[]	f	[]	f		f	f	f	f	f	Auto added field from syncronizer	f
	careContinuityImportRequest	createdBy	Created By	refer	[]	{"object":"synapUser"}	[]	f	[]	f		f	f	f	t	f	Auto added field from syncronizer	f
	careContinuityImportRequest	id	Id	string	[]	[]	[]	f	[]	f		f	f	f	f	t	Auto added field from syncronizer	f
	careContinuityImportRequest	tags	Tags	arrays	[]	[]	[]	f	[]	f		f	f	f	t	f	Auto added field from syncronizer	f
	careContinuityImportRequest	organizationId	Organization Id	refer	[]	{"object":"organization"}	[]	f	[]	f	\N	f	f	f	f	f	Auto added field from syncronizer	f
	careContinuityImportRequest	customProperty	custom Property	json	[]	[]	[]	f	[]	f		f	f	f	f	f	Auto added field from syncronizer	f
	careContinuityImportRequest	checksum	Checksum	string	[]	[]	[]	f	[]	f		f	f	f	f	f	Auto added field from syncronizer	f
	careContinuityImportRequest	objectPath	Object Path	string	[]	{"format":"ltree"}	[]	f	[]	f		f	f	f	f	f	Auto added field from syncronizer	f
	ccdaExport	cdnPath	CDN Path	cdnUrlPrivate		{"fileType":"xml"}	[]	f	[]	f		t	f	f	t	f		f
	ccdaExport	ccdaSent	CCDA Sent	bool		[]	[]	f	[]	f	0	t	f	f	t	f		f
	ccdaExport	emrDirectMessageId	EMR Direct Message ID	string		[]	[]	f	[]	f		t	f	f	t	f		f
	ccdaExport	ccdaExportChecksum	CCDA Export Checksum	string		[]	[]	f	[]	f		t	f	f	t	f		f
	ccdaExport	careContinuityDocumentType	Care Continuity Document Type	meta		{"object":"metaCareContinuityDocumentType"}	[]	f	[]	f		t	f	f	t	f		f
	ccdaExport	ccdaExportRequestId	CCDA Export Request ID	refer		{"object":"ccdaExportRequest"}	[]	f	[]	f		t	f	f	t	f		f
	ccdaExport	recieverDirectAddress	Reciever Direct Address	string		[]	[]	f	[]	f		t	f	f	t	f		f
	ccdaExport	patientEncounterId	Patient Encounter ID	string		[]	[{"property":"clinicalDocumentType","value":"metaClinicalDocumentType:E2"}]	f	[]	f		t	f	f	t	f		f
	ccdaExport	XsltFileUrl	XSLT File URL	string		[]	[]	t	{"phpFunction":"GetCDNUrl","parameters":["careContinuityDocumentTypeXsltFileName"]}	f		f	f	f	f	f		f
	ccdaExport	clinicalDocumentType	Clinical Document Type	meta		{"object":"metaClinicalDocumentType"}	[]	f	[]	f		t	t	f	t	f		f
	ccdaExport	includeSections	Include Sections	meta		{"object":"metaCcdaSections"}	[]	f	[]	t		f	f	f	t	f		f
	ccdaExport	downloadXmlUrl	Download XML URL	string		[]	[]	t	{"phpFunction":"GetCcdaDownloadURL","parameters":["id"]}	f		f	f	f	f	f		f
	ccdaExport	downloadHtmlUrl	Download HTML URL	string		[]	[]	t	{"phpFunction":"GetCcdaHtmlDownloadURL","parameters":["id"]}	f		f	f	f	f	f		f
	ccdaExport	status	Status	meta		{"object":"metaCcdaExportStatus"}	[]	f	[]	f		f	f	f	t	f		f
	ccdaExport	failCount	Fail Count	number		[]	[]	f	[]	f		f	f	f	t	f		f
	ccdaExport	folderId	Folder ID	refer		{"object":"organizationFolder"}	[]	f	[]	f		f	f	f	t	f		f
	ccdaExport	createdOnDate	Created On Date	string	[]	{"format":"date"}	[]	f	[]	f		f	f	f	f	f	Auto added field from syncronizer	f
	ccdaExport	createdOnTime	Created On Time	string	[]	{"format":"time"}	[]	f	[]	f		f	f	f	f	f	Auto added field from syncronizer	f
	ccdaExport	createdBy	Created By	refer	[]	{"object":"synapUser"}	[]	f	[]	f		f	f	f	t	f	Auto added field from syncronizer	f
	ccdaExport	patientId	patient Id	refer	[]	{"object":"patient"}	[]	f	[]	f		t	t	f	t	f	Auto added field from syncronizer	f
	ccdaExport	id	Id	string	[]	[]	[]	f	[]	f		f	f	f	f	t	Auto added field from syncronizer	f
	ccdaExport	tags	Tags	arrays	[]	[]	[]	f	[]	f		f	f	f	t	f	Auto added field from syncronizer	f
	ccdaExport	organizationId	Organization Id	refer	[]	{"object":"organization"}	[]	f	[]	f	\N	f	f	f	f	f	Auto added field from syncronizer	f
	ccdaExport	customProperty	custom Property	json	[]	[]	[]	f	[]	f		f	f	f	f	f	Auto added field from syncronizer	f
	ccdaExport	checksum	Checksum	string	[]	[]	[]	f	[]	f		f	f	f	f	f	Auto added field from syncronizer	f
	ccdaExport	objectPath	Object Path	string	[]	{"format":"ltree"}	[]	f	[]	f		f	f	f	f	f	Auto added field from syncronizer	f
	ccdaExportLog	logType	Log Type	meta		{"object":"metaCcdaExportLogType"}	[]	f	[]	f		f	t	f	f	f		f
	ccdaExportLog	ccdaExportId	CCDA Export ID	refer		{"object":"ccdaExport"}	[]	f	[]	f		f	t	f	f	f		f
	ccdaExportLog	createdOnDate	Created On Date	string	[]	{"format":"date"}	[]	f	[]	f		f	f	f	f	f	Auto added field from syncronizer	f
	ccdaExportLog	createdOnTime	Created On Time	string	[]	{"format":"time"}	[]	f	[]	f		f	f	f	f	f	Auto added field from syncronizer	f
	ccdaExportLog	createdBy	Created By	refer	[]	{"object":"synapUser"}	[]	f	[]	f		f	f	f	t	f	Auto added field from syncronizer	f
	ccdaExportLog	patientId	patient Id	refer	[]	{"object":"patient"}	[]	f	[]	f		t	t	f	t	f	Auto added field from syncronizer	f
	ccdaExportLog	id	Id	string	[]	[]	[]	f	[]	f		f	f	f	f	t	Auto added field from syncronizer	f
	ccdaExportLog	tags	Tags	arrays	[]	[]	[]	f	[]	f		f	f	f	t	f	Auto added field from syncronizer	f
	ccdaExportLog	organizationId	Organization Id	refer	[]	{"object":"organization"}	[]	f	[]	f	\N	f	f	f	f	f	Auto added field from syncronizer	f
	ccdaExportLog	customProperty	custom Property	json	[]	[]	[]	f	[]	f		f	f	f	f	f	Auto added field from syncronizer	f
	ccdaExportLog	checksum	Checksum	string	[]	[]	[]	f	[]	f		f	f	f	f	f	Auto added field from syncronizer	f
	ccdaExportLog	objectPath	Object Path	string	[]	{"format":"ltree"}	[]	f	[]	f		f	f	f	f	f	Auto added field from syncronizer	f
	ccdaExportRequest	recieverDirectAddress	Reciever Direct Address	string		[]	[]	f	[]	f		t	t	f	t	f		f
	ccdaExportRequest	patientIds	Patient IDs	refer		{"object":"patient"}	[]	f	[]	t		f	f	f	t	f		f
	ccdaExportRequest	clinicalDocumentType	Clinical Document Type	meta		{"object":"metaClinicalDocumentType"}	[]	f	[]	f		t	t	f	t	f		f
	ccdaExportRequest	allPatient	All Patient	bool		[]	[]	f	[]	f	0	f	f	f	t	f		f
	ccdaExportRequest	createdOnDate	Created On Date	string	[]	{"format":"date"}	[]	f	[]	f		f	f	f	f	f	Auto added field from syncronizer	f
	ccdaExportRequest	createdOnTime	Created On Time	string	[]	{"format":"time"}	[]	f	[]	f		f	f	f	f	f	Auto added field from syncronizer	f
	ccdaExportRequest	createdBy	Created By	refer	[]	{"object":"synapUser"}	[]	f	[]	f		f	f	f	t	f	Auto added field from syncronizer	f
	ccdaExportRequest	id	Id	string	[]	[]	[]	f	[]	f		f	f	f	f	t	Auto added field from syncronizer	f
	ccdaExportRequest	tags	Tags	arrays	[]	[]	[]	f	[]	f		f	f	f	t	f	Auto added field from syncronizer	f
	ccdaExportRequest	organizationId	Organization Id	refer	[]	{"object":"organization"}	[]	f	[]	f	\N	f	f	f	f	f	Auto added field from syncronizer	f
	ccdaExportRequest	customProperty	custom Property	json	[]	[]	[]	f	[]	f		f	f	f	f	f	Auto added field from syncronizer	f
	ccdaExportRequest	checksum	Checksum	string	[]	[]	[]	f	[]	f		f	f	f	f	f	Auto added field from syncronizer	f
	ccdaExportRequest	objectPath	Object Path	string	[]	{"format":"ltree"}	[]	f	[]	f		f	f	f	f	f	Auto added field from syncronizer	f
	ccdaImportAllergy	emrDirectMessageId	EMR Direct Message ID	string		[]	[]	f	[]	f		t	f	f	t	f		f
	ccdaImportAllergy	name	Name	string		[]	[]	f	[]	f		f	f	f	f	f		f
	ccdaImportAllergy	drugRxNormId	Drug RxNorm ID	string		[]	[]	f	[]	f		f	f	f	f	f		f
	ccdaImportAllergy	onSetDate	Onset Date	string		{"format":"date"}	[]	f	[]	f		f	f	f	f	f		f
	ccdaImportAllergy	lastModifiedDate	Last Modified Date	string		{"format":"date"}	[]	f	[]	f		f	f	f	f	f		f
	ccdaImportAllergy	careContinuityImportRequestId	Care Continuity Import Request ID	refer		{"object":"careContinuityImportRequest"}	[]	f	[]	f		f	f	f	f	f		f
	ccdaImportAllergy	reaction	Reaction	string		[]	[]	f	[]	f		f	f	f	t	f		f
	ccdaImportAllergy	createdOnDate	Created On Date	string	[]	{"format":"date"}	[]	f	[]	f		f	f	f	f	f	Auto added field from syncronizer	f
	ccdaImportAllergy	createdOnTime	Created On Time	string	[]	{"format":"time"}	[]	f	[]	f		f	f	f	f	f	Auto added field from syncronizer	f
	ccdaImportAllergy	createdBy	Created By	refer	[]	{"object":"synapUser"}	[]	f	[]	f		f	f	f	t	f	Auto added field from syncronizer	f
	ccdaImportAllergy	patientId	patient Id	refer	[]	{"object":"patient"}	[]	f	[]	f		t	t	f	t	f	Auto added field from syncronizer	f
	ccdaImportAllergy	id	Id	string	[]	[]	[]	f	[]	f		f	f	f	f	t	Auto added field from syncronizer	f
	ccdaImportAllergy	tags	Tags	arrays	[]	[]	[]	f	[]	f		f	f	f	t	f	Auto added field from syncronizer	f
	ccdaImportAllergy	organizationId	Organization Id	refer	[]	{"object":"organization"}	[]	f	[]	f	\N	f	f	f	f	f	Auto added field from syncronizer	f
	ccdaImportAllergy	customProperty	custom Property	json	[]	[]	[]	f	[]	f		f	f	f	f	f	Auto added field from syncronizer	f
	ccdaImportAllergy	checksum	Checksum	string	[]	[]	[]	f	[]	f		f	f	f	f	f	Auto added field from syncronizer	f
	ccdaImportAllergy	objectPath	Object Path	string	[]	{"format":"ltree"}	[]	f	[]	f		f	f	f	f	f	Auto added field from syncronizer	f
	ccdaImportDiagnosis	emrDirectMessageId	EMR Direct Message ID	string		[]	[]	f	[]	f		f	f	f	f	f		f
	ccdaImportDiagnosis	snomedCode	SNOMED Code	meta		{"object":"metaSnomedCode"}	[]	f	[]	f		f	f	f	f	f		f
	ccdaImportDiagnosis	status	Status	meta		{"object":"metaPatientDiagnosisStatus"}	[]	f	[]	f		t	t	f	f	f		f
	ccdaImportDiagnosis	onsetDate	Onset Date	string		{"format":"date"}	[]	f	[]	f		f	f	f	f	f		f
	ccdaImportDiagnosis	careContinuityImportRequestId	Care Continuity Import Request ID	refer		{"object":"careContinuityImportRequest"}	[]	f	[]	f		f	f	f	f	f		f
	ccdaImportDiagnosis	metaSnomed	SNOMED	meta		{"object":"metaSnomed"}	[]	f	[]	f		f	f	f	t	f		f
	ccdaImportDiagnosis	createdOnDate	Created On Date	string	[]	{"format":"date"}	[]	f	[]	f		f	f	f	f	f	Auto added field from syncronizer	f
	ccdaImportDiagnosis	createdOnTime	Created On Time	string	[]	{"format":"time"}	[]	f	[]	f		f	f	f	f	f	Auto added field from syncronizer	f
	ccdaImportDiagnosis	createdBy	Created By	refer	[]	{"object":"synapUser"}	[]	f	[]	f		f	f	f	t	f	Auto added field from syncronizer	f
	ccdaImportDiagnosis	patientId	patient Id	refer	[]	{"object":"patient"}	[]	f	[]	f		t	t	f	t	f	Auto added field from syncronizer	f
	ccdaImportDiagnosis	id	Id	string	[]	[]	[]	f	[]	f		f	f	f	f	t	Auto added field from syncronizer	f
	ccdaImportDiagnosis	tags	Tags	arrays	[]	[]	[]	f	[]	f		f	f	f	t	f	Auto added field from syncronizer	f
	ccdaImportDiagnosis	organizationId	Organization Id	refer	[]	{"object":"organization"}	[]	f	[]	f	\N	f	f	f	f	f	Auto added field from syncronizer	f
	ccdaImportDiagnosis	customProperty	custom Property	json	[]	[]	[]	f	[]	f		f	f	f	f	f	Auto added field from syncronizer	f
	ccdaImportDiagnosis	checksum	Checksum	string	[]	[]	[]	f	[]	f		f	f	f	f	f	Auto added field from syncronizer	f
	ccdaImportDiagnosis	objectPath	Object Path	string	[]	{"format":"ltree"}	[]	f	[]	f		f	f	f	f	f	Auto added field from syncronizer	f
	ccdaImportMedication	emrDirectMessageId	EMR Direct Message ID	string		[]	[]	f	[]	f		f	f	f	f	f		f
	ccdaImportMedication	medicationDrugRoute	Medication Drug Route	string		[]	[]	f	[]	f		f	f	f	f	f		f
	ccdaImportMedication	dose	Dose	string		[]	[]	f	[]	f		f	f	f	f	f		f
	ccdaImportMedication	medicationDrugForm	Medication Drug Form	string		[]	[]	f	[]	f		f	f	f	f	f		f
	ccdaImportMedication	drugRxNormId	Drug RxNorm ID	string		[]	[]	f	[]	f		f	f	f	f	f		f
	ccdaImportMedication	startDate	Start Date	string		{"format":"date"}	[]	f	[]	f		f	f	f	f	f		f
	ccdaImportMedication	stopDate	Stop Date	string		{"format":"date"}	[]	f	[]	f		f	f	f	f	f		f
	ccdaImportMedication	medicationDrugBrandName	Medication Drug Brand Name	string		[]	[]	f	[]	f		f	f	f	f	f		f
	ccdaImportMedication	careContinuityImportRequestId	Care Continuity Import Request ID	refer		{"object":"careContinuityImportRequest"}	[]	f	[]	f		f	f	f	f	f		f
	ccdaImportMedication	doseUnit	Dose Unit	string		[]	[]	f	[]	f		f	f	f	t	f		f
	ccdaImportMedication	medicationDesc	Medication Description	string		[]	[]	f	[]	f		f	f	f	f	f		f
	ccdaImportMedication	createdOnDate	Created On Date	string	[]	{"format":"date"}	[]	f	[]	f		f	f	f	f	f	Auto added field from syncronizer	f
	ccdaImportMedication	createdOnTime	Created On Time	string	[]	{"format":"time"}	[]	f	[]	f		f	f	f	f	f	Auto added field from syncronizer	f
	ccdaImportMedication	createdBy	Created By	refer	[]	{"object":"synapUser"}	[]	f	[]	f		f	f	f	t	f	Auto added field from syncronizer	f
	ccdaImportMedication	patientId	patient Id	refer	[]	{"object":"patient"}	[]	f	[]	f		t	t	f	t	f	Auto added field from syncronizer	f
	ccdaImportMedication	id	Id	string	[]	[]	[]	f	[]	f		f	f	f	f	t	Auto added field from syncronizer	f
	ccdaImportMedication	tags	Tags	arrays	[]	[]	[]	f	[]	f		f	f	f	t	f	Auto added field from syncronizer	f
	ccdaImportMedication	organizationId	Organization Id	refer	[]	{"object":"organization"}	[]	f	[]	f	\N	f	f	f	f	f	Auto added field from syncronizer	f
	ccdaImportMedication	customProperty	custom Property	json	[]	[]	[]	f	[]	f		f	f	f	f	f	Auto added field from syncronizer	f
	ccdaImportMedication	checksum	Checksum	string	[]	[]	[]	f	[]	f		f	f	f	f	f	Auto added field from syncronizer	f
	ccdaImportMedication	objectPath	Object Path	string	[]	{"format":"ltree"}	[]	f	[]	f		f	f	f	f	f	Auto added field from syncronizer	f
	ccdUpload	file	File	cdnUrlPrivate		{"fileType":"xml"}	[]	f	[]	f		f	t	f	f	f		f
	ccdUpload	notes	Notes	string		{"maximLength":"-1"}	[]	f	[]	f		f	f	f	f	f		f
	ccdUpload	modifiedFile	Modified File	cdnUrlPrivate		{"fileType":"xml"}	[]	f	[]	f		f	f	f	t	f		f
	ccdUpload	createdOnDate	Created On Date	string	[]	{"format":"date"}	[]	f	[]	f		f	f	f	f	f	Auto added field from syncronizer	f
	ccdUpload	createdOnTime	Created On Time	string	[]	{"format":"time"}	[]	f	[]	f		f	f	f	f	f	Auto added field from syncronizer	f
	ccdUpload	createdBy	Created By	refer	[]	{"object":"synapUser"}	[]	f	[]	f		f	f	f	t	f	Auto added field from syncronizer	f
	ccdUpload	patientId	patient Id	refer	[]	{"object":"patient"}	[]	f	[]	f		t	t	f	t	f	Auto added field from syncronizer	f
	ccdUpload	id	Id	string	[]	[]	[]	f	[]	f		f	f	f	f	t	Auto added field from syncronizer	f
	ccdUpload	tags	Tags	arrays	[]	[]	[]	f	[]	f		f	f	f	t	f	Auto added field from syncronizer	f
	ccdUpload	organizationId	Organization Id	refer	[]	{"object":"organization"}	[]	f	[]	f	\N	f	f	f	f	f	Auto added field from syncronizer	f
	ccdUpload	customProperty	custom Property	json	[]	[]	[]	f	[]	f		f	f	f	f	f	Auto added field from syncronizer	f
	ccdUpload	checksum	Checksum	string	[]	[]	[]	f	[]	f		f	f	f	f	f	Auto added field from syncronizer	f
	ccdUpload	objectPath	Object Path	string	[]	{"format":"ltree"}	[]	f	[]	f		f	f	f	f	f	Auto added field from syncronizer	f
	cdnTempFile	cdnUrl	CDN URL	string		[]	[]	f	[]	f		f	t	f	f	f		f
	cdnTempFile	fileName	File Name	string		[]	[]	f	[]	f		f	t	f	f	f		f
	cdnTempFile	objectType	Object Type	string		[]	[]	f	[]	f		f	t	f	f	f		f
	cdnTempFile	propertyName	Property Name	string		[]	[]	f	[]	f		f	t	f	f	f		f
	cdnTempFile	synapUserId	Aperio User ID	string		[]	[]	f	[]	f		f	t	f	f	f		f
	cdnTempFile	createdOnDate	Created On Date	string	[]	{"format":"date"}	[]	f	[]	f		f	f	f	f	f	Auto added field from syncronizer	f
	cdnTempFile	createdOnTime	Created On Time	string	[]	{"format":"time"}	[]	f	[]	f		f	f	f	f	f	Auto added field from syncronizer	f
	cdnTempFile	createdBy	Created By	refer	[]	{"object":"synapUser"}	[]	f	[]	f		f	f	f	t	f	Auto added field from syncronizer	f
	cdnTempFile	id	Id	string	[]	[]	[]	f	[]	f		f	f	f	f	t	Auto added field from syncronizer	f
	cdnTempFile	tags	Tags	arrays	[]	[]	[]	f	[]	f		f	f	f	t	f	Auto added field from syncronizer	f
	cdnTempFile	organizationId	Organization Id	refer	[]	{"object":"organization"}	[]	f	[]	f	\N	f	f	f	f	f	Auto added field from syncronizer	f
	cdnTempFile	customProperty	custom Property	json	[]	[]	[]	f	[]	f		f	f	f	f	f	Auto added field from syncronizer	f
	cdnTempFile	checksum	Checksum	string	[]	[]	[]	f	[]	f		f	f	f	f	f	Auto added field from syncronizer	f
	cdnTempFile	objectPath	Object Path	string	[]	{"format":"ltree"}	[]	f	[]	f		f	f	f	f	f	Auto added field from syncronizer	f
	clientDocument	documentFile	Document File	refer		{"object":"clientDocumentFile"}	[]	f	[]	f		t	f	f	t	f		f
	clientDocument	name	Name	string		[]	[]	f	[]	f		f	t	f	t	f		f
	clientDocument	createdOnDate	Created On Date	string	[]	{"format":"date"}	[]	f	[]	f		f	f	f	f	f	Auto added field from syncronizer	f
	clientDocument	createdOnTime	Created On Time	string	[]	{"format":"time"}	[]	f	[]	f		f	f	f	f	f	Auto added field from syncronizer	f
	clientDocument	createdBy	Created By	refer	[]	{"object":"synapUser"}	[]	f	[]	f		f	f	f	t	f	Auto added field from syncronizer	f
	clientDocument	patientId	patient Id	refer	[]	{"object":"patient"}	[]	f	[]	f		t	t	f	t	f	Auto added field from syncronizer	f
	clientDocument	id	Id	string	[]	[]	[]	f	[]	f		f	f	f	f	t	Auto added field from syncronizer	f
	clientDocument	tags	Tags	arrays	[]	[]	[]	f	[]	f		f	f	f	t	f	Auto added field from syncronizer	f
	clientDocument	organizationId	Organization Id	refer	[]	{"object":"organization"}	[]	f	[]	f	\N	f	f	f	f	f	Auto added field from syncronizer	f
	clientDocument	customProperty	custom Property	json	[]	[]	[]	f	[]	f		f	f	f	f	f	Auto added field from syncronizer	f
	clientDocument	checksum	Checksum	string	[]	[]	[]	f	[]	f		f	f	f	f	f	Auto added field from syncronizer	f
	clientDocument	objectPath	Object Path	string	[]	{"format":"ltree"}	[]	f	[]	f		f	f	f	f	f	Auto added field from syncronizer	f
	clientDocumentFile	cdnFile	Document CDN File	cdnUrlPrivate		{"extension":["pdf","doc","docx","jpeg","jpg","png","gif","ppt","pptx","xls","xlsx","zip"],"minSize":"0","maxSize":"20000000"}	[]	f	[]	f		f	t	f	t	f		f
	clientDocumentFile	fileUrl	File URL	string		[]	[]	t	{"phpFunction":"GetCDNUrl","parameters":["cdnFile"]}	f		f	f	f	f	f		f
	clientDocumentFile	createdOnDate	Created On Date	string	[]	{"format":"date"}	[]	f	[]	f		f	f	f	f	f	Auto added field from syncronizer	f
	clientDocumentFile	createdOnTime	Created On Time	string	[]	{"format":"time"}	[]	f	[]	f		f	f	f	f	f	Auto added field from syncronizer	f
	clientDocumentFile	createdBy	Created By	refer	[]	{"object":"synapUser"}	[]	f	[]	f		f	f	f	t	f	Auto added field from syncronizer	f
	clientDocumentFile	clientDocumentId	clientDocument Id	refer	[]	{"object":"clientDocument"}	[]	f	[]	f		t	t	f	t	f	Auto added field from syncronizer	f
	clientDocumentFile	id	Id	string	[]	[]	[]	f	[]	f		f	f	f	f	t	Auto added field from syncronizer	f
	clientDocumentFile	tags	Tags	arrays	[]	[]	[]	f	[]	f		f	f	f	t	f	Auto added field from syncronizer	f
	clientDocumentFile	organizationId	Organization Id	refer	[]	{"object":"organization"}	[]	f	[]	f	\N	f	f	f	f	f	Auto added field from syncronizer	f
	clientDocumentFile	customProperty	custom Property	json	[]	[]	[]	f	[]	f		f	f	f	f	f	Auto added field from syncronizer	f
	clientDocumentFile	checksum	Checksum	string	[]	[]	[]	f	[]	f		f	f	f	f	f	Auto added field from syncronizer	f
	clientDocumentFile	objectPath	Object Path	string	[]	{"format":"ltree"}	[]	f	[]	f		f	f	f	f	f	Auto added field from syncronizer	f
	course	name	Course Name	string		[]	[]	f	[]	f		t	t	f	t	f		f
	course	fee	Course Fee	number		[]	[]	f	[]	f	0	t	f	f	t	f		f
	course	totalCustomFields	Total Custom Fields	string		[]	[]	t	{"phpFunction":"GetTotalCustomFields","parameters":["id"]}	f		f	f	f	t	f		f
	course	sessionCount	No of sessions	string		[]	[]	t	{"phpFunction":"GetCourseSessionCount","parameters":["id"]}	f		f	f	f	f	f		f
	course	registrantByRegistrantLimit	No of regByregLimit	string		[]	[]	t	{"phpFunction":"GetCourseRegByRegLimit","parameters":["id","registrantLimit"]}	f		f	f	f	f	f		f
	course	createdOnDate	Created On Date	string	[]	{"format":"date"}	[]	f	[]	f		f	f	f	f	f	Auto added field from syncronizer	f
	course	createdOnTime	Created On Time	string	[]	{"format":"time"}	[]	f	[]	f		f	f	f	f	f	Auto added field from syncronizer	f
	course	createdBy	Created By	refer	[]	{"object":"synapUser"}	[]	f	[]	f		f	f	f	t	f	Auto added field from syncronizer	f
	course	id	Id	string	[]	[]	[]	f	[]	f		f	f	f	f	t	Auto added field from syncronizer	f
	course	tags	Tags	arrays	[]	[]	[]	f	[]	f		f	f	f	t	f	Auto added field from syncronizer	f
	course	organizationId	Organization Id	refer	[]	{"object":"organization"}	[]	f	[]	f	\N	f	f	f	f	f	Auto added field from syncronizer	f
	course	customProperty	custom Property	json	[]	[]	[]	f	[]	f		f	f	f	f	f	Auto added field from syncronizer	f
	course	checksum	Checksum	string	[]	[]	[]	f	[]	f		f	f	f	f	f	Auto added field from syncronizer	f
	course	objectPath	Object Path	string	[]	{"format":"ltree"}	[]	f	[]	f		f	f	f	f	f	Auto added field from syncronizer	f
	courseCustomFieldDefinition	name	Name	string		[]	[]	f	[]	f		f	t	f	t	f		f
	courseCustomFieldDefinition	type	type	meta		{"object":"metaFieldDefinationType"}	[]	f	[]	f		f	t	f	t	f		f
	courseCustomFieldDefinition	createdOnDate	Created On Date	string	[]	{"format":"date"}	[]	f	[]	f		f	f	f	f	f	Auto added field from syncronizer	f
	courseCustomFieldDefinition	createdOnTime	Created On Time	string	[]	{"format":"time"}	[]	f	[]	f		f	f	f	f	f	Auto added field from syncronizer	f
	courseCustomFieldDefinition	createdBy	Created By	refer	[]	{"object":"synapUser"}	[]	f	[]	f		f	f	f	t	f	Auto added field from syncronizer	f
	courseCustomFieldDefinition	courseId	course Id	refer	[]	{"object":"course"}	[]	f	[]	f		t	t	f	t	f	Auto added field from syncronizer	f
	courseCustomFieldDefinition	id	Id	string	[]	[]	[]	f	[]	f		f	f	f	f	t	Auto added field from syncronizer	f
	courseCustomFieldDefinition	tags	Tags	arrays	[]	[]	[]	f	[]	f		f	f	f	t	f	Auto added field from syncronizer	f
	courseCustomFieldDefinition	organizationId	Organization Id	refer	[]	{"object":"organization"}	[]	f	[]	f	\N	f	f	f	f	f	Auto added field from syncronizer	f
	courseCustomFieldDefinition	customProperty	custom Property	json	[]	[]	[]	f	[]	f		f	f	f	f	f	Auto added field from syncronizer	f
	courseCustomFieldDefinition	checksum	Checksum	string	[]	[]	[]	f	[]	f		f	f	f	f	f	Auto added field from syncronizer	f
	courseCustomFieldDefinition	objectPath	Object Path	string	[]	{"format":"ltree"}	[]	f	[]	f		f	f	f	f	f	Auto added field from syncronizer	f
	courseParticipant	patientId	Patient ID	refer		{"object":"patient"}	[]	f	[]	f		f	t	f	t	f		f
	courseParticipant	feeCollected	Fee Collected	number		[]	[]	f	[]	f		f	f	f	t	f		f
	courseParticipant	status	Status	meta		{"object":"metaBasicStatus"}	[]	f	[]	f		f	t	f	t	f		f
	courseParticipant	paidDateTime	Paid Date Time	string		{"format":"timestamp"}	[]	f	[]	f		f	f	f	t	f		f
	courseParticipant	attendanceRatio	Attendance Ratio for given course	string		[]	[]	t	{"phpFunction":"GetCourseAttendanceRatio","parameters":["courseId","patientId"]}	f		f	f	f	f	f		f
	courseParticipant	createdOnDate	Created On Date	string	[]	{"format":"date"}	[]	f	[]	f		f	f	f	f	f	Auto added field from syncronizer	f
	courseParticipant	createdOnTime	Created On Time	string	[]	{"format":"time"}	[]	f	[]	f		f	f	f	f	f	Auto added field from syncronizer	f
	courseParticipant	createdBy	Created By	refer	[]	{"object":"synapUser"}	[]	f	[]	f		f	f	f	t	f	Auto added field from syncronizer	f
	courseParticipant	courseId	course Id	refer	[]	{"object":"course"}	[]	f	[]	f		t	t	f	t	f	Auto added field from syncronizer	f
	courseParticipant	id	Id	string	[]	[]	[]	f	[]	f		f	f	f	f	t	Auto added field from syncronizer	f
	courseParticipant	tags	Tags	arrays	[]	[]	[]	f	[]	f		f	f	f	t	f	Auto added field from syncronizer	f
	courseParticipant	organizationId	Organization Id	refer	[]	{"object":"organization"}	[]	f	[]	f	\N	f	f	f	f	f	Auto added field from syncronizer	f
	courseParticipant	customProperty	custom Property	json	[]	[]	[]	f	[]	f		f	f	f	f	f	Auto added field from syncronizer	f
	courseParticipant	checksum	Checksum	string	[]	[]	[]	f	[]	f		f	f	f	f	f	Auto added field from syncronizer	f
	courseParticipant	objectPath	Object Path	string	[]	{"format":"ltree"}	[]	f	[]	f		f	f	f	f	f	Auto added field from syncronizer	f
	courseSession	name	Name	string		[]	[]	f	[]	f		f	t	f	t	f		f
	courseSession	date	Date	string		{"format":"date"}	[]	f	[]	f		f	t	f	t	f		f
	courseSession	startTime	Start Time	string		{"format":"time"}	[]	f	[]	f		f	t	f	t	f		f
	courseSession	endTime	End Time	string		{"format":"time","minimval":"startTime"}	[]	f	[]	f		f	t	f	t	f		f
	courseSession	location	Location	string		[]	[]	f	[]	f		f	f	f	t	f		f
	courseSession	peopleAttended	People Attended	string		[]	[]	t	{"phpFunction":"getPeopleAttended","parameters":["id","courseId"]}	f		f	f	f	f	f		f
	courseSession	status	Course Session Status	meta		{"object":"metaBasicStatus"}	[]	f	[]	f		f	t	f	t	f		f
	courseSession	createdOnDate	Created On Date	string	[]	{"format":"date"}	[]	f	[]	f		f	f	f	f	f	Auto added field from syncronizer	f
	courseSession	createdOnTime	Created On Time	string	[]	{"format":"time"}	[]	f	[]	f		f	f	f	f	f	Auto added field from syncronizer	f
	courseSession	createdBy	Created By	refer	[]	{"object":"synapUser"}	[]	f	[]	f		f	f	f	t	f	Auto added field from syncronizer	f
	courseSession	courseId	course Id	refer	[]	{"object":"course"}	[]	f	[]	f		t	t	f	t	f	Auto added field from syncronizer	f
	courseSession	id	Id	string	[]	[]	[]	f	[]	f		f	f	f	f	t	Auto added field from syncronizer	f
	courseSession	tags	Tags	arrays	[]	[]	[]	f	[]	f		f	f	f	t	f	Auto added field from syncronizer	f
	courseSession	organizationId	Organization Id	refer	[]	{"object":"organization"}	[]	f	[]	f	\N	f	f	f	f	f	Auto added field from syncronizer	f
	courseSession	customProperty	custom Property	json	[]	[]	[]	f	[]	f		f	f	f	f	f	Auto added field from syncronizer	f
	courseSession	checksum	Checksum	string	[]	[]	[]	f	[]	f		f	f	f	f	f	Auto added field from syncronizer	f
	courseSession	objectPath	Object Path	string	[]	{"format":"ltree"}	[]	f	[]	f		f	f	f	f	f	Auto added field from syncronizer	f
	courseSessionAttendance	courseId	Course ID	refer		{"object":"course"}	[]	f	[]	f		f	t	f	f	f		f
	courseSessionAttendance	notes	Notes	string		{"maximLength":"-1"}	[]	f	[]	f		f	f	f	t	f		f
	courseSessionAttendance	patientId	Client Id	refer		{"object":"patient"}	[]	f	[]	f		f	t	f	f	f		f
	courseSessionAttendance	attended	Attended	bool		[]	[]	f	[]	f		f	t	f	t	f		f
	courseSessionAttendance	createdOnDate	Created On Date	string	[]	{"format":"date"}	[]	f	[]	f		f	f	f	f	f	Auto added field from syncronizer	f
	courseSessionAttendance	createdOnTime	Created On Time	string	[]	{"format":"time"}	[]	f	[]	f		f	f	f	f	f	Auto added field from syncronizer	f
	courseSessionAttendance	createdBy	Created By	refer	[]	{"object":"synapUser"}	[]	f	[]	f		f	f	f	t	f	Auto added field from syncronizer	f
	courseSessionAttendance	courseSessionId	courseSession Id	refer	[]	{"object":"courseSession"}	[]	f	[]	f		t	t	f	t	f	Auto added field from syncronizer	f
	courseSessionAttendance	id	Id	string	[]	[]	[]	f	[]	f		f	f	f	f	t	Auto added field from syncronizer	f
	courseSessionAttendance	tags	Tags	arrays	[]	[]	[]	f	[]	f		f	f	f	t	f	Auto added field from syncronizer	f
	courseSessionAttendance	organizationId	Organization Id	refer	[]	{"object":"organization"}	[]	f	[]	f	\N	f	f	f	f	f	Auto added field from syncronizer	f
	courseSessionAttendance	customProperty	custom Property	json	[]	[]	[]	f	[]	f		f	f	f	f	f	Auto added field from syncronizer	f
	courseSessionAttendance	checksum	Checksum	string	[]	[]	[]	f	[]	f		f	f	f	f	f	Auto added field from syncronizer	f
	courseSessionAttendance	objectPath	Object Path	string	[]	{"format":"ltree"}	[]	f	[]	f		f	f	f	f	f	Auto added field from syncronizer	f
	courseSessionCustomFieldValue	customFieldDefinition	Custom Field Defination	refer		{"object":"courseCustomFieldDefinition"}	[]	f	[]	f		f	t	f	t	f		f
	courseSessionCustomFieldValue	value	Value	string		[]	[]	f	[]	f		f	t	f	t	f		f
	courseSessionCustomFieldValue	createdOnDate	Created On Date	string	[]	{"format":"date"}	[]	f	[]	f		f	f	f	f	f	Auto added field from syncronizer	f
	courseSessionCustomFieldValue	createdOnTime	Created On Time	string	[]	{"format":"time"}	[]	f	[]	f		f	f	f	f	f	Auto added field from syncronizer	f
	courseSessionCustomFieldValue	createdBy	Created By	refer	[]	{"object":"synapUser"}	[]	f	[]	f		f	f	f	t	f	Auto added field from syncronizer	f
	courseSessionCustomFieldValue	courseSessionAttendanceId	courseSessionAttendance Id	refer	[]	{"object":"courseSessionAttendance"}	[]	f	[]	f		t	t	f	t	f	Auto added field from syncronizer	f
	courseSessionCustomFieldValue	id	Id	string	[]	[]	[]	f	[]	f		f	f	f	f	t	Auto added field from syncronizer	f
	courseSessionCustomFieldValue	tags	Tags	arrays	[]	[]	[]	f	[]	f		f	f	f	t	f	Auto added field from syncronizer	f
	courseSessionCustomFieldValue	organizationId	Organization Id	refer	[]	{"object":"organization"}	[]	f	[]	f	\N	f	f	f	f	f	Auto added field from syncronizer	f
	courseSessionCustomFieldValue	customProperty	custom Property	json	[]	[]	[]	f	[]	f		f	f	f	f	f	Auto added field from syncronizer	f
	courseSessionCustomFieldValue	checksum	Checksum	string	[]	[]	[]	f	[]	f		f	f	f	f	f	Auto added field from syncronizer	f
	courseSessionCustomFieldValue	objectPath	Object Path	string	[]	{"format":"ltree"}	[]	f	[]	f		f	f	f	f	f	Auto added field from syncronizer	f
	dataExportRequest	dataFamily	Data Family	meta		{"object":"metaDataFamily"}	[]	f	[]	f		f	t	f	t	f		f
	dataExportRequest	pateintId	Patient ID	refer		{"object":"patient"}	[]	f	[]	f		f	f	f	f	f		f
	dataExportRequest	otherDataTables	Other Data Tables	json		[]	[]	f	[]	f		f	f	f	f	f		f
	dataExportRequest	exportData	Export Data	cdnUrlPrivate		{"fileExt":"json"}	[]	f	[]	f		f	f	f	t	f		f
	dataExportRequest	createdOnDate	Created On Date	string	[]	{"format":"date"}	[]	f	[]	f		f	f	f	f	f	Auto added field from syncronizer	f
	dataExportRequest	createdOnTime	Created On Time	string	[]	{"format":"time"}	[]	f	[]	f		f	f	f	f	f	Auto added field from syncronizer	f
	dataExportRequest	createdBy	Created By	refer	[]	{"object":"synapUser"}	[]	f	[]	f		f	f	f	t	f	Auto added field from syncronizer	f
	dataExportRequest	id	Id	string	[]	[]	[]	f	[]	f		f	f	f	f	t	Auto added field from syncronizer	f
	dataExportRequest	tags	Tags	arrays	[]	[]	[]	f	[]	f		f	f	f	t	f	Auto added field from syncronizer	f
	dataExportRequest	organizationId	Organization Id	refer	[]	{"object":"organization"}	[]	f	[]	f	\N	f	f	f	f	f	Auto added field from syncronizer	f
	dataExportRequest	customProperty	custom Property	json	[]	[]	[]	f	[]	f		f	f	f	f	f	Auto added field from syncronizer	f
	dataExportRequest	checksum	Checksum	string	[]	[]	[]	f	[]	f		f	f	f	f	f	Auto added field from syncronizer	f
	dataExportRequest	objectPath	Object Path	string	[]	{"format":"ltree"}	[]	f	[]	f		f	f	f	f	f	Auto added field from syncronizer	f
	dataImportRequest	importData	Import Data	cdnUrlPrivate		{"extension":["json","txt"],"minSize":"0","maxSize":"50000000"}	[]	f	[]	f		f	t	f	f	f		f
	dataImportRequest	status	Status	string		[]	[]	f	[]	f		f	f	f	f	f		f
	dataImportRequest	createdOnDate	Created On Date	string	[]	{"format":"date"}	[]	f	[]	f		f	f	f	f	f	Auto added field from syncronizer	f
	dataImportRequest	createdOnTime	Created On Time	string	[]	{"format":"time"}	[]	f	[]	f		f	f	f	f	f	Auto added field from syncronizer	f
	dataImportRequest	createdBy	Created By	refer	[]	{"object":"synapUser"}	[]	f	[]	f		f	f	f	t	f	Auto added field from syncronizer	f
	dataImportRequest	id	Id	string	[]	[]	[]	f	[]	f		f	f	f	f	t	Auto added field from syncronizer	f
	dataImportRequest	tags	Tags	arrays	[]	[]	[]	f	[]	f		f	f	f	t	f	Auto added field from syncronizer	f
	dataImportRequest	organizationId	Organization Id	refer	[]	{"object":"organization"}	[]	f	[]	f	\N	f	f	f	f	f	Auto added field from syncronizer	f
	dataImportRequest	customProperty	custom Property	json	[]	[]	[]	f	[]	f		f	f	f	f	f	Auto added field from syncronizer	f
	dataImportRequest	checksum	Checksum	string	[]	[]	[]	f	[]	f		f	f	f	f	f	Auto added field from syncronizer	f
	dataImportRequest	objectPath	Object Path	string	[]	{"format":"ltree"}	[]	f	[]	f		f	f	f	f	f	Auto added field from syncronizer	f
	housingUpgrade	reference	Reference	string		[]	[]	f	[]	f		f	t	f	t	f		f
	housingUpgrade	upgradeType	Upgradation Type	meta		{"object":"metaHousingUpgradeType"}	[]	f	[]	f		f	t	f	t	f		f
	housingUpgrade	startDate	Start Date	string		{"format":"date"}	[]	f	[]	f		f	t	f	t	f		f
	housingUpgrade	completionDate	Completion Date	string		{"format":"date","minimval":"startDate"}	[]	f	[]	f		f	f	f	t	f		f
	housingUpgrade	address1	Address1	string		[]	[]	f	[]	f		f	t	f	t	f		f
	housingUpgrade	address2	Address2	string		[]	[]	f	[]	f		f	f	f	t	f		f
	housingUpgrade	city	City	string		[]	[]	f	[]	f		f	t	f	t	f		f
	housingUpgrade	state	State	meta		{"object":"metaState"}	[]	f	[]	f		f	t	f	t	f		f
	housingUpgrade	zip	Zip	string		[]	[]	f	[]	f		f	t	f	t	f		f
	housingUpgrade	notes	Notes	string		{"maximLength":"-1"}	[]	f	[]	f		f	f	f	t	f		f
	housingUpgrade	assignedUser	Assigned User	refer		{"object":"organizationEmployee"}	[]	f	[]	f		f	t	f	t	f		f
	housingUpgrade	status	Status	meta		{"object":"metaHousingUpgradeStatus"}	[]	f	[]	f		f	t	f	t	f		f
	housingUpgrade	createdOnDate	Created On Date	string	[]	{"format":"date"}	[]	f	[]	f		f	f	f	f	f	Auto added field from syncronizer	f
	housingUpgrade	createdOnTime	Created On Time	string	[]	{"format":"time"}	[]	f	[]	f		f	f	f	f	f	Auto added field from syncronizer	f
	housingUpgrade	createdBy	Created By	refer	[]	{"object":"synapUser"}	[]	f	[]	f		f	f	f	t	f	Auto added field from syncronizer	f
	housingUpgrade	patientId	patient Id	refer	[]	{"object":"patient"}	[]	f	[]	f		t	t	f	t	f	Auto added field from syncronizer	f
	housingUpgrade	id	Id	string	[]	[]	[]	f	[]	f		f	f	f	f	t	Auto added field from syncronizer	f
	housingUpgrade	tags	Tags	arrays	[]	[]	[]	f	[]	f		f	f	f	t	f	Auto added field from syncronizer	f
	housingUpgrade	organizationId	Organization Id	refer	[]	{"object":"organization"}	[]	f	[]	f	\N	f	f	f	f	f	Auto added field from syncronizer	f
	housingUpgrade	customProperty	custom Property	json	[]	[]	[]	f	[]	f		f	f	f	f	f	Auto added field from syncronizer	f
	housingUpgrade	checksum	Checksum	string	[]	[]	[]	f	[]	f		f	f	f	f	f	Auto added field from syncronizer	f
	housingUpgrade	objectPath	Object Path	string	[]	{"format":"ltree"}	[]	f	[]	f		f	f	f	f	f	Auto added field from syncronizer	f
	kchProgram	programName	program name	string		[]	[]	f	[]	f		t	t	f	t	f		f
	kchProgram	readOnly	Read Only	bool		[]	[]	f	[]	f	0	f	f	f	f	f		f
	kchProgram	shortName	Short Name	string		[]	[]	f	[]	f		t	t	f	t	t		f
	kchProgram	createdOnDate	Created On Date	string	[]	{"format":"date"}	[]	f	[]	f		f	f	f	f	f	Auto added field from syncronizer	f
	kchProgram	createdOnTime	Created On Time	string	[]	{"format":"time"}	[]	f	[]	f		f	f	f	f	f	Auto added field from syncronizer	f
	kchProgram	createdBy	Created By	refer	[]	{"object":"synapUser"}	[]	f	[]	f		f	f	f	t	f	Auto added field from syncronizer	f
	kchProgram	id	Id	string	[]	[]	[]	f	[]	f		f	f	f	f	t	Auto added field from syncronizer	f
	kchProgram	tags	Tags	arrays	[]	[]	[]	f	[]	f		f	f	f	t	f	Auto added field from syncronizer	f
	kchProgram	organizationId	Organization Id	refer	[]	{"object":"organization"}	[]	f	[]	f	\N	f	f	f	f	f	Auto added field from syncronizer	f
	kchProgram	customProperty	custom Property	json	[]	[]	[]	f	[]	f		f	f	f	f	f	Auto added field from syncronizer	f
	kchProgram	checksum	Checksum	string	[]	[]	[]	f	[]	f		f	f	f	f	f	Auto added field from syncronizer	f
	kchProgram	objectPath	Object Path	string	[]	{"format":"ltree"}	[]	f	[]	f		f	f	f	f	f	Auto added field from syncronizer	f
	kchProgramAssignment	programId	Program	refer		{"object":"kchProgram"}	[]	f	[]	f		t	t	f	f	f		f
	kchProgramAssignment	createdOnDate	Created On Date	string	[]	{"format":"date"}	[]	f	[]	f		f	f	f	f	f	Auto added field from syncronizer	f
	kchProgramAssignment	createdOnTime	Created On Time	string	[]	{"format":"time"}	[]	f	[]	f		f	f	f	f	f	Auto added field from syncronizer	f
	kchProgramAssignment	createdBy	Created By	refer	[]	{"object":"synapUser"}	[]	f	[]	f		f	f	f	t	f	Auto added field from syncronizer	f
	kchProgramAssignment	patientId	patient Id	refer	[]	{"object":"patient"}	[]	f	[]	f		t	t	f	t	f	Auto added field from syncronizer	f
	kchProgramAssignment	id	Id	string	[]	[]	[]	f	[]	f		f	f	f	f	t	Auto added field from syncronizer	f
	kchProgramAssignment	tags	Tags	arrays	[]	[]	[]	f	[]	f		f	f	f	t	f	Auto added field from syncronizer	f
	kchProgramAssignment	organizationId	Organization Id	refer	[]	{"object":"organization"}	[]	f	[]	f	\N	f	f	f	f	f	Auto added field from syncronizer	f
	kchProgramAssignment	customProperty	custom Property	json	[]	[]	[]	f	[]	f		f	f	f	f	f	Auto added field from syncronizer	f
	kchProgramAssignment	checksum	Checksum	string	[]	[]	[]	f	[]	f		f	f	f	f	f	Auto added field from syncronizer	f
	kchProgramAssignment	objectPath	Object Path	string	[]	{"format":"ltree"}	[]	f	[]	f		f	f	f	f	f	Auto added field from syncronizer	f
	metaAddressType	value	Value	meta		{"object":"metaLabel"}	[]	f	[]	f		f	t	f	f	f		f
	metaAddressType	description	Description	string		{"maximLength":"-1"}	[]	f	[]	f		f	f	f	f	f		f
	metaAddressType	code	Code	string		[]	[]	f	[]	f		f	f	f	f	f		f
	metaAddressType	codeHl7	Code HL7	string		[]	[]	f	[]	f		f	f	f	f	f		f
	metaAddressType	valueOrder	Value Order	number		[]	[]	f	[]	f	0	f	f	f	f	f		f
	metaAddressType	createdOnDate	Created On Date	string	[]	{"format":"date"}	[]	f	[]	f		f	f	f	f	f	Auto added field from syncronizer	f
	metaAddressType	createdOnTime	Created On Time	string	[]	{"format":"time"}	[]	f	[]	f		f	f	f	f	f	Auto added field from syncronizer	f
	metaAddressType	createdBy	Created By	refer	[]	{"object":"synapUser"}	[]	f	[]	f		f	f	f	t	f	Auto added field from syncronizer	f
	metaAddressType	id	Id	string	[]	[]	[]	f	[]	f		f	f	f	f	t	Auto added field from syncronizer	f
	metaAddressType	tags	Tags	arrays	[]	[]	[]	f	[]	f		f	f	f	t	f	Auto added field from syncronizer	f
	metaAddressType	organizationId	Organization Id	refer	[]	{"object":"organization"}	[]	f	[]	f	\N	f	f	f	f	f	Auto added field from syncronizer	f
	metaAddressType	customProperty	custom Property	json	[]	[]	[]	f	[]	f		f	f	f	f	f	Auto added field from syncronizer	f
	metaAddressType	checksum	Checksum	string	[]	[]	[]	f	[]	f		f	f	f	f	f	Auto added field from syncronizer	f
	metaAddressType	objectPath	Object Path	string	[]	{"format":"ltree"}	[]	f	[]	f		f	f	f	f	f	Auto added field from syncronizer	f
	metaAllergySeverity	value	Value	meta		{"object":"metaLabel"}	[]	f	[]	f		f	t	f	f	f		f
	metaAllergySeverity	icon	Icon	cdnUrlPublic		{"fileType":"smallImage"}	[]	f	[]	f		f	f	f	f	f		f
	metaAllergySeverity	createdOnDate	Created On Date	string	[]	{"format":"date"}	[]	f	[]	f		f	f	f	f	f	Auto added field from syncronizer	f
	metaAllergySeverity	createdOnTime	Created On Time	string	[]	{"format":"time"}	[]	f	[]	f		f	f	f	f	f	Auto added field from syncronizer	f
	metaAllergySeverity	createdBy	Created By	refer	[]	{"object":"synapUser"}	[]	f	[]	f		f	f	f	t	f	Auto added field from syncronizer	f
	metaAllergySeverity	id	Id	string	[]	[]	[]	f	[]	f		f	f	f	f	t	Auto added field from syncronizer	f
	metaAllergySeverity	tags	Tags	arrays	[]	[]	[]	f	[]	f		f	f	f	t	f	Auto added field from syncronizer	f
	metaAllergySeverity	organizationId	Organization Id	refer	[]	{"object":"organization"}	[]	f	[]	f	\N	f	f	f	f	f	Auto added field from syncronizer	f
	metaAllergySeverity	customProperty	custom Property	json	[]	[]	[]	f	[]	f		f	f	f	f	f	Auto added field from syncronizer	f
	metaAllergySeverity	checksum	Checksum	string	[]	[]	[]	f	[]	f		f	f	f	f	f	Auto added field from syncronizer	f
	metaAllergySeverity	objectPath	Object Path	string	[]	{"format":"ltree"}	[]	f	[]	f		f	f	f	f	f	Auto added field from syncronizer	f
	metaAllergyType	value	Value	meta		{"object":"metaLabel"}	[]	f	[]	f		f	t	f	f	f		f
	metaAllergyType	createdOnDate	Created On Date	string	[]	{"format":"date"}	[]	f	[]	f		f	f	f	f	f	Auto added field from syncronizer	f
	metaAllergyType	createdOnTime	Created On Time	string	[]	{"format":"time"}	[]	f	[]	f		f	f	f	f	f	Auto added field from syncronizer	f
	metaAllergyType	createdBy	Created By	refer	[]	{"object":"synapUser"}	[]	f	[]	f		f	f	f	t	f	Auto added field from syncronizer	f
	metaAllergyType	id	Id	string	[]	[]	[]	f	[]	f		f	f	f	f	t	Auto added field from syncronizer	f
	metaAllergyType	tags	Tags	arrays	[]	[]	[]	f	[]	f		f	f	f	t	f	Auto added field from syncronizer	f
	metaAllergyType	organizationId	Organization Id	refer	[]	{"object":"organization"}	[]	f	[]	f	\N	f	f	f	f	f	Auto added field from syncronizer	f
	metaAllergyType	customProperty	custom Property	json	[]	[]	[]	f	[]	f		f	f	f	f	f	Auto added field from syncronizer	f
	metaAllergyType	checksum	Checksum	string	[]	[]	[]	f	[]	f		f	f	f	f	f	Auto added field from syncronizer	f
	metaAllergyType	objectPath	Object Path	string	[]	{"format":"ltree"}	[]	f	[]	f		f	f	f	f	f	Auto added field from syncronizer	f
	metaBasicStatus	value	Value	string		[]	[]	f	[]	f		t	t	f	t	f		f
	metaBasicStatus	createdOnDate	Created On Date	string	[]	{"format":"date"}	[]	f	[]	f		f	f	f	f	f	Auto added field from syncronizer	f
	metaBasicStatus	createdOnTime	Created On Time	string	[]	{"format":"time"}	[]	f	[]	f		f	f	f	f	f	Auto added field from syncronizer	f
	metaBasicStatus	createdBy	Created By	refer	[]	{"object":"synapUser"}	[]	f	[]	f		f	f	f	t	f	Auto added field from syncronizer	f
	metaBasicStatus	id	Id	string	[]	[]	[]	f	[]	f		f	f	f	f	t	Auto added field from syncronizer	f
	metaBasicStatus	tags	Tags	arrays	[]	[]	[]	f	[]	f		f	f	f	t	f	Auto added field from syncronizer	f
	metaBasicStatus	organizationId	Organization Id	refer	[]	{"object":"organization"}	[]	f	[]	f	\N	f	f	f	f	f	Auto added field from syncronizer	f
	metaBasicStatus	customProperty	custom Property	json	[]	[]	[]	f	[]	f		f	f	f	f	f	Auto added field from syncronizer	f
	metaBasicStatus	checksum	Checksum	string	[]	[]	[]	f	[]	f		f	f	f	f	f	Auto added field from syncronizer	f
	metaBasicStatus	objectPath	Object Path	string	[]	{"format":"ltree"}	[]	f	[]	f		f	f	f	f	f	Auto added field from syncronizer	f
	metaBloodPressureUnit	value	Value	string		[]	[]	f	[]	f		f	t	f	f	f		f
	metaBloodPressureUnit	createdOnDate	Created On Date	string	[]	{"format":"date"}	[]	f	[]	f		f	f	f	f	f	Auto added field from syncronizer	f
	metaBloodPressureUnit	createdOnTime	Created On Time	string	[]	{"format":"time"}	[]	f	[]	f		f	f	f	f	f	Auto added field from syncronizer	f
	metaBloodPressureUnit	createdBy	Created By	refer	[]	{"object":"synapUser"}	[]	f	[]	f		f	f	f	t	f	Auto added field from syncronizer	f
	metaBloodPressureUnit	id	Id	string	[]	[]	[]	f	[]	f		f	f	f	f	t	Auto added field from syncronizer	f
	metaBloodPressureUnit	tags	Tags	arrays	[]	[]	[]	f	[]	f		f	f	f	t	f	Auto added field from syncronizer	f
	metaBloodPressureUnit	organizationId	Organization Id	refer	[]	{"object":"organization"}	[]	f	[]	f	\N	f	f	f	f	f	Auto added field from syncronizer	f
	metaBloodPressureUnit	customProperty	custom Property	json	[]	[]	[]	f	[]	f		f	f	f	f	f	Auto added field from syncronizer	f
	metaBloodPressureUnit	checksum	Checksum	string	[]	[]	[]	f	[]	f		f	f	f	f	f	Auto added field from syncronizer	f
	metaBloodPressureUnit	objectPath	Object Path	string	[]	{"format":"ltree"}	[]	f	[]	f		f	f	f	f	f	Auto added field from syncronizer	f
	metaCareContinuityDocumentType	value	Value	string		[]	[]	f	[]	f		f	t	f	f	f		f
	metaCareContinuityDocumentType	xsltFileName	XSLT File Name	string		[]	[]	f	[]	f		f	t	f	f	f		f
	metaCareContinuityDocumentType	XsltFileUrl	XSLT File URL	string		[]	[]	t	{"phpFunction":"GetCDNUrl","parameters":["xsltFileName"]}	f		f	f	f	f	f		f
	metaCareContinuityDocumentType	rootElement	Root Element	string		[]	[]	f	[]	f		f	t	f	f	f		f
	metaCareContinuityDocumentType	createdOnDate	Created On Date	string	[]	{"format":"date"}	[]	f	[]	f		f	f	f	f	f	Auto added field from syncronizer	f
	metaCareContinuityDocumentType	createdOnTime	Created On Time	string	[]	{"format":"time"}	[]	f	[]	f		f	f	f	f	f	Auto added field from syncronizer	f
	metaCareContinuityDocumentType	createdBy	Created By	refer	[]	{"object":"synapUser"}	[]	f	[]	f		f	f	f	t	f	Auto added field from syncronizer	f
	metaCareContinuityDocumentType	id	Id	string	[]	[]	[]	f	[]	f		f	f	f	f	t	Auto added field from syncronizer	f
	metaCareContinuityDocumentType	tags	Tags	arrays	[]	[]	[]	f	[]	f		f	f	f	t	f	Auto added field from syncronizer	f
	metaCareContinuityDocumentType	organizationId	Organization Id	refer	[]	{"object":"organization"}	[]	f	[]	f	\N	f	f	f	f	f	Auto added field from syncronizer	f
	metaCareContinuityDocumentType	customProperty	custom Property	json	[]	[]	[]	f	[]	f		f	f	f	f	f	Auto added field from syncronizer	f
	metaCareContinuityDocumentType	checksum	Checksum	string	[]	[]	[]	f	[]	f		f	f	f	f	f	Auto added field from syncronizer	f
	metaCareContinuityDocumentType	objectPath	Object Path	string	[]	{"format":"ltree"}	[]	f	[]	f		f	f	f	f	f	Auto added field from syncronizer	f
	metaCcdaExportLogType	value	Value	meta		{"object":"metaLabel"}	[]	f	[]	f		t	t	f	f	f		f
	metaCcdaExportLogType	createdOnDate	Created On Date	string	[]	{"format":"date"}	[]	f	[]	f		f	f	f	f	f	Auto added field from syncronizer	f
	metaCcdaExportLogType	createdOnTime	Created On Time	string	[]	{"format":"time"}	[]	f	[]	f		f	f	f	f	f	Auto added field from syncronizer	f
	metaCcdaExportLogType	createdBy	Created By	refer	[]	{"object":"synapUser"}	[]	f	[]	f		f	f	f	t	f	Auto added field from syncronizer	f
	metaCcdaExportLogType	id	Id	string	[]	[]	[]	f	[]	f		f	f	f	f	t	Auto added field from syncronizer	f
	metaCcdaExportLogType	tags	Tags	arrays	[]	[]	[]	f	[]	f		f	f	f	t	f	Auto added field from syncronizer	f
	metaCcdaExportLogType	organizationId	Organization Id	refer	[]	{"object":"organization"}	[]	f	[]	f	\N	f	f	f	f	f	Auto added field from syncronizer	f
	metaCcdaExportLogType	customProperty	custom Property	json	[]	[]	[]	f	[]	f		f	f	f	f	f	Auto added field from syncronizer	f
	metaCcdaExportLogType	checksum	Checksum	string	[]	[]	[]	f	[]	f		f	f	f	f	f	Auto added field from syncronizer	f
	metaCcdaExportLogType	objectPath	Object Path	string	[]	{"format":"ltree"}	[]	f	[]	f		f	f	f	f	f	Auto added field from syncronizer	f
	metaCcdaExportStatus	value	Value	meta		{"object":"metaLabel"}	[]	f	[]	f		f	t	f	f	f		f
	metaCcdaExportStatus	createdOnDate	Created On Date	string	[]	{"format":"date"}	[]	f	[]	f		f	f	f	f	f	Auto added field from syncronizer	f
	metaCountry	customProperty	custom Property	json	[]	[]	[]	f	[]	f		f	f	f	f	f	Auto added field from syncronizer	f
	metaCcdaExportStatus	createdOnTime	Created On Time	string	[]	{"format":"time"}	[]	f	[]	f		f	f	f	f	f	Auto added field from syncronizer	f
	metaCcdaExportStatus	createdBy	Created By	refer	[]	{"object":"synapUser"}	[]	f	[]	f		f	f	f	t	f	Auto added field from syncronizer	f
	metaCcdaExportStatus	id	Id	string	[]	[]	[]	f	[]	f		f	f	f	f	t	Auto added field from syncronizer	f
	metaCcdaExportStatus	tags	Tags	arrays	[]	[]	[]	f	[]	f		f	f	f	t	f	Auto added field from syncronizer	f
	metaCcdaExportStatus	organizationId	Organization Id	refer	[]	{"object":"organization"}	[]	f	[]	f	\N	f	f	f	f	f	Auto added field from syncronizer	f
	metaCcdaExportStatus	customProperty	custom Property	json	[]	[]	[]	f	[]	f		f	f	f	f	f	Auto added field from syncronizer	f
	metaCcdaExportStatus	checksum	Checksum	string	[]	[]	[]	f	[]	f		f	f	f	f	f	Auto added field from syncronizer	f
	metaCcdaExportStatus	objectPath	Object Path	string	[]	{"format":"ltree"}	[]	f	[]	f		f	f	f	f	f	Auto added field from syncronizer	f
	metaCcdaSections	value	Value	meta		{"object":"metaLabel"}	[]	f	[]	f		f	t	f	f	f		f
	metaCcdaSections	createdOnDate	Created On Date	string	[]	{"format":"date"}	[]	f	[]	f		f	f	f	f	f	Auto added field from syncronizer	f
	metaCcdaSections	createdOnTime	Created On Time	string	[]	{"format":"time"}	[]	f	[]	f		f	f	f	f	f	Auto added field from syncronizer	f
	metaCcdaSections	createdBy	Created By	refer	[]	{"object":"synapUser"}	[]	f	[]	f		f	f	f	t	f	Auto added field from syncronizer	f
	metaCcdaSections	id	Id	string	[]	[]	[]	f	[]	f		f	f	f	f	t	Auto added field from syncronizer	f
	metaCcdaSections	tags	Tags	arrays	[]	[]	[]	f	[]	f		f	f	f	t	f	Auto added field from syncronizer	f
	metaCcdaSections	organizationId	Organization Id	refer	[]	{"object":"organization"}	[]	f	[]	f	\N	f	f	f	f	f	Auto added field from syncronizer	f
	metaCcdaSections	customProperty	custom Property	json	[]	[]	[]	f	[]	f		f	f	f	f	f	Auto added field from syncronizer	f
	metaCcdaSections	checksum	Checksum	string	[]	[]	[]	f	[]	f		f	f	f	f	f	Auto added field from syncronizer	f
	metaCcdaSections	objectPath	Object Path	string	[]	{"format":"ltree"}	[]	f	[]	f		f	f	f	f	f	Auto added field from syncronizer	f
	metaClinicalDocumentType	value	Value	string		[]	[]	f	[]	f		f	t	f	f	f		f
	metaClinicalDocumentType	availableOnEncounter	Available On Encounter	bool		[]	[]	f	[]	f	1	t	f	f	t	f		f
	metaClinicalDocumentType	createdOnDate	Created On Date	string	[]	{"format":"date"}	[]	f	[]	f		f	f	f	f	f	Auto added field from syncronizer	f
	metaClinicalDocumentType	createdOnTime	Created On Time	string	[]	{"format":"time"}	[]	f	[]	f		f	f	f	f	f	Auto added field from syncronizer	f
	metaClinicalDocumentType	createdBy	Created By	refer	[]	{"object":"synapUser"}	[]	f	[]	f		f	f	f	t	f	Auto added field from syncronizer	f
	metaClinicalDocumentType	id	Id	string	[]	[]	[]	f	[]	f		f	f	f	f	t	Auto added field from syncronizer	f
	metaClinicalDocumentType	tags	Tags	arrays	[]	[]	[]	f	[]	f		f	f	f	t	f	Auto added field from syncronizer	f
	metaClinicalDocumentType	organizationId	Organization Id	refer	[]	{"object":"organization"}	[]	f	[]	f	\N	f	f	f	f	f	Auto added field from syncronizer	f
	metaClinicalDocumentType	customProperty	custom Property	json	[]	[]	[]	f	[]	f		f	f	f	f	f	Auto added field from syncronizer	f
	metaClinicalDocumentType	checksum	Checksum	string	[]	[]	[]	f	[]	f		f	f	f	f	f	Auto added field from syncronizer	f
	metaClinicalDocumentType	objectPath	Object Path	string	[]	{"format":"ltree"}	[]	f	[]	f		f	f	f	f	f	Auto added field from syncronizer	f
	metaCommunicationMode	value	Value	meta		{"object":"metaLabel"}	[]	f	[]	f		f	t	f	f	f		f
	metaCommunicationMode	createdOnDate	Created On Date	string	[]	{"format":"date"}	[]	f	[]	f		f	f	f	f	f	Auto added field from syncronizer	f
	metaCommunicationMode	createdOnTime	Created On Time	string	[]	{"format":"time"}	[]	f	[]	f		f	f	f	f	f	Auto added field from syncronizer	f
	metaCommunicationMode	createdBy	Created By	refer	[]	{"object":"synapUser"}	[]	f	[]	f		f	f	f	t	f	Auto added field from syncronizer	f
	metaCommunicationMode	id	Id	string	[]	[]	[]	f	[]	f		f	f	f	f	t	Auto added field from syncronizer	f
	metaCommunicationMode	tags	Tags	arrays	[]	[]	[]	f	[]	f		f	f	f	t	f	Auto added field from syncronizer	f
	metaCommunicationMode	organizationId	Organization Id	refer	[]	{"object":"organization"}	[]	f	[]	f	\N	f	f	f	f	f	Auto added field from syncronizer	f
	metaCommunicationMode	customProperty	custom Property	json	[]	[]	[]	f	[]	f		f	f	f	f	f	Auto added field from syncronizer	f
	metaCommunicationMode	checksum	Checksum	string	[]	[]	[]	f	[]	f		f	f	f	f	f	Auto added field from syncronizer	f
	metaCommunicationMode	objectPath	Object Path	string	[]	{"format":"ltree"}	[]	f	[]	f		f	f	f	f	f	Auto added field from syncronizer	f
	metaContactType	value	Value	meta		{"object":"metaLabel"}	[]	f	[]	f		t	t	f	f	f		f
	metaContactType	valueOrder	Value Order	number		[]	[]	f	[]	f	0	f	f	f	t	f		f
	metaContactType	createdOnDate	Created On Date	string	[]	{"format":"date"}	[]	f	[]	f		f	f	f	f	f	Auto added field from syncronizer	f
	metaContactType	createdOnTime	Created On Time	string	[]	{"format":"time"}	[]	f	[]	f		f	f	f	f	f	Auto added field from syncronizer	f
	metaContactType	createdBy	Created By	refer	[]	{"object":"synapUser"}	[]	f	[]	f		f	f	f	t	f	Auto added field from syncronizer	f
	metaContactType	id	Id	string	[]	[]	[]	f	[]	f		f	f	f	f	t	Auto added field from syncronizer	f
	metaContactType	tags	Tags	arrays	[]	[]	[]	f	[]	f		f	f	f	t	f	Auto added field from syncronizer	f
	metaContactType	organizationId	Organization Id	refer	[]	{"object":"organization"}	[]	f	[]	f	\N	f	f	f	f	f	Auto added field from syncronizer	f
	metaContactType	customProperty	custom Property	json	[]	[]	[]	f	[]	f		f	f	f	f	f	Auto added field from syncronizer	f
	metaContactType	checksum	Checksum	string	[]	[]	[]	f	[]	f		f	f	f	f	f	Auto added field from syncronizer	f
	metaContactType	objectPath	Object Path	string	[]	{"format":"ltree"}	[]	f	[]	f		f	f	f	f	f	Auto added field from syncronizer	f
	metaCountry	value	Value	meta		{"object":"metaLabel"}	[]	f	[]	f		t	t	f	f	f		f
	metaCountry	createdOnDate	Created On Date	string	[]	{"format":"date"}	[]	f	[]	f		f	f	f	f	f	Auto added field from syncronizer	f
	metaCountry	createdOnTime	Created On Time	string	[]	{"format":"time"}	[]	f	[]	f		f	f	f	f	f	Auto added field from syncronizer	f
	metaCountry	createdBy	Created By	refer	[]	{"object":"synapUser"}	[]	f	[]	f		f	f	f	t	f	Auto added field from syncronizer	f
	metaCountry	id	Id	string	[]	[]	[]	f	[]	f		f	f	f	f	t	Auto added field from syncronizer	f
	metaCountry	tags	Tags	arrays	[]	[]	[]	f	[]	f		f	f	f	t	f	Auto added field from syncronizer	f
	metaCountry	organizationId	Organization Id	refer	[]	{"object":"organization"}	[]	f	[]	f	\N	f	f	f	f	f	Auto added field from syncronizer	f
	metaWorklistStatus	uiHidden	UI Hidden	bool		[]	[]	f	[]	f	0	f	f	f	t	f		f
	metaCountry	checksum	Checksum	string	[]	[]	[]	f	[]	f		f	f	f	f	f	Auto added field from syncronizer	f
	metaCountry	objectPath	Object Path	string	[]	{"format":"ltree"}	[]	f	[]	f		f	f	f	f	f	Auto added field from syncronizer	f
	metaDataFamily	value	Value	string		[]	[]	f	[]	f		f	t	f	t	f		f
	metaDataFamily	createdOnDate	Created On Date	string	[]	{"format":"date"}	[]	f	[]	f		f	f	f	f	f	Auto added field from syncronizer	f
	metaDataFamily	createdOnTime	Created On Time	string	[]	{"format":"time"}	[]	f	[]	f		f	f	f	f	f	Auto added field from syncronizer	f
	metaDataFamily	createdBy	Created By	refer	[]	{"object":"synapUser"}	[]	f	[]	f		f	f	f	t	f	Auto added field from syncronizer	f
	metaDataFamily	id	Id	string	[]	[]	[]	f	[]	f		f	f	f	f	t	Auto added field from syncronizer	f
	metaDataFamily	tags	Tags	arrays	[]	[]	[]	f	[]	f		f	f	f	t	f	Auto added field from syncronizer	f
	metaDataFamily	organizationId	Organization Id	refer	[]	{"object":"organization"}	[]	f	[]	f	\N	f	f	f	f	f	Auto added field from syncronizer	f
	metaDataFamily	customProperty	custom Property	json	[]	[]	[]	f	[]	f		f	f	f	f	f	Auto added field from syncronizer	f
	metaDataFamily	checksum	Checksum	string	[]	[]	[]	f	[]	f		f	f	f	f	f	Auto added field from syncronizer	f
	metaDataFamily	objectPath	Object Path	string	[]	{"format":"ltree"}	[]	f	[]	f		f	f	f	f	f	Auto added field from syncronizer	f
	metaDayOfWeek	value	Value	meta		{"object":"metaLabel"}	[]	f	[]	f		f	f	f	t	f		f
	metaDayOfWeek	createdOnDate	Created On Date	string	[]	{"format":"date"}	[]	f	[]	f		f	f	f	f	f	Auto added field from syncronizer	f
	metaDayOfWeek	createdOnTime	Created On Time	string	[]	{"format":"time"}	[]	f	[]	f		f	f	f	f	f	Auto added field from syncronizer	f
	metaDayOfWeek	createdBy	Created By	refer	[]	{"object":"synapUser"}	[]	f	[]	f		f	f	f	t	f	Auto added field from syncronizer	f
	metaDayOfWeek	id	Id	string	[]	[]	[]	f	[]	f		f	f	f	f	t	Auto added field from syncronizer	f
	metaDayOfWeek	tags	Tags	arrays	[]	[]	[]	f	[]	f		f	f	f	t	f	Auto added field from syncronizer	f
	metaDayOfWeek	organizationId	Organization Id	refer	[]	{"object":"organization"}	[]	f	[]	f	\N	f	f	f	f	f	Auto added field from syncronizer	f
	metaDayOfWeek	customProperty	custom Property	json	[]	[]	[]	f	[]	f		f	f	f	f	f	Auto added field from syncronizer	f
	metaDayOfWeek	checksum	Checksum	string	[]	[]	[]	f	[]	f		f	f	f	f	f	Auto added field from syncronizer	f
	metaDayOfWeek	objectPath	Object Path	string	[]	{"format":"ltree"}	[]	f	[]	f		f	f	f	f	f	Auto added field from syncronizer	f
	metaDefaultStatus	value	value	string		[]	[]	f	[]	f		f	t	f	t	f		f
	metaDefaultStatus	createdOnDate	Created On Date	string	[]	{"format":"date"}	[]	f	[]	f		f	f	f	f	f	Auto added field from syncronizer	f
	metaDefaultStatus	createdOnTime	Created On Time	string	[]	{"format":"time"}	[]	f	[]	f		f	f	f	f	f	Auto added field from syncronizer	f
	metaDefaultStatus	createdBy	Created By	refer	[]	{"object":"synapUser"}	[]	f	[]	f		f	f	f	t	f	Auto added field from syncronizer	f
	metaDefaultStatus	id	Id	string	[]	[]	[]	f	[]	f		f	f	f	f	t	Auto added field from syncronizer	f
	metaDefaultStatus	tags	Tags	arrays	[]	[]	[]	f	[]	f		f	f	f	t	f	Auto added field from syncronizer	f
	metaDefaultStatus	organizationId	Organization Id	refer	[]	{"object":"organization"}	[]	f	[]	f	\N	f	f	f	f	f	Auto added field from syncronizer	f
	metaDefaultStatus	customProperty	custom Property	json	[]	[]	[]	f	[]	f		f	f	f	f	f	Auto added field from syncronizer	f
	metaDefaultStatus	checksum	Checksum	string	[]	[]	[]	f	[]	f		f	f	f	f	f	Auto added field from syncronizer	f
	metaDefaultStatus	objectPath	Object Path	string	[]	{"format":"ltree"}	[]	f	[]	f		f	f	f	f	f	Auto added field from syncronizer	f
	metaDiagnosticCode	code	Code	string		[]	[]	f	[]	f		t	f	f	t	f		f
	metaDiagnosticCode	icd10LongDesc	ICD-10 Long Description	string		{"maximLength":"-1"}	[]	f	[]	f		t	t	f	t	f		f
	metaDiagnosticCode	icd10ShortDesc	ICD-10 Short Description	string		{"maximLength":"-1"}	[]	f	[]	f		t	t	f	t	f		f
	metaDiagnosticCode	icd9	ICD-9	json		[]	[]	f	[]	f		t	f	f	t	f		f
	metaDiagnosticCode	dsmCode	DSM Code	string		[]	[]	f	[]	f		t	f	f	t	f		f
	metaDiagnosticCode	dsmDesc	DSM Description	string		[]	[]	f	[]	f		t	f	f	t	f		f
	metaDiagnosticCode	snomedDesc	SNOMED Description	json		[]	[]	f	[]	f		t	t	f	t	f		f
	metaDiagnosticCode	isLeafNode	Is Leaf Node	bool		[]	[]	f	[]	f	0	f	f	f	t	f		f
	metaDiagnosticCode	createdOnDate	Created On Date	string	[]	{"format":"date"}	[]	f	[]	f		f	f	f	f	f	Auto added field from syncronizer	f
	metaDiagnosticCode	createdOnTime	Created On Time	string	[]	{"format":"time"}	[]	f	[]	f		f	f	f	f	f	Auto added field from syncronizer	f
	metaDiagnosticCode	createdBy	Created By	refer	[]	{"object":"synapUser"}	[]	f	[]	f		f	f	f	t	f	Auto added field from syncronizer	f
	metaDiagnosticCode	id	Id	string	[]	[]	[]	f	[]	f		f	f	f	f	t	Auto added field from syncronizer	f
	metaDiagnosticCode	tags	Tags	arrays	[]	[]	[]	f	[]	f		f	f	f	t	f	Auto added field from syncronizer	f
	metaDiagnosticCode	organizationId	Organization Id	refer	[]	{"object":"organization"}	[]	f	[]	f	\N	f	f	f	f	f	Auto added field from syncronizer	f
	metaDiagnosticCode	customProperty	custom Property	json	[]	[]	[]	f	[]	f		f	f	f	f	f	Auto added field from syncronizer	f
	metaDiagnosticCode	checksum	Checksum	string	[]	[]	[]	f	[]	f		f	f	f	f	f	Auto added field from syncronizer	f
	metaDiagnosticCode	objectPath	Object Path	string	[]	{"format":"ltree"}	[]	f	[]	f		f	f	f	f	f	Auto added field from syncronizer	f
	metaEmployeeStatus	value	Value	string		[]	[]	f	[]	f		f	t	f	f	f		f
	metaEmployeeStatus	status	Status	string		[]	[]	f	[]	f		f	t	f	f	f		f
	metaEmployeeStatus	createdOnDate	Created On Date	string	[]	{"format":"date"}	[]	f	[]	f		f	f	f	f	f	Auto added field from syncronizer	f
	metaEmployeeStatus	createdOnTime	Created On Time	string	[]	{"format":"time"}	[]	f	[]	f		f	f	f	f	f	Auto added field from syncronizer	f
	metaEmployeeStatus	createdBy	Created By	refer	[]	{"object":"synapUser"}	[]	f	[]	f		f	f	f	t	f	Auto added field from syncronizer	f
	metaEmployeeStatus	id	Id	string	[]	[]	[]	f	[]	f		f	f	f	f	t	Auto added field from syncronizer	f
	metaEmployeeStatus	tags	Tags	arrays	[]	[]	[]	f	[]	f		f	f	f	t	f	Auto added field from syncronizer	f
	metaEmployeeStatus	organizationId	Organization Id	refer	[]	{"object":"organization"}	[]	f	[]	f	\N	f	f	f	f	f	Auto added field from syncronizer	f
	metaEmployeeStatus	customProperty	custom Property	json	[]	[]	[]	f	[]	f		f	f	f	f	f	Auto added field from syncronizer	f
	metaEmployeeStatus	checksum	Checksum	string	[]	[]	[]	f	[]	f		f	f	f	f	f	Auto added field from syncronizer	f
	metaEmployeeStatus	objectPath	Object Path	string	[]	{"format":"ltree"}	[]	f	[]	f		f	f	f	f	f	Auto added field from syncronizer	f
	metaEmploymentStatus	value	Value	meta		{"object":"metaLabel"}	[]	f	[]	f		f	t	f	f	f		f
	metaEmploymentStatus	valueOrder	Value Order	number		[]	[]	f	[]	f	0	f	f	f	f	f		f
	metaEmploymentStatus	createdOnDate	Created On Date	string	[]	{"format":"date"}	[]	f	[]	f		f	f	f	f	f	Auto added field from syncronizer	f
	metaEmploymentStatus	createdOnTime	Created On Time	string	[]	{"format":"time"}	[]	f	[]	f		f	f	f	f	f	Auto added field from syncronizer	f
	metaEmploymentStatus	createdBy	Created By	refer	[]	{"object":"synapUser"}	[]	f	[]	f		f	f	f	t	f	Auto added field from syncronizer	f
	metaEmploymentStatus	id	Id	string	[]	[]	[]	f	[]	f		f	f	f	f	t	Auto added field from syncronizer	f
	metaEmploymentStatus	tags	Tags	arrays	[]	[]	[]	f	[]	f		f	f	f	t	f	Auto added field from syncronizer	f
	metaEmploymentStatus	organizationId	Organization Id	refer	[]	{"object":"organization"}	[]	f	[]	f	\N	f	f	f	f	f	Auto added field from syncronizer	f
	metaEmploymentStatus	customProperty	custom Property	json	[]	[]	[]	f	[]	f		f	f	f	f	f	Auto added field from syncronizer	f
	metaEmploymentStatus	checksum	Checksum	string	[]	[]	[]	f	[]	f		f	f	f	f	f	Auto added field from syncronizer	f
	metaEmploymentStatus	objectPath	Object Path	string	[]	{"format":"ltree"}	[]	f	[]	f		f	f	f	f	f	Auto added field from syncronizer	f
	metaEthnicity	value	Value	string		[]	[]	f	[]	f		f	t	f	f	f		f
	metaEthnicity	code	Code	string		[]	[]	f	[]	f		f	f	f	f	f		f
	metaEthnicity	valueOrder	Value Order	number		[]	[]	f	[]	f	0	f	f	f	f	f		f
	metaEthnicity	createdOnDate	Created On Date	string	[]	{"format":"date"}	[]	f	[]	f		f	f	f	f	f	Auto added field from syncronizer	f
	metaEthnicity	createdOnTime	Created On Time	string	[]	{"format":"time"}	[]	f	[]	f		f	f	f	f	f	Auto added field from syncronizer	f
	metaEthnicity	createdBy	Created By	refer	[]	{"object":"synapUser"}	[]	f	[]	f		f	f	f	t	f	Auto added field from syncronizer	f
	metaEthnicity	id	Id	string	[]	[]	[]	f	[]	f		f	f	f	f	t	Auto added field from syncronizer	f
	metaEthnicity	tags	Tags	arrays	[]	[]	[]	f	[]	f		f	f	f	t	f	Auto added field from syncronizer	f
	metaEthnicity	organizationId	Organization Id	refer	[]	{"object":"organization"}	[]	f	[]	f	\N	f	f	f	f	f	Auto added field from syncronizer	f
	metaEthnicity	customProperty	custom Property	json	[]	[]	[]	f	[]	f		f	f	f	f	f	Auto added field from syncronizer	f
	metaEthnicity	checksum	Checksum	string	[]	[]	[]	f	[]	f		f	f	f	f	f	Auto added field from syncronizer	f
	metaEthnicity	objectPath	Object Path	string	[]	{"format":"ltree"}	[]	f	[]	f		f	f	f	f	f	Auto added field from syncronizer	f
	metaFamilyRelationship	value	Value	string		[]	[]	f	[]	f		f	t	f	f	f		f
	metaFamilyRelationship	sortOrder	Sort Order	number		[]	[]	f	[]	f		f	t	f	f	f		f
	metaFamilyRelationship	createdOnDate	Created On Date	string	[]	{"format":"date"}	[]	f	[]	f		f	f	f	f	f	Auto added field from syncronizer	f
	metaFamilyRelationship	createdOnTime	Created On Time	string	[]	{"format":"time"}	[]	f	[]	f		f	f	f	f	f	Auto added field from syncronizer	f
	metaFamilyRelationship	createdBy	Created By	refer	[]	{"object":"synapUser"}	[]	f	[]	f		f	f	f	t	f	Auto added field from syncronizer	f
	metaFamilyRelationship	id	Id	string	[]	[]	[]	f	[]	f		f	f	f	f	t	Auto added field from syncronizer	f
	metaFamilyRelationship	tags	Tags	arrays	[]	[]	[]	f	[]	f		f	f	f	t	f	Auto added field from syncronizer	f
	metaFamilyRelationship	organizationId	Organization Id	refer	[]	{"object":"organization"}	[]	f	[]	f	\N	f	f	f	f	f	Auto added field from syncronizer	f
	metaFamilyRelationship	customProperty	custom Property	json	[]	[]	[]	f	[]	f		f	f	f	f	f	Auto added field from syncronizer	f
	metaFamilyRelationship	checksum	Checksum	string	[]	[]	[]	f	[]	f		f	f	f	f	f	Auto added field from syncronizer	f
	metaFamilyRelationship	objectPath	Object Path	string	[]	{"format":"ltree"}	[]	f	[]	f		f	f	f	f	f	Auto added field from syncronizer	f
	metaFieldDefinationType	value	Value	string		[]	[]	f	[]	f		t	t	f	t	f		f
	metaFieldDefinationType	createdOnDate	Created On Date	string	[]	{"format":"date"}	[]	f	[]	f		f	f	f	f	f	Auto added field from syncronizer	f
	metaFieldDefinationType	createdOnTime	Created On Time	string	[]	{"format":"time"}	[]	f	[]	f		f	f	f	f	f	Auto added field from syncronizer	f
	metaFieldDefinationType	createdBy	Created By	refer	[]	{"object":"synapUser"}	[]	f	[]	f		f	f	f	t	f	Auto added field from syncronizer	f
	metaFieldDefinationType	id	Id	string	[]	[]	[]	f	[]	f		f	f	f	f	t	Auto added field from syncronizer	f
	metaFieldDefinationType	tags	Tags	arrays	[]	[]	[]	f	[]	f		f	f	f	t	f	Auto added field from syncronizer	f
	metaFieldDefinationType	organizationId	Organization Id	refer	[]	{"object":"organization"}	[]	f	[]	f	\N	f	f	f	f	f	Auto added field from syncronizer	f
	metaFieldDefinationType	customProperty	custom Property	json	[]	[]	[]	f	[]	f		f	f	f	f	f	Auto added field from syncronizer	f
	metaFieldDefinationType	checksum	Checksum	string	[]	[]	[]	f	[]	f		f	f	f	f	f	Auto added field from syncronizer	f
	metaFieldDefinationType	objectPath	Object Path	string	[]	{"format":"ltree"}	[]	f	[]	f		f	f	f	f	f	Auto added field from syncronizer	f
	metaGender	value	Value	string		[]	[]	f	[]	f		f	t	f	f	f		f
	metaGender	code	Code	string		[]	[]	f	[]	f		f	f	f	f	f		f
	metaGender	ediCode	EDI Code	string		[]	[]	f	[]	f		f	t	f	t	f		f
	metaGender	createdOnDate	Created On Date	string	[]	{"format":"date"}	[]	f	[]	f		f	f	f	f	f	Auto added field from syncronizer	f
	metaGender	createdOnTime	Created On Time	string	[]	{"format":"time"}	[]	f	[]	f		f	f	f	f	f	Auto added field from syncronizer	f
	metaGender	createdBy	Created By	refer	[]	{"object":"synapUser"}	[]	f	[]	f		f	f	f	t	f	Auto added field from syncronizer	f
	metaGender	id	Id	string	[]	[]	[]	f	[]	f		f	f	f	f	t	Auto added field from syncronizer	f
	metaGender	tags	Tags	arrays	[]	[]	[]	f	[]	f		f	f	f	t	f	Auto added field from syncronizer	f
	metaGender	organizationId	Organization Id	refer	[]	{"object":"organization"}	[]	f	[]	f	\N	f	f	f	f	f	Auto added field from syncronizer	f
	metaGender	customProperty	custom Property	json	[]	[]	[]	f	[]	f		f	f	f	f	f	Auto added field from syncronizer	f
	metaGender	checksum	Checksum	string	[]	[]	[]	f	[]	f		f	f	f	f	f	Auto added field from syncronizer	f
	metaGender	objectPath	Object Path	string	[]	{"format":"ltree"}	[]	f	[]	f		f	f	f	f	f	Auto added field from syncronizer	f
	metaHeightUnit	value	Value	string		[]	[]	f	[]	f		f	t	f	f	f		f
	metaHeightUnit	createdOnDate	Created On Date	string	[]	{"format":"date"}	[]	f	[]	f		f	f	f	f	f	Auto added field from syncronizer	f
	metaHeightUnit	createdOnTime	Created On Time	string	[]	{"format":"time"}	[]	f	[]	f		f	f	f	f	f	Auto added field from syncronizer	f
	metaHeightUnit	createdBy	Created By	refer	[]	{"object":"synapUser"}	[]	f	[]	f		f	f	f	t	f	Auto added field from syncronizer	f
	metaHeightUnit	id	Id	string	[]	[]	[]	f	[]	f		f	f	f	f	t	Auto added field from syncronizer	f
	metaHeightUnit	tags	Tags	arrays	[]	[]	[]	f	[]	f		f	f	f	t	f	Auto added field from syncronizer	f
	metaHeightUnit	organizationId	Organization Id	refer	[]	{"object":"organization"}	[]	f	[]	f	\N	f	f	f	f	f	Auto added field from syncronizer	f
	metaHeightUnit	customProperty	custom Property	json	[]	[]	[]	f	[]	f		f	f	f	f	f	Auto added field from syncronizer	f
	metaHeightUnit	checksum	Checksum	string	[]	[]	[]	f	[]	f		f	f	f	f	f	Auto added field from syncronizer	f
	metaHeightUnit	objectPath	Object Path	string	[]	{"format":"ltree"}	[]	f	[]	f		f	f	f	f	f	Auto added field from syncronizer	f
	metaHouseholdIncomeLevel	value	Value	string		[]	[]	f	[]	f		f	t	f	f	f		f
	metaHouseholdIncomeLevel	createdOnDate	Created On Date	string	[]	{"format":"date"}	[]	f	[]	f		f	f	f	f	f	Auto added field from syncronizer	f
	metaHouseholdIncomeLevel	createdOnTime	Created On Time	string	[]	{"format":"time"}	[]	f	[]	f		f	f	f	f	f	Auto added field from syncronizer	f
	metaHouseholdIncomeLevel	createdBy	Created By	refer	[]	{"object":"synapUser"}	[]	f	[]	f		f	f	f	t	f	Auto added field from syncronizer	f
	metaHouseholdIncomeLevel	id	Id	string	[]	[]	[]	f	[]	f		f	f	f	f	t	Auto added field from syncronizer	f
	metaHouseholdIncomeLevel	tags	Tags	arrays	[]	[]	[]	f	[]	f		f	f	f	t	f	Auto added field from syncronizer	f
	metaHouseholdIncomeLevel	organizationId	Organization Id	refer	[]	{"object":"organization"}	[]	f	[]	f	\N	f	f	f	f	f	Auto added field from syncronizer	f
	metaHouseholdIncomeLevel	customProperty	custom Property	json	[]	[]	[]	f	[]	f		f	f	f	f	f	Auto added field from syncronizer	f
	metaHouseholdIncomeLevel	checksum	Checksum	string	[]	[]	[]	f	[]	f		f	f	f	f	f	Auto added field from syncronizer	f
	metaHouseholdIncomeLevel	objectPath	Object Path	string	[]	{"format":"ltree"}	[]	f	[]	f		f	f	f	f	f	Auto added field from syncronizer	f
	metaHousingStatus	value	Value	string		[]	[]	f	[]	f		f	t	f	f	f		f
	metaHousingStatus	valueOrder	Value Order	number		[]	[]	f	[]	f	0	f	f	f	f	f		f
	metaHousingStatus	createdOnDate	Created On Date	string	[]	{"format":"date"}	[]	f	[]	f		f	f	f	f	f	Auto added field from syncronizer	f
	metaHousingStatus	createdOnTime	Created On Time	string	[]	{"format":"time"}	[]	f	[]	f		f	f	f	f	f	Auto added field from syncronizer	f
	metaHousingStatus	createdBy	Created By	refer	[]	{"object":"synapUser"}	[]	f	[]	f		f	f	f	t	f	Auto added field from syncronizer	f
	metaHousingStatus	id	Id	string	[]	[]	[]	f	[]	f		f	f	f	f	t	Auto added field from syncronizer	f
	metaHousingStatus	tags	Tags	arrays	[]	[]	[]	f	[]	f		f	f	f	t	f	Auto added field from syncronizer	f
	metaHousingStatus	organizationId	Organization Id	refer	[]	{"object":"organization"}	[]	f	[]	f	\N	f	f	f	f	f	Auto added field from syncronizer	f
	metaHousingStatus	customProperty	custom Property	json	[]	[]	[]	f	[]	f		f	f	f	f	f	Auto added field from syncronizer	f
	metaHousingStatus	checksum	Checksum	string	[]	[]	[]	f	[]	f		f	f	f	f	f	Auto added field from syncronizer	f
	metaHousingStatus	objectPath	Object Path	string	[]	{"format":"ltree"}	[]	f	[]	f		f	f	f	f	f	Auto added field from syncronizer	f
	metaHousingUpgradeStatus	value	Value	string		[]	[]	f	[]	f		f	t	f	t	f		f
	metaHousingUpgradeStatus	createdOnDate	Created On Date	string	[]	{"format":"date"}	[]	f	[]	f		f	f	f	f	f	Auto added field from syncronizer	f
	metaHousingUpgradeStatus	createdOnTime	Created On Time	string	[]	{"format":"time"}	[]	f	[]	f		f	f	f	f	f	Auto added field from syncronizer	f
	metaHousingUpgradeStatus	createdBy	Created By	refer	[]	{"object":"synapUser"}	[]	f	[]	f		f	f	f	t	f	Auto added field from syncronizer	f
	metaHousingUpgradeStatus	id	Id	string	[]	[]	[]	f	[]	f		f	f	f	f	t	Auto added field from syncronizer	f
	metaHousingUpgradeStatus	tags	Tags	arrays	[]	[]	[]	f	[]	f		f	f	f	t	f	Auto added field from syncronizer	f
	metaHousingUpgradeStatus	organizationId	Organization Id	refer	[]	{"object":"organization"}	[]	f	[]	f	\N	f	f	f	f	f	Auto added field from syncronizer	f
	metaHousingUpgradeStatus	customProperty	custom Property	json	[]	[]	[]	f	[]	f		f	f	f	f	f	Auto added field from syncronizer	f
	metaHousingUpgradeStatus	checksum	Checksum	string	[]	[]	[]	f	[]	f		f	f	f	f	f	Auto added field from syncronizer	f
	metaHousingUpgradeStatus	objectPath	Object Path	string	[]	{"format":"ltree"}	[]	f	[]	f		f	f	f	f	f	Auto added field from syncronizer	f
	metaHousingUpgradeType	value	Value	string		[]	[]	f	[]	f		f	t	f	t	f		f
	metaHousingUpgradeType	createdOnDate	Created On Date	string	[]	{"format":"date"}	[]	f	[]	f		f	f	f	f	f	Auto added field from syncronizer	f
	metaHousingUpgradeType	createdOnTime	Created On Time	string	[]	{"format":"time"}	[]	f	[]	f		f	f	f	f	f	Auto added field from syncronizer	f
	metaHousingUpgradeType	createdBy	Created By	refer	[]	{"object":"synapUser"}	[]	f	[]	f		f	f	f	t	f	Auto added field from syncronizer	f
	metaHousingUpgradeType	id	Id	string	[]	[]	[]	f	[]	f		f	f	f	f	t	Auto added field from syncronizer	f
	metaHousingUpgradeType	tags	Tags	arrays	[]	[]	[]	f	[]	f		f	f	f	t	f	Auto added field from syncronizer	f
	metaHousingUpgradeType	organizationId	Organization Id	refer	[]	{"object":"organization"}	[]	f	[]	f	\N	f	f	f	f	f	Auto added field from syncronizer	f
	metaHousingUpgradeType	customProperty	custom Property	json	[]	[]	[]	f	[]	f		f	f	f	f	f	Auto added field from syncronizer	f
	metaHousingUpgradeType	checksum	Checksum	string	[]	[]	[]	f	[]	f		f	f	f	f	f	Auto added field from syncronizer	f
	metaHousingUpgradeType	objectPath	Object Path	string	[]	{"format":"ltree"}	[]	f	[]	f		f	f	f	f	f	Auto added field from syncronizer	f
	metaIdType	value	Value	string		[]	[]	f	[]	f		f	t	f	f	f		f
	metaIdType	createdOnDate	Created On Date	string	[]	{"format":"date"}	[]	f	[]	f		f	f	f	f	f	Auto added field from syncronizer	f
	metaIdType	createdOnTime	Created On Time	string	[]	{"format":"time"}	[]	f	[]	f		f	f	f	f	f	Auto added field from syncronizer	f
	metaIdType	createdBy	Created By	refer	[]	{"object":"synapUser"}	[]	f	[]	f		f	f	f	t	f	Auto added field from syncronizer	f
	metaIdType	id	Id	string	[]	[]	[]	f	[]	f		f	f	f	f	t	Auto added field from syncronizer	f
	metaIdType	tags	Tags	arrays	[]	[]	[]	f	[]	f		f	f	f	t	f	Auto added field from syncronizer	f
	metaIdType	organizationId	Organization Id	refer	[]	{"object":"organization"}	[]	f	[]	f	\N	f	f	f	f	f	Auto added field from syncronizer	f
	metaIdType	customProperty	custom Property	json	[]	[]	[]	f	[]	f		f	f	f	f	f	Auto added field from syncronizer	f
	metaIdType	checksum	Checksum	string	[]	[]	[]	f	[]	f		f	f	f	f	f	Auto added field from syncronizer	f
	metaIdType	objectPath	Object Path	string	[]	{"format":"ltree"}	[]	f	[]	f		f	f	f	f	f	Auto added field from syncronizer	f
	metaLabel	value	Value	string		[]	[]	f	[]	f		f	t	f	f	f		f
	metaLabel	createdOnDate	Created On Date	string	[]	{"format":"date"}	[]	f	[]	f		f	f	f	f	f	Auto added field from syncronizer	f
	metaLabel	createdOnTime	Created On Time	string	[]	{"format":"time"}	[]	f	[]	f		f	f	f	f	f	Auto added field from syncronizer	f
	metaLabel	createdBy	Created By	refer	[]	{"object":"synapUser"}	[]	f	[]	f		f	f	f	t	f	Auto added field from syncronizer	f
	metaLabel	id	Id	string	[]	[]	[]	f	[]	f		f	f	f	f	t	Auto added field from syncronizer	f
	metaLabel	tags	Tags	arrays	[]	[]	[]	f	[]	f		f	f	f	t	f	Auto added field from syncronizer	f
	metaLabel	organizationId	Organization Id	refer	[]	{"object":"organization"}	[]	f	[]	f	\N	f	f	f	f	f	Auto added field from syncronizer	f
	metaLabel	customProperty	custom Property	json	[]	[]	[]	f	[]	f		f	f	f	f	f	Auto added field from syncronizer	f
	metaLabel	checksum	Checksum	string	[]	[]	[]	f	[]	f		f	f	f	f	f	Auto added field from syncronizer	f
	metaLabel	objectPath	Object Path	string	[]	{"format":"ltree"}	[]	f	[]	f		f	f	f	f	f	Auto added field from syncronizer	f
	metaLabelDetail	metaLanguageId	Language ID	meta		{"object":"metaLanguage"}	[]	f	[]	f		f	f	f	t	t		f
	metaLabelDetail	helpText	Help Text	string		[]	[]	f	[]	f		f	f	f	t	f		f
	metaLabelDetail	pluralValue	Plural Value	string		[]	[]	f	[]	f		f	f	f	t	f		f
	metaLabelDetail	singularValue	SIngular Value	string		[]	[]	f	[]	f		f	t	f	t	f		f
	metaLabelDetail	createdOnDate	Created On Date	string	[]	{"format":"date"}	[]	f	[]	f		f	f	f	f	f	Auto added field from syncronizer	f
	metaLabelDetail	createdOnTime	Created On Time	string	[]	{"format":"time"}	[]	f	[]	f		f	f	f	f	f	Auto added field from syncronizer	f
	metaLabelDetail	createdBy	Created By	refer	[]	{"object":"synapUser"}	[]	f	[]	f		f	f	f	t	f	Auto added field from syncronizer	f
	metaLabelDetail	metaLabelId	metaLabel Id	refer	[]	{"object":"metaLabel"}	[]	f	[]	f		t	t	f	t	f	Auto added field from syncronizer	f
	metaLabelDetail	id	Id	string	[]	[]	[]	f	[]	f		f	f	f	f	t	Auto added field from syncronizer	f
	metaLabelDetail	tags	Tags	arrays	[]	[]	[]	f	[]	f		f	f	f	t	f	Auto added field from syncronizer	f
	metaLabelDetail	organizationId	Organization Id	refer	[]	{"object":"organization"}	[]	f	[]	f	\N	f	f	f	f	f	Auto added field from syncronizer	f
	metaLabelDetail	customProperty	custom Property	json	[]	[]	[]	f	[]	f		f	f	f	f	f	Auto added field from syncronizer	f
	metaLabelDetail	checksum	Checksum	string	[]	[]	[]	f	[]	f		f	f	f	f	f	Auto added field from syncronizer	f
	metaLabelDetail	objectPath	Object Path	string	[]	{"format":"ltree"}	[]	f	[]	f		f	f	f	f	f	Auto added field from syncronizer	f
	metaLanguage	value	Value	string		[]	[]	f	[]	f		f	t	f	f	f		f
	metaLanguage	code	Code	string		[]	[]	f	[]	f		f	f	f	f	f		f
	metaLanguage	valueOrder	Value Order	number		[]	[]	f	[]	f	0	f	f	f	f	f		f
	metaLanguage	createdOnDate	Created On Date	string	[]	{"format":"date"}	[]	f	[]	f		f	f	f	f	f	Auto added field from syncronizer	f
	metaLanguage	createdOnTime	Created On Time	string	[]	{"format":"time"}	[]	f	[]	f		f	f	f	f	f	Auto added field from syncronizer	f
	metaLanguage	createdBy	Created By	refer	[]	{"object":"synapUser"}	[]	f	[]	f		f	f	f	t	f	Auto added field from syncronizer	f
	metaLanguage	id	Id	string	[]	[]	[]	f	[]	f		f	f	f	f	t	Auto added field from syncronizer	f
	metaLanguage	tags	Tags	arrays	[]	[]	[]	f	[]	f		f	f	f	t	f	Auto added field from syncronizer	f
	metaLanguage	organizationId	Organization Id	refer	[]	{"object":"organization"}	[]	f	[]	f	\N	f	f	f	f	f	Auto added field from syncronizer	f
	metaLanguage	customProperty	custom Property	json	[]	[]	[]	f	[]	f		f	f	f	f	f	Auto added field from syncronizer	f
	metaLanguage	checksum	Checksum	string	[]	[]	[]	f	[]	f		f	f	f	f	f	Auto added field from syncronizer	f
	metaLanguage	objectPath	Object Path	string	[]	{"format":"ltree"}	[]	f	[]	f		f	f	f	f	f	Auto added field from syncronizer	f
	metaMaritalStatus	value	Value	string		[]	[]	f	[]	f		f	t	f	f	f		f
	metaMaritalStatus	code	Code	string		[]	[]	f	[]	f		f	f	f	f	f		f
	metaMaritalStatus	valueOrder	Value Order	number		[]	[]	f	[]	f	0	f	f	f	f	f		f
	metaMaritalStatus	createdOnDate	Created On Date	string	[]	{"format":"date"}	[]	f	[]	f		f	f	f	f	f	Auto added field from syncronizer	f
	metaMaritalStatus	createdOnTime	Created On Time	string	[]	{"format":"time"}	[]	f	[]	f		f	f	f	f	f	Auto added field from syncronizer	f
	metaMaritalStatus	createdBy	Created By	refer	[]	{"object":"synapUser"}	[]	f	[]	f		f	f	f	t	f	Auto added field from syncronizer	f
	metaMaritalStatus	id	Id	string	[]	[]	[]	f	[]	f		f	f	f	f	t	Auto added field from syncronizer	f
	metaMaritalStatus	tags	Tags	arrays	[]	[]	[]	f	[]	f		f	f	f	t	f	Auto added field from syncronizer	f
	metaMaritalStatus	organizationId	Organization Id	refer	[]	{"object":"organization"}	[]	f	[]	f	\N	f	f	f	f	f	Auto added field from syncronizer	f
	metaMaritalStatus	customProperty	custom Property	json	[]	[]	[]	f	[]	f		f	f	f	f	f	Auto added field from syncronizer	f
	metaMaritalStatus	checksum	Checksum	string	[]	[]	[]	f	[]	f		f	f	f	f	f	Auto added field from syncronizer	f
	metaMaritalStatus	objectPath	Object Path	string	[]	{"format":"ltree"}	[]	f	[]	f		f	f	f	f	f	Auto added field from syncronizer	f
	metaMedicationDeliveryRoute	value	Value	string		[]	[]	f	[]	f		f	t	f	t	f		f
	metaMedicationDeliveryRoute	createdOnDate	Created On Date	string	[]	{"format":"date"}	[]	f	[]	f		f	f	f	f	f	Auto added field from syncronizer	f
	metaMedicationDeliveryRoute	createdOnTime	Created On Time	string	[]	{"format":"time"}	[]	f	[]	f		f	f	f	f	f	Auto added field from syncronizer	f
	metaMedicationDeliveryRoute	createdBy	Created By	refer	[]	{"object":"synapUser"}	[]	f	[]	f		f	f	f	t	f	Auto added field from syncronizer	f
	metaMedicationDeliveryRoute	id	Id	string	[]	[]	[]	f	[]	f		f	f	f	f	t	Auto added field from syncronizer	f
	metaMedicationDeliveryRoute	tags	Tags	arrays	[]	[]	[]	f	[]	f		f	f	f	t	f	Auto added field from syncronizer	f
	metaMedicationDeliveryRoute	organizationId	Organization Id	refer	[]	{"object":"organization"}	[]	f	[]	f	\N	f	f	f	f	f	Auto added field from syncronizer	f
	metaMedicationDeliveryRoute	customProperty	custom Property	json	[]	[]	[]	f	[]	f		f	f	f	f	f	Auto added field from syncronizer	f
	metaMedicationDeliveryRoute	checksum	Checksum	string	[]	[]	[]	f	[]	f		f	f	f	f	f	Auto added field from syncronizer	f
	metaState	id	Id	string	[]	[]	[]	f	[]	f		f	f	f	f	t	Auto added field from syncronizer	f
	metaMedicationDeliveryRoute	objectPath	Object Path	string	[]	{"format":"ltree"}	[]	f	[]	f		f	f	f	f	f	Auto added field from syncronizer	f
	metaMilitaryStatus	value	Value	meta		{"object":"metaLabel"}	[]	f	[]	f		f	t	f	f	f		f
	metaMilitaryStatus	valueOrder	Value Order	number		[]	[]	f	[]	f	0	f	f	f	f	f		f
	metaMilitaryStatus	createdOnDate	Created On Date	string	[]	{"format":"date"}	[]	f	[]	f		f	f	f	f	f	Auto added field from syncronizer	f
	organizationDivision	billingProviderFirstName	Billing Provider First Name	string		[]	[]	f	[]	f		f	f	f	t	f		f
	metaMilitaryStatus	createdOnTime	Created On Time	string	[]	{"format":"time"}	[]	f	[]	f		f	f	f	f	f	Auto added field from syncronizer	f
	metaMilitaryStatus	createdBy	Created By	refer	[]	{"object":"synapUser"}	[]	f	[]	f		f	f	f	t	f	Auto added field from syncronizer	f
	metaMilitaryStatus	id	Id	string	[]	[]	[]	f	[]	f		f	f	f	f	t	Auto added field from syncronizer	f
	metaMilitaryStatus	tags	Tags	arrays	[]	[]	[]	f	[]	f		f	f	f	t	f	Auto added field from syncronizer	f
	metaMilitaryStatus	organizationId	Organization Id	refer	[]	{"object":"organization"}	[]	f	[]	f	\N	f	f	f	f	f	Auto added field from syncronizer	f
	metaMilitaryStatus	customProperty	custom Property	json	[]	[]	[]	f	[]	f		f	f	f	f	f	Auto added field from syncronizer	f
	metaMilitaryStatus	checksum	Checksum	string	[]	[]	[]	f	[]	f		f	f	f	f	f	Auto added field from syncronizer	f
	metaMilitaryStatus	objectPath	Object Path	string	[]	{"format":"ltree"}	[]	f	[]	f		f	f	f	f	f	Auto added field from syncronizer	f
	metaPainLevel	value	Value	number		[]	[]	f	[]	f		f	t	f	f	f		f
	metaPainLevel	createdOnDate	Created On Date	string	[]	{"format":"date"}	[]	f	[]	f		f	f	f	f	f	Auto added field from syncronizer	f
	metaPainLevel	createdOnTime	Created On Time	string	[]	{"format":"time"}	[]	f	[]	f		f	f	f	f	f	Auto added field from syncronizer	f
	metaPainLevel	createdBy	Created By	refer	[]	{"object":"synapUser"}	[]	f	[]	f		f	f	f	t	f	Auto added field from syncronizer	f
	metaPainLevel	id	Id	string	[]	[]	[]	f	[]	f		f	f	f	f	t	Auto added field from syncronizer	f
	metaPainLevel	tags	Tags	arrays	[]	[]	[]	f	[]	f		f	f	f	t	f	Auto added field from syncronizer	f
	metaPainLevel	organizationId	Organization Id	refer	[]	{"object":"organization"}	[]	f	[]	f	\N	f	f	f	f	f	Auto added field from syncronizer	f
	metaPainLevel	customProperty	custom Property	json	[]	[]	[]	f	[]	f		f	f	f	f	f	Auto added field from syncronizer	f
	metaPainLevel	checksum	Checksum	string	[]	[]	[]	f	[]	f		f	f	f	f	f	Auto added field from syncronizer	f
	metaPainLevel	objectPath	Object Path	string	[]	{"format":"ltree"}	[]	f	[]	f		f	f	f	f	f	Auto added field from syncronizer	f
	metaPatientDiagnosisStatus	value	Value	string		[]	[]	f	[]	f		f	t	f	f	f		f
	metaPatientDiagnosisStatus	createdOnDate	Created On Date	string	[]	{"format":"date"}	[]	f	[]	f		f	f	f	f	f	Auto added field from syncronizer	f
	metaPatientDiagnosisStatus	createdOnTime	Created On Time	string	[]	{"format":"time"}	[]	f	[]	f		f	f	f	f	f	Auto added field from syncronizer	f
	metaPatientDiagnosisStatus	createdBy	Created By	refer	[]	{"object":"synapUser"}	[]	f	[]	f		f	f	f	t	f	Auto added field from syncronizer	f
	metaPatientDiagnosisStatus	id	Id	string	[]	[]	[]	f	[]	f		f	f	f	f	t	Auto added field from syncronizer	f
	metaPatientDiagnosisStatus	tags	Tags	arrays	[]	[]	[]	f	[]	f		f	f	f	t	f	Auto added field from syncronizer	f
	metaPatientDiagnosisStatus	organizationId	Organization Id	refer	[]	{"object":"organization"}	[]	f	[]	f	\N	f	f	f	f	f	Auto added field from syncronizer	f
	metaPatientDiagnosisStatus	customProperty	custom Property	json	[]	[]	[]	f	[]	f		f	f	f	f	f	Auto added field from syncronizer	f
	metaPatientDiagnosisStatus	checksum	Checksum	string	[]	[]	[]	f	[]	f		f	f	f	f	f	Auto added field from syncronizer	f
	metaPatientDiagnosisStatus	objectPath	Object Path	string	[]	{"format":"ltree"}	[]	f	[]	f		f	f	f	f	f	Auto added field from syncronizer	f
	metaPatientDocumentStatus	value	Value	meta		{"object":"metaLabel"}	[]	f	[]	f		f	t	f	f	f		f
	metaPatientDocumentStatus	createdOnDate	Created On Date	string	[]	{"format":"date"}	[]	f	[]	f		f	f	f	f	f	Auto added field from syncronizer	f
	metaPatientDocumentStatus	createdOnTime	Created On Time	string	[]	{"format":"time"}	[]	f	[]	f		f	f	f	f	f	Auto added field from syncronizer	f
	metaPatientDocumentStatus	createdBy	Created By	refer	[]	{"object":"synapUser"}	[]	f	[]	f		f	f	f	t	f	Auto added field from syncronizer	f
	metaPatientDocumentStatus	id	Id	string	[]	[]	[]	f	[]	f		f	f	f	f	t	Auto added field from syncronizer	f
	metaPatientDocumentStatus	tags	Tags	arrays	[]	[]	[]	f	[]	f		f	f	f	t	f	Auto added field from syncronizer	f
	metaPatientDocumentStatus	organizationId	Organization Id	refer	[]	{"object":"organization"}	[]	f	[]	f	\N	f	f	f	f	f	Auto added field from syncronizer	f
	metaPatientDocumentStatus	customProperty	custom Property	json	[]	[]	[]	f	[]	f		f	f	f	f	f	Auto added field from syncronizer	f
	metaPatientDocumentStatus	checksum	Checksum	string	[]	[]	[]	f	[]	f		f	f	f	f	f	Auto added field from syncronizer	f
	metaPatientDocumentStatus	objectPath	Object Path	string	[]	{"format":"ltree"}	[]	f	[]	f		f	f	f	f	f	Auto added field from syncronizer	f
	metaPatientDocumentType	value	Value	meta		{"object":"metaLabel"}	[]	f	[]	f		f	t	f	f	f		f
	metaPatientDocumentType	createdOnDate	Created On Date	string	[]	{"format":"date"}	[]	f	[]	f		f	f	f	f	f	Auto added field from syncronizer	f
	metaPatientDocumentType	createdOnTime	Created On Time	string	[]	{"format":"time"}	[]	f	[]	f		f	f	f	f	f	Auto added field from syncronizer	f
	metaPatientDocumentType	createdBy	Created By	refer	[]	{"object":"synapUser"}	[]	f	[]	f		f	f	f	t	f	Auto added field from syncronizer	f
	metaPatientDocumentType	id	Id	string	[]	[]	[]	f	[]	f		f	f	f	f	t	Auto added field from syncronizer	f
	metaPatientDocumentType	tags	Tags	arrays	[]	[]	[]	f	[]	f		f	f	f	t	f	Auto added field from syncronizer	f
	metaPatientDocumentType	organizationId	Organization Id	refer	[]	{"object":"organization"}	[]	f	[]	f	\N	f	f	f	f	f	Auto added field from syncronizer	f
	metaPatientDocumentType	customProperty	custom Property	json	[]	[]	[]	f	[]	f		f	f	f	f	f	Auto added field from syncronizer	f
	metaPatientDocumentType	checksum	Checksum	string	[]	[]	[]	f	[]	f		f	f	f	f	f	Auto added field from syncronizer	f
	metaPatientDocumentType	objectPath	Object Path	string	[]	{"format":"ltree"}	[]	f	[]	f		f	f	f	f	f	Auto added field from syncronizer	f
	metaPatientIdentityType	value	Value	string		[]	[]	f	[]	f		f	t	f	f	f		f
	metaPatientIdentityType	valueOrder	Value Order	number		[]	[]	f	[]	f	0	f	f	f	f	f		f
	metaPatientIdentityType	createdOnDate	Created On Date	string	[]	{"format":"date"}	[]	f	[]	f		f	f	f	f	f	Auto added field from syncronizer	f
	metaPatientIdentityType	createdOnTime	Created On Time	string	[]	{"format":"time"}	[]	f	[]	f		f	f	f	f	f	Auto added field from syncronizer	f
	metaState	tags	Tags	arrays	[]	[]	[]	f	[]	f		f	f	f	t	f	Auto added field from syncronizer	f
	metaPatientIdentityType	createdBy	Created By	refer	[]	{"object":"synapUser"}	[]	f	[]	f		f	f	f	t	f	Auto added field from syncronizer	f
	metaPatientIdentityType	id	Id	string	[]	[]	[]	f	[]	f		f	f	f	f	t	Auto added field from syncronizer	f
	metaPatientIdentityType	tags	Tags	arrays	[]	[]	[]	f	[]	f		f	f	f	t	f	Auto added field from syncronizer	f
	organizationDivision	billingProviderMiddleName	Billing Provider Middle Name	string		[]	[]	f	[]	f		f	f	f	t	f		f
	metaPatientIdentityType	organizationId	Organization Id	refer	[]	{"object":"organization"}	[]	f	[]	f	\N	f	f	f	f	f	Auto added field from syncronizer	f
	metaPatientIdentityType	customProperty	custom Property	json	[]	[]	[]	f	[]	f		f	f	f	f	f	Auto added field from syncronizer	f
	metaPatientIdentityType	checksum	Checksum	string	[]	[]	[]	f	[]	f		f	f	f	f	f	Auto added field from syncronizer	f
	metaPatientIdentityType	objectPath	Object Path	string	[]	{"format":"ltree"}	[]	f	[]	f		f	f	f	f	f	Auto added field from syncronizer	f
	metaPatientStatus	value	Value	meta		{"object":"metaLabel"}	[]	f	[]	f		f	t	f	f	f		f
	metaPatientStatus	status	Status	string		[]	[]	f	[]	f		f	t	f	f	f		f
	metaPatientStatus	createdOnDate	Created On Date	string	[]	{"format":"date"}	[]	f	[]	f		f	f	f	f	f	Auto added field from syncronizer	f
	metaPatientStatus	createdOnTime	Created On Time	string	[]	{"format":"time"}	[]	f	[]	f		f	f	f	f	f	Auto added field from syncronizer	f
	metaPatientStatus	createdBy	Created By	refer	[]	{"object":"synapUser"}	[]	f	[]	f		f	f	f	t	f	Auto added field from syncronizer	f
	metaPatientStatus	id	Id	string	[]	[]	[]	f	[]	f		f	f	f	f	t	Auto added field from syncronizer	f
	metaPatientStatus	tags	Tags	arrays	[]	[]	[]	f	[]	f		f	f	f	t	f	Auto added field from syncronizer	f
	metaPatientStatus	organizationId	Organization Id	refer	[]	{"object":"organization"}	[]	f	[]	f	\N	f	f	f	f	f	Auto added field from syncronizer	f
	metaPatientStatus	customProperty	custom Property	json	[]	[]	[]	f	[]	f		f	f	f	f	f	Auto added field from syncronizer	f
	metaPatientStatus	checksum	Checksum	string	[]	[]	[]	f	[]	f		f	f	f	f	f	Auto added field from syncronizer	f
	metaPatientStatus	objectPath	Object Path	string	[]	{"format":"ltree"}	[]	f	[]	f		f	f	f	f	f	Auto added field from syncronizer	f
	metaPermission	objectType	Object Type	string		[]	[]	f	[]	f		f	t	f	t	f		f
	metaPermission	systemAssignedOnly	System Assigned Only	bool		[]	[]	f	[]	f	0	f	f	f	f	f		f
	metaPermission	action	Action	string		[]	[]	f	[]	f		f	t	f	t	f		f
	metaPermission	allowedForAll	Allowed For All	bool		[]	[]	f	[]	f	0	f	f	f	f	f		f
`	metaPermission	displayValue	Display Value	string		[]	[]	f	[]	f		f	f	f	t	f		f
	metaPermission	logicalPermission	Logical Permission	string		[]	[]	f	[]	f		f	f	f	f	f		f
	metaPermission	cascadedPermission	Cascaded Permission	string		{"maximLength":"-1"}	[]	f	[]	t		f	f	f	f	f		f
	metaPermission	createdOnDate	Created On Date	string	[]	{"format":"date"}	[]	f	[]	f		f	f	f	f	f	Auto added field from syncronizer	f
	metaPermission	createdOnTime	Created On Time	string	[]	{"format":"time"}	[]	f	[]	f		f	f	f	f	f	Auto added field from syncronizer	f
	metaPermission	createdBy	Created By	refer	[]	{"object":"synapUser"}	[]	f	[]	f		f	f	f	t	f	Auto added field from syncronizer	f
	metaPermission	id	Id	string	[]	[]	[]	f	[]	f		f	f	f	f	t	Auto added field from syncronizer	f
	metaPermission	tags	Tags	arrays	[]	[]	[]	f	[]	f		f	f	f	t	f	Auto added field from syncronizer	f
	metaPermission	organizationId	Organization Id	refer	[]	{"object":"organization"}	[]	f	[]	f	\N	f	f	f	f	f	Auto added field from syncronizer	f
	metaPermission	customProperty	custom Property	json	[]	[]	[]	f	[]	f		f	f	f	f	f	Auto added field from syncronizer	f
	metaPermission	checksum	Checksum	string	[]	[]	[]	f	[]	f		f	f	f	f	f	Auto added field from syncronizer	f
	metaPermission	objectPath	Object Path	string	[]	{"format":"ltree"}	[]	f	[]	f		f	f	f	f	f	Auto added field from syncronizer	f
	metaProviderServiceType	value	value	string		[]	[]	f	[]	f		f	t	f	t	f		f
	metaProviderServiceType	createdOnDate	Created On Date	string	[]	{"format":"date"}	[]	f	[]	f		f	f	f	f	f	Auto added field from syncronizer	f
	metaProviderServiceType	createdOnTime	Created On Time	string	[]	{"format":"time"}	[]	f	[]	f		f	f	f	f	f	Auto added field from syncronizer	f
	metaProviderServiceType	createdBy	Created By	refer	[]	{"object":"synapUser"}	[]	f	[]	f		f	f	f	t	f	Auto added field from syncronizer	f
	metaProviderServiceType	id	Id	string	[]	[]	[]	f	[]	f		f	f	f	f	t	Auto added field from syncronizer	f
	metaProviderServiceType	tags	Tags	arrays	[]	[]	[]	f	[]	f		f	f	f	t	f	Auto added field from syncronizer	f
	metaProviderServiceType	organizationId	Organization Id	refer	[]	{"object":"organization"}	[]	f	[]	f	\N	f	f	f	f	f	Auto added field from syncronizer	f
	metaProviderServiceType	customProperty	custom Property	json	[]	[]	[]	f	[]	f		f	f	f	f	f	Auto added field from syncronizer	f
	metaProviderServiceType	checksum	Checksum	string	[]	[]	[]	f	[]	f		f	f	f	f	f	Auto added field from syncronizer	f
	metaProviderServiceType	objectPath	Object Path	string	[]	{"format":"ltree"}	[]	f	[]	f		f	f	f	f	f	Auto added field from syncronizer	f
	metaRace	value	Value	string		[]	[]	f	[]	f		f	t	f	f	f		f
	metaRace	code	Code	string		[]	[]	f	[]	f		f	f	f	f	f		f
	metaRace	valueOrder	Value Order	number		[]	[]	f	[]	f	0	f	f	f	f	f		f
	metaRace	createdOnDate	Created On Date	string	[]	{"format":"date"}	[]	f	[]	f		f	f	f	f	f	Auto added field from syncronizer	f
	metaRace	createdOnTime	Created On Time	string	[]	{"format":"time"}	[]	f	[]	f		f	f	f	f	f	Auto added field from syncronizer	f
	metaRace	createdBy	Created By	refer	[]	{"object":"synapUser"}	[]	f	[]	f		f	f	f	t	f	Auto added field from syncronizer	f
	metaRace	id	Id	string	[]	[]	[]	f	[]	f		f	f	f	f	t	Auto added field from syncronizer	f
	metaRace	tags	Tags	arrays	[]	[]	[]	f	[]	f		f	f	f	t	f	Auto added field from syncronizer	f
	metaRace	organizationId	Organization Id	refer	[]	{"object":"organization"}	[]	f	[]	f	\N	f	f	f	f	f	Auto added field from syncronizer	f
	metaRace	customProperty	custom Property	json	[]	[]	[]	f	[]	f		f	f	f	f	f	Auto added field from syncronizer	f
	metaRace	checksum	Checksum	string	[]	[]	[]	f	[]	f		f	f	f	f	f	Auto added field from syncronizer	f
	metaRace	objectPath	Object Path	string	[]	{"format":"ltree"}	[]	f	[]	f		f	f	f	f	f	Auto added field from syncronizer	f
	metaRelationship	value	Value	meta		{"object":"metaLabel"}	[]	f	[]	f		f	t	f	f	f		f
	metaRelationship	code	Code	string		[]	[]	f	[]	f		f	t	f	f	f		f
	metaRelationship	metaContactTypeId	Contact Type ID	refer		{"object":"metaContactType"}	[]	f	[]	f		f	t	f	t	f		f
	metaRelationship	createdOnDate	Created On Date	string	[]	{"format":"date"}	[]	f	[]	f		f	f	f	f	f	Auto added field from syncronizer	f
	metaRelationship	createdOnTime	Created On Time	string	[]	{"format":"time"}	[]	f	[]	f		f	f	f	f	f	Auto added field from syncronizer	f
	metaRelationship	createdBy	Created By	refer	[]	{"object":"synapUser"}	[]	f	[]	f		f	f	f	t	f	Auto added field from syncronizer	f
	metaRelationship	id	Id	string	[]	[]	[]	f	[]	f		f	f	f	f	t	Auto added field from syncronizer	f
	metaRelationship	tags	Tags	arrays	[]	[]	[]	f	[]	f		f	f	f	t	f	Auto added field from syncronizer	f
	metaRelationship	organizationId	Organization Id	refer	[]	{"object":"organization"}	[]	f	[]	f	\N	f	f	f	f	f	Auto added field from syncronizer	f
	metaRelationship	customProperty	custom Property	json	[]	[]	[]	f	[]	f		f	f	f	f	f	Auto added field from syncronizer	f
	metaRelationship	checksum	Checksum	string	[]	[]	[]	f	[]	f		f	f	f	f	f	Auto added field from syncronizer	f
	metaRelationship	objectPath	Object Path	string	[]	{"format":"ltree"}	[]	f	[]	f		f	f	f	f	f	Auto added field from syncronizer	f
	metaSeverity	value	Value	meta		{"object":"metaLabel"}	[]	f	[]	f		f	t	f	f	f		f
	metaSeverity	valueOrder	Value Order	number		[]	[]	f	[]	f	0	f	f	f	t	f		f
	metaSeverity	createdOnDate	Created On Date	string	[]	{"format":"date"}	[]	f	[]	f		f	f	f	f	f	Auto added field from syncronizer	f
	metaSeverity	createdOnTime	Created On Time	string	[]	{"format":"time"}	[]	f	[]	f		f	f	f	f	f	Auto added field from syncronizer	f
	metaSeverity	createdBy	Created By	refer	[]	{"object":"synapUser"}	[]	f	[]	f		f	f	f	t	f	Auto added field from syncronizer	f
	metaSeverity	id	Id	string	[]	[]	[]	f	[]	f		f	f	f	f	t	Auto added field from syncronizer	f
	metaSeverity	tags	Tags	arrays	[]	[]	[]	f	[]	f		f	f	f	t	f	Auto added field from syncronizer	f
	metaSeverity	organizationId	Organization Id	refer	[]	{"object":"organization"}	[]	f	[]	f	\N	f	f	f	f	f	Auto added field from syncronizer	f
	metaSeverity	customProperty	custom Property	json	[]	[]	[]	f	[]	f		f	f	f	f	f	Auto added field from syncronizer	f
	metaSeverity	checksum	Checksum	string	[]	[]	[]	f	[]	f		f	f	f	f	f	Auto added field from syncronizer	f
	metaSeverity	objectPath	Object Path	string	[]	{"format":"ltree"}	[]	f	[]	f		f	f	f	f	f	Auto added field from syncronizer	f
	metaSmokingStatus	value	Value	meta		{"object":"metaLabel"}	[]	f	[]	f		f	t	f	f	f		f
	metaSmokingStatus	code	Code	string		[]	[]	f	[]	f		f	f	f	f	f		f
	metaSmokingStatus	valueOrder	Value Order	number		[]	[]	f	[]	f	0	f	f	f	t	f		f
	metaSmokingStatus	createdOnDate	Created On Date	string	[]	{"format":"date"}	[]	f	[]	f		f	f	f	f	f	Auto added field from syncronizer	f
	metaSmokingStatus	createdOnTime	Created On Time	string	[]	{"format":"time"}	[]	f	[]	f		f	f	f	f	f	Auto added field from syncronizer	f
	metaSmokingStatus	createdBy	Created By	refer	[]	{"object":"synapUser"}	[]	f	[]	f		f	f	f	t	f	Auto added field from syncronizer	f
	metaSmokingStatus	id	Id	string	[]	[]	[]	f	[]	f		f	f	f	f	t	Auto added field from syncronizer	f
	metaSmokingStatus	tags	Tags	arrays	[]	[]	[]	f	[]	f		f	f	f	t	f	Auto added field from syncronizer	f
	metaSmokingStatus	organizationId	Organization Id	refer	[]	{"object":"organization"}	[]	f	[]	f	\N	f	f	f	f	f	Auto added field from syncronizer	f
	metaSmokingStatus	customProperty	custom Property	json	[]	[]	[]	f	[]	f		f	f	f	f	f	Auto added field from syncronizer	f
	metaSmokingStatus	checksum	Checksum	string	[]	[]	[]	f	[]	f		f	f	f	f	f	Auto added field from syncronizer	f
	metaSmokingStatus	objectPath	Object Path	string	[]	{"format":"ltree"}	[]	f	[]	f		f	f	f	f	f	Auto added field from syncronizer	f
	metaSnomed	code	Code	string		[]	[]	f	[]	f		f	f	f	f	f		f
	metaSnomed	description	Description	string		{"maximLength":"-1"}	[]	f	[]	f		f	f	f	f	f		f
	metaSnomed	createdOnDate	Created On Date	string	[]	{"format":"date"}	[]	f	[]	f		f	f	f	f	f	Auto added field from syncronizer	f
	metaSnomed	createdOnTime	Created On Time	string	[]	{"format":"time"}	[]	f	[]	f		f	f	f	f	f	Auto added field from syncronizer	f
	metaSnomed	createdBy	Created By	refer	[]	{"object":"synapUser"}	[]	f	[]	f		f	f	f	t	f	Auto added field from syncronizer	f
	metaSnomed	id	Id	string	[]	[]	[]	f	[]	f		f	f	f	f	t	Auto added field from syncronizer	f
	metaSnomed	tags	Tags	arrays	[]	[]	[]	f	[]	f		f	f	f	t	f	Auto added field from syncronizer	f
	metaSnomed	organizationId	Organization Id	refer	[]	{"object":"organization"}	[]	f	[]	f	\N	f	f	f	f	f	Auto added field from syncronizer	f
	metaSnomed	customProperty	custom Property	json	[]	[]	[]	f	[]	f		f	f	f	f	f	Auto added field from syncronizer	f
	metaSnomed	checksum	Checksum	string	[]	[]	[]	f	[]	f		f	f	f	f	f	Auto added field from syncronizer	f
	metaSnomed	objectPath	Object Path	string	[]	{"format":"ltree"}	[]	f	[]	f		f	f	f	f	f	Auto added field from syncronizer	f
	metaSnomedCode	code	Code	string		[]	[]	f	[]	f		f	f	f	f	f		f
	metaSnomedCode	description	Description	string		{"maximLength":"-1"}	[]	f	[]	f		f	f	f	f	f		f
	metaSnomedCode	icd10Code	ICD-10 Code	meta		{"object":"metaDiagnosticCode"}	[]	f	[]	f		f	f	f	f	f		f
	metaSnomedCode	icdCode	ICD-10 Code	string		[]	[]	f	[]	f		f	f	f	f	f		f
	metaSnomedCode	icdLongDesc	ICD Long Description	string		{"maximLength":"-1"}	[]	f	[]	f		f	f	f	f	f		f
	metaSnomedCode	icdShortDesc	ICD Short Description	string		{"maximLength":"-1"}	[]	f	[]	f		f	f	f	f	f		f
	metaSnomedCode	createdOnDate	Created On Date	string	[]	{"format":"date"}	[]	f	[]	f		f	f	f	f	f	Auto added field from syncronizer	f
	metaSnomedCode	createdOnTime	Created On Time	string	[]	{"format":"time"}	[]	f	[]	f		f	f	f	f	f	Auto added field from syncronizer	f
	metaSnomedCode	createdBy	Created By	refer	[]	{"object":"synapUser"}	[]	f	[]	f		f	f	f	t	f	Auto added field from syncronizer	f
	metaSnomedCode	id	Id	string	[]	[]	[]	f	[]	f		f	f	f	f	t	Auto added field from syncronizer	f
	metaSnomedCode	tags	Tags	arrays	[]	[]	[]	f	[]	f		f	f	f	t	f	Auto added field from syncronizer	f
	metaSnomedCode	organizationId	Organization Id	refer	[]	{"object":"organization"}	[]	f	[]	f	\N	f	f	f	f	f	Auto added field from syncronizer	f
	metaSnomedCode	customProperty	custom Property	json	[]	[]	[]	f	[]	f		f	f	f	f	f	Auto added field from syncronizer	f
	metaSnomedCode	checksum	Checksum	string	[]	[]	[]	f	[]	f		f	f	f	f	f	Auto added field from syncronizer	f
	metaSnomedCode	objectPath	Object Path	string	[]	{"format":"ltree"}	[]	f	[]	f		f	f	f	f	f	Auto added field from syncronizer	f
	metaState	value	Value	string		[]	[]	f	[]	f		f	t	f	f	f		f
	metaState	createdOnDate	Created On Date	string	[]	{"format":"date"}	[]	f	[]	f		f	f	f	f	f	Auto added field from syncronizer	f
	metaState	createdOnTime	Created On Time	string	[]	{"format":"time"}	[]	f	[]	f		f	f	f	f	f	Auto added field from syncronizer	f
	metaState	createdBy	Created By	refer	[]	{"object":"synapUser"}	[]	f	[]	f		f	f	f	t	f	Auto added field from syncronizer	f
	metaState	metaCountryId	metaCountry Id	refer	[]	{"object":"metaCountry"}	[]	f	[]	f		t	t	f	t	f	Auto added field from syncronizer	f
	metaState	organizationId	Organization Id	refer	[]	{"object":"organization"}	[]	f	[]	f	\N	f	f	f	f	f	Auto added field from syncronizer	f
	metaState	customProperty	custom Property	json	[]	[]	[]	f	[]	f		f	f	f	f	f	Auto added field from syncronizer	f
	metaState	checksum	Checksum	string	[]	[]	[]	f	[]	f		f	f	f	f	f	Auto added field from syncronizer	f
	metaState	objectPath	Object Path	string	[]	{"format":"ltree"}	[]	f	[]	f		f	f	f	f	f	Auto added field from syncronizer	f
	metaTelephoneType	value	Value	meta		{"object":"metaLabel"}	[]	f	[]	f		f	t	f	f	f		f
	metaTelephoneType	code	Code	string		[]	[]	f	[]	f		f	f	f	f	f		f
	metaTelephoneType	valueOrder	Value Order	number		[]	[]	f	[]	f	0	f	f	f	t	f		f
	metaTelephoneType	createdOnDate	Created On Date	string	[]	{"format":"date"}	[]	f	[]	f		f	f	f	f	f	Auto added field from syncronizer	f
	metaTelephoneType	createdOnTime	Created On Time	string	[]	{"format":"time"}	[]	f	[]	f		f	f	f	f	f	Auto added field from syncronizer	f
	metaTelephoneType	createdBy	Created By	refer	[]	{"object":"synapUser"}	[]	f	[]	f		f	f	f	t	f	Auto added field from syncronizer	f
	metaTelephoneType	id	Id	string	[]	[]	[]	f	[]	f		f	f	f	f	t	Auto added field from syncronizer	f
	metaTelephoneType	tags	Tags	arrays	[]	[]	[]	f	[]	f		f	f	f	t	f	Auto added field from syncronizer	f
	metaTelephoneType	organizationId	Organization Id	refer	[]	{"object":"organization"}	[]	f	[]	f	\N	f	f	f	f	f	Auto added field from syncronizer	f
	metaTelephoneType	customProperty	custom Property	json	[]	[]	[]	f	[]	f		f	f	f	f	f	Auto added field from syncronizer	f
	metaTelephoneType	checksum	Checksum	string	[]	[]	[]	f	[]	f		f	f	f	f	f	Auto added field from syncronizer	f
	metaTelephoneType	objectPath	Object Path	string	[]	{"format":"ltree"}	[]	f	[]	f		f	f	f	f	f	Auto added field from syncronizer	f
	metaTemperatureUnit	value	Value	string		[]	[]	f	[]	f		f	t	f	f	f		f
	metaTemperatureUnit	createdOnDate	Created On Date	string	[]	{"format":"date"}	[]	f	[]	f		f	f	f	f	f	Auto added field from syncronizer	f
	metaTemperatureUnit	createdOnTime	Created On Time	string	[]	{"format":"time"}	[]	f	[]	f		f	f	f	f	f	Auto added field from syncronizer	f
	metaTemperatureUnit	createdBy	Created By	refer	[]	{"object":"synapUser"}	[]	f	[]	f		f	f	f	t	f	Auto added field from syncronizer	f
	metaTemperatureUnit	id	Id	string	[]	[]	[]	f	[]	f		f	f	f	f	t	Auto added field from syncronizer	f
	metaTemperatureUnit	tags	Tags	arrays	[]	[]	[]	f	[]	f		f	f	f	t	f	Auto added field from syncronizer	f
	metaTemperatureUnit	organizationId	Organization Id	refer	[]	{"object":"organization"}	[]	f	[]	f	\N	f	f	f	f	f	Auto added field from syncronizer	f
	metaTemperatureUnit	customProperty	custom Property	json	[]	[]	[]	f	[]	f		f	f	f	f	f	Auto added field from syncronizer	f
	metaTemperatureUnit	checksum	Checksum	string	[]	[]	[]	f	[]	f		f	f	f	f	f	Auto added field from syncronizer	f
	metaTemperatureUnit	objectPath	Object Path	string	[]	{"format":"ltree"}	[]	f	[]	f		f	f	f	f	f	Auto added field from syncronizer	f
	metaTimezone	value	Value	string		[]	[]	f	[]	f		f	t	f	t	f		f
	metaTimezone	createdOnDate	Created On Date	string	[]	{"format":"date"}	[]	f	[]	f		f	f	f	f	f	Auto added field from syncronizer	f
	metaTimezone	createdOnTime	Created On Time	string	[]	{"format":"time"}	[]	f	[]	f		f	f	f	f	f	Auto added field from syncronizer	f
	metaTimezone	createdBy	Created By	refer	[]	{"object":"synapUser"}	[]	f	[]	f		f	f	f	t	f	Auto added field from syncronizer	f
	metaTimezone	id	Id	string	[]	[]	[]	f	[]	f		f	f	f	f	t	Auto added field from syncronizer	f
	metaTimezone	tags	Tags	arrays	[]	[]	[]	f	[]	f		f	f	f	t	f	Auto added field from syncronizer	f
	metaTimezone	organizationId	Organization Id	refer	[]	{"object":"organization"}	[]	f	[]	f	\N	f	f	f	f	f	Auto added field from syncronizer	f
	metaTimezone	customProperty	custom Property	json	[]	[]	[]	f	[]	f		f	f	f	f	f	Auto added field from syncronizer	f
	metaTimezone	checksum	Checksum	string	[]	[]	[]	f	[]	f		f	f	f	f	f	Auto added field from syncronizer	f
	metaTimezone	objectPath	Object Path	string	[]	{"format":"ltree"}	[]	f	[]	f		f	f	f	f	f	Auto added field from syncronizer	f
	metaTokenType	value	Value	string		[]	[]	f	[]	f		f	t	f	f	f		f
	metaTokenType	createdOnDate	Created On Date	string	[]	{"format":"date"}	[]	f	[]	f		f	f	f	f	f	Auto added field from syncronizer	f
	metaTokenType	createdOnTime	Created On Time	string	[]	{"format":"time"}	[]	f	[]	f		f	f	f	f	f	Auto added field from syncronizer	f
	metaTokenType	createdBy	Created By	refer	[]	{"object":"synapUser"}	[]	f	[]	f		f	f	f	t	f	Auto added field from syncronizer	f
	metaTokenType	id	Id	string	[]	[]	[]	f	[]	f		f	f	f	f	t	Auto added field from syncronizer	f
	metaTokenType	tags	Tags	arrays	[]	[]	[]	f	[]	f		f	f	f	t	f	Auto added field from syncronizer	f
	metaTokenType	organizationId	Organization Id	refer	[]	{"object":"organization"}	[]	f	[]	f	\N	f	f	f	f	f	Auto added field from syncronizer	f
	metaTokenType	customProperty	custom Property	json	[]	[]	[]	f	[]	f		f	f	f	f	f	Auto added field from syncronizer	f
	metaTokenType	checksum	Checksum	string	[]	[]	[]	f	[]	f		f	f	f	f	f	Auto added field from syncronizer	f
	metaTokenType	objectPath	Object Path	string	[]	{"format":"ltree"}	[]	f	[]	f		f	f	f	f	f	Auto added field from syncronizer	f
	metaUserType	value	Value	string		[]	[]	f	[]	f		t	t	f	f	f		f
	metaUserType	valueOrder	Value Order	number		[]	[]	f	[]	f	0	f	f	f	t	f		f
	metaUserType	createdOnDate	Created On Date	string	[]	{"format":"date"}	[]	f	[]	f		f	f	f	f	f	Auto added field from syncronizer	f
	metaUserType	createdOnTime	Created On Time	string	[]	{"format":"time"}	[]	f	[]	f		f	f	f	f	f	Auto added field from syncronizer	f
	metaUserType	createdBy	Created By	refer	[]	{"object":"synapUser"}	[]	f	[]	f		f	f	f	t	f	Auto added field from syncronizer	f
	metaUserType	id	Id	string	[]	[]	[]	f	[]	f		f	f	f	f	t	Auto added field from syncronizer	f
	metaUserType	tags	Tags	arrays	[]	[]	[]	f	[]	f		f	f	f	t	f	Auto added field from syncronizer	f
	metaUserType	organizationId	Organization Id	refer	[]	{"object":"organization"}	[]	f	[]	f	\N	f	f	f	f	f	Auto added field from syncronizer	f
	metaUserType	customProperty	custom Property	json	[]	[]	[]	f	[]	f		f	f	f	f	f	Auto added field from syncronizer	f
	metaUserType	checksum	Checksum	string	[]	[]	[]	f	[]	f		f	f	f	f	f	Auto added field from syncronizer	f
	metaUserType	objectPath	Object Path	string	[]	{"format":"ltree"}	[]	f	[]	f		f	f	f	f	f	Auto added field from syncronizer	f
	metaWeightUnit	value	Value	string		[]	[]	f	[]	f		f	t	f	f	f		f
	metaWeightUnit	createdOnDate	Created On Date	string	[]	{"format":"date"}	[]	f	[]	f		f	f	f	f	f	Auto added field from syncronizer	f
	metaWeightUnit	createdOnTime	Created On Time	string	[]	{"format":"time"}	[]	f	[]	f		f	f	f	f	f	Auto added field from syncronizer	f
	metaWeightUnit	createdBy	Created By	refer	[]	{"object":"synapUser"}	[]	f	[]	f		f	f	f	t	f	Auto added field from syncronizer	f
	metaWeightUnit	id	Id	string	[]	[]	[]	f	[]	f		f	f	f	f	t	Auto added field from syncronizer	f
	metaWeightUnit	tags	Tags	arrays	[]	[]	[]	f	[]	f		f	f	f	t	f	Auto added field from syncronizer	f
	metaWeightUnit	organizationId	Organization Id	refer	[]	{"object":"organization"}	[]	f	[]	f	\N	f	f	f	f	f	Auto added field from syncronizer	f
	metaWeightUnit	customProperty	custom Property	json	[]	[]	[]	f	[]	f		f	f	f	f	f	Auto added field from syncronizer	f
	metaWeightUnit	checksum	Checksum	string	[]	[]	[]	f	[]	f		f	f	f	f	f	Auto added field from syncronizer	f
	metaWeightUnit	objectPath	Object Path	string	[]	{"format":"ltree"}	[]	f	[]	f		f	f	f	f	f	Auto added field from syncronizer	f
	metaWorkListApprovalStatus	value	Value	string		[]	[]	f	[]	f		f	f	f	t	f		f
	metaWorkListApprovalStatus	createdOnDate	Created On Date	string	[]	{"format":"date"}	[]	f	[]	f		f	f	f	f	f	Auto added field from syncronizer	f
	metaWorkListApprovalStatus	createdOnTime	Created On Time	string	[]	{"format":"time"}	[]	f	[]	f		f	f	f	f	f	Auto added field from syncronizer	f
	metaWorkListApprovalStatus	createdBy	Created By	refer	[]	{"object":"synapUser"}	[]	f	[]	f		f	f	f	t	f	Auto added field from syncronizer	f
	metaWorkListApprovalStatus	id	Id	string	[]	[]	[]	f	[]	f		f	f	f	f	t	Auto added field from syncronizer	f
	metaWorkListApprovalStatus	tags	Tags	arrays	[]	[]	[]	f	[]	f		f	f	f	t	f	Auto added field from syncronizer	f
	metaWorkListApprovalStatus	organizationId	Organization Id	refer	[]	{"object":"organization"}	[]	f	[]	f	\N	f	f	f	f	f	Auto added field from syncronizer	f
	metaWorkListApprovalStatus	customProperty	custom Property	json	[]	[]	[]	f	[]	f		f	f	f	f	f	Auto added field from syncronizer	f
	metaWorkListApprovalStatus	checksum	Checksum	string	[]	[]	[]	f	[]	f		f	f	f	f	f	Auto added field from syncronizer	f
	metaWorkListApprovalStatus	objectPath	Object Path	string	[]	{"format":"ltree"}	[]	f	[]	f		f	f	f	f	f	Auto added field from syncronizer	f
	metaWorklistPriority	value	Value	string		[]	[]	f	[]	f		f	f	f	t	f		f
	metaWorklistPriority	sortOrder	Sort Order	number		[]	[]	f	[]	f		f	t	f	f	f		f
	metaWorklistPriority	createdOnDate	Created On Date	string	[]	{"format":"date"}	[]	f	[]	f		f	f	f	f	f	Auto added field from syncronizer	f
	metaWorklistPriority	createdOnTime	Created On Time	string	[]	{"format":"time"}	[]	f	[]	f		f	f	f	f	f	Auto added field from syncronizer	f
	metaWorklistPriority	createdBy	Created By	refer	[]	{"object":"synapUser"}	[]	f	[]	f		f	f	f	t	f	Auto added field from syncronizer	f
	metaWorklistPriority	id	Id	string	[]	[]	[]	f	[]	f		f	f	f	f	t	Auto added field from syncronizer	f
	metaWorklistPriority	tags	Tags	arrays	[]	[]	[]	f	[]	f		f	f	f	t	f	Auto added field from syncronizer	f
	metaWorklistPriority	organizationId	Organization Id	refer	[]	{"object":"organization"}	[]	f	[]	f	\N	f	f	f	f	f	Auto added field from syncronizer	f
	metaWorklistPriority	customProperty	custom Property	json	[]	[]	[]	f	[]	f		f	f	f	f	f	Auto added field from syncronizer	f
	metaWorklistPriority	checksum	Checksum	string	[]	[]	[]	f	[]	f		f	f	f	f	f	Auto added field from syncronizer	f
	metaWorklistPriority	objectPath	Object Path	string	[]	{"format":"ltree"}	[]	f	[]	f		f	f	f	f	f	Auto added field from syncronizer	f
	metaWorkListReminderStatus	value	Value	string		[]	[]	f	[]	f		f	f	f	t	f		f
	metaWorkListReminderStatus	createdOnDate	Created On Date	string	[]	{"format":"date"}	[]	f	[]	f		f	f	f	f	f	Auto added field from syncronizer	f
	metaWorkListReminderStatus	createdOnTime	Created On Time	string	[]	{"format":"time"}	[]	f	[]	f		f	f	f	f	f	Auto added field from syncronizer	f
	metaWorkListReminderStatus	createdBy	Created By	refer	[]	{"object":"synapUser"}	[]	f	[]	f		f	f	f	t	f	Auto added field from syncronizer	f
	metaWorkListReminderStatus	id	Id	string	[]	[]	[]	f	[]	f		f	f	f	f	t	Auto added field from syncronizer	f
	metaWorkListReminderStatus	tags	Tags	arrays	[]	[]	[]	f	[]	f		f	f	f	t	f	Auto added field from syncronizer	f
	metaWorkListReminderStatus	organizationId	Organization Id	refer	[]	{"object":"organization"}	[]	f	[]	f	\N	f	f	f	f	f	Auto added field from syncronizer	f
	metaWorkListReminderStatus	customProperty	custom Property	json	[]	[]	[]	f	[]	f		f	f	f	f	f	Auto added field from syncronizer	f
	metaWorkListReminderStatus	checksum	Checksum	string	[]	[]	[]	f	[]	f		f	f	f	f	f	Auto added field from syncronizer	f
	metaWorkListReminderStatus	objectPath	Object Path	string	[]	{"format":"ltree"}	[]	f	[]	f		f	f	f	f	f	Auto added field from syncronizer	f
	metaWorkListReminderType	value	Value	string		[]	[]	f	[]	f		f	f	f	t	f		f
	metaWorkListReminderType	createdOnDate	Created On Date	string	[]	{"format":"date"}	[]	f	[]	f		f	f	f	f	f	Auto added field from syncronizer	f
	metaWorkListReminderType	createdOnTime	Created On Time	string	[]	{"format":"time"}	[]	f	[]	f		f	f	f	f	f	Auto added field from syncronizer	f
	metaWorkListReminderType	createdBy	Created By	refer	[]	{"object":"synapUser"}	[]	f	[]	f		f	f	f	t	f	Auto added field from syncronizer	f
	metaWorkListReminderType	id	Id	string	[]	[]	[]	f	[]	f		f	f	f	f	t	Auto added field from syncronizer	f
	metaWorkListReminderType	tags	Tags	arrays	[]	[]	[]	f	[]	f		f	f	f	t	f	Auto added field from syncronizer	f
	metaWorkListReminderType	organizationId	Organization Id	refer	[]	{"object":"organization"}	[]	f	[]	f	\N	f	f	f	f	f	Auto added field from syncronizer	f
	metaWorkListReminderType	customProperty	custom Property	json	[]	[]	[]	f	[]	f		f	f	f	f	f	Auto added field from syncronizer	f
	metaWorkListReminderType	checksum	Checksum	string	[]	[]	[]	f	[]	f		f	f	f	f	f	Auto added field from syncronizer	f
	metaWorkListReminderType	objectPath	Object Path	string	[]	{"format":"ltree"}	[]	f	[]	f		f	f	f	f	f	Auto added field from syncronizer	f
	metaWorkListReminderWhoType	value	Value	string		[]	[]	f	[]	f		f	f	f	t	f		f
	metaWorkListReminderWhoType	createdOnDate	Created On Date	string	[]	{"format":"date"}	[]	f	[]	f		f	f	f	f	f	Auto added field from syncronizer	f
	metaWorkListReminderWhoType	createdOnTime	Created On Time	string	[]	{"format":"time"}	[]	f	[]	f		f	f	f	f	f	Auto added field from syncronizer	f
	metaWorkListReminderWhoType	createdBy	Created By	refer	[]	{"object":"synapUser"}	[]	f	[]	f		f	f	f	t	f	Auto added field from syncronizer	f
	metaWorkListReminderWhoType	id	Id	string	[]	[]	[]	f	[]	f		f	f	f	f	t	Auto added field from syncronizer	f
	metaWorkListReminderWhoType	tags	Tags	arrays	[]	[]	[]	f	[]	f		f	f	f	t	f	Auto added field from syncronizer	f
	metaWorkListReminderWhoType	organizationId	Organization Id	refer	[]	{"object":"organization"}	[]	f	[]	f	\N	f	f	f	f	f	Auto added field from syncronizer	f
	metaWorkListReminderWhoType	customProperty	custom Property	json	[]	[]	[]	f	[]	f		f	f	f	f	f	Auto added field from syncronizer	f
	metaWorkListReminderWhoType	checksum	Checksum	string	[]	[]	[]	f	[]	f		f	f	f	f	f	Auto added field from syncronizer	f
	metaWorkListReminderWhoType	objectPath	Object Path	string	[]	{"format":"ltree"}	[]	f	[]	f		f	f	f	f	f	Auto added field from syncronizer	f
	metaWorklistStatus	value	Value	string		[]	[]	f	[]	f		f	f	f	t	f		f
	metaWorklistStatus	createdOnDate	Created On Date	string	[]	{"format":"date"}	[]	f	[]	f		f	f	f	f	f	Auto added field from syncronizer	f
	metaWorklistStatus	createdOnTime	Created On Time	string	[]	{"format":"time"}	[]	f	[]	f		f	f	f	f	f	Auto added field from syncronizer	f
	metaWorklistStatus	createdBy	Created By	refer	[]	{"object":"synapUser"}	[]	f	[]	f		f	f	f	t	f	Auto added field from syncronizer	f
	metaWorklistStatus	id	Id	string	[]	[]	[]	f	[]	f		f	f	f	f	t	Auto added field from syncronizer	f
	metaWorklistStatus	tags	Tags	arrays	[]	[]	[]	f	[]	f		f	f	f	t	f	Auto added field from syncronizer	f
	metaWorklistStatus	organizationId	Organization Id	refer	[]	{"object":"organization"}	[]	f	[]	f	\N	f	f	f	f	f	Auto added field from syncronizer	f
	metaWorklistStatus	customProperty	custom Property	json	[]	[]	[]	f	[]	f		f	f	f	f	f	Auto added field from syncronizer	f
	metaWorklistStatus	checksum	Checksum	string	[]	[]	[]	f	[]	f		f	f	f	f	f	Auto added field from syncronizer	f
	metaWorklistStatus	objectPath	Object Path	string	[]	{"format":"ltree"}	[]	f	[]	f		f	f	f	f	f	Auto added field from syncronizer	f
	metaZipCode	value	Value	string		[]	[]	f	[]	f		f	t	f	f	f		f
	metaZipCode	state	State	meta		{"object":"metaState"}	[]	f	[]	f		f	t	f	f	f		f
	metaZipCode	city	City	string		[]	[]	f	[]	f		f	t	f	f	f		f
	metaZipCode	createdOnDate	Created On Date	string	[]	{"format":"date"}	[]	f	[]	f		f	f	f	f	f	Auto added field from syncronizer	f
	metaZipCode	createdOnTime	Created On Time	string	[]	{"format":"time"}	[]	f	[]	f		f	f	f	f	f	Auto added field from syncronizer	f
	metaZipCode	createdBy	Created By	refer	[]	{"object":"synapUser"}	[]	f	[]	f		f	f	f	t	f	Auto added field from syncronizer	f
	metaZipCode	id	Id	string	[]	[]	[]	f	[]	f		f	f	f	f	t	Auto added field from syncronizer	f
	metaZipCode	tags	Tags	arrays	[]	[]	[]	f	[]	f		f	f	f	t	f	Auto added field from syncronizer	f
	metaZipCode	organizationId	Organization Id	refer	[]	{"object":"organization"}	[]	f	[]	f	\N	f	f	f	f	f	Auto added field from syncronizer	f
	metaZipCode	customProperty	custom Property	json	[]	[]	[]	f	[]	f		f	f	f	f	f	Auto added field from syncronizer	f
	metaZipCode	checksum	Checksum	string	[]	[]	[]	f	[]	f		f	f	f	f	f	Auto added field from syncronizer	f
	metaZipCode	objectPath	Object Path	string	[]	{"format":"ltree"}	[]	f	[]	f		f	f	f	f	f	Auto added field from syncronizer	f
	omlObject	name	Name	string		[]	[]	f	[]	f		f	t	f	f	f		f
	omlProperty	property	Property	string		[]	[]	f	[]	f		f	t	f	f	f		f
	organization	name	Name	string		[]	[]	f	[]	f		t	t	f	f	f		f
	organization	displayValue	Display Value	string		[]	[]	t	{"phpFunction":"concate","parameters":["name"]}	f		t	t	f	t	f		f
	organization	createdOnDate	Created On Date	string	[]	{"format":"date"}	[]	f	[]	f		f	f	f	f	f	Auto added field from syncronizer	f
	organization	createdOnTime	Created On Time	string	[]	{"format":"time"}	[]	f	[]	f		f	f	f	f	f	Auto added field from syncronizer	f
	organization	createdBy	Created By	string	[]	[]	[]	f	[]	f		f	f	f	t	f	Auto added field from syncronizer	f
	organization	id	Id	string	[]	[]	[]	f	[]	f		f	f	f	f	t	Auto added field from syncronizer	f
	organization	tags	Tags	arrays	[]	[]	[]	f	[]	f		f	f	f	t	f	Auto added field from syncronizer	f
	organization	customProperty	custom Property	json	[]	[]	[]	f	[]	f		f	f	f	f	f	Auto added field from syncronizer	f
	organization	checksum	Checksum	string	[]	[]	[]	f	[]	f		f	f	f	f	f	Auto added field from syncronizer	f
	organization	objectPath	Object Path	string	[]	{"format":"ltree"}	[]	f	[]	f		f	f	f	f	f	Auto added field from syncronizer	f
	organizationDivision	name	Name	string		[]	[]	f	[]	f		t	t	f	t	f		f
	organizationDivision	parentDivisionId	Parent Division ID	refer		{"object":"organizationDivision"}	[]	f	[]	f		f	f	f	t	f		f
	organizationDivision	isLocation	Is Location	bool		[]	[]	f	[]	f	0	t	f	f	t	f		f
	organizationDivision	cliaNumber	CLIA Number	string		[]	[]	f	[]	f		t	f	f	t	f		f
	organizationDivision	addressType	Address Type	meta		{"object":"metaAddressType"}	[]	f	[]	f		f	f	f	t	f		f
	organizationDivision	streetAddress	Street Address	string		[]	[]	f	[]	f		f	f	f	t	f		f
	organizationDivision	city	City	string		[]	[]	f	[]	f		f	f	f	t	f		f
	organizationDivision	state	State	meta		{"object":"metaState"}	[]	f	[]	f		f	f	f	t	f		f
	organizationDivision	country	Country	meta		{"object":"metaCountry"}	[]	f	[]	f		f	f	f	t	f		f
	organizationDivision	zip	Zip	string		[]	[]	f	[]	f		f	f	f	t	f		f
	organizationDivision	telephoneType	Telephone Type	meta		{"object":"metaTelephoneType"}	[]	f	[]	f		f	f	f	t	f		f
	organizationDivision	telephone	Telephone	string		[]	[]	f	[]	f		f	f	f	t	f		f
	organizationDivision	allowDelete	Allow Delete	bool		[]	[]	f	[]	f	1	f	f	f	f	f		f
	organizationDivision	displayValue	Display Value	string		[]	[]	t	{"phpFunction":"concate","parameters":["name"]}	f		t	t	f	t	f		f
	organizationDivision	patientAddress	Patient Address	string		{"maximLength":"-1"}	[]	f	[]	f		f	f	f	t	f		f
	organizationDivision	patientTimezone	Patient Timezone	meta		{"object":"metaTimezone"}	[]	f	[]	f		f	f	f	t	f		f
	organizationDivision	patientUseEmar	Patient Use eMAR	bool		[]	[]	f	[]	f	0	f	f	f	t	f		f
	organizationDivision	patientUseCustomTPLib	Patient Use Custom T P Lib	bool		[]	[]	f	[]	f	0	f	f	f	t	f		f
	organizationDivision	patientUseWileyTPLib	Patient Use Wiley T P Lib	bool		[]	[]	f	[]	f	0	f	f	f	t	f		f
	organizationDivision	serviceLateEntry	Service Late Entry	bool		[]	[]	f	[]	f	0	f	f	f	t	f		f
	organizationDivision	useResidential	Use Residential	bool		[]	[]	f	[]	f	0	f	f	f	t	f		f
	organizationDivision	locationStartDate	Location Start Date	string		{"format":"date","maximval":"locationEndDate"}	[]	f	[]	f		f	f	f	t	f		f
	organizationDivision	locationEndDate	Location End Date	string		{"format":"date","minmval":"locationStartDate"}	[]	f	[]	f		f	f	f	t	f		f
	organizationDivision	paymentLocation	Payment Location	bool		[]	[]	f	[]	f	0	f	f	f	t	f		f
	organizationDivision	lateAfterHours	Late After Hours	string		[]	[{"property":"serviceLateEntry","value":"1"}]	f	[]	f		f	f	f	t	f		f
	organizationDivision	lateAfterDays	Late After Days	string		[]	[{"property":"serviceLateEntry","value":"1"}]	f	[]	f		f	f	f	t	f		f
	organizationDivision	excludeCompanyHolidays	Exclude Company Holidays	bool		[]	[{"property":"serviceLateEntry","value":"1"}]	f	[]	f	0	f	f	f	t	f		f
	organizationDivision	weekdaysOnly	Weekdays Only	bool		[]	[{"property":"serviceLateEntry","value":"1"}]	f	[]	f	0	f	f	f	t	f		f
	organizationDivision	billingProviderType	Billing Provider Type	string		[]	[]	f	[]	f		f	f	f	t	f		f
	organizationDivision	billingProviderLastName	Billing Provider Last Name	string		[]	[]	f	[]	f		f	f	f	t	f		f
	patientSpecificDocument	name	Name	string		[]	[]	f	[]	f		f	f	f	t	f		f
	organizationDivision	eqRequest	EQ Request	string		[]	[{"property":"isLocation","value":"1"}]	f	[]	f		f	f	f	t	f		f
	organizationDivision	billingProviderAddress1	Billing Provider Address 1	string		[]	[]	f	[]	f		f	f	f	t	f		f
	organizationDivision	billingProviderAddress2	Billing Provider Address 2	string		[]	[]	f	[]	f		f	f	f	t	f		f
	organizationDivision	billingProviderCity	Billing Provider City	string		[]	[]	f	[]	f		f	f	f	t	f		f
	organizationDivision	billingProviderState	Billing Provider State	meta		{"object":"metaState"}	[]	f	[]	f		f	f	f	t	f		f
	organizationDivision	billingProviderZip	Billing Provider Zip	string		[]	[]	f	[]	f		f	f	f	t	f		f
	organizationDivision	billingProviderTaxId	Billing Provider Tax ID	string		[]	[]	f	[]	f		f	f	f	t	f		f
	organizationDivision	providerAcceptsAssignment	Provider Accepts Assignment	bool		[]	[]	f	[]	f	0	f	f	f	t	f		f
	organizationDivision	eligibilityDays	Eligibility Days	number		{"minimval":"0"}	[{"property":"isLocation","value":"1"}]	f	[]	f		t	f	f	t	f		f
	organizationDivision	authNetApiEndPoint	Authorize net API endpoint address	string		{"maximLength":"-1"}	[]	f	[]	f		f	f	f	t	f		f
	organizationDivision	authNetApiUserName	API username	string		[]	[]	f	[]	f		f	f	f	t	f		f
	organizationDivision	authNetApiUserPassword	API password	string		[]	[]	f	[]	f		f	f	f	t	f		f
	organizationDivision	enableAuthNetIntergration	Enable Authorize net integration	bool		[]	[]	f	[]	f	0	f	f	f	t	f		f
	organizationDivision	createdOnDate	Created On Date	string	[]	{"format":"date"}	[]	f	[]	f		f	f	f	f	f	Auto added field from syncronizer	f
	organizationDivision	createdOnTime	Created On Time	string	[]	{"format":"time"}	[]	f	[]	f		f	f	f	f	f	Auto added field from syncronizer	f
	organizationDivision	createdBy	Created By	refer	[]	{"object":"synapUser"}	[]	f	[]	f		f	f	f	t	f	Auto added field from syncronizer	f
	organizationDivision	id	Id	string	[]	[]	[]	f	[]	f		f	f	f	f	t	Auto added field from syncronizer	f
	organizationDivision	tags	Tags	arrays	[]	[]	[]	f	[]	f		f	f	f	t	f	Auto added field from syncronizer	f
	organizationDivision	organizationId	Organization Id	refer	[]	{"object":"organization"}	[]	f	[]	f	\N	f	f	f	f	f	Auto added field from syncronizer	f
	organizationDivision	customProperty	custom Property	json	[]	[]	[]	f	[]	f		f	f	f	f	f	Auto added field from syncronizer	f
	organizationDivision	checksum	Checksum	string	[]	[]	[]	f	[]	f		f	f	f	f	f	Auto added field from syncronizer	f
	organizationDivision	objectPath	Object Path	string	[]	{"format":"ltree"}	[]	f	[]	f		f	f	f	f	f	Auto added field from syncronizer	f
	organizationEmployee	status	Status	meta		{"object":"metaEmployeeStatus"}	[]	f	[]	f		f	t	f	t	f		f
	organizationEmployee	gender	Sex	meta		{"object":"metaGender"}	[]	f	[]	f		f	f	f	t	f		f
	organizationEmployee	personalEmail	Personal Email	string		{"format":"email"}	[]	f	[]	f		f	f	f	t	f		f
	organizationEmployee	workEmail	Work Email	string		{"format":"email"}	[]	f	[]	f		t	t	f	t	t		f
	organizationEmployee	dob	DOB	string		{"format":"date"}	[]	f	[]	f		t	f	f	t	f		f
	organizationEmployee	firstName	First Name	string		{"maximLength":"35"}	[]	f	[]	f		t	t	f	t	f		f
	organizationEmployee	image	Image	cdnUrlPrivate		{"fileType":"smallImage"}	[]	f	[]	f		f	f	f	t	f		f
	organizationEmployee	lastName	Last Name	string		{"maximLength":"35"}	[]	f	[]	f		t	t	f	t	f		f
	organizationEmployee	middleName	Middle Name	string		{"maximLength":"35"}	[]	f	[]	f		t	f	f	t	f		f
	organizationEmployee	specialty	Specialty	string		[]	[]	f	[]	f		f	f	f	t	f		f
	organizationEmployee	startDate	Start Date	string		{"format":"date"}	[]	f	[]	f		t	f	f	t	f		f
	organizationEmployee	ssn	SSN	string		[]	[]	f	[]	f		f	f	f	t	f		f
	organizationEmployee	synapUserId	Aperio User ID	refer		{"object":"synapUser"}	[]	f	[]	f		t	f	f	f	f		f
	organizationEmployee	displayValue	Display Value	string		[]	[]	t	{"phpFunction":"EmployeeDisplayName","parameters":["firstName"," lastName","title"]}	f		t	f	f	t	f		f
	organizationEmployee	drFirstUserId	DrFirst User ID	string		[]	[]	f	[]	f		f	f	f	t	f		f
	organizationEmployee	createNewSynapUser	Create New Aperio User	bool		[]	[]	f	[]	f	0	f	f	f	t	f		f
	organizationEmployee	npi	NPI	string		{"maximLength":"-1","regex":"/^[0-9]+$/"}	[]	f	[]	f		t	f	f	t	f		f
	organizationEmployee	entityType	Entity Type	string		[]	[]	f	[]	f		t	f	f	t	f		f
	organizationEmployee	profile	Profile	refer		{"object":"organizationProfile"}	[]	f	[]	t		f	f	f	t	f		f
	organizationEmployee	title	Title	string		[]	[]	f	[]	f		t	t	f	t	f		f
	organizationEmployee	medicalLicense	Medical License	string		[]	[]	f	[]	f		f	f	f	t	f		f
	organizationEmployee	deaRegistrationNumber	DEA Registartion number	string		[]	[]	f	[]	f		f	f	f	t	f		f
	organizationEmployee	userType	User Type	meta		{"object":"metaUserType"}	[]	f	[]	f		t	t	f	t	f		f
	organizationEmployee	createdOnDate	Created On Date	string	[]	{"format":"date"}	[]	f	[]	f		f	f	f	f	f	Auto added field from syncronizer	f
	organizationEmployee	createdOnTime	Created On Time	string	[]	{"format":"time"}	[]	f	[]	f		f	f	f	f	f	Auto added field from syncronizer	f
	organizationEmployee	createdBy	Created By	refer	[]	{"object":"synapUser"}	[]	f	[]	f		f	f	f	t	f	Auto added field from syncronizer	f
	organizationEmployee	id	Id	string	[]	[]	[]	f	[]	f		f	f	f	f	t	Auto added field from syncronizer	f
	organizationEmployee	tags	Tags	arrays	[]	[]	[]	f	[]	f		f	f	f	t	f	Auto added field from syncronizer	f
	organizationEmployee	organizationId	Organization Id	refer	[]	{"object":"organization"}	[]	f	[]	f	\N	f	f	f	f	f	Auto added field from syncronizer	f
	organizationEmployee	customProperty	custom Property	json	[]	[]	[]	f	[]	f		f	f	f	f	f	Auto added field from syncronizer	f
	organizationEmployee	checksum	Checksum	string	[]	[]	[]	f	[]	f		f	f	f	f	f	Auto added field from syncronizer	f
	organizationEmployee	objectPath	Object Path	string	[]	{"format":"ltree"}	[]	f	[]	f		f	f	f	f	f	Auto added field from syncronizer	f
	organizationEmployeeAddress	zip	Zip	string		{"maximLength":"9"}	[]	f	[]	f		f	t	f	t	f		f
	organizationEmployeeAddress	state	State	meta		{"object":"metaState"}	[]	f	[]	f		f	t	f	t	f		f
	organizationEmployeeAddress	country	Country	meta		{"object":"metaCountry"}	[]	f	[]	f		f	t	f	t	f		f
	organizationEmployeeAddress	city	City	string		{"maximLength":"35"}	[]	f	[]	f		f	t	f	t	f		f
	organizationEmployeeAddress	addressType	Address Type	meta		{"object":"metaAddressType"}	[]	f	[]	f		f	t	f	t	f		f
	organizationEmployeeAddress	address1	Address 1	string		{"maximLength":"35"}	[]	f	[]	f		f	t	f	t	f		f
	organizationEmployeeAddress	address2	Address 2	string		[]	[]	f	[]	f		f	f	f	t	f		f
	organizationEmployeeAddress	createdOnDate	Created On Date	string	[]	{"format":"date"}	[]	f	[]	f		f	f	f	f	f	Auto added field from syncronizer	f
	organizationEmployeeAddress	createdOnTime	Created On Time	string	[]	{"format":"time"}	[]	f	[]	f		f	f	f	f	f	Auto added field from syncronizer	f
	organizationEmployeeAddress	createdBy	Created By	refer	[]	{"object":"synapUser"}	[]	f	[]	f		f	f	f	t	f	Auto added field from syncronizer	f
	organizationEmployeeAddress	organizationEmployeeId	organizationEmployee Id	refer	[]	{"object":"organizationEmployee"}	[]	f	[]	f		t	t	f	t	f	Auto added field from syncronizer	f
	organizationEmployeeAddress	id	Id	string	[]	[]	[]	f	[]	f		f	f	f	f	t	Auto added field from syncronizer	f
	organizationEmployeeAddress	tags	Tags	arrays	[]	[]	[]	f	[]	f		f	f	f	t	f	Auto added field from syncronizer	f
	organizationEmployeeAddress	organizationId	Organization Id	refer	[]	{"object":"organization"}	[]	f	[]	f	\N	f	f	f	f	f	Auto added field from syncronizer	f
	organizationEmployeeAddress	customProperty	custom Property	json	[]	[]	[]	f	[]	f		f	f	f	f	f	Auto added field from syncronizer	f
	organizationEmployeeAddress	checksum	Checksum	string	[]	[]	[]	f	[]	f		f	f	f	f	f	Auto added field from syncronizer	f
	organizationEmployeeAddress	objectPath	Object Path	string	[]	{"format":"ltree"}	[]	f	[]	f		f	f	f	f	f	Auto added field from syncronizer	f
	organizationEmployeeDivision	organizationDivisionId	Organization Division ID	refer		{"object":"organizationDivision"}	[]	f	[]	f		t	t	f	t	f		f
	organizationEmployeeDivision	displayValue	Display Value	string		[]	[]	t	{"phpFunction":"concate","parameters":["organizationEmployeeIdFirstName","organizationEmployeeIdLastName"]}	f		t	f	f	t	f		f
	organizationEmployeeDivision	createdOnDate	Created On Date	string	[]	{"format":"date"}	[]	f	[]	f		f	f	f	f	f	Auto added field from syncronizer	f
	organizationEmployeeDivision	createdOnTime	Created On Time	string	[]	{"format":"time"}	[]	f	[]	f		f	f	f	f	f	Auto added field from syncronizer	f
	organizationEmployeeDivision	createdBy	Created By	refer	[]	{"object":"synapUser"}	[]	f	[]	f		f	f	f	t	f	Auto added field from syncronizer	f
	organizationEmployeeDivision	organizationEmployeeId	organizationEmployee Id	refer	[]	{"object":"organizationEmployee"}	[]	f	[]	f		t	t	f	t	f	Auto added field from syncronizer	f
	organizationEmployeeDivision	id	Id	string	[]	[]	[]	f	[]	f		f	f	f	f	t	Auto added field from syncronizer	f
	organizationEmployeeDivision	tags	Tags	arrays	[]	[]	[]	f	[]	f		f	f	f	t	f	Auto added field from syncronizer	f
	organizationEmployeeDivision	organizationId	Organization Id	refer	[]	{"object":"organization"}	[]	f	[]	f	\N	f	f	f	f	f	Auto added field from syncronizer	f
	organizationEmployeeDivision	customProperty	custom Property	json	[]	[]	[]	f	[]	f		f	f	f	f	f	Auto added field from syncronizer	f
	organizationEmployeeDivision	checksum	Checksum	string	[]	[]	[]	f	[]	f		f	f	f	f	f	Auto added field from syncronizer	f
	organizationEmployeeDivision	objectPath	Object Path	string	[]	{"format":"ltree"}	[]	f	[]	f		f	f	f	f	f	Auto added field from syncronizer	f
	organizationEmployeeTelephone	telephoneType	Telephone Type	meta		{"object":"metaTelephoneType"}	[]	f	[]	f		f	t	f	t	f		f
	organizationEmployeeTelephone	isPrimary	Is Primary	bool		[]	[]	f	[]	f	0	f	f	f	t	f		f
	organizationEmployeeTelephone	number	Number	string		{"minimLength":"10","maximLength":"10","regex":"/^[0-9\\\\)(\\\\- ]+$/"}	[]	f	[]	f		f	t	f	t	f		f
	organizationEmployeeTelephone	createdOnDate	Created On Date	string	[]	{"format":"date"}	[]	f	[]	f		f	f	f	f	f	Auto added field from syncronizer	f
	organizationEmployeeTelephone	createdOnTime	Created On Time	string	[]	{"format":"time"}	[]	f	[]	f		f	f	f	f	f	Auto added field from syncronizer	f
	organizationEmployeeTelephone	createdBy	Created By	refer	[]	{"object":"synapUser"}	[]	f	[]	f		f	f	f	t	f	Auto added field from syncronizer	f
	organizationEmployeeTelephone	organizationEmployeeId	organizationEmployee Id	refer	[]	{"object":"organizationEmployee"}	[]	f	[]	f		t	t	f	t	f	Auto added field from syncronizer	f
	organizationEmployeeTelephone	id	Id	string	[]	[]	[]	f	[]	f		f	f	f	f	t	Auto added field from syncronizer	f
	organizationEmployeeTelephone	tags	Tags	arrays	[]	[]	[]	f	[]	f		f	f	f	t	f	Auto added field from syncronizer	f
	organizationEmployeeTelephone	organizationId	Organization Id	refer	[]	{"object":"organization"}	[]	f	[]	f	\N	f	f	f	f	f	Auto added field from syncronizer	f
	organizationEmployeeTelephone	customProperty	custom Property	json	[]	[]	[]	f	[]	f		f	f	f	f	f	Auto added field from syncronizer	f
	organizationEmployeeTelephone	checksum	Checksum	string	[]	[]	[]	f	[]	f		f	f	f	f	f	Auto added field from syncronizer	f
	organizationEmployeeTelephone	objectPath	Object Path	string	[]	{"format":"ltree"}	[]	f	[]	f		f	f	f	f	f	Auto added field from syncronizer	f
	organizationFolder	name	Name	string		[]	[]	f	[]	f		t	t	f	t	f		f
	organizationFolder	patientId	Patient ID	refer		{"object":"patient"}	[]	f	[]	f		f	f	f	t	f		f
	organizationFolder	displayValue	Display Value	string		[]	[]	t	{"phpFunction":"concate","parameters":["name"]}	f		t	f	f	f	f		f
	organizationFolder	createdOnDate	Created On Date	string	[]	{"format":"date"}	[]	f	[]	f		f	f	f	f	f	Auto added field from syncronizer	f
	organizationFolder	createdOnTime	Created On Time	string	[]	{"format":"time"}	[]	f	[]	f		f	f	f	f	f	Auto added field from syncronizer	f
	organizationFolder	createdBy	Created By	refer	[]	{"object":"synapUser"}	[]	f	[]	f		f	f	f	t	f	Auto added field from syncronizer	f
	organizationFolder	id	Id	string	[]	[]	[]	f	[]	f		f	f	f	f	t	Auto added field from syncronizer	f
	organizationFolder	tags	Tags	arrays	[]	[]	[]	f	[]	f		f	f	f	t	f	Auto added field from syncronizer	f
	organizationFolder	organizationId	Organization Id	refer	[]	{"object":"organization"}	[]	f	[]	f	\N	f	f	f	f	f	Auto added field from syncronizer	f
	organizationFolder	customProperty	custom Property	json	[]	[]	[]	f	[]	f		f	f	f	f	f	Auto added field from syncronizer	f
	organizationFolder	checksum	Checksum	string	[]	[]	[]	f	[]	f		f	f	f	f	f	Auto added field from syncronizer	f
	organizationFolder	objectPath	Object Path	string	[]	{"format":"ltree"}	[]	f	[]	f		f	f	f	f	f	Auto added field from syncronizer	f
	organizationProfile	name	Name	string		[]	[]	f	[]	f		t	t	f	t	f		f
	organizationProfile	permission	Permission	meta		{"object":"metaPermission"}	[]	f	[]	t		f	f	f	t	f		f
	organizationProfile	allowDelete	Allow Delete	bool		[]	[]	f	[]	f	1	f	f	f	f	f		f
	organizationProfile	displayValue	Display Value	string		[]	[]	t	{"phpFunction":"concate","parameters":["name"]}	f		t	t	f	t	f		f
	organizationProfile	isInternal	is internal	bool		[]	[]	f	[]	f	0	t	f	f	t	f		f
	organizationProfile	createdOnDate	Created On Date	string	[]	{"format":"date"}	[]	f	[]	f		f	f	f	f	f	Auto added field from syncronizer	f
	organizationProfile	createdOnTime	Created On Time	string	[]	{"format":"time"}	[]	f	[]	f		f	f	f	f	f	Auto added field from syncronizer	f
	organizationProfile	createdBy	Created By	refer	[]	{"object":"synapUser"}	[]	f	[]	f		f	f	f	t	f	Auto added field from syncronizer	f
	organizationProfile	id	Id	string	[]	[]	[]	f	[]	f		f	f	f	f	t	Auto added field from syncronizer	f
	organizationProfile	tags	Tags	arrays	[]	[]	[]	f	[]	f		f	f	f	t	f	Auto added field from syncronizer	f
	organizationProfile	organizationId	Organization Id	refer	[]	{"object":"organization"}	[]	f	[]	f	\N	f	f	f	f	f	Auto added field from syncronizer	f
	organizationProfile	customProperty	custom Property	json	[]	[]	[]	f	[]	f		f	f	f	f	f	Auto added field from syncronizer	f
	organizationProfile	checksum	Checksum	string	[]	[]	[]	f	[]	f		f	f	f	f	f	Auto added field from syncronizer	f
	organizationProfile	objectPath	Object Path	string	[]	{"format":"ltree"}	[]	f	[]	f		f	f	f	f	f	Auto added field from syncronizer	f
	patient	status	Status	meta		{"object":"metaPatientStatus"}	[]	f	[]	f		f	f	f	t	f		f
	patient	militaryStatus	Military Status	meta		{"object":"metaMilitaryStatus"}	[]	f	[]	f		f	f	f	t	f		f
	patient	race	Race	meta		{"object":"metaRace"}	[]	f	[]	t		f	t	f	t	f		f
	patient	maritalStatus	Marital Status	meta		{"object":"metaMaritalStatus"}	[]	f	[]	f		f	f	f	t	f		f
	patient	preferredLanguage	Preferred Language	meta		{"object":"metaLanguage"}	[]	f	[]	f		f	t	f	t	f		f
	patient	housingStatus	Housing Status	meta		{"object":"metaHousingStatus"}	[]	f	[]	f		f	f	f	t	f		f
	patient	gender	Sex	meta		{"object":"metaGender"}	[]	f	[]	f		t	t	f	t	f		f
	patient	email	Email	string		{"format":"email"}	[]	f	[]	f		f	f	f	t	f		f
	patient	ethnicity	Ethnicity	meta		{"object":"metaEthnicity"}	[]	f	[]	f		f	t	f	t	f		f
	patient	employmentStatus	Employment Status	meta		{"object":"metaEmploymentStatus"}	[]	f	[]	f		f	f	f	t	f		f
	patient	dob	DOB	string		{"format":"date"}	[]	f	[]	f		t	t	f	t	f		f
	patient	firstName	First Name	string		{"maximLength":"35","regex":"/^[A-Za-z\\\\-.\\\\)(\\\\/ ]+$/"}	[]	f	[]	f		t	t	f	t	f		f
	patient	image	Image	cdnUrlPrivate		{"fileType":"smallImage"}	[]	f	[]	f		f	f	f	t	f		f
	patient	lastName	Last Name	string		{"maximLength":"35","regex":"/^[A-Za-z\\\\-.\\\\)(\\\\/ ]+$/"}	[]	f	[]	f		t	t	f	t	f		f
	patient	middleName	Middle Name	string		{"maximLength":"35","regex":"/^[A-Za-z\\\\-.\\\\)(\\\\/ ]+$/"}	[]	f	[]	f		t	f	f	t	f		f
	patient	maidenName	Maiden Name	string		[]	[]	f	[]	f		f	f	f	t	f		f
	patient	preferredName	Preferred Name	string		[]	[]	f	[]	f		f	f	f	t	f		f
	patient	patientOrgId	Patient Org ID	string		[]	[]	f	[]	f		f	f	f	t	f		f
	patient	identity	Identity	string		[]	[]	f	[]	f		f	f	f	t	f		f
	patient	drFirstLastSyncDate	DrFirst Last Sync Date	string		{"format":"date"}	[]	f	[]	f		t	f	f	t	f		f
	patient	drFirstLastSyncTime	DrFirst Last Sync Time	string		{"format":"time"}	[]	f	[]	f		t	f	f	t	f		f
	patient	synapUserId	Aperio User ID	refer		{"object":"synapUser"}	[]	f	[]	f		t	f	f	f	f		f
	patient	isCreatedDrFirst	Is Created DrFirst	bool		[]	[]	f	[]	f	0	f	f	f	t	f		f
	patient	displayValue	Display Value	string		[]	[]	t	{"phpFunction":"concate","parameters":["firstName"," lastName"]}	f		t	f	f	t	f		f
	patient	areYouAdopted	Are You Adopted	bool		[]	[]	f	[]	f	0	f	f	f	t	f		f
	patient	age	Age	number		[]	[]	f	[]	f		t	f	f	t	f		f
	patient	communicationPreference	Communication Preference	meta		{"object":"metaCommunicationMode"}	[]	f	[]	f		f	f	f	t	f		f
	patient	noKnownDrugAllergies	No Known Drug Allergies	bool		[]	[]	f	[]	f	0	f	f	f	t	f		f
	patient	noKnownProblems	No Known Problems	bool		[]	[]	f	[]	f	0	f	f	f	t	f		f
	patient	protectionIndicatorEffectiveDate	Protection Indicator Effective Date	string		{"format":"date"}	[]	f	[]	f		t	f	f	t	f		f
	patient	isDead	Is Dead	bool		[]	[]	f	[]	f	0	f	f	f	t	f		f
	patient	diedOn	Died On	string		{"format":"date"}	[{"property":"isDead","value":"1"}]	f	[]	f		t	f	f	t	f		f
	patient	noKnownMedication	No Known Medication	bool		[]	[]	f	[]	f	0	f	f	f	t	f		f
	patient	identifyingMarks	Identifying Marks	string		[]	[]	f	[]	f		f	f	f	t	f		f
	patient	eyeColor	Eye Color	string		[]	[]	f	[]	f		f	f	f	t	f		f
	patient	hairColor	Hair Color	string		[]	[]	f	[]	f		f	f	f	t	f		f
	patient	createNewSynapUser	Create New Aperio User	bool		[]	[]	f	[]	f	0	f	f	f	t	f		f
	patient	suffixName	Suffix Name	string		[]	[]	f	[]	f		f	f	f	t	f		f
	patient	guarantorPatientId	Guarantor Patient Id	refer		{"object":"patient"}	[]	f	[]	f		f	f	f	t	f		f
	patient	notes	notes	string		{"maximLength":"-1"}	[]	f	[]	f		f	f	f	t	f		f
	patient	MRN	MRN	string		[]	[]	t	{"phpFunction":"getAlphaNumeric","parameters":["id"]}	f		t	f	f	t	f		f
	patient	secondaryPhone	Secondary Phone	string		{"minimLength":"5","maximLength":"10","regex":"/^[0-9\\\\)(\\\\- ]+$/"}	[]	f	[]	f		f	f	f	t	f		f
	patient	tertiaryPhone	Tertiary Phone	string		{"minimLength":"5","maximLength":"10","regex":"/^[0-9\\\\)(\\\\- ]+$/"}	[]	f	[]	f		f	f	f	t	f		f
	patient	primaryPhone	Primary Phone	string		{"minimLength":"5","maximLength":"10","regex":"/^[0-9\\\\)(\\\\- ]+$/"}	[]	f	[]	f		f	t	f	t	f		f
	patient	allMedicationCollected	All Medications And Supplements Collected	bool		[]	[]	f	[]	f	0	f	f	f	t	f		f
	patient	isDuplicateAllow	Is Duplicate Allow	bool		[]	[]	f	[]	f	0	f	f	f	f	f		f
	patient	admissionDate	Admission Date	string		{"format":"date"}	[]	f	[]	f		t	f	f	t	f		f
	patient	dischargeDate	Discharge Date	string		{"format":"date","minimval":"admissionDate"}	[]	f	[]	f		t	f	f	t	f		f
	patient	livingAlone	Living Alone	bool		[]	[]	f	[]	f	0	f	f	f	t	f		f
	patient	income	Income	meta		{"object":"metaIncomeLevel"}	[]	f	[]	f		f	f	f	t	f		f
	patient	createdOnDate	Created On Date	string	[]	{"format":"date"}	[]	f	[]	f		f	f	f	f	f	Auto added field from syncronizer	f
	patient	createdOnTime	Created On Time	string	[]	{"format":"time"}	[]	f	[]	f		f	f	f	f	f	Auto added field from syncronizer	f
	patient	createdBy	Created By	refer	[]	{"object":"synapUser"}	[]	f	[]	f		f	f	f	t	f	Auto added field from syncronizer	f
	patient	id	Id	string	[]	[]	[]	f	[]	f		f	f	f	f	t	Auto added field from syncronizer	f
	patient	tags	Tags	arrays	[]	[]	[]	f	[]	f		f	f	f	t	f	Auto added field from syncronizer	f
	patient	organizationId	Organization Id	refer	[]	{"object":"organization"}	[]	f	[]	f	\N	f	f	f	f	f	Auto added field from syncronizer	f
	patient	customProperty	custom Property	json	[]	[]	[]	f	[]	f		f	f	f	f	f	Auto added field from syncronizer	f
	patient	checksum	Checksum	string	[]	[]	[]	f	[]	f		f	f	f	f	f	Auto added field from syncronizer	f
	patient	objectPath	Object Path	string	[]	{"format":"ltree"}	[]	f	[]	f		f	f	f	f	f	Auto added field from syncronizer	f
	patientAddress	zip	Zip	string		{"maximLength":"10","regex":"/^[A-Za-z0-9\\\\- ]+$/"}	[]	f	[]	f		f	t	f	t	f		f
	patientAddress	state	State	meta		{"object":"metaState"}	[]	f	[]	f		f	t	f	t	f		f
	patientAddress	country	Country	meta		{"object":"metaCountry"}	[]	f	[]	f	metaCountry:US	f	f	f	t	f		f
	patientAddress	city	City	string		{"maximLength":"35","regex":"/^[A-Za-z\\\\.;\\\\/\\\\-\\\\)( ]+$/"}	[]	f	[]	f		f	t	f	t	f		f
	patientAddress	addressType	Address Type	meta		{"object":"metaAddressType"}	[]	f	[]	f		f	t	f	t	f		f
	patientAddress	isPrimary	Is Primary	bool		[]	[]	f	[]	f	0	f	f	f	t	f		f
	patientAddress	notes	Notes	string		{"maximLength":"-1"}	[]	f	[]	f		f	f	f	t	f		f
	patientAddress	county	County	string		[]	[]	f	[]	f		f	f	f	t	f		f
	patientAddress	createdOnDate	Created On Date	string	[]	{"format":"date"}	[]	f	[]	f		f	f	f	f	f	Auto added field from syncronizer	f
	patientAddress	createdOnTime	Created On Time	string	[]	{"format":"time"}	[]	f	[]	f		f	f	f	f	f	Auto added field from syncronizer	f
	patientAddress	createdBy	Created By	refer	[]	{"object":"synapUser"}	[]	f	[]	f		f	f	f	t	f	Auto added field from syncronizer	f
	patientAddress	patientId	patient Id	refer	[]	{"object":"patient"}	[]	f	[]	f		t	t	f	t	f	Auto added field from syncronizer	f
	patientAddress	id	Id	string	[]	[]	[]	f	[]	f		f	f	f	f	t	Auto added field from syncronizer	f
	patientAddress	tags	Tags	arrays	[]	[]	[]	f	[]	f		f	f	f	t	f	Auto added field from syncronizer	f
	patientAddress	organizationId	Organization Id	refer	[]	{"object":"organization"}	[]	f	[]	f	\N	f	f	f	f	f	Auto added field from syncronizer	f
	patientAddress	customProperty	custom Property	json	[]	[]	[]	f	[]	f		f	f	f	f	f	Auto added field from syncronizer	f
	patientAddress	checksum	Checksum	string	[]	[]	[]	f	[]	f		f	f	f	f	f	Auto added field from syncronizer	f
	patientAddress	objectPath	Object Path	string	[]	{"format":"ltree"}	[]	f	[]	f		f	f	f	f	f	Auto added field from syncronizer	f
	patientAdmission	admissionDate	Admission Date	string		{"format":"date"}	[]	f	[]	f		t	t	f	t	f		f
	patientAdmission	dischargeDate	Discharge Date	string		{"format":"date","minimval":"admissionDate"}	[]	f	[]	f		t	f	f	t	f		f
	patientAdmission	facility	Facility	string		[]	[]	f	[]	f		t	t	f	t	f		f
	patientAdmission	infoSource	Information Source	string		[]	[]	f	[]	f		t	t	f	t	f		f
	patientAdmission	createdOnDate	Created On Date	string	[]	{"format":"date"}	[]	f	[]	f		f	f	f	f	f	Auto added field from syncronizer	f
	patientAdmission	createdOnTime	Created On Time	string	[]	{"format":"time"}	[]	f	[]	f		f	f	f	f	f	Auto added field from syncronizer	f
	patientAdmission	createdBy	Created By	refer	[]	{"object":"synapUser"}	[]	f	[]	f		f	f	f	t	f	Auto added field from syncronizer	f
	patientAdmission	patientId	patient Id	refer	[]	{"object":"patient"}	[]	f	[]	f		t	t	f	t	f	Auto added field from syncronizer	f
	patientAdmission	id	Id	string	[]	[]	[]	f	[]	f		f	f	f	f	t	Auto added field from syncronizer	f
	patientAdmission	tags	Tags	arrays	[]	[]	[]	f	[]	f		f	f	f	t	f	Auto added field from syncronizer	f
	patientAdmission	organizationId	Organization Id	refer	[]	{"object":"organization"}	[]	f	[]	f	\N	f	f	f	f	f	Auto added field from syncronizer	f
	patientAdmission	customProperty	custom Property	json	[]	[]	[]	f	[]	f		f	f	f	f	f	Auto added field from syncronizer	f
	patientAdmission	checksum	Checksum	string	[]	[]	[]	f	[]	f		f	f	f	f	f	Auto added field from syncronizer	f
	patientAdmission	objectPath	Object Path	string	[]	{"format":"ltree"}	[]	f	[]	f		f	f	f	f	f	Auto added field from syncronizer	f
	patientAllergy	name	Name	string		[]	[]	f	[]	f		f	t	f	t	f		f
	patientAllergy	reaction	Reaction	string		[]	[]	f	[]	f		f	f	f	t	f		f
	patientAllergy	onSetDate	On Set Date	string		{"format":"date"}	[]	f	[]	f		f	t	f	t	f		f
	patientAllergy	resolutionDate	Resolution Date	string		{"format":"date"}	[]	f	[]	f		f	f	f	t	f		f
	patientAllergy	status	Status	meta		{"object":"metaDefaultStatus"}	[]	f	[]	f		f	t	f	t	f		f
	patientAllergy	createdOnDate	Created On Date	string	[]	{"format":"date"}	[]	f	[]	f		f	f	f	f	f	Auto added field from syncronizer	f
	patientAllergy	createdOnTime	Created On Time	string	[]	{"format":"time"}	[]	f	[]	f		f	f	f	f	f	Auto added field from syncronizer	f
	patientAllergy	createdBy	Created By	refer	[]	{"object":"synapUser"}	[]	f	[]	f		f	f	f	t	f	Auto added field from syncronizer	f
	patientAllergy	patientId	patient Id	refer	[]	{"object":"patient"}	[]	f	[]	f		t	t	f	t	f	Auto added field from syncronizer	f
	patientAllergy	id	Id	string	[]	[]	[]	f	[]	f		f	f	f	f	t	Auto added field from syncronizer	f
	patientAllergy	tags	Tags	arrays	[]	[]	[]	f	[]	f		f	f	f	t	f	Auto added field from syncronizer	f
	patientAllergy	organizationId	Organization Id	refer	[]	{"object":"organization"}	[]	f	[]	f	\N	f	f	f	f	f	Auto added field from syncronizer	f
	patientAllergy	customProperty	custom Property	json	[]	[]	[]	f	[]	f		f	f	f	f	f	Auto added field from syncronizer	f
	patientAllergy	checksum	Checksum	string	[]	[]	[]	f	[]	f		f	f	f	f	f	Auto added field from syncronizer	f
	patientAllergy	objectPath	Object Path	string	[]	{"format":"ltree"}	[]	f	[]	f		f	f	f	f	f	Auto added field from syncronizer	f
	patientContact	image	Image	cdnUrlPrivate		{"fileType":"smallImage"}	[]	f	[]	f		f	f	f	t	f		f
	patientContact	contactType	Contact Type	meta		{"object":"metaContactType"}	[]	f	[]	f		f	t	f	t	f		f
	patientContact	otherContactType	Other Contact Type	string		[]	[{"property":"contactType","value":"metaContactType:other"}]	f	[]	f		f	f	f	t	f		f
	patientContact	firstName	First Name	string		[]	[]	f	[]	f		t	t	f	t	f		f
	patientContact	lastName	Last Name	string		[]	[]	f	[]	f		t	t	f	t	f		f
	patientContact	middleName	Middle Name	string		[]	[]	f	[]	f		f	f	f	t	f		f
	patientContact	relationship	Relationship	refer		{"object":"metaFamilyRelationship"}	[]	f	[]	f		f	f	f	t	f		f
	patientContact	email	Email	string		{"format":"email"}	[]	f	[]	f		f	f	f	t	f		f
	patientContact	roi	ROI	bool		[]	[]	f	[]	f	0	f	f	f	t	f		f
	patientContact	roiExpires	ROI Expires	string		{"format":"date"}	[]	f	[]	f		f	f	f	t	f		f
	patientContact	synapUserId	Aperio User ID	refer		{"object":"synapUser"}	[]	f	[]	f		f	f	f	t	f		f
	patientContact	lastLogin	Last Login	string		{"format":"date"}	[]	f	[]	f		f	f	f	t	f		f
	patientContact	isGuardian	Is Guardian	bool		[]	[]	f	[]	f	0	f	f	f	t	f		f
	patientContact	livesWithPatient	Lives With Patient	bool		[]	[]	f	[]	f	0	f	f	f	t	f		f
	patientContact	isPrimary	Is Primary	bool		[]	[]	f	[]	f	0	f	f	f	t	f		f
	patientContact	isEmergencyContact	Is Emergency Contact	bool		[]	[]	f	[]	f	0	f	f	f	t	f		f
	patientContact	guardianTimeframeStartDate	Guardian Timeframe Start Date	string		{"format":"date"}	[{"property":"isGuardian","value":"1"}]	f	[]	f		f	f	f	t	f		f
	patientAddress	address2	Address 2	string		{"maximLength":"35","regex":"/^[A-Za-z0-9\\\\.#\\\\;\\\\/: ]+$/"}	[]	f	[]	f		f	f	f	t	f		f
	patientContact	guardianTimeframeEndDate	Guardian Timeframe End Date	string		{"format":"date"}	[{"property":"isGuardian","value":"1"}]	f	[]	f		f	f	f	t	f		f
	patientContact	guardianTimeframeDays	Guardian Timeframe Days	string		[]	[{"property":"isGuardian","value":"1"}]	f	[]	f		f	f	f	t	f		f
	patientContact	guardianTimeframeTime	Guardian Timeframe Time	string		{"format":"time"}	[{"property":"isGuardian","value":"1"}]	f	[]	f		f	f	f	t	f		f
	patientContact	displayValue	Display Value	string		[]	[]	t	{"phpFunction":"concate","parameters":["firstName"," lastName"]}	f		t	t	f	t	f		f
	patientContact	isAuthorized	Is Authorized	bool		[]	[]	f	[]	f	0	f	f	f	t	f		f
	patientContact	createNewSynapUser	Create New Aperio User	bool		[]	[]	f	[]	f	0	f	f	f	t	f		f
	patientContact	npi	NPI	string		[]	[{"property":"contactType","value":"metaContactType:externalProvider"}]	f	[]	f		t	f	f	t	f		f
	patientContact	secondaryPhone	Secondary Phone	string		{"minimLength":"5","maximLength":"10","regex":"/^[0-9\\\\)(\\\\- ]+$/"}	[]	f	[]	f		f	f	f	t	f		f
	patientContact	tertiaryPhone	Tertiary Phone	string		{"minimLength":"5","maximLength":"10","regex":"/^[0-9\\\\)(\\\\- ]+$/"}	[]	f	[]	f		f	f	f	t	f		f
	patientContact	primaryPhone	Primary Phone	string		{"minimLength":"5","maximLength":"10","regex":"/^[0-9\\\\)(\\\\- ]+$/"}	[]	f	[]	f		f	t	f	t	f		f
	patientContact	createdOnDate	Created On Date	string	[]	{"format":"date"}	[]	f	[]	f		f	f	f	f	f	Auto added field from syncronizer	f
	patientContact	createdOnTime	Created On Time	string	[]	{"format":"time"}	[]	f	[]	f		f	f	f	f	f	Auto added field from syncronizer	f
	patientContact	createdBy	Created By	refer	[]	{"object":"synapUser"}	[]	f	[]	f		f	f	f	t	f	Auto added field from syncronizer	f
	patientContact	patientId	patient Id	refer	[]	{"object":"patient"}	[]	f	[]	f		t	t	f	t	f	Auto added field from syncronizer	f
	patientContact	id	Id	string	[]	[]	[]	f	[]	f		f	f	f	f	t	Auto added field from syncronizer	f
	patientContact	tags	Tags	arrays	[]	[]	[]	f	[]	f		f	f	f	t	f	Auto added field from syncronizer	f
	patientContact	organizationId	Organization Id	refer	[]	{"object":"organization"}	[]	f	[]	f	\N	f	f	f	f	f	Auto added field from syncronizer	f
	patientContact	customProperty	custom Property	json	[]	[]	[]	f	[]	f		f	f	f	f	f	Auto added field from syncronizer	f
	patientContact	checksum	Checksum	string	[]	[]	[]	f	[]	f		f	f	f	f	f	Auto added field from syncronizer	f
	patientContact	objectPath	Object Path	string	[]	{"format":"ltree"}	[]	f	[]	f		f	f	f	f	f	Auto added field from syncronizer	f
	patientContactAddress	address1	Address 1	string		[]	[]	f	[]	f		f	f	f	t	f		f
	patientContactAddress	address2	Address 2	string		[]	[]	f	[]	f		f	f	f	t	f		f
	patientContactAddress	addressType	Address Type	meta		{"object":"metaAddressType"}	[]	f	[]	f		f	t	f	t	f		f
	patientContactAddress	city	City	string		[]	[]	f	[]	f		f	f	f	t	f		f
	patientContactAddress	state	State	meta		{"object":"metaState"}	[]	f	[]	f		f	f	f	t	f		f
	patientContactAddress	zip	Zip	string		[]	[]	f	[]	f		f	f	f	t	f		f
	patientContactAddress	country	Country	meta		{"object":"metaCountry"}	[]	f	[]	f		f	f	f	t	f		f
	patientContactAddress	createdOnDate	Created On Date	string	[]	{"format":"date"}	[]	f	[]	f		f	f	f	f	f	Auto added field from syncronizer	f
	patientContactAddress	createdOnTime	Created On Time	string	[]	{"format":"time"}	[]	f	[]	f		f	f	f	f	f	Auto added field from syncronizer	f
	patientContactAddress	createdBy	Created By	refer	[]	{"object":"synapUser"}	[]	f	[]	f		f	f	f	t	f	Auto added field from syncronizer	f
	patientContactAddress	patientContactId	patientContact Id	refer	[]	{"object":"patientContact"}	[]	f	[]	f		t	t	f	t	f	Auto added field from syncronizer	f
	patientContactAddress	id	Id	string	[]	[]	[]	f	[]	f		f	f	f	f	t	Auto added field from syncronizer	f
	patientContactAddress	tags	Tags	arrays	[]	[]	[]	f	[]	f		f	f	f	t	f	Auto added field from syncronizer	f
	patientContactAddress	organizationId	Organization Id	refer	[]	{"object":"organization"}	[]	f	[]	f	\N	f	f	f	f	f	Auto added field from syncronizer	f
	patientContactAddress	customProperty	custom Property	json	[]	[]	[]	f	[]	f		f	f	f	f	f	Auto added field from syncronizer	f
	patientContactAddress	checksum	Checksum	string	[]	[]	[]	f	[]	f		f	f	f	f	f	Auto added field from syncronizer	f
	patientContactAddress	objectPath	Object Path	string	[]	{"format":"ltree"}	[]	f	[]	f		f	f	f	f	f	Auto added field from syncronizer	f
	patientDiagnosis	onsetDate	Onset Date	string		{"format":"date","maximval":"resolutionDate"}	[]	f	[]	f		t	f	f	t	f		f
	patientDiagnosis	resolutionDate	Resolution Date	string		{"format":"date","minmval":"onsetDate"}	[]	f	[]	f		t	f	f	t	f		f
	patientDiagnosis	status	Status	meta		{"object":"metaPatientDiagnosisStatus"}	[]	f	[]	f	metaPatientDiagnosisStatus:active	t	t	f	t	f		f
	patientDiagnosis	icd10Code	ICD-10 Code	string		[]	[]	f	[]	f		t	f	f	t	f		f
	patientDiagnosis	snomedCode	SNOMED Code	string		[]	[]	f	[]	f		t	t	f	t	f		f
	patientDiagnosis	icd10Desc	ICD Code Desc	string		[]	[]	f	[]	f		t	f	f	t	f		f
	patientDiagnosis	snomedDesc	SNOMED desc	string		[]	[]	f	[]	f		t	f	f	t	f		f
	patientDiagnosis	createdOnDate	Created On Date	string	[]	{"format":"date"}	[]	f	[]	f		f	f	f	f	f	Auto added field from syncronizer	f
	patientDiagnosis	createdOnTime	Created On Time	string	[]	{"format":"time"}	[]	f	[]	f		f	f	f	f	f	Auto added field from syncronizer	f
	patientDiagnosis	createdBy	Created By	refer	[]	{"object":"synapUser"}	[]	f	[]	f		f	f	f	t	f	Auto added field from syncronizer	f
	patientDiagnosis	patientId	patient Id	refer	[]	{"object":"patient"}	[]	f	[]	f		t	t	f	t	f	Auto added field from syncronizer	f
	patientDiagnosis	id	Id	string	[]	[]	[]	f	[]	f		f	f	f	f	t	Auto added field from syncronizer	f
	patientDiagnosis	tags	Tags	arrays	[]	[]	[]	f	[]	f		f	f	f	t	f	Auto added field from syncronizer	f
	patientDiagnosis	organizationId	Organization Id	refer	[]	{"object":"organization"}	[]	f	[]	f	\N	f	f	f	f	f	Auto added field from syncronizer	f
	patientDiagnosis	customProperty	custom Property	json	[]	[]	[]	f	[]	f		f	f	f	f	f	Auto added field from syncronizer	f
	patientDiagnosis	checksum	Checksum	string	[]	[]	[]	f	[]	f		f	f	f	f	f	Auto added field from syncronizer	f
	patientDiagnosis	objectPath	Object Path	string	[]	{"format":"ltree"}	[]	f	[]	f		f	f	f	f	f	Auto added field from syncronizer	f
	patientEmploymentInfo	employerName	Employer Name	string		[]	[]	f	[]	f		f	t	f	t	f		f
	patientEmploymentInfo	address1	Address 1	string		[]	[]	f	[]	f		f	f	f	t	f		f
	patientEmploymentInfo	address2	Address 2	string		[]	[]	f	[]	f		f	f	f	t	f		f
	patientEmploymentInfo	zip	Zip	string		[]	[]	f	[]	f		f	f	f	t	f		f
	patientEmploymentInfo	state	State	meta		{"object":"metaState"}	[]	f	[]	f		f	f	f	t	f		f
	patientEmploymentInfo	city	City	string		[]	[]	f	[]	f		f	f	f	t	f		f
	patientEmploymentInfo	telephoneNumber	Telephone Number	string		{"minimLength":"10","maximLength":"10","regex":"/^[0-9\\\\)(\\\\- ]+$/"}	[]	f	[]	f		f	f	f	t	f		f
	patientEmploymentInfo	occupation	Occupation	string		[]	[]	f	[]	f		f	t	f	t	f		f
	patientEmploymentInfo	createdOnDate	Created On Date	string	[]	{"format":"date"}	[]	f	[]	f		f	f	f	f	f	Auto added field from syncronizer	f
	patientEmploymentInfo	createdOnTime	Created On Time	string	[]	{"format":"time"}	[]	f	[]	f		f	f	f	f	f	Auto added field from syncronizer	f
	patientEmploymentInfo	createdBy	Created By	refer	[]	{"object":"synapUser"}	[]	f	[]	f		f	f	f	t	f	Auto added field from syncronizer	f
	patientEmploymentInfo	patientId	patient Id	refer	[]	{"object":"patient"}	[]	f	[]	f		t	t	f	t	f	Auto added field from syncronizer	f
	patientEmploymentInfo	id	Id	string	[]	[]	[]	f	[]	f		f	f	f	f	t	Auto added field from syncronizer	f
	patientEmploymentInfo	tags	Tags	arrays	[]	[]	[]	f	[]	f		f	f	f	t	f	Auto added field from syncronizer	f
	patientEmploymentInfo	organizationId	Organization Id	refer	[]	{"object":"organization"}	[]	f	[]	f	\N	f	f	f	f	f	Auto added field from syncronizer	f
	patientEmploymentInfo	customProperty	custom Property	json	[]	[]	[]	f	[]	f		f	f	f	f	f	Auto added field from syncronizer	f
	patientEmploymentInfo	checksum	Checksum	string	[]	[]	[]	f	[]	f		f	f	f	f	f	Auto added field from syncronizer	f
	patientEmploymentInfo	objectPath	Object Path	string	[]	{"format":"ltree"}	[]	f	[]	f		f	f	f	f	f	Auto added field from syncronizer	f
	patientMedication	rxNormRxcui	RxNorm Code	string		[]	[]	f	[]	f		t	t	f	t	f		f
	patientMedication	rxNormStr	RxNorm Description	string		{"maximLength":"-1"}	[]	f	[]	f		t	t	f	t	f		f
	patientMedication	sig	Sig	string		[]	[]	f	[]	f		f	t	f	t	f		f
	patientMedication	route	Route	meta		{"object":"metaMedicationDeliveryRoute"}	[]	f	[]	f		t	t	f	t	f		f
	patientMedication	startDate	Start Date	string		{"format":"date"}	[]	f	[]	f		f	t	f	t	f		f
	patientMedication	endDate	End Date	string		{"format":"date","minimval":"startDate"}	[]	f	[]	f		f	f	f	t	f		f
	patientMedication	status	Status	meta		{"object":"metaDefaultStatus"}	[]	f	[]	f		t	t	f	t	f		f
	patientMedication	createdOnDate	Created On Date	string	[]	{"format":"date"}	[]	f	[]	f		f	f	f	f	f	Auto added field from syncronizer	f
	patientMedication	createdOnTime	Created On Time	string	[]	{"format":"time"}	[]	f	[]	f		f	f	f	f	f	Auto added field from syncronizer	f
	patientMedication	createdBy	Created By	refer	[]	{"object":"synapUser"}	[]	f	[]	f		f	f	f	t	f	Auto added field from syncronizer	f
	patientMedication	patientId	patient Id	refer	[]	{"object":"patient"}	[]	f	[]	f		t	t	f	t	f	Auto added field from syncronizer	f
	patientMedication	id	Id	string	[]	[]	[]	f	[]	f		f	f	f	f	t	Auto added field from syncronizer	f
	patientMedication	tags	Tags	arrays	[]	[]	[]	f	[]	f		f	f	f	t	f	Auto added field from syncronizer	f
	patientMedication	organizationId	Organization Id	refer	[]	{"object":"organization"}	[]	f	[]	f	\N	f	f	f	f	f	Auto added field from syncronizer	f
	patientMedication	customProperty	custom Property	json	[]	[]	[]	f	[]	f		f	f	f	f	f	Auto added field from syncronizer	f
	patientMedication	checksum	Checksum	string	[]	[]	[]	f	[]	f		f	f	f	f	f	Auto added field from syncronizer	f
	patientMedication	objectPath	Object Path	string	[]	{"format":"ltree"}	[]	f	[]	f		f	f	f	f	f	Auto added field from syncronizer	f
	patientPrescription	deleted	Deleted	bool		[]	[]	f	[]	f	0	t	f	f	t	f		f
	patientPrescription	voided	Voided	bool		[]	[]	f	[]	f	0	t	f	f	t	f		f
	patientPrescription	denied	Denied	bool		[]	[]	f	[]	f	0	t	f	f	t	f		f
	patientPrescription	rcopiaId	Rcopia ID	string		[]	[]	f	[]	f		t	f	f	t	f		f
	patientPrescription	needsReview	Needs Review	string		[]	[]	f	[]	f		t	f	f	t	f		f
	patientPrescription	prescriberOrderNumber	Prescriber Order Number	string		[]	[]	f	[]	f		t	f	f	t	f		f
	patientPrescription	rxReferenceNumber	Rx Reference Number	string		[]	[]	f	[]	f		t	f	f	t	f		f
	patientPrescription	createdDate	Created Date	string		{"format":"date"}	[]	f	[]	f		t	f	f	t	f		f
	patientPrescription	createdTime	Created Time	string		{"format":"time"}	[]	f	[]	f		t	f	f	t	f		f
	patientPrescription	completedDate	Completed Date	string		{"format":"date"}	[]	f	[]	f		t	f	f	t	f		f
	patientPrescription	completedTime	Completed Time	string		{"format":"time"}	[]	f	[]	f		t	f	f	t	f		f
	patientPrescription	signedDate	Signed Date	string		{"format":"date"}	[]	f	[]	f		t	f	f	t	f		f
	patientPrescription	signedTime	Signed Time	string		{"format":"time"}	[]	f	[]	f		t	f	f	t	f		f
	patientPrescription	stopDate	Stop Date	string		{"format":"date"}	[]	f	[]	f		t	f	f	t	f		f
	patientPrescription	stopTime	Stop Time	string		{"format":"time"}	[]	f	[]	f		t	f	f	t	f		f
	patientPrescription	drFirstLastModifiedDate	DrFirst Last Modified Date	string		{"format":"date"}	[]	f	[]	f		t	f	f	t	f		f
	patientPrescription	drFirstLastModifiedTime	DrFirst Last Modified Time	string		{"format":"time"}	[]	f	[]	f		t	f	f	t	f		f
	patientPrescription	drFirstLastModifiedBy	DrFirst Last Modified By	string		[]	[]	f	[]	f		t	f	f	t	f		f
	patientPrescription	completionAction	Completion Action	string		[]	[]	f	[]	f		t	f	f	t	f		f
	patientPrescription	sendMethod	Send Method	string		[]	[]	f	[]	f		t	f	f	t	f		f
	patientPrescription	patientEncounterId	Patient Encounter ID	string		[]	[]	f	[]	f		f	f	f	t	f		f
	patientPrescription	createdOnDate	Created On Date	string	[]	{"format":"date"}	[]	f	[]	f		f	f	f	f	f	Auto added field from syncronizer	f
	patientPrescription	createdOnTime	Created On Time	string	[]	{"format":"time"}	[]	f	[]	f		f	f	f	f	f	Auto added field from syncronizer	f
	patientPrescription	createdBy	Created By	refer	[]	{"object":"synapUser"}	[]	f	[]	f		f	f	f	t	f	Auto added field from syncronizer	f
	patientPrescription	patientId	patient Id	refer	[]	{"object":"patient"}	[]	f	[]	f		t	t	f	t	f	Auto added field from syncronizer	f
	patientPrescription	id	Id	string	[]	[]	[]	f	[]	f		f	f	f	f	t	Auto added field from syncronizer	f
	patientPrescription	tags	Tags	arrays	[]	[]	[]	f	[]	f		f	f	f	t	f	Auto added field from syncronizer	f
	patientPrescription	organizationId	Organization Id	refer	[]	{"object":"organization"}	[]	f	[]	f	\N	f	f	f	f	f	Auto added field from syncronizer	f
	patientPrescription	customProperty	custom Property	json	[]	[]	[]	f	[]	f		f	f	f	f	f	Auto added field from syncronizer	f
	patientPrescription	checksum	Checksum	string	[]	[]	[]	f	[]	f		f	f	f	f	f	Auto added field from syncronizer	f
	patientPrescription	objectPath	Object Path	string	[]	{"format":"ltree"}	[]	f	[]	f		f	f	f	f	f	Auto added field from syncronizer	f
	patientSpecificDocument	document	Document	cdnUrlPrivate		{"extension":["pdf","doc","docx","jpeg","jpg","png","gif","ppt","pptx","xsl","xslx","zip"],"minSize":"0","maxSize":"8000000"}	[]	f	[]	f		f	f	f	t	f		f
	patientSpecificDocument	type	Type	meta		{"object":"metaPatientDocumentType"}	[]	f	[]	f		f	f	f	t	f		f
	patientSpecificDocument	viewUrl	View URL	string		[]	[]	t	{"phpFunction":"GetCDNUrlPatientDocument","parameters":["documentUrl","patientFormIdPdfDocument"]}	f		f	f	f	f	f		f
	patientSpecificDocument	patientFormId	Patient Form ID	string		[]	[]	f	[]	f		f	f	f	t	f	PDF document is in worklist	f
	patientSpecificDocument	createdOnDate	Created On Date	string	[]	{"format":"date"}	[]	f	[]	f		f	f	f	f	f	Auto added field from syncronizer	f
	patientSpecificDocument	createdOnTime	Created On Time	string	[]	{"format":"time"}	[]	f	[]	f		f	f	f	f	f	Auto added field from syncronizer	f
	patientSpecificDocument	createdBy	Created By	refer	[]	{"object":"synapUser"}	[]	f	[]	f		f	f	f	t	f	Auto added field from syncronizer	f
	patientSpecificDocument	patientId	patient Id	refer	[]	{"object":"patient"}	[]	f	[]	f		t	t	f	t	f	Auto added field from syncronizer	f
	patientSpecificDocument	id	Id	string	[]	[]	[]	f	[]	f		f	f	f	f	t	Auto added field from syncronizer	f
	patientSpecificDocument	tags	Tags	arrays	[]	[]	[]	f	[]	f		f	f	f	t	f	Auto added field from syncronizer	f
	patientSpecificDocument	organizationId	Organization Id	refer	[]	{"object":"organization"}	[]	f	[]	f	\N	f	f	f	f	f	Auto added field from syncronizer	f
	patientSpecificDocument	customProperty	custom Property	json	[]	[]	[]	f	[]	f		f	f	f	f	f	Auto added field from syncronizer	f
	patientSpecificDocument	checksum	Checksum	string	[]	[]	[]	f	[]	f		f	f	f	f	f	Auto added field from syncronizer	f
	patientSpecificDocument	objectPath	Object Path	string	[]	{"format":"ltree"}	[]	f	[]	f		f	f	f	f	f	Auto added field from syncronizer	f
	patientVital	observationDate	Observation Date	string		{"format":"date"}	[]	f	[]	f		f	t	f	t	f		f
	patientVital	observationTime	Observation Time	string		{"format":"time"}	[]	f	[]	f		f	t	f	t	f		f
	patientVital	heightFeet	Height Feet	number		[]	[]	f	[]	f		f	f	f	t	f		f
	patientVital	heightInch	Height Inch	number		[]	[]	f	[]	f		f	f	f	t	f		f
	patientVital	weightPound	Weight Pound	number		[]	[]	f	[]	f		f	f	f	t	f		f
	patientVital	temperature	Temperature	number		[]	[]	f	[]	f		f	f	f	t	f		f
	patientVital	pulse	Pulse	string		[]	[]	f	[]	f		f	f	f	t	f		f
	patientVital	bpSystolic	BP Systolic	number		[]	[]	f	[]	f		f	f	f	t	f		f
	patientVital	bpDiastolic	BP Diastolic	number		[]	[]	f	[]	f		f	f	f	t	f		f
	patientVital	pulseOximetry	Pulse Oximetry	string		[]	[]	f	[]	f		f	f	f	t	f		f
	patientVital	bmi	BMI	number		[]	[]	f	[]	f		f	f	f	t	f		f
	patientVital	createdOnDate	Created On Date	string	[]	{"format":"date"}	[]	f	[]	f		f	f	f	f	f	Auto added field from syncronizer	f
	patientVital	createdOnTime	Created On Time	string	[]	{"format":"time"}	[]	f	[]	f		f	f	f	f	f	Auto added field from syncronizer	f
	patientVital	createdBy	Created By	refer	[]	{"object":"synapUser"}	[]	f	[]	f		f	f	f	t	f	Auto added field from syncronizer	f
	patientVital	patientId	patient Id	refer	[]	{"object":"patient"}	[]	f	[]	f		t	t	f	t	f	Auto added field from syncronizer	f
	patientVital	id	Id	string	[]	[]	[]	f	[]	f		f	f	f	f	t	Auto added field from syncronizer	f
	patientVital	tags	Tags	arrays	[]	[]	[]	f	[]	f		f	f	f	t	f	Auto added field from syncronizer	f
	patientVital	organizationId	Organization Id	refer	[]	{"object":"organization"}	[]	f	[]	f	\N	f	f	f	f	f	Auto added field from syncronizer	f
	patientVital	customProperty	custom Property	json	[]	[]	[]	f	[]	f		f	f	f	f	f	Auto added field from syncronizer	f
	patientVital	checksum	Checksum	string	[]	[]	[]	f	[]	f		f	f	f	f	f	Auto added field from syncronizer	f
	patientVital	objectPath	Object Path	string	[]	{"format":"ltree"}	[]	f	[]	f		f	f	f	f	f	Auto added field from syncronizer	f
	preferredProvider	groupName	Group Name	string		[]	[]	f	[]	f		t	t	f	t	f		f
	preferredProvider	lastName	Last Name	string		[]	[]	f	[]	f		t	t	f	t	f		f
	preferredProvider	firstName	First Name	string		[]	[]	f	[]	f		t	t	f	t	f		f
	preferredProvider	phone	Phone	string		{"minimLength":"10","maximLength":"10","regex":"/^[0-9\\\\)(\\\\- ]+$/"}	[]	f	[]	f		t	t	f	t	f		f
	preferredProvider	fax	Fax	string		{"minimLength":"10","maximLength":"10","regex":"/^[0-9\\\\)(\\\\- ]+$/"}	[]	f	[]	f		t	f	f	t	f		f
	preferredProvider	address1	Address 1	string		[]	[]	f	[]	f		t	t	f	t	f		f
	preferredProvider	address2	Address2	string		[]	[]	f	[]	f		t	f	f	t	f		f
	preferredProvider	city	City	string		{"maximLength":"35","regex":"/^[A-Za-z\\\\.;\\\\/\\\\-\\\\)( ]+$/"}	[]	f	[]	f		t	t	f	t	f		f
	preferredProvider	state	State	meta		{"object":"metaState"}	[]	f	[]	f		t	t	f	t	f		f
	preferredProvider	zip	Zip	string		{"maximLength":"10","regex":"/^[A-Za-z0-9\\\\- ]+$/"}	[]	f	[]	f		t	t	f	t	f		f
	preferredProvider	status	Status	meta		{"object":"metaDefaultStatus"}	[]	f	[]	f		t	t	f	t	f		f
	preferredProvider	Notes	Notes	string		{"maximLength":"-1"}	[]	f	[]	f		t	f	f	t	f		f
	preferredProvider	serviceType	Service Type	meta		{"object":"metaProviderServiceType"}	[]	f	[]	f		t	t	f	t	f		f
	preferredProvider	createdOnDate	Created On Date	string	[]	{"format":"date"}	[]	f	[]	f		f	f	f	f	f	Auto added field from syncronizer	f
	preferredProvider	createdOnTime	Created On Time	string	[]	{"format":"time"}	[]	f	[]	f		f	f	f	f	f	Auto added field from syncronizer	f
	preferredProvider	createdBy	Created By	refer	[]	{"object":"synapUser"}	[]	f	[]	f		f	f	f	t	f	Auto added field from syncronizer	f
	preferredProvider	id	Id	string	[]	[]	[]	f	[]	f		f	f	f	f	t	Auto added field from syncronizer	f
	preferredProvider	tags	Tags	arrays	[]	[]	[]	f	[]	f		f	f	f	t	f	Auto added field from syncronizer	f
	preferredProvider	organizationId	Organization Id	refer	[]	{"object":"organization"}	[]	f	[]	f	\N	f	f	f	f	f	Auto added field from syncronizer	f
	preferredProvider	customProperty	custom Property	json	[]	[]	[]	f	[]	f		f	f	f	f	f	Auto added field from syncronizer	f
	preferredProvider	checksum	Checksum	string	[]	[]	[]	f	[]	f		f	f	f	f	f	Auto added field from syncronizer	f
	preferredProvider	objectPath	Object Path	string	[]	{"format":"ltree"}	[]	f	[]	f		f	f	f	f	f	Auto added field from syncronizer	f
	synapConfig	name	Name	string		[]	[]	f	[]	f		f	t	f	t	f		f
	synapConfig	value	Value	string		[]	[]	f	[]	f		f	t	f	t	f		f
	synapConfig	createdOnDate	Created On Date	string	[]	{"format":"date"}	[]	f	[]	f		f	f	f	f	f	Auto added field from syncronizer	f
	synapConfig	createdOnTime	Created On Time	string	[]	{"format":"time"}	[]	f	[]	f		f	f	f	f	f	Auto added field from syncronizer	f
	synapConfig	createdBy	Created By	refer	[]	{"object":"synapUser"}	[]	f	[]	f		f	f	f	t	f	Auto added field from syncronizer	f
	synapConfig	id	Id	string	[]	[]	[]	f	[]	f		f	f	f	f	t	Auto added field from syncronizer	f
	metaSocialNeedsCategory	status	Status	string		[]	[]	f	[]	f		t	t	f	f	f		f
	synapConfig	tags	Tags	arrays	[]	[]	[]	f	[]	f		f	f	f	t	f	Auto added field from syncronizer	f
	synapConfig	organizationId	Organization Id	refer	[]	{"object":"organization"}	[]	f	[]	f	\N	f	f	f	f	f	Auto added field from syncronizer	f
	synapConfig	customProperty	custom Property	json	[]	[]	[]	f	[]	f		f	f	f	f	f	Auto added field from syncronizer	f
	synapConfig	checksum	Checksum	string	[]	[]	[]	f	[]	f		f	f	f	f	f	Auto added field from syncronizer	f
	synapConfig	objectPath	Object Path	string	[]	{"format":"ltree"}	[]	f	[]	f		f	f	f	f	f	Auto added field from syncronizer	f
	synapUser	email	Email	string		{"format":"email"}	[]	f	[]	f		t	f	f	t	t		f
	synapUser	firstName	First Name	string		[]	[]	f	[]	f		t	t	f	t	f		f
	synapUser	middleName	Middle Name	string		[]	[]	f	[]	f		t	f	f	t	f		f
	synapUser	isActive	Is Active	bool		[]	[]	f	[]	f	1	t	f	f	t	f		f
	synapUser	isLocked	Is Locked	bool		[]	[]	f	[]	f	0	t	f	f	t	f		f
	synapUser	lastName	Last Name	string		[]	[]	f	[]	f		t	t	f	t	f		f
	synapUser	username	Username	string		[]	[]	f	[]	f		t	f	f	t	f		f
	synapUser	profilePic	Profile Pic	cdnUrlPrivate		{"fileType":"smallImage"}	[]	f	[]	f		t	f	f	t	f		f
	synapUser	displayValue	Display Value	string		[]	[]	t	{"phpFunction":"concate","parameters":["firstName"," lastName"]}	f		t	t	f	t	f		f
	synapUser	resendEmail	Resend Email	bool		[]	[]	f	[]	f	0	f	f	f	t	f		f
	synapUser	pin	PIN	string		{"maximLength":"10","regex":"/^[0-9]+$/"}	[]	f	[]	f		f	f	f	t	f		f
	synapUser	signature	Signature	signature		{"extension":["jpeg","png"],"minSize":"0","maxSize":"6000"}	[]	f	[]	f		f	f	f	t	f		f
	synapUser	password	Password	string		[]	[]	f	[]	f		f	f	f	t	f	User password	f
	synapUser	failureAttempts	Failure Attempts	number		[]	[]	f	[]	f	0	f	f	f	t	f	Count of login failure attempts	f
	synapUser	isRegistered	Is user registered	bool		[]	[]	f	[]	f	0	t	f	f	t	f		f
	synapUser	passwordExpiryTime	Password Expiry Time	string		[]	[]	f	[]	f		t	f	f	t	f	Time stamp for password expiry	f
	synapUser	createdOnDate	Created On Date	string	[]	{"format":"date"}	[]	f	[]	f		f	f	f	f	f	Auto added field from syncronizer	f
	synapUser	createdOnTime	Created On Time	string	[]	{"format":"time"}	[]	f	[]	f		f	f	f	f	f	Auto added field from syncronizer	f
	synapUser	createdBy	Created By	string	[]	[]	[]	f	[]	f		f	f	f	t	f	Auto added field from syncronizer	f
	synapUser	id	Id	string	[]	[]	[]	f	[]	f		f	f	f	f	t	Auto added field from syncronizer	f
	synapUser	tags	Tags	arrays	[]	[]	[]	f	[]	f		f	f	f	t	f	Auto added field from syncronizer	f
	synapUser	organizationId	Organization Id	refer	[]	{"object":"organization"}	[]	f	[]	f	\N	f	f	f	f	f	Auto added field from syncronizer	f
	synapUser	customProperty	custom Property	json	[]	[]	[]	f	[]	f		f	f	f	f	f	Auto added field from syncronizer	f
	synapUser	checksum	Checksum	string	[]	[]	[]	f	[]	f		f	f	f	f	f	Auto added field from syncronizer	f
	synapUser	objectPath	Object Path	string	[]	{"format":"ltree"}	[]	f	[]	f		f	f	f	f	f	Auto added field from syncronizer	f
	synapUserGroup	groupId	Group ID	string		{"maximLength":"-1"}	[]	f	[]	f		f	t	f	t	f		f
	synapUserGroup	createdOnDate	Created On Date	string	[]	{"format":"date"}	[]	f	[]	f		f	f	f	f	f	Auto added field from syncronizer	f
	synapUserGroup	createdOnTime	Created On Time	string	[]	{"format":"time"}	[]	f	[]	f		f	f	f	f	f	Auto added field from syncronizer	f
	synapUserGroup	createdBy	Created By	refer	[]	{"object":"synapUser"}	[]	f	[]	f		f	f	f	t	f	Auto added field from syncronizer	f
	synapUserGroup	synapUserId	synapUser Id	refer	[]	{"object":"synapUser"}	[]	f	[]	f		t	t	f	t	f	Auto added field from syncronizer	f
	synapUserGroup	id	Id	string	[]	[]	[]	f	[]	f		f	f	f	f	t	Auto added field from syncronizer	f
	synapUserGroup	tags	Tags	arrays	[]	[]	[]	f	[]	f		f	f	f	t	f	Auto added field from syncronizer	f
	synapUserGroup	organizationId	Organization Id	refer	[]	{"object":"organization"}	[]	f	[]	f	\N	f	f	f	f	f	Auto added field from syncronizer	f
	synapUserGroup	customProperty	custom Property	json	[]	[]	[]	f	[]	f		f	f	f	f	f	Auto added field from syncronizer	f
	synapUserGroup	checksum	Checksum	string	[]	[]	[]	f	[]	f		f	f	f	f	f	Auto added field from syncronizer	f
	synapUserGroup	objectPath	Object Path	string	[]	{"format":"ltree"}	[]	f	[]	f		f	f	f	f	f	Auto added field from syncronizer	f
	synapUserToken	tokenType	Token Type	meta		{"object":"metaTokenType"}	[]	f	[]	f		f	t	f	t	f		f
	synapUserToken	tokenExpiryTime	Token Expiry Time	string		[]	[]	f	[]	f		f	t	f	t	f		f
	synapUserToken	createdOnDate	Created On Date	string	[]	{"format":"date"}	[]	f	[]	f		f	f	f	f	f	Auto added field from syncronizer	f
	synapUserToken	createdOnTime	Created On Time	string	[]	{"format":"time"}	[]	f	[]	f		f	f	f	f	f	Auto added field from syncronizer	f
	synapUserToken	createdBy	Created By	refer	[]	{"object":"synapUser"}	[]	f	[]	f		f	f	f	t	f	Auto added field from syncronizer	f
	synapUserToken	synapUserId	synapUser Id	refer	[]	{"object":"synapUser"}	[]	f	[]	f		t	t	f	t	f	Auto added field from syncronizer	f
	synapUserToken	id	Id	string	[]	[]	[]	f	[]	f		f	f	f	f	t	Auto added field from syncronizer	f
	synapUserToken	tags	Tags	arrays	[]	[]	[]	f	[]	f		f	f	f	t	f	Auto added field from syncronizer	f
	synapUserToken	organizationId	Organization Id	refer	[]	{"object":"organization"}	[]	f	[]	f	\N	f	f	f	f	f	Auto added field from syncronizer	f
	synapUserToken	customProperty	custom Property	json	[]	[]	[]	f	[]	f		f	f	f	f	f	Auto added field from syncronizer	f
	synapUserToken	checksum	Checksum	string	[]	[]	[]	f	[]	f		f	f	f	f	f	Auto added field from syncronizer	f
	synapUserToken	objectPath	Object Path	string	[]	{"format":"ltree"}	[]	f	[]	f		f	f	f	f	f	Auto added field from syncronizer	f
	workList	actionType	Action Type	string		[]	[]	f	[]	f		f	f	t	f	f		f
	workList	assigneeEmployee	Assignee Employee	refer		{"object":"organizationEmployee"}	[]	f	[]	t		f	f	f	t	f		f
	workList	assigneePatient	Assignee Patient	refer		{"object":"patient"}	[]	f	[]	t		f	f	f	t	f		f
	workList	authorPatient	Author Patient	refer		{"object":"patient"}	[]	f	[]	f		t	f	f	t	f		f
	workList	authorEmployee	Author Employee	refer		{"object":"organizationEmployee"}	[]	f	[]	f		t	f	f	t	f		f
	workList	logicalGroup	Logical Group	string		[]	[]	f	[]	f		t	f	f	t	f		f
	workList	dueDate	Due Date	string		{"format":"date"}	[]	f	[]	f		t	f	f	t	f		f
	workList	isMandatory	Is Mandatory	bool		[]	[]	f	[]	f	0	t	f	f	t	f		f
	workList	priority	Priority	meta		{"object":"metaWorklistPriority"}	[]	f	[]	f		t	f	f	t	f		f
	workList	scheduledStart	Scheduled Start	integer		{"format":"timestamp"}	[]	f	[]	f		f	f	f	t	f		f
	workList	status	Status	meta		{"object":"metaWorklistStatus"}	[]	f	[]	f		t	f	f	t	f		f
	workList	task	Task	json		[]	[]	f	[]	f		t	t	f	t	f	this is when task is pending for author	f
	workList	viewTask	View Task	json		[]	[]	f	[]	f		t	f	f	t	f	this is after the author completes the task	f
	workList	readOnlyTask	Read Only Task	json		[]	[]	f	[]	f		t	f	f	t	f	this is for other people viewing the task	f
	workList	displayTask	Display Task	json		[]	[]	t	{"phpFunction":"workListTask","parameters":["task","viewTask","readOnlyTask","assigneeEmployee","assigneePatient","status"]}	f		t	f	f	t	f	this is for other people viewing the task	f
	workList	hideFromEmployee	Hide From Employee	refer		{"object":"organizationEmployee"}	[]	f	[]	f		f	f	f	t	f	the people in this list are not allowed to view this task	f
	workList	hideFromPatient	Hide From Patient	refer		{"object":"patient"}	[]	f	[]	f		f	f	f	t	f		f
	workList	url	URL	string		{"maximLength":"-1"}	[]	f	[]	f		f	f	f	t	f		f
	workList	subjectId	Subject ID	string		[]	[]	f	[]	f		f	f	f	t	f		f
	workList	workflowExeId	Workflow Exe ID	string		[]	[]	f	[]	f		t	f	f	t	f	more of a groupingby executionId to group sub workflows till nth level	f
	workList	displayName	Display Name	string		[]	[]	t	{"phpFunction":"GetWorkListDisplayName","parameters":["subjectId"]}	f		t	f	f	t	f		f
	workList	title	Title	string		[]	[]	f	[]	f		t	f	f	t	f		f
	workList	description	Description	string		{"maximLength":"-1"}	[]	f	[]	f		t	t	f	t	f		f
	workList	ezcExecutionId	Ezc Execution ID	string		[]	[]	f	[]	f		t	f	f	t	f	to be used as actual execution id	f
	workList	completedBy	Completed BY	refer		{"object":"organizationEmployee"}	[]	f	[]	f		t	f	f	t	f		f
	workList	completedOnDate	Completed On Date	string		{"format":"date"}	[]	f	[]	f		t	f	f	t	f		f
	workList	completedOnTime	Completed On Time	string		{"format":"time"}	[]	f	[]	f		t	f	f	t	f		f
	workList	completedNotes	Completed Notes	string		{"maximLength":"-1"}	[]	f	[]	f		t	f	f	t	f		f
	workList	createdOnDate	Created On Date	string	[]	{"format":"date"}	[]	f	[]	f		f	f	f	f	f	Auto added field from syncronizer	f
	workList	createdOnTime	Created On Time	string	[]	{"format":"time"}	[]	f	[]	f		f	f	f	f	f	Auto added field from syncronizer	f
	workList	createdBy	Created By	refer	[]	{"object":"synapUser"}	[]	f	[]	f		f	f	f	t	f	Auto added field from syncronizer	f
	workList	id	Id	string	[]	[]	[]	f	[]	f		f	f	f	f	t	Auto added field from syncronizer	f
	workList	tags	Tags	arrays	[]	[]	[]	f	[]	f		f	f	f	t	f	Auto added field from syncronizer	f
	workList	organizationId	Organization Id	refer	[]	{"object":"organization"}	[]	f	[]	f	\N	f	f	f	f	f	Auto added field from syncronizer	f
	workList	customProperty	custom Property	json	[]	[]	[]	f	[]	f		f	f	f	f	f	Auto added field from syncronizer	f
	workList	checksum	Checksum	string	[]	[]	[]	f	[]	f		f	f	f	f	f	Auto added field from syncronizer	f
	workList	objectPath	Object Path	string	[]	{"format":"ltree"}	[]	f	[]	f		f	f	f	f	f	Auto added field from syncronizer	f
	workListApprover	level	Level	integer		[]	[]	f	[]	f	1	f	f	f	t	f		f
	workListApprover	approverId	Approver ID	refer		{"object":"organizationEmployee"}	[]	f	[]	f		f	t	f	t	f		f
	workListApprover	approvalStatus	Approval Status	refer		{"object":"metaWorkListApprovalStatus"}	[]	f	[]	f		f	t	f	t	f		f
	workListApprover	executionId	Execution ID	string		[]	[]	f	[]	f		f	f	f	t	f		f
	workListApprover	createdOnDate	Created On Date	string	[]	{"format":"date"}	[]	f	[]	f		f	f	f	f	f	Auto added field from syncronizer	f
	workListApprover	createdOnTime	Created On Time	string	[]	{"format":"time"}	[]	f	[]	f		f	f	f	f	f	Auto added field from syncronizer	f
	workListApprover	createdBy	Created By	refer	[]	{"object":"synapUser"}	[]	f	[]	f		f	f	f	t	f	Auto added field from syncronizer	f
	workListApprover	workListId	workList Id	refer	[]	{"object":"workList"}	[]	f	[]	f		t	t	f	t	f	Auto added field from syncronizer	f
	workListApprover	id	Id	string	[]	[]	[]	f	[]	f		f	f	f	f	t	Auto added field from syncronizer	f
	workListApprover	tags	Tags	arrays	[]	[]	[]	f	[]	f		f	f	f	t	f	Auto added field from syncronizer	f
	workListApprover	organizationId	Organization Id	refer	[]	{"object":"organization"}	[]	f	[]	f	\N	f	f	f	f	f	Auto added field from syncronizer	f
	workListApprover	customProperty	custom Property	json	[]	[]	[]	f	[]	f		f	f	f	f	f	Auto added field from syncronizer	f
	workListApprover	checksum	Checksum	string	[]	[]	[]	f	[]	f		f	f	f	f	f	Auto added field from syncronizer	f
	workListApprover	objectPath	Object Path	string	[]	{"format":"ltree"}	[]	f	[]	f		f	f	f	f	f	Auto added field from syncronizer	f
	workListNotes	notes	Notes	string		{"maximLength":"-1"}	[]	f	[]	f		f	f	f	t	f		f
	workListNotes	notesBy	Notes By	refer		{"object":"organizationEmployee"}	[]	f	[]	f		f	f	f	t	f		f
	workListNotes	executionId	Execution ID	string		[]	[]	f	[]	f		f	f	f	t	f		f
	workListNotes	createdOnDate	Created On Date	string	[]	{"format":"date"}	[]	f	[]	f		f	f	f	f	f	Auto added field from syncronizer	f
	workListNotes	createdOnTime	Created On Time	string	[]	{"format":"time"}	[]	f	[]	f		f	f	f	f	f	Auto added field from syncronizer	f
	workListNotes	createdBy	Created By	refer	[]	{"object":"synapUser"}	[]	f	[]	f		f	f	f	t	f	Auto added field from syncronizer	f
	workListNotes	workListId	workList Id	refer	[]	{"object":"workList"}	[]	f	[]	f		t	t	f	t	f	Auto added field from syncronizer	f
	workListNotes	id	Id	string	[]	[]	[]	f	[]	f		f	f	f	f	t	Auto added field from syncronizer	f
	workListNotes	tags	Tags	arrays	[]	[]	[]	f	[]	f		f	f	f	t	f	Auto added field from syncronizer	f
	workListNotes	organizationId	Organization Id	refer	[]	{"object":"organization"}	[]	f	[]	f	\N	f	f	f	f	f	Auto added field from syncronizer	f
	workListNotes	customProperty	custom Property	json	[]	[]	[]	f	[]	f		f	f	f	f	f	Auto added field from syncronizer	f
	workListNotes	checksum	Checksum	string	[]	[]	[]	f	[]	f		f	f	f	f	f	Auto added field from syncronizer	f
	workListNotes	objectPath	Object Path	string	[]	{"format":"ltree"}	[]	f	[]	f		f	f	f	f	f	Auto added field from syncronizer	f
	workListReminder	reminderType	Reminder Type	meta		{"object":"metaWorkListReminderType"}	[]	f	[]	f		f	f	f	t	f		f
	workListReminder	whoType	Who Type	meta		{"object":"metaWorkListReminderWhoType"}	[]	f	[]	f		f	f	f	t	f		f
	workListReminder	whoEmployee	Who Employee	refer		{"object":"organizationEmployee"}	[]	f	[]	t		f	f	f	t	f		f
	workListReminder	whoPatient	Who Patient	refer		{"object":"patient"}	[]	f	[]	t		f	f	f	t	f		f
	workListReminder	reminderTime	When	integer		{"format":"timestamp"}	[]	f	[]	f		f	f	f	t	f		f
	workListReminder	status	Status	meta		{"object":"metaWorkListReminderStatus"}	[]	f	[]	f		f	f	f	t	f		f
	workListReminder	createdOnDate	Created On Date	string	[]	{"format":"date"}	[]	f	[]	f		f	f	f	f	f	Auto added field from syncronizer	f
	workListReminder	createdOnTime	Created On Time	string	[]	{"format":"time"}	[]	f	[]	f		f	f	f	f	f	Auto added field from syncronizer	f
	workListReminder	createdBy	Created By	refer	[]	{"object":"synapUser"}	[]	f	[]	f		f	f	f	t	f	Auto added field from syncronizer	f
	workListReminder	workListId	workList Id	refer	[]	{"object":"workList"}	[]	f	[]	f		t	t	f	t	f	Auto added field from syncronizer	f
	workListReminder	id	Id	string	[]	[]	[]	f	[]	f		f	f	f	f	t	Auto added field from syncronizer	f
	workListReminder	tags	Tags	arrays	[]	[]	[]	f	[]	f		f	f	f	t	f	Auto added field from syncronizer	f
	workListReminder	organizationId	Organization Id	refer	[]	{"object":"organization"}	[]	f	[]	f	\N	f	f	f	f	f	Auto added field from syncronizer	f
	workListReminder	customProperty	custom Property	json	[]	[]	[]	f	[]	f		f	f	f	f	f	Auto added field from syncronizer	f
	workListReminder	checksum	Checksum	string	[]	[]	[]	f	[]	f		f	f	f	f	f	Auto added field from syncronizer	f
	workListReminder	objectPath	Object Path	string	[]	{"format":"ltree"}	[]	f	[]	f		f	f	f	f	f	Auto added field from syncronizer	f
	clientNote	note	Note	string		{"maximLength":"-1"}	[]	f	[]	f		t	t	f	f	f		f
	clientNote	status	Status	meta		{"object":"metaDefaultStatus"}	[]	f	[]	f		f	t	f	t	f		f
	clientNote	createdOnDate	Created On Date	string	[]	{"format":"date"}	[]	f	[]	f		f	f	f	f	f	Auto added field from syncronizer	f
	clientNote	createdOnTime	Created On Time	string	[]	{"format":"time"}	[]	f	[]	f		f	f	f	f	f	Auto added field from syncronizer	f
	clientNote	createdBy	Created By	refer	[]	{"object":"synapUser"}	[]	f	[]	f		f	f	f	t	f	Auto added field from syncronizer	f
	clientNote	patientId	patient Id	refer	[]	{"object":"patient"}	[]	f	[]	f		t	t	f	t	f	Auto added field from syncronizer	f
	clientNote	id	Id	string	[]	[]	[]	f	[]	f		f	f	f	f	t	Auto added field from syncronizer	f
	clientNote	tags	Tags	arrays	[]	[]	[]	f	[]	f		f	f	f	t	f	Auto added field from syncronizer	f
	clientNote	organizationId	Organization Id	refer	[]	{"object":"organization"}	[]	f	[]	f	\N	f	f	f	f	f	Auto added field from syncronizer	f
	clientNote	customProperty	custom Property	json	[]	[]	[]	f	[]	f		f	f	f	f	f	Auto added field from syncronizer	f
	clientNote	checksum	Checksum	string	[]	[]	[]	f	[]	f		f	f	f	f	f	Auto added field from syncronizer	f
	clientNote	objectPath	Object Path	string	[]	{"format":"ltree"}	[]	f	[]	f		f	f	f	f	f	Auto added field from syncronizer	f
	userPassword	password	Password	string		[]	[]	f	[]	f		f	t	f	f	f	User password	f
	userPassword	createdOnDate	Created On Date	string	[]	{"format":"date"}	[]	f	[]	f		f	f	f	f	f	Auto added field from syncronizer	f
	userPassword	createdOnTime	Created On Time	string	[]	{"format":"time"}	[]	f	[]	f		f	f	f	f	f	Auto added field from syncronizer	f
	userPassword	createdBy	Created By	refer	[]	{"object":"synapUser"}	[]	f	[]	f		f	f	f	t	f	Auto added field from syncronizer	f
	userPassword	synapUserId	synapUser Id	refer	[]	{"object":"synapUser"}	[]	f	[]	f		t	t	f	t	f	Auto added field from syncronizer	f
	userPassword	id	Id	string	[]	[]	[]	f	[]	f		f	f	f	f	t	Auto added field from syncronizer	f
	userPassword	tags	Tags	arrays	[]	[]	[]	f	[]	f		f	f	f	t	f	Auto added field from syncronizer	f
	userPassword	organizationId	Organization Id	refer	[]	{"object":"organization"}	[]	f	[]	f	\N	f	f	f	f	f	Auto added field from syncronizer	f
	userPassword	customProperty	custom Property	json	[]	[]	[]	f	[]	f		f	f	f	f	f	Auto added field from syncronizer	f
	userPassword	checksum	Checksum	string	[]	[]	[]	f	[]	f		f	f	f	f	f	Auto added field from syncronizer	f
	userPassword	objectPath	Object Path	string	[]	{"format":"ltree"}	[]	f	[]	f		f	f	f	f	f	Auto added field from syncronizer	f
	patientPrimaryCareProvider	firstName	First Name	string		[]	[]	f	[]	f		t	t	f	t	f		f
	patientPrimaryCareProvider	lastName	Last Name	string		[]	[]	f	[]	f		t	t	f	t	f		f
	patientPrimaryCareProvider	title	Title	string		[]	[]	f	[]	f		t	t	f	t	f		f
	patientPrimaryCareProvider	address1	Address1	string		[]	[]	f	[]	f		t	t	f	t	f		f
	patientPrimaryCareProvider	address2	Address2	string		[]	[]	f	[]	f		t	f	f	t	f		f
	patientPrimaryCareProvider	city	City	string		[]	[]	f	[]	f		t	t	f	t	f		f
	patientPrimaryCareProvider	state	State	meta		{"object":"metaState"}	[]	f	[]	f		t	t	f	t	f		f
	patientPrimaryCareProvider	zip	Zip	string		[]	[]	f	[]	f		t	t	f	t	f		f
	patientPrimaryCareProvider	primaryPhone	Primary Phone	string		{"minimLength":"10","maximLength":"10","regex":"/^[0-9\\\\)(\\\\- ]+$/"}	[]	f	[]	f		t	t	f	t	f		f
	patientPrimaryCareProvider	primaryFax	Primary Fax	string		{"minimLength":"10","maximLength":"10","regex":"/^[0-9\\\\)(\\\\- ]+$/"}	[]	f	[]	f		t	f	f	t	f		f
	patientPrimaryCareProvider	email	Email	string		{"format":"email"}	[]	f	[]	f		t	f	f	t	f		f
	patientPrimaryCareProvider	createdOnDate	Created On Date	string	[]	{"format":"date"}	[]	f	[]	f		f	f	f	f	f	Auto added field from syncronizer	f
	patientPrimaryCareProvider	createdOnTime	Created On Time	string	[]	{"format":"time"}	[]	f	[]	f		f	f	f	f	f	Auto added field from syncronizer	f
	patientPrimaryCareProvider	createdBy	Created By	refer	[]	{"object":"synapUser"}	[]	f	[]	f		f	f	f	t	f	Auto added field from syncronizer	f
	patientPrimaryCareProvider	patientId	patient Id	refer	[]	{"object":"patient"}	[]	f	[]	f		t	t	f	t	f	Auto added field from syncronizer	f
	patientPrimaryCareProvider	id	Id	string	[]	[]	[]	f	[]	f		f	f	f	f	t	Auto added field from syncronizer	f
	patientPrimaryCareProvider	tags	Tags	arrays	[]	[]	[]	f	[]	f		f	f	f	t	f	Auto added field from syncronizer	f
	patientPrimaryCareProvider	organizationId	Organization Id	refer	[]	{"object":"organization"}	[]	f	[]	f	\N	f	f	f	f	f	Auto added field from syncronizer	f
	patientPrimaryCareProvider	customProperty	custom Property	json	[]	[]	[]	f	[]	f		f	f	f	f	f	Auto added field from syncronizer	f
	patientPrimaryCareProvider	checksum	Checksum	string	[]	[]	[]	f	[]	f		f	f	f	f	f	Auto added field from syncronizer	f
	patientPrimaryCareProvider	objectPath	Object Path	string	[]	{"format":"ltree"}	[]	f	[]	f		f	f	f	f	f	Auto added field from syncronizer	f
	metaIncomeLevel	value	Value	string		[]	[]	f	[]	f		f	t	f	f	f		f
	metaIncomeLevel	createdOnDate	Created On Date	string	[]	{"format":"date"}	[]	f	[]	f		f	f	f	f	f	Auto added field from syncronizer	f
	metaIncomeLevel	createdOnTime	Created On Time	string	[]	{"format":"time"}	[]	f	[]	f		f	f	f	f	f	Auto added field from syncronizer	f
	metaIncomeLevel	createdBy	Created By	refer	[]	{"object":"synapUser"}	[]	f	[]	f		f	f	f	t	f	Auto added field from syncronizer	f
	metaIncomeLevel	id	Id	string	[]	[]	[]	f	[]	f		f	f	f	f	t	Auto added field from syncronizer	f
	metaIncomeLevel	tags	Tags	arrays	[]	[]	[]	f	[]	f		f	f	f	t	f	Auto added field from syncronizer	f
	metaIncomeLevel	organizationId	Organization Id	refer	[]	{"object":"organization"}	[]	f	[]	f	\N	f	f	f	f	f	Auto added field from syncronizer	f
	metaSocialNeedsCategory	valueOrder	Value Order	number		[]	[]	f	[]	f	0	f	f	f	f	f		f
	metaIncomeLevel	customProperty	custom Property	json	[]	[]	[]	f	[]	f		f	f	f	f	f	Auto added field from syncronizer	f
	metaIncomeLevel	checksum	Checksum	string	[]	[]	[]	f	[]	f		f	f	f	f	f	Auto added field from syncronizer	f
	metaIncomeLevel	objectPath	Object Path	string	[]	{"format":"ltree"}	[]	f	[]	f		f	f	f	f	f	Auto added field from syncronizer	f
	viewedClient	clientId	Client Id	refer		{"object":"patient"}	[]	f	[]	f		t	t	f	f	f	Client Id	f
	viewedClient	viewDate	Client View Date	string		{"format":"date"}	[]	f	[]	f		t	t	f	t	f		f
	viewedClient	createdOnDate	Created On Date	string	[]	{"format":"date"}	[]	f	[]	f		f	f	f	f	f	Auto added field from syncronizer	f
	viewedClient	createdOnTime	Created On Time	string	[]	{"format":"time"}	[]	f	[]	f		f	f	f	f	f	Auto added field from syncronizer	f
	viewedClient	createdBy	Created By	refer	[]	{"object":"synapUser"}	[]	f	[]	f		f	f	f	t	f	Auto added field from syncronizer	f
	viewedClient	synapUserId	synapUser Id	refer	[]	{"object":"synapUser"}	[]	f	[]	f		t	t	f	t	f	Auto added field from syncronizer	f
	viewedClient	id	Id	string	[]	[]	[]	f	[]	f		f	f	f	f	t	Auto added field from syncronizer	f
	viewedClient	tags	Tags	arrays	[]	[]	[]	f	[]	f		f	f	f	t	f	Auto added field from syncronizer	f
	viewedClient	organizationId	Organization Id	refer	[]	{"object":"organization"}	[]	f	[]	f	\N	f	f	f	f	f	Auto added field from syncronizer	f
	viewedClient	customProperty	custom Property	json	[]	[]	[]	f	[]	f		f	f	f	f	f	Auto added field from syncronizer	f
	viewedClient	checksum	Checksum	string	[]	[]	[]	f	[]	f		f	f	f	f	f	Auto added field from syncronizer	f
	viewedClient	objectPath	Object Path	string	[]	{"format":"ltree"}	[]	f	[]	f		f	f	f	f	f	Auto added field from syncronizer	f
	report	className	Class Name	string		[]	[]	f	[]	f		t	t	f	f	f		f
	report	cdnPath	CDN Path	cdnUrlPrivate		{"extension":["xlsx"],"minSize":"0","maxSize":"8000000"}	[]	f	[]	f		t	t	f	f	f		f
	report	note	Note	string		[]	[]	f	[]	f		t	f	f	f	f		f
	report	parameters	Parameters	json		[]	[]	f	[]	f		t	t	f	f	f		f
	report	createdOnDate	Created On Date	string	[]	{"format":"date"}	[]	f	[]	f		f	f	f	f	f	Auto added field from syncronizer	f
	report	createdOnTime	Created On Time	string	[]	{"format":"time"}	[]	f	[]	f		f	f	f	f	f	Auto added field from syncronizer	f
	report	createdBy	Created By	refer	[]	{"object":"synapUser"}	[]	f	[]	f		f	f	f	t	f	Auto added field from syncronizer	f
	report	id	Id	string	[]	[]	[]	f	[]	f		f	f	f	f	t	Auto added field from syncronizer	f
	report	tags	Tags	arrays	[]	[]	[]	f	[]	f		f	f	f	t	f	Auto added field from syncronizer	f
	report	organizationId	Organization Id	refer	[]	{"object":"organization"}	[]	f	[]	f	\N	f	f	f	f	f	Auto added field from syncronizer	f
	report	customProperty	custom Property	json	[]	[]	[]	f	[]	f		f	f	f	f	f	Auto added field from syncronizer	f
	report	checksum	Checksum	string	[]	[]	[]	f	[]	f		f	f	f	f	f	Auto added field from syncronizer	f
	report	objectPath	Object Path	string	[]	{"format":"ltree"}	[]	f	[\r\n\r\nALTER TABLE report ADD CONSTRAINT unik_report_id unique (id);\r\nALTER TABLE report ADD CONSTRAINT pk_report_id primary  KEY (id);\r\nALTER TABLE report ADD CONSTRAINT fk_138fdc5b9ad4bdb8389364382b847b20 foreign  KEY (organization_id) REFERENCES organization(id) DEFERRABLE INITIALLY IMMEDIATE;\r\nALTER TABLE report ADD CONSTRAINT fk_ca94124f549a6bdecf08d56a03437adc foreign  KEY (created_by) REFERENCES synap_user(id) DEFERRABLE INITIALLY IMMEDIATE;]	f		f	f	f	f	f	Auto added field from syncronizer	f
	course	startPeriod	Start Period	string		[]	[]	f	{"phpFunction":"GetCourseStartPeriod","parameters":["id"]}	f		t	f	f	t	f		f
	course	endPeriod	End Period	string		[]	[]	f	{"phpFunction":"GetCourseEndPeriod","parameters":["id"]}	f		t	f	f	t	f		f
	course	status	Course Status	meta		{"object":"metaBasicStatus"}	[]	f	[]	f		t	t	f	t	f		f
	course	minRegistrantLimit	Course Minimum Registrant Limit	number		{"maximval":"registrantLimit"}	[]	f	[]	f	0	t	f	f	t	f		f
	course	registrantLimit	Course Registrant Limit	string		{"minimval":"minRegistrantLimit"}	[]	f	[]	f	0	t	f	f	t	f		f
	courseSession	instructorUser	Primary Instructor User	refer		{"object":"organizationEmployee"}	[]	f	[]	f		t	f	f	t	f		f
	courseSession	secondaryInstructorUser	Secondary Instructor User	refer		{"object":"organizationEmployee"}	[]	f	[]	f		t	f	f	t	f		f
	patient	referralSource	Referral Source	string		{"maximLength":"-1"}	[]	f	[]	f		f	f	f	t	f		f
	patient	activeCourseRegistration	Active Course Registration	string		[]	[]	t	{"phpFunction":"PatientActiveCourseRegistration","parameters":["id"]}	f		t	f	f	t	f		f
	patient	doNotContact	Do Not Contact	bool		[]	[]	f	[]	f	0	f	f	f	t	f		f
	patientAddress	address1	Address 1	string		{"maximLength":"35","regex":"/^[A-Za-z0-9\\\\.#\\\\;\\\\/: ]+$/"}	[]	f	[]	f		f	t	f	t	f		f
	metaSocialNeeds	key	Key	string		[]	[]	f	[]	f		f	t	f	f	f		f
	metaSocialNeeds	type	Value	string		[]	[]	f	[]	f		f	t	f	f	f		f
	metaSocialNeeds	value	Value Order	json		[]	[]	f	[]	f		f	f	f	f	f		f
	metaSocialNeeds	isMultipleAllow	Is Multiple Allow	bool		[]	[]	f	[]	f		f	f	f	f	f		f
	metaSocialNeeds	displayValue	Display Value	string		[]	[]	f	[]	f		f	t	f	f	f		f
	metaSocialNeeds	categoryId	Category	meta		{"object":"metaSocialNeedsCategory"}	[]	f	[]	f		f	t	f	f	f		f
	metaSocialNeeds	valueOrder	Value Order	number		[]	[]	f	[]	f	0	f	f	f	f	f		f
	metaSocialNeeds	status	Status	string		[]	[]	f	[]	f		f	t	f	f	f		f
	metaSocialNeeds	createdOnDate	Created On Date	string	[]	{"format":"date"}	[]	f	[]	f		f	f	f	f	f	Auto added field from syncronizer	f
	metaSocialNeeds	createdOnTime	Created On Time	string	[]	{"format":"time"}	[]	f	[]	f		f	f	f	f	f	Auto added field from syncronizer	f
	metaSocialNeeds	createdBy	Created By	refer	[]	{"object":"synapUser"}	[]	f	[]	f		f	f	f	t	f	Auto added field from syncronizer	f
	metaSocialNeeds	metaSocialNeedsCategoryId	metaSocialNeedsCategory Id	refer	[]	{"object":"metaSocialNeedsCategory"}	[]	f	[]	f		t	t	f	t	f	Auto added field from syncronizer	f
	metaSocialNeeds	id	Id	string	[]	[]	[]	f	[]	f		f	f	f	f	t	Auto added field from syncronizer	f
	metaSocialNeeds	tags	Tags	arrays	[]	[]	[]	f	[]	f		f	f	f	t	f	Auto added field from syncronizer	f
	metaSocialNeeds	organizationId	Organization Id	refer	[]	{"object":"organization"}	[]	f	[]	f	\N	f	f	f	f	f	Auto added field from syncronizer	f
	metaSocialNeeds	customProperty	custom Property	json	[]	[]	[]	f	[]	f		f	f	f	f	f	Auto added field from syncronizer	f
	metaSocialNeeds	checksum	Checksum	string	[]	[]	[]	f	[]	f		f	f	f	f	f	Auto added field from syncronizer	f
	metaSocialNeeds	objectPath	Object Path	string	[]	{"format":"ltree"}	[]	f	[]	f		f	f	f	f	f	Auto added field from syncronizer	f
	metaSocialNeedsCategory	key	Key	string		[]	[]	f	[]	f		t	t	f	f	f		f
	metaSocialNeedsCategory	displayValue	Display Value	string		[]	[]	f	[]	f		t	t	f	f	f		f
	metaSocialNeedsCategory	createdOnDate	Created On Date	string	[]	{"format":"date"}	[]	f	[]	f		f	f	f	f	f	Auto added field from syncronizer	f
	metaSocialNeedsCategory	createdOnTime	Created On Time	string	[]	{"format":"time"}	[]	f	[]	f		f	f	f	f	f	Auto added field from syncronizer	f
	metaSocialNeedsCategory	createdBy	Created By	refer	[]	{"object":"synapUser"}	[]	f	[]	f		f	f	f	t	f	Auto added field from syncronizer	f
	metaSocialNeedsCategory	id	Id	string	[]	[]	[]	f	[]	f		f	f	f	f	t	Auto added field from syncronizer	f
	metaSocialNeedsCategory	tags	Tags	arrays	[]	[]	[]	f	[]	f		f	f	f	t	f	Auto added field from syncronizer	f
	metaSocialNeedsCategory	organizationId	Organization Id	refer	[]	{"object":"organization"}	[]	f	[]	f	\N	f	f	f	f	f	Auto added field from syncronizer	f
	metaSocialNeedsCategory	customProperty	custom Property	json	[]	[]	[]	f	[]	f		f	f	f	f	f	Auto added field from syncronizer	f
	metaSocialNeedsCategory	checksum	Checksum	string	[]	[]	[]	f	[]	f		f	f	f	f	f	Auto added field from syncronizer	f
	metaSocialNeedsCategory	objectPath	Object Path	string	[]	{"format":"ltree"}	[]	f	[]	f		f	f	f	f	f	Auto added field from syncronizer	f
	patientSocialNeeds	educatingCoachingOnSelfAdvocacy	Educating/Coaching on Self-Advocacy	bool		[]	[]	f	[]	f	0	f	f	f	t	f		f
	patientSocialNeeds	legislativeAction	Legislative Action	string		[]	[]	f	[]	t		f	f	f	t	f		f
	patientSocialNeeds	onBehalfOfClientTo	On Behalf of Client To	string		[]	[]	f	[]	t		f	f	f	t	f		f
	patientSocialNeeds	initialAssessment	Initial Assessment	string		[]	[]	f	[]	t		f	f	f	t	f		f
	patientSocialNeeds	updateAssessment	Update Assessment	string		[]	[]	f	[]	t		f	f	f	t	f		f
	patientSocialNeeds	applicationFormAssistance	Application / Form Assistance	bool		[]	[]	f	[]	f	0	f	f	f	t	f		f
	patientSocialNeeds	burialPolicy	Burial Policy	bool		[]	[]	f	[]	f	0	f	f	f	t	f		f
	patientSocialNeeds	energyAssistance	Energy Assistance	bool		[]	[]	f	[]	f	0	f	f	f	t	f		f
	patientSocialNeeds	generalRelief	General Relief	bool		[]	[]	f	[]	f	0	f	f	f	t	f		f
	patientSocialNeeds	immigrationNaturalization	Immigration / Naturalization	bool		[]	[]	f	[]	f	0	f	f	f	t	f		f
	patientSocialNeeds	lifeInsurance	Life Insurance	bool		[]	[]	f	[]	f	0	f	f	f	t	f		f
	patientSocialNeeds	longTermDisability	Long Term Disability	bool		[]	[]	f	[]	f	0	f	f	f	t	f		f
	patientSocialNeeds	lowIncomeSubsidyProgram	Low-Income Subsidy Program	bool		[]	[]	f	[]	f	0	f	f	f	t	f		f
	patientSocialNeeds	medicaid	Medicaid	bool		[]	[]	f	[]	f	0	f	f	f	t	f		f
	patientSocialNeeds	medicare	Medicare	bool		[]	[]	f	[]	f	0	f	f	f	t	f		f
	patientSocialNeeds	pension	Pension	bool		[]	[]	f	[]	f	0	f	f	f	t	f		f
	patientSocialNeeds	prescriptionBenefits	Prescription Benefits	bool		[]	[]	f	[]	f	0	f	f	f	t	f		f
	patientSocialNeeds	privateHealthInsurance	Private Health Insurance	bool		[]	[]	f	[]	f	0	f	f	f	t	f		f
	patientSocialNeeds	rentalAssistance	Rental Assistance	bool		[]	[]	f	[]	f	0	f	f	f	t	f		f
	patientSocialNeeds	rentersTaxCredit	Renters Tax Credit	bool		[]	[]	f	[]	f	0	f	f	f	t	f		f
	patientSocialNeeds	snapFoodBenefits	SNAP / Food Benefits	bool		[]	[]	f	[]	f	0	f	f	f	t	f		f
	patientSocialNeeds	socialSecurity	Social Security	bool		[]	[]	f	[]	f	0	f	f	f	t	f		f
	patientSocialNeeds	socialSecuritySurvivorsBenefits	Social Security Survivors Benefits	bool		[]	[]	f	[]	f	0	f	f	f	t	f		f
	patientSocialNeeds	ssdiSsi	SSDI / SSI	bool		[]	[]	f	[]	f	0	f	f	f	t	f		f
	patientSocialNeeds	utilitiesPhonePrograms	Utilities / Phone Programs	bool		[]	[]	f	[]	f	0	f	f	f	t	f		f
	patientSocialNeeds	veteransAdministration	Veterans Administration	bool		[]	[]	f	[]	f	0	f	f	f	t	f		f
	patientSocialNeeds	developedCaseManagementPlan	Developed Case Management Plan	bool		[]	[]	f	[]	f	0	f	f	f	t	f		f
	patientSocialNeeds	implementationOfCaseManagementPlan	Implementation of Case Management Plan	bool		[]	[]	f	[]	f	0	f	f	f	t	f		f
	patientSocialNeeds	linkedWithOutsideCaseManagementService	Linked with Outside Case Management Service	bool		[]	[]	f	[]	f	0	f	f	f	t	f		f
	patientSocialNeeds	evictionPreventionConflictManagement	Eviction Prevention	bool		[]	[]	f	[]	f	0	f	f	f	t	f		f
	patientSocialNeeds	interventionRequestedByConflictManagement	Intervention Requested by Management	bool		[]	[]	f	[]	f	0	f	f	f	t	f		f
	patientSocialNeeds	linkedWithOutsideResolutionProvider	Linked with Outside Resolution Provider	bool		[]	[]	f	[]	f	0	f	f	f	t	f		f
	patientSocialNeeds	clientCaregiver	Client - Caregiver	bool		[]	[]	f	[]	f	0	f	f	f	t	f		f
	patientSocialNeeds	clientFamily	Client - Family	bool		[]	[]	f	[]	f	0	f	f	f	t	f		f
	patientSocialNeeds	clientClient	Client - Client	bool		[]	[]	f	[]	f	0	f	f	f	t	f		f
	patientSocialNeeds	clientStaff	Client - Staff	bool		[]	[]	f	[]	f	0	f	f	f	t	f		f
	patientSocialNeeds	call911	9-1-1 Call	bool		[]	[]	f	[]	f	0	f	f	f	t	f		f
	patientSocialNeeds	adultProtectiveServices	Adult Protective Services	bool		[]	[]	f	[]	f	0	f	f	f	t	f		f
	patientSocialNeeds	assistanceWithDisastrousEvent	Assistance with Disastrous Event	bool		[]	[]	f	[]	f	0	f	f	f	t	f		f
	patientSocialNeeds	bereavement	Bereavement	bool		[]	[]	f	[]	f	0	f	f	f	t	f		f
	patientSocialNeeds	interventionRequestedByManagement	Intervention Requested by Management	bool		[]	[]	f	[]	f	0	f	f	f	t	f		f
	patientSocialNeeds	linkedWithCrisisInterventionSupportProvider	Linked with Crisis Intervention / Support Provider	bool		[]	[]	f	[]	f	0	f	f	f	t	f		f
	patientSocialNeeds	policeFireSafetyCheck	Police / Fire Safety Check	bool		[]	[]	f	[]	f	0	f	f	f	t	f		f
	patientSocialNeeds	psychiatricEmergency	Psychiatric Emergency	bool		[]	[]	f	[]	f	0	f	f	f	t	f		f
	patientSocialNeeds	responseToCriticalCilentHarmSuicide	Response to Critical Incident: Prevent Cilent Harm / Suicide	bool		[]	[]	f	[]	f	0	f	f	f	t	f		f
	patientSocialNeeds	adultGeneralEducation	Adult General Education	bool		[]	[]	f	[]	f	0	f	f	f	t	f		f
	patientSocialNeeds	college	College	bool		[]	[]	f	[]	f	0	f	f	f	t	f		f
	patientSocialNeeds	computerTrainingAssistance	Computer Training / Assistance	bool		[]	[]	f	[]	f	0	f	f	f	t	f		f
	patientSocialNeeds	employmentServiceProvider	Employment Service Provider	bool		[]	[]	f	[]	f	0	f	f	f	t	f		f
	patientSocialNeeds	englishAsSecondLanguageESOL	English as Second Language / ESOL	bool		[]	[]	f	[]	f	0	f	f	f	t	f		f
	patientSocialNeeds	linkedWithOutsideEducationCounselor	Linked with Outside Education Counselor	bool		[]	[]	f	[]	f	0	f	f	f	t	f		f
	patientSocialNeeds	literacy	Literacy	bool		[]	[]	f	[]	f	0	f	f	f	t	f		f
	patientSocialNeeds	seniorEmploymentAidesProgram	Senior Employment / Aides Program	bool		[]	[]	f	[]	f	0	f	f	f	t	f		f
	patientSocialNeeds	vocationalJobTraining	Vocational / Job Training	bool		[]	[]	f	[]	f	0	f	f	f	t	f		f
	patientSocialNeeds	volunteering	Volunteering	bool		[]	[]	f	[]	f	0	f	f	f	t	f		f
	patientSocialNeeds	acceptingDeathBereavement	Accepting Death / Bereavement	bool		[]	[]	f	[]	f	0	f	f	f	t	f		f
	patientSocialNeeds	counselingEducation	Counseling / Education	bool		[]	[]	f	[]	f	0	f	f	f	t	f		f
	patientSocialNeeds	informationExchange	Information Exchange	bool		[]	[]	f	[]	f	0	f	f	f	t	f		f
	patientSocialNeeds	relatedToTransportation	Related to Transportation	string		[]	[]	f	[]	f		f	f	f	t	f		f
	patientSocialNeeds	gaveGeneralInformation	Gave General Information	bool		[]	[]	f	[]	f	0	f	f	f	t	f		f
	patientSocialNeeds	gaveResourceDirectoryListOfServices	Gave Resource Directory / List of Services	bool		[]	[]	f	[]	f	0	f	f	f	t	f		f
	patientSocialNeeds	sharedQualityTime	Shared Quality Time	bool		[]	[]	f	[]	f	0	f	f	f	t	f		f
	patientSocialNeeds	adultDayHealthCare	Adult Day Health Care	bool		[]	[]	f	[]	f	0	f	f	f	t	f		f
	patientSocialNeeds	consultWHospitalDischargePlanner	Consult w/ Hospital Discharge Planner	bool		[]	[]	f	[]	f	0	f	f	f	t	f		f
	patientSocialNeeds	doctorAppointmentsMedicalProfessionals	Doctor Appointments / Medical Professionals	bool		[]	[]	f	[]	f	0	f	f	f	t	f		f
	patientSocialNeeds	durableMedicalEquipmentAdaptiveEquipment	Durable Medical Equipment / Adaptive Equipment	bool		[]	[]	f	[]	f	0	f	f	f	t	f		f
	patientSocialNeeds	exercisePhysicalFitness	Exercise / Physical Fitness	bool		[]	[]	f	[]	f	0	f	f	f	t	f		f
	patientSocialNeeds	fallPrevention	Fall Prevention	bool		[]	[]	f	[]	f	0	f	f	f	t	f		f
	patientSocialNeeds	healthClinicDentalOpticalAuditoryEtc	Health Clinic (Dental, Optical, Auditory, etc.)	bool		[]	[]	f	[]	f	0	f	f	f	t	f		f
	patientSocialNeeds	healthPresentationProgram	Health Presentation / Program	bool		[]	[]	f	[]	f	0	f	f	f	t	f		f
	patientSocialNeeds	homeHealthCareServices	Home Health Care Services	bool		[]	[]	f	[]	f	0	f	f	f	t	f		f
	patientSocialNeeds	hospiceHealthCare	Hospice	bool		[]	[]	f	[]	f	0	f	f	f	t	f		f
	patientSocialNeeds	hospitalAdmission	Hospital Admission	bool		[]	[]	f	[]	f	0	f	f	f	t	f		f
	patientSocialNeeds	hospitalFacilityDischarge	Hospital/Facility Discharge	bool		[]	[]	f	[]	f	0	f	f	f	t	f		f
	patientSocialNeeds	medicalBills	Medical Bills	bool		[]	[]	f	[]	f	0	f	f	f	t	f		f
	patientSocialNeeds	medicationManagement	Medication Management	bool		[]	[]	f	[]	f	0	f	f	f	t	f		f
	patientSocialNeeds	medicineEducationProgram	Medicine Education Program	bool		[]	[]	f	[]	f	0	f	f	f	t	f		f
	patientSocialNeeds	newPatientFormsPatientForms	New Patient Forms/Patient Forms	bool		[]	[]	f	[]	f	0	f	f	f	t	f		f
	patientSocialNeeds	nutritionEducation	Nutrition Education	bool		[]	[]	f	[]	f	0	f	f	f	t	f		f
	patientSocialNeeds	outpatientServices	Outpatient Services	bool		[]	[]	f	[]	f	0	f	f	f	t	f		f
	patientSocialNeeds	physicianReferral	Physician Referral	bool		[]	[]	f	[]	f	0	f	f	f	t	f		f
	patientSocialNeeds	prescriptions	Prescriptions	bool		[]	[]	f	[]	f	0	f	f	f	t	f		f
	patientSocialNeeds	rehabilitationServices	Rehabilitation Services	bool		[]	[]	f	[]	f	0	f	f	f	t	f		f
	patientSocialNeeds	smokingCessation	Smoking Cessation	bool		[]	[]	f	[]	f	0	f	f	f	t	f		f
	patientSocialNeeds	needsPCP	Needs PCP	bool		[]	[]	f	[]	f	0	f	f	f	t	f		f
	patientSocialNeeds	bills	Bills	bool		[]	[]	f	[]	f	0	f	f	f	t	f		f
	patientSocialNeeds	correspondenceMail	Correspondence / Mail	bool		[]	[]	f	[]	f	0	f	f	f	t	f		f
	patientSocialNeeds	dailyMoneyManagementFinancialManagement	Daily Money Management/Financial Management	bool		[]	[]	f	[]	f	0	f	f	f	t	f		f
	patientSocialNeeds	disasterEmergencyPreparedness	Disaster / Emergency Preparedness	bool		[]	[]	f	[]	f	0	f	f	f	t	f		f
	patientSocialNeeds	disposalOfAptContentsUponMoveOutOrDeath	Disposal of Apt. Contents Upon Move Out or Death	bool		[]	[]	f	[]	f	0	f	f	f	t	f		f
	patientSocialNeeds	donationsContributions	Donations / Contributions	bool		[]	[]	f	[]	f	0	f	f	f	t	f		f
	patientSocialNeeds	fraudsScams	Frauds & Scams	bool		[]	[]	f	[]	f	0	f	f	f	t	f		f
	patientSocialNeeds	hoardingAndClutter	Hoarding and Clutter	bool		[]	[]	f	[]	f	0	f	f	f	t	f		f
	patientSocialNeeds	lifelineOtherPersonalAlarmSystem	Lifeline / Other Personal Alarm System	bool		[]	[]	f	[]	f	0	f	f	f	t	f		f
	patientSocialNeeds	maintenance	Maintenance	bool		[]	[]	f	[]	f	0	f	f	f	t	f		f
	patientSocialNeeds	organizationOfPersonalRecords	Organization of Personal Records	bool		[]	[]	f	[]	f	0	f	f	f	t	f		f
	patientSocialNeeds	pestControl	Pest Control	bool		[]	[]	f	[]	f	0	f	f	f	t	f		f
	patientSocialNeeds	petAssistanceServices	Pet Assistance / Services	bool		[]	[]	f	[]	f	0	f	f	f	t	f		f
	patientSocialNeeds	reasonableAccommodations	Reasonable Accommodations	bool		[]	[]	f	[]	f	0	f	f	f	t	f		f
	patientSocialNeeds	telephoneSuggestion	Telephone Suggestion	bool		[]	[]	f	[]	f	0	f	f	f	t	f		f
	patientSocialNeeds	utilities	Utilities	bool		[]	[]	f	[]	f	0	f	f	f	t	f		f
	patientSocialNeeds	vialOfLifeFileOfLife	Vial of Life / File of Life	bool		[]	[]	f	[]	f	0	f	f	f	t	f		f
	patientSocialNeeds	domesticGeneralHousekeeping	Domestic / General Housekeeping	bool		[]	[]	f	[]	f	0	f	f	f	t	f		f
	patientSocialNeeds	dueToAptInspectionFailureManagementReferral	Due to Apt Inspection Failure / Management Referral	bool		[]	[]	f	[]	f	0	f	f	f	t	f		f
	patientSocialNeeds	householdGoodsItems	Household Goods/Items	bool		[]	[]	f	[]	f	0	f	f	f	t	f		f
	patientSocialNeeds	personalCare	Personal Care	bool		[]	[]	f	[]	f	0	f	f	f	t	f		f
	patientSocialNeeds	privatePay	Private Pay	bool		[]	[]	f	[]	f	0	f	f	f	t	f		f
	patientSocialNeeds	identifiedEncouraged	Identified / Encouraged	string		[]	[]	f	[]	t		f	f	f	t	f		f
	patientSocialNeeds	clienttoClientNetworkingRealtionshipBuilding	Client-to-Client Networking/Realtionship Building	bool		[]	[]	f	[]	f	0	f	f	f	t	f		f
	patientSocialNeeds	socialization	Socialization	bool		[]	[]	f	[]	f	0	f	f	f	t	f		f
	patientSocialNeeds	intergenerationalActivities	Intergenerational Activities	bool		[]	[]	f	[]	f	0	f	f	f	t	f		f
	patientSocialNeeds	apartmentInspectionEducation	Apartment Inspection Education	bool		[]	[]	f	[]	f	0	f	f	f	t	f		f
	patientSocialNeeds	evictionPrevention	Eviction Prevention	bool		[]	[]	f	[]	f	0	f	f	f	t	f		f
	patientSocialNeeds	houseRulesViolationEducation	House Rules Violation Education	bool		[]	[]	f	[]	f	0	f	f	f	t	f		f
	patientSocialNeeds	hUDPolicyClarification	HUD Policy Clarification	bool		[]	[]	f	[]	f	0	f	f	f	t	f		f
	patientSocialNeeds	recertification	Recertification	bool		[]	[]	f	[]	f	0	f	f	f	t	f		f
	patientSocialNeeds	advancedDirective	Advanced Directive	bool		[]	[]	f	[]	f	0	f	f	f	t	f		f
	patientSocialNeeds	birthCertificateStateID	Birth Certificate/State ID	bool		[]	[]	f	[]	f	0	f	f	f	t	f		f
	patientSocialNeeds	census	Census	bool		[]	[]	f	[]	f	0	f	f	f	t	f		f
	patientSocialNeeds	juryDuty	Jury Duty	bool		[]	[]	f	[]	f	0	f	f	f	t	f		f
	patientSocialNeeds	legalClinic	Legal Clinic	bool		[]	[]	f	[]	f	0	f	f	f	t	f		f
	patientSocialNeeds	livingWill	Living Will	bool		[]	[]	f	[]	f	0	f	f	f	t	f		f
	patientSocialNeeds	passportAssistance	Passport Assistance	bool		[]	[]	f	[]	f	0	f	f	f	t	f		f
	patientSocialNeeds	powerOfAttorney	Power of Attorney	bool		[]	[]	f	[]	f	0	f	f	f	t	f		f
	patientSocialNeeds	clientAlienStatusGreenCard	Client Alien Status/Green Card	bool		[]	[]	f	[]	f	0	f	f	f	t	f		f
	patientSocialNeeds	congregateMealsSite	Congregate Meals Site	bool		[]	[]	f	[]	f	0	f	f	f	t	f		f
	patientSocialNeeds	farmersMarket	Farmers Market	bool		[]	[]	f	[]	f	0	f	f	f	t	f		f
	patientSocialNeeds	foodBankFoodDistributionProgram	Food Bank / Food Distribution Program	bool		[]	[]	f	[]	f	0	f	f	f	t	f		f
	patientSocialNeeds	healthyEating	Healthy Eating	bool		[]	[]	f	[]	f	0	f	f	f	t	f		f
	patientSocialNeeds	homeDelivered	Home Delivered	bool		[]	[]	f	[]	f	0	f	f	f	t	f		f
	patientSocialNeeds	nutritionHealthSupplements	Nutrition / Health Supplements	bool		[]	[]	f	[]	f	0	f	f	f	t	f		f
	patientSocialNeeds	behavior	Behavior	bool		[]	[]	f	[]	f	0	f	f	f	t	f		f
	patientSocialNeeds	gamblingAddiction	Gambling Addiction	bool		[]	[]	f	[]	f	0	f	f	f	t	f		f
	patientSocialNeeds	communicationWithCaseWorkerDoctors	Communication with Case Worker / Doctors	bool		[]	[]	f	[]	f	0	f	f	f	t	f		f
	patientSocialNeeds	personality	Personality	bool		[]	[]	f	[]	f	0	f	f	f	t	f		f
	patientSocialNeeds	conservatorshipPublicGuardian	Conservatorship / Public Guardian	bool		[]	[]	f	[]	f	0	f	f	f	t	f		f
	patientSocialNeeds	psychiatricHoldOvers	Psychiatric Hold Overs	bool		[]	[]	f	[]	f	0	f	f	f	t	f		f
	patientSocialNeeds	referrals	Referrals	bool		[]	[]	f	[]	f	0	f	f	f	t	f		f
	patientSocialNeeds	counseling	Counseling	bool		[]	[]	f	[]	f	0	f	f	f	t	f		f
	patientSocialNeeds	dayTreatmentProgram	Day Treatment Program	bool		[]	[]	f	[]	f	0	f	f	f	t	f		f
	patientSocialNeeds	followupWith	Follow-up with	string		[]	[]	f	[]	t		f	f	f	t	f		f
	patientSocialNeeds	homeVisits	Home Visits	bool		[]	[]	f	[]	f	0	f	f	f	t	f		f
	patientSocialNeeds	hospitalNusingHomeVisit	Hospital/Nusing Home Visit	bool		[]	[]	f	[]	f	0	f	f	f	t	f		f
	patientSocialNeeds	telephoneReassurance	Telephone Reassurance	bool		[]	[]	f	[]	f	0	f	f	f	t	f		f
	patientSocialNeeds	encouragementToAttendEventActivityProgram	Encouragement to attend Event/Activity/Program	bool		[]	[]	f	[]	f	0	f	f	f	t	f		f
	patientSocialNeeds	introductionToServiceCoordinatorSCProgram	Introduction to Service Coordinator/ SC Program	bool		[]	[]	f	[]	f	0	f	f	f	t	f		f
	patientSocialNeeds	invitationToEventActivityProgram	Invitation to Event/Activity/Program	bool		[]	[]	f	[]	f	0	f	f	f	t	f		f
	patientSocialNeeds	newClientContract	New Client Contract	bool		[]	[]	f	[]	f	0	f	f	f	t	f		f
	patientSocialNeeds	outreachToNonPropertyCommunityClients	Outreach to Non-Property Community Clients	bool		[]	[]	f	[]	f	0	f	f	f	t	f		f
	patientSocialNeeds	relationshipBuilding	Relationship Building	bool		[]	[]	f	[]	f	0	f	f	f	t	f		f
	patientSocialNeeds	assistanceWith	Assistance with	string		[]	[]	f	[]	t		f	f	f	t	f		f
	patientSocialNeeds	encourageClientsTo	Encourage Clients to	string		[]	[]	f	[]	t		f	f	f	t	f		f
	patientSocialNeeds	counselingService	Counseling Service	bool		[]	[]	f	[]	f	0	f	f	f	t	f		f
	patientSocialNeeds	educationPreventionService	Education / Prevention Service	bool		[]	[]	f	[]	f	0	f	f	f	t	f		f
	patientSocialNeeds	interventionService	Intervention Service	bool		[]	[]	f	[]	f	0	f	f	f	t	f		f
	patientSocialNeeds	linkingWithOutsideProvider	Linking with outside provider	bool		[]	[]	f	[]	f	0	f	f	f	t	f		f
	patientSocialNeeds	referralToProvider	Referral to Provider	bool		[]	[]	f	[]	f	0	f	f	f	t	f		f
	patientSocialNeeds	hostedLowOrNoCostTaxServicesAtProperty	Hosted Low or No-Cost Tax Services at Property	bool		[]	[]	f	[]	f	0	f	f	f	t	f		f
	patientSocialNeeds	informationAboutLowOrNoCost022	Information about Low or No-Cost Tax Preparation Services	bool		[]	[]	f	[]	f	0	f	f	f	t	f		f
	patientSocialNeeds	organizedTaxDocumentAndSupportingMaterials	Organized Tax Document and Supporting Materials	bool		[]	[]	f	[]	f	0	f	f	f	t	f		f
	patientSocialNeeds	preparedSpecificAgeDisabilitybasedRebates	Prepared/Filed Specific Age/Disability-based Rebates	bool		[]	[]	f	[]	f	0	f	f	f	t	f		f
	patientSocialNeeds	scheduledLowOrNoCostTaxPreparationServices	Scheduled Low or No-Cost Tax Preparation Services	bool		[]	[]	f	[]	f	0	f	f	f	t	f		f
	patientSocialNeeds	anotherApartmentComplexunit	Another apartment complex/unit	bool		[]	[]	f	[]	f	0	f	f	f	t	f		f
	patientSocialNeeds	boardAndCare	Board and Care	bool		[]	[]	f	[]	f	0	f	f	f	t	f		f
	patientSocialNeeds	family	Family	bool		[]	[]	f	[]	f	0	f	f	f	t	f		f
	patientSocialNeeds	groupHomeAssistedLiving	Group Home / Assisted Living	bool		[]	[]	f	[]	f	0	f	f	f	t	f		f
	patientSocialNeeds	hospice	Hospice	bool		[]	[]	f	[]	f	0	f	f	f	t	f		f
	patientSocialNeeds	nursingHome	Nursing Home	bool		[]	[]	f	[]	f	0	f	f	f	t	f		f
	patientSocialNeeds	rehabilitationFacility	Rehabilitation Facility	bool		[]	[]	f	[]	f	0	f	f	f	t	f		f
	patientSocialNeeds	transitionBackToApt	Transition Back to Apt	bool		[]	[]	f	[]	f	0	f	f	f	t	f		f
	patientSocialNeeds	translationInterpretationServices	Translation/Interpretation Services	bool		[]	[]	f	[]	f	0	f	f	f	t	f		f
	patientSocialNeeds	writtenDocuments	Written Documents	bool		[]	[]	f	[]	f	0	f	f	f	t	f		f
	patientSocialNeeds	busPasses	Bus Passes	bool		[]	[]	f	[]	f	0	f	f	f	t	f		f
	patientSocialNeeds	departmentOfMotorVehicleDriversLicense	Department of Motor Vehicle/Drivers License	bool		[]	[]	f	[]	f	0	f	f	f	t	f		f
	patientSocialNeeds	driversEducationDefensiveDriving	Drivers Education / Defensive Driving	bool		[]	[]	f	[]	f	0	f	f	f	t	f		f
	patientSocialNeeds	fieldTrip	Field Trip	bool		[]	[]	f	[]	f	0	f	f	f	t	f		f
	patientSocialNeeds	medicaidNonEmergencyVouchers	Medicaid Non-Emergency Vouchers	bool		[]	[]	f	[]	f	0	f	f	f	t	f		f
	patientSocialNeeds	medicalTransportation	Medical Transportation	bool		[]	[]	f	[]	f	0	f	f	f	t	f		f
	patientSocialNeeds	nonEmergencyMedicalTransportation	Non-Emergency Medical Transportation	bool		[]	[]	f	[]	f	0	f	f	f	t	f		f
	patientSocialNeeds	paraTransit	Para Transit	bool		[]	[]	f	[]	f	0	f	f	f	t	f		f
	patientSocialNeeds	publicTransportation	Public Transportation	bool		[]	[]	f	[]	f	0	f	f	f	t	f		f
	patientSocialNeeds	taxiService	Taxi Service	bool		[]	[]	f	[]	f	0	f	f	f	t	f		f
	patientSocialNeeds	taxiVouchersScrips	Taxi Vouchers / Scrips	bool		[]	[]	f	[]	f	0	f	f	f	t	f		f
	patientSocialNeeds	toAssistWithShopping	To assist with Shopping	bool		[]	[]	f	[]	f	0	f	f	f	t	f		f
	patientSocialNeeds	vehiclePersonalCar	Vehicle / Personal Car	bool		[]	[]	f	[]	f	0	f	f	f	t	f		f
	patientSocialNeeds	vehiclePersonalCarInsurance	Vehicle / Personal Car Insurance	bool		[]	[]	f	[]	f	0	f	f	f	t	f		f
	patientSocialNeeds	createdOnDate	Created On Date	string	[]	{"format":"date"}	[]	f	[]	f		f	f	f	f	f	Auto added field from syncronizer	f
	patientSocialNeeds	createdOnTime	Created On Time	string	[]	{"format":"time"}	[]	f	[]	f		f	f	f	f	f	Auto added field from syncronizer	f
	patientSocialNeeds	createdBy	Created By	refer	[]	{"object":"synapUser"}	[]	f	[]	f		f	f	f	t	f	Auto added field from syncronizer	f
	patientSocialNeeds	patientId	patient Id	refer	[]	{"object":"patient"}	[]	f	[]	f		t	t	f	t	f	Auto added field from syncronizer	f
	patientSocialNeeds	id	Id	string	[]	[]	[]	f	[]	f		f	f	f	f	t	Auto added field from syncronizer	f
	patientSocialNeeds	tags	Tags	arrays	[]	[]	[]	f	[]	f		f	f	f	t	f	Auto added field from syncronizer	f
	patientSocialNeeds	organizationId	Organization Id	refer	[]	{"object":"organization"}	[]	f	[]	f	\N	f	f	f	f	f	Auto added field from syncronizer	f
	patientSocialNeeds	customProperty	custom Property	json	[]	[]	[]	f	[]	f		f	f	f	f	f	Auto added field from syncronizer	f
	patientSocialNeeds	checksum	Checksum	string	[]	[]	[]	f	[]	f		f	f	f	f	f	Auto added field from syncronizer	f
	patientSocialNeeds	objectPath	Object Path	string	[]	{"format":"ltree"}	[]	f	[]	f		f	f	f	f	f	Auto added field from syncronizer	f
\.


--
-- Data for Name: organization; Type: TABLE DATA; Schema: public; Owner: aperiosf
--

COPY public.organization (name, created_on_date, created_on_time, created_by, id, tags, custom_property, checksum, object_path, is_deleted) FROM stdin;
AperioDemoOrg	\N	\N	\N	organization:001	\N	\N	\N	\N	f
\.


--
-- Data for Name: organization_division; Type: TABLE DATA; Schema: public; Owner: aperiosf
--

COPY public.organization_division (name, parent_division_id, is_location, clia_number, address_type, street_address, city, state, country, zip, telephone_type, telephone, allow_delete, patient_address, patient_timezone, patient_use_emar, patient_use_custom_t_p_lib, patient_use_wiley_t_p_lib, service_late_entry, use_residential, location_start_date, location_end_date, payment_location, late_after_hours, late_after_days, exclude_company_holidays, weekdays_only, billing_provider_type, billing_provider_last_name, billing_provider_first_name, billing_provider_middle_name, eq_request, billing_provider_address1, billing_provider_address2, billing_provider_city, billing_provider_state, billing_provider_zip, billing_provider_tax_id, provider_accepts_assignment, eligibility_days, auth_net_api_end_point, auth_net_api_user_name, auth_net_api_user_password, enable_auth_net_intergration, created_on_date, created_on_time, created_by, id, tags, organization_id, custom_property, checksum, object_path, is_deleted) FROM stdin;
Division-0	\N	f	\N	\N	A-59 phase 8 ind area	Mohali	\N	\N	94010	\N	1234567890	t	\N	\N	f	f	f	f	f	\N	\N	f	\N	\N	f	f	\N	\N	\N	\N	\N	\N	\N	\N	\N	\N	\N	f	\N	\N	\N	\N	f	\N	\N	\N	organizationDivision:001	\N	organization:001	\N	\N	\N	f
\.


--
-- Data for Name: organization_employee; Type: TABLE DATA; Schema: public; Owner: aperiosf
--

COPY public.organization_employee (status, gender, personal_email, work_email, dob, first_name, image, last_name, middle_name, specialty, start_date, ssn, synap_user_id, dr_first_user_id, create_new_synap_user, npi, entity_type, title, medical_license, dea_registration_number, user_type, created_on_date, created_on_time, created_by, id, tags, organization_id, custom_property, checksum, object_path, is_deleted) FROM stdin;
metaEmployeeStatus:active	\N	admin@aperio.com	admin@aperio.com	1985-11-15	John	\N	Aperio	abc	\N	1985-11-15	121324343	synapUser:001	ext_doc_123	f	\N	\N	\N	\N	\N	metaUserType:admin	\N	\N	\N	organizationEmployee:001	\N	organization:001	\N	\N	\N	f
metaEmployeeStatus:active	\N	cron@aperiohealth.com	cron@aperiohealth.com	1986-11-15	Cron	\N	Cron	abc	\N	1986-11-15	121324344	synapUser:002	ext_doc_124	f	\N	\N	\N	\N	\N	metaUserType:system	\N	\N	\N	organizationEmployee:002	\N	organization:001	\N	\N	\N	f
metaEmployeeStatus:inactive	\N	\N	jh@ewe.com	\N	xssvs	\N	jj	\N	\N	\N	\N	synapUser:cw4vmtz	\N	f	\N	\N	kj	h	\N	metaUserType:user	2018-09-11	11:48:46	synapUser:001	organizationEmployee:z4486je	\N	organization:001	[]	946561abc2900aed169bc619502a4d13690eeced8ac237361c45f9c744a5545858f68bf6bdbb7a04bc158e531a95daf3f17d62cce45749a1e46685b9113aa19e	organization__001	f
metaEmployeeStatus:active	\N	\N	doggettt@choosekeswick.org	\N	Tina	\N	Doggett	\N	\N	\N	\N	synapUser:nxt2dkb	\N	f	\N	\N	Ms	\N	\N	metaUserType:user	2018-09-11	13:31:27	synapUser:001	organizationEmployee:zgtc4cp	\N	organization:001	[]	5f42d6afa4f418f09c80b55b21483c5d1432399d2c65b662e3cdc391591b3023487a8db927ca300a303f2b7fd3c54c44ce76315503ce579b0f8230527faef17c	organization__001	f
metaEmployeeStatus:active	\N	\N	test@mailinator.com	\N	Test	\N	User	\N	\N	\N	\N	synapUser:zk7hayz	\N	f	\N	\N	Mr.	\N	\N	metaUserType:user	2018-09-12	08:34:09	synapUser:001	organizationEmployee:pn27xfp	\N	organization:001	[]	171c9cc1d8a908a74c575a015a626f2545f6a986c8930829257b9f55513ad38d30bafd034ae688065e3ab326df9ed0e20ebc878018f1c7bf1bfe1b6a9dd80db6	organization__001	f
metaEmployeeStatus:active	\N	\N	freddoc@you.com	\N	Frederika	\N	Flinstone	\N	\N	\N	\N	synapUser:aemv883	\N	f	\N	\N	DR	5432167898768	\N	metaUserType:user	2018-09-12	21:55:07	synapUser:001	organizationEmployee:utb6ac4	\N	organization:001	[]	74d42ad65340da7a5058e76153c54078593971e39afcf96d428af6cb654a0aa99b34268f5962a39c39064122ae061faf524db7419ae5228d74e19f53759c32d9	organization__001	f
metaEmployeeStatus:active	\N	\N	sparkyshocks@myemail.cog	\N	Carolyn 	\N	Sparky	\N	\N	\N	\N	synapUser:mt28f2u	\N	f	\N	\N	Facilitator	\N	\N	metaUserType:user	2018-09-12	22:06:50	synapUser:001	organizationEmployee:vugveb7	\N	organization:001	[]	742a25d0fd9c0f05adcbc9f685f04843bb1fe466a5f693bfd1aacffc3b47193308bd30b6a3027f10a8f290833a9464794f0fa4de394f444cbeba38e43801ccf5	organization__001	f
metaEmployeeStatus:active	\N	\N	benders@choosekeswick.org	\N	Susan	\N	Bender	\N	\N	\N	\N	synapUser:ejver6g	\N	f	\N	\N	Ms	\N	\N	metaUserType:user	2018-09-13	00:20:46	synapUser:001	organizationEmployee:c3hn7rd	\N	organization:001	[]	4aac73167ebf08ec154fe3558765c8d911934b327375b466a20a5b50f7e0dfc0462f7e4a2952ce0e6d6ecc830a0ad24a51c8fff9a166073bfa7f651506ac4831	organization__001	f
metaEmployeeStatus:active	\N	\N	wiscovitchj@choosekeswick.org	\N	Jeanee	\N	Wiscovitch	\N	\N	\N	\N	synapUser:yc3a7ba	\N	f	\N	\N	Ms	\N	\N	metaUserType:user	2018-09-13	11:29:13	synapUser:001	organizationEmployee:6fhbayt	\N	organization:001	[]	ab2125380c63e80d8b2456f8dec982f3b6c1546e317e713fa4f8b9efa8b663040619b3a0521eabdba254df98b24c81e29e115b810d3ad3b7380b926b7d982e69	organization__001	f
metaEmployeeStatus:active	\N	\N	obatuasea@choosekeswick.org	\N	Abiola	\N	Obatuase	\N	\N	\N	\N	synapUser:nt4fnz2	\N	f	\N	\N	Ms	\N	\N	metaUserType:user	2018-09-13	11:31:13	synapUser:001	organizationEmployee:td6bpyc	\N	organization:001	[]	571a9439b04ec6e06275384aa42c89bf932c74b57bc7e9cfd865a0dedd05072162d5e787a4e0977fc646566d0b8129f2d52d5d684ba8493e335287cfdf66200e	organization__001	f
metaEmployeeStatus:active	\N	\N	mackn@choosekeswick.org	\N	Nakia	\N	Mack	\N	\N	\N	\N	synapUser:ujvp2w6	\N	f	\N	\N	Ms	\N	\N	metaUserType:user	2018-09-13	11:32:37	synapUser:001	organizationEmployee:jzazuvd	\N	organization:001	[]	53c11e02ee4a9a30e017c59f8603a32a4c5bf37a794067acae5ca259af7a83aeb77e576f404512c4913d5623882042b0e0e1177cec84ae97f92c78d1f4023752	organization__001	f
metaEmployeeStatus:active	\N	\N	clermanl@choosekeswick.org	\N	Lisa	\N	Clerman	\N	\N	\N	\N	synapUser:6pzweac	\N	f	\N	\N	Ms	\N	\N	metaUserType:user	2018-09-13	11:33:28	synapUser:001	organizationEmployee:6d7z3ze	\N	organization:001	[]	eb29656ee10310c49953143c28e25c20b25dafd736c52e7f0de2be8466d2a3ad756066dc76973b3c6d245a4662ed7e829845228b765a1f44ff1849df5dae2973	organization__001	f
metaEmployeeStatus:active	\N	\N	chvol@hoosekeswick.ord	\N	Donna	\N	Wilcox	\N	\N	\N	\N	synapUser:zub872y	\N	f	\N	\N	Intern	\N	\N	metaUserType:user	2018-09-24	15:10:20	synapUser:001	organizationEmployee:z86rwv7	\N	organization:001	[]	d049f18f9d74787738030e115484c34e23f958e2cc47d2dfe8a511a079557e3adee38911e50bda5ea7f84f059cd1e6aeb63274be7faaf14ad7ddaab84328d2ba	organization__001	f
metaEmployeeStatus:active	\N	\N	sourabh.seth@sourcefuse.com	\N	sourabh	organization:001-organizationEmployee-image-98738e4f-0ee2-5036-809e-bd8bf6da3e34..png	seth	\N	\N	\N	\N	synapUser:h4afvcm	\N	f	787878787	\N	MD	78787878778	7878787	metaUserType:user	2018-11-05	06:28:21	synapUser:001	organizationEmployee:txuaaen	\N	organization:001	[]	8e614e939a0b2f1cb7502f702166eea3ce8ce0c94ae4b259a391ba0ad475083c381bb72eee2929cb2eaee4f175022659d22c427727919f0ac277dbd4c36a4299	organization__001	f
\.


--
-- Data for Name: organization_employee_address; Type: TABLE DATA; Schema: public; Owner: aperiosf
--

COPY public.organization_employee_address (zip, state, country, city, address_type, address1, address2, created_on_date, created_on_time, created_by, organization_employee_id, id, tags, organization_id, custom_property, checksum, object_path, is_deleted) FROM stdin;
ih	metaState:IA	metaCountry:US	ih	metaAddressType:business	jhhj	\N	2018-09-11	11:48:46	synapUser:001	organizationEmployee:z4486je	organizationEmployeeAddress:z23pcnz	\N	organization:001	[]	a060cb99bc7a7293c1bb173d28f1f1a4cc2b0d7d4e28bcc4692753500251355483bb05e74031ca6037b9ebbd7bf0667c75e97e5d5ca465a4fef0c48a2ca44e86	organization__001.organizationEmployee__z4486je	f
21211	metaState:DE	metaCountry:US	Baltimore	metaAddressType:business	700 W. 40th Street	\N	2018-09-11	13:31:27	synapUser:001	organizationEmployee:zgtc4cp	organizationEmployeeAddress:67rn3pb	\N	organization:001	[]	0b0cac36b344c13aedc600959238273f8618a9c40d9d0ee91ebc4ef2d1886a01dcad97cafeb8fffa5af8324a11a1566b32ec2c91885dcddbcc0d79d6b5d680d6	organization__001.organizationEmployee__zgtc4cp	f
345345	metaState:FL	metaCountry:US	Florida city	metaAddressType:business	Linkin Road	\N	2018-09-12	08:34:09	synapUser:001	organizationEmployee:pn27xfp	organizationEmployeeAddress:cchxndg	\N	organization:001	[]	eb273e297f53f9e92a4455a43bbf5516204f7d46d5c289c0c6b5a25ca483af94e68b75bd695d8552b7b35d699f5d24f463d5d0c798e7ae4d8e3f9fd5e2100d33	organization__001.organizationEmployee__pn27xfp	f
212121	metaState:MD	metaCountry:US	Aplace	metaAddressType:business	8888 White HOuse Way	Suite B	2018-09-12	21:55:07	synapUser:001	organizationEmployee:utb6ac4	organizationEmployeeAddress:b6w27db	\N	organization:001	[]	d03169b575eac88cbcea72c12f72120ab45c71bbab26a67fca316babae77c18dd8c71f46a4cabe13f9c861b76862d98a2cb8903638f384880cf7961e6e932172	organization__001.organizationEmployee__utb6ac4	f
11156	metaState:AZ	metaCountry:US	Spark city	metaAddressType:business	123 Lightning Lane	\N	2018-09-12	22:06:50	synapUser:001	organizationEmployee:vugveb7	organizationEmployeeAddress:n2ahcbu	\N	organization:001	[]	b9c0a1a52e65305fc07f997479b56fff1d04d1874526d807bfbe4bd14d9213303ec0408ea7f2349d2065d7a9bf75575e6919fd389e4a4963dd6fcf838a2b4bd4	organization__001.organizationEmployee__vugveb7	f
21211	metaState:MD	metaCountry:US	Baltimore	metaAddressType:business	700 W. 40th Street	\N	2018-09-13	00:20:46	synapUser:001	organizationEmployee:c3hn7rd	organizationEmployeeAddress:62m4jzb	\N	organization:001	[]	88a8c604d96180eba747ed2517bfd23b133b96f516c70717f8ad5b958601b9bd3ea4731abdf0f472794656a97825c5ef0f5ed872feffd3e1546674a4a7a842b1	organization__001.organizationEmployee__c3hn7rd	f
21211	metaState:MD	metaCountry:US	Baltimore	metaAddressType:business	700 West 40th Street	\N	2018-09-13	11:29:13	synapUser:001	organizationEmployee:6fhbayt	organizationEmployeeAddress:f44aytd	\N	organization:001	[]	b47aa393fff7f23ac5ef1c126966fcd5e3935393f57671db968599484e34292536ea0eb34f70aad86d1683b69783f5c791a4ea07020bbc1388af88165f781747	organization__001.organizationEmployee__6fhbayt	f
21211	metaState:MD	metaCountry:US	Baltimore	metaAddressType:business	700 West 40th Street	\N	2018-09-13	11:31:13	synapUser:001	organizationEmployee:td6bpyc	organizationEmployeeAddress:tj272d4	\N	organization:001	[]	5a3002695cab7ddc300bfecd0487812fb071e9da7c8933f5a903f01461c651cead9c951a514477ec0d707b50cb94d9f1252066e615a62155e7d9d435629b2973	organization__001.organizationEmployee__td6bpyc	f
21211	metaState:MD	metaCountry:US	Baltimore	metaAddressType:business	700 W. 40th Street	\N	2018-09-13	11:32:37	synapUser:001	organizationEmployee:jzazuvd	organizationEmployeeAddress:rgmac6h	\N	organization:001	[]	7cc3253433be3f72b231f99ccb198210b388c8adc6e5e97eb918bd01242ed2053c82ee2442cb2b296ab3160fcfdb5a4e15ab7c4577bd241ec4ea382de6159a76	organization__001.organizationEmployee__jzazuvd	f
21211	metaState:MD	metaCountry:US	Baltimore	metaAddressType:business	700 W. 40th Street	\N	2018-09-13	11:33:28	synapUser:001	organizationEmployee:6d7z3ze	organizationEmployeeAddress:nxr3jbt	\N	organization:001	[]	e79c54afc4a0e213dce60a6a477b57813e8676abeaac82b9e61f05d993b7017ad95ef5ae96c4de19e8e8e591ba658d8a2cad0b9b6d8652da145c5a27ba2b2f84	organization__001.organizationEmployee__6d7z3ze	f
21211	metaState:MD	metaCountry:US	Baltimore	metaAddressType:business	1Test	\N	2018-09-24	15:10:20	synapUser:001	organizationEmployee:z86rwv7	organizationEmployeeAddress:cxvpk4j	\N	organization:001	[]	132c7a111714d10f93cde330d12374d620f5b60d1cc7abf41072ec55073342578e66025a140e53a41179d875d9cf6ec59fbaf377b44c32543b27f892b2300dc1	organization__001.organizationEmployee__z86rwv7	f
989898898	metaState:AK	metaCountry:US	mohali	metaAddressType:business	mohali	C003	2018-11-05	06:28:21	synapUser:001	organizationEmployee:txuaaen	organizationEmployeeAddress:wvupmza	\N	organization:001	[]	e5f9a9ffe9082894fb8ff71c8a4c71ca0903a34067065edb195579bd1e5996dcbae1f67c0c0222535fa160eec9efed869f4781edbe3bc86344e25103edfdc8f0	organization__001.organizationEmployee__txuaaen	f
\.


--
-- Data for Name: organization_employee_division; Type: TABLE DATA; Schema: public; Owner: aperiosf
--

COPY public.organization_employee_division (organization_division_id, created_on_date, created_on_time, created_by, organization_employee_id, id, tags, organization_id, custom_property, checksum, object_path, is_deleted) FROM stdin;
organizationDivision:001	\N	\N	\N	organizationEmployee:001	organizationEmployeeDivision:001	\N	organization:001	\N	\N	\N	f
\.


--
-- Data for Name: organization_employee_profile; Type: TABLE DATA; Schema: public; Owner: aperiosf
--

COPY public.organization_employee_profile (profile, organization_employee_id, checksum) FROM stdin;
\.


--
-- Data for Name: organization_employee_telephone; Type: TABLE DATA; Schema: public; Owner: aperiosf
--

COPY public.organization_employee_telephone (telephone_type, is_primary, number, created_on_date, created_on_time, created_by, organization_employee_id, id, tags, organization_id, custom_property, checksum, object_path, is_deleted) FROM stdin;
metaTelephoneType:work	f	4376577678	2018-09-11	11:48:46	synapUser:001	organizationEmployee:z4486je	organizationEmployeeTelephone:4gcpuaj	\N	organization:001	[]	e5995f9489973a977a937a3dcf503ccccfb31cff888fa28f6c402fc47b35bc178388360b4e460af7f65c5a84d106da59ebd86978a67697b44fbd5a53a4b291e1	organization__001.organizationEmployee__z4486je	f
metaTelephoneType:work	f	5555555555	2018-09-11	13:31:27	synapUser:001	organizationEmployee:zgtc4cp	organizationEmployeeTelephone:eexrjve	\N	organization:001	[]	e19f2f9be1ef36f2e66780c05c08e775d8d7e411bb456917900e03f49090b7b45dd282722f0b2ddad7316d45395d25db64cfe3749ed5bc176532bc846210e27f	organization__001.organizationEmployee__zgtc4cp	f
metaTelephoneType:work	f	9585757577	2018-09-12	08:34:09	synapUser:001	organizationEmployee:pn27xfp	organizationEmployeeTelephone:2c6bcww	\N	organization:001	[]	9bce91b44d772db9c55d7f995adca5c7779dc7f8ad19e48f58b08d88668a856f0d455b86cac849f3f4067a80daf90e961ea5b38bb80594c6d353e5d5d832afd5	organization__001.organizationEmployee__pn27xfp	f
metaTelephoneType:work	f	4435551212	2018-09-12	21:55:08	synapUser:001	organizationEmployee:utb6ac4	organizationEmployeeTelephone:x2veu7k	\N	organization:001	[]	797fbaf5b2d3f7581e9672dfad1c26424b090bbc29421c17a3202ae8a7880994c748557013043628d12a815ce23f34f1ab21668356266e45c4fb6420100e88dc	organization__001.organizationEmployee__utb6ac4	f
metaTelephoneType:work	f	6862346789	2018-09-12	22:06:50	synapUser:001	organizationEmployee:vugveb7	organizationEmployeeTelephone:yyz2c2m	\N	organization:001	[]	9a9abdc8e88fbcdb99438331cec60a2a900a6c3d87835f3e14210ff8b11364b5d4bf410d3dd8d1fb4829b50b9fc2a0d307ec8fa0b1f99cf27c96b4cb5396e6af	organization__001.organizationEmployee__vugveb7	f
metaTelephoneType:work	f	4106624353	2018-09-13	00:20:46	synapUser:001	organizationEmployee:c3hn7rd	organizationEmployeeTelephone:7ydrx4r	\N	organization:001	[]	94f6660a1440058055b7be0026423d67bed682d6af69d8cdf496b60873f076aa480dfeb43299dd3978ec17e2c7eef2829df8b9e50891eb64d6dbb0e19b59e8ef	organization__001.organizationEmployee__c3hn7rd	f
metaTelephoneType:work	f	4102358860	2018-09-13	11:29:13	synapUser:001	organizationEmployee:6fhbayt	organizationEmployeeTelephone:2ygpxce	\N	organization:001	[]	2432a9edafb7b2a14b58e66d6b81ed7aee3f011371127093ec1487dc8f738866464a42085d8c418c9ccd18739aab48d95b3f5f98738b42773b128e0db9ba66aa	organization__001.organizationEmployee__6fhbayt	f
metaTelephoneType:work	f	4102358860	2018-09-13	11:31:13	synapUser:001	organizationEmployee:td6bpyc	organizationEmployeeTelephone:bcxuu4x	\N	organization:001	[]	81884686ba9aa9133515ccd4ff3f1a79e69602d942fa910a50bc7cef5ee1d62935077bbb3992bb059e8162c25afbfed189186851a47413569e43757bf5a5cfbe	organization__001.organizationEmployee__td6bpyc	f
metaTelephoneType:work	f	4102358860	2018-09-13	11:32:37	synapUser:001	organizationEmployee:jzazuvd	organizationEmployeeTelephone:hzf62r4	\N	organization:001	[]	f6ffd2bfa30e33d59b8327f0fef5bde84936c2a5bd561f19227de13915b92ef27c6c3606ad89fbf5e0228081f1906b8f23edd489c96a61e13375fbb46edaacf6	organization__001.organizationEmployee__jzazuvd	f
metaTelephoneType:work	f	4102358860	2018-09-13	11:33:28	synapUser:001	organizationEmployee:6d7z3ze	organizationEmployeeTelephone:2rhkg26	\N	organization:001	[]	a8c5eb58adb911dc1181b17f9e0b9490509d79cac134dc8e53d527bbf1a9f7ea11838f33c477cab13d3f728f63e3f2e2265ff49d35eb612f9a1787d292c8733d	organization__001.organizationEmployee__6d7z3ze	f
metaTelephoneType:work	f	2222222222	2018-09-24	15:10:20	synapUser:001	organizationEmployee:z86rwv7	organizationEmployeeTelephone:4ydxgyf	\N	organization:001	[]	eef7a71fc6796193a31920fc272b3b36c42414af8b89b35d45112164a7c1f0692b4bc1c5023b63cd15d2704c05dfb00ca53b24fe6100ba3a2ac9b4dd806699a0	organization__001.organizationEmployee__z86rwv7	f
metaTelephoneType:work	f	7878778787	2018-11-05	06:28:21	synapUser:001	organizationEmployee:txuaaen	organizationEmployeeTelephone:hpv3m3x	\N	organization:001	[]	b84aedbb101b255d84e179027c36197c059c1a882985a31607b6a318731fc40bab7bd54da323b96ac38f4f8b8bbac0406dcb5fa2ea58bd4285ca365bcd8bc476	organization__001.organizationEmployee__txuaaen	f
\.


--
-- Data for Name: organization_folder; Type: TABLE DATA; Schema: public; Owner: aperiosf
--

COPY public.organization_folder (name, patient_id, created_on_date, created_on_time, created_by, id, tags, organization_id, custom_property, checksum, object_path, is_deleted) FROM stdin;
\.


--
-- Data for Name: organization_profile; Type: TABLE DATA; Schema: public; Owner: aperiosf
--

COPY public.organization_profile (name, allow_delete, is_internal, created_on_date, created_on_time, created_by, id, tags, organization_id, custom_property, checksum, object_path, is_deleted) FROM stdin;
Administrator	t	f	\N	\N	\N	organizationProfile:admin	\N	organization:001	\N	\N	\N	f
Employee	t	f	\N	\N	\N	organizationProfile:employee	\N	organization:001	\N	\N	\N	f
Provider	t	f	\N	\N	\N	organizationProfile:provider	\N	organization:001	\N	\N	\N	f
Patient	t	f	\N	\N	\N	organizationProfile:patient	\N	organization:001	\N	\N	\N	f
RevenueCycleManager	t	t	\N	\N	\N	organizationProfile:revenueCycleManager	\N	organization:001	\N	\N	\N	f
\.


--
-- Data for Name: organization_profile_permission; Type: TABLE DATA; Schema: public; Owner: aperiosf
--

COPY public.organization_profile_permission (permission, organization_profile_id, checksum) FROM stdin;
\.


--
-- Data for Name: patient; Type: TABLE DATA; Schema: public; Owner: aperiosf
--

COPY public.patient (status, military_status, marital_status, preferred_language, housing_status, gender, email, ethnicity, employment_status, dob, first_name, image, last_name, middle_name, maiden_name, preferred_name, patient_org_id, identity, dr_first_last_sync_date, dr_first_last_sync_time, synap_user_id, is_created_dr_first, are_you_adopted, age, communication_preference, no_known_drug_allergies, no_known_problems, protection_indicator_effective_date, is_dead, died_on, no_known_medication, identifying_marks, eye_color, hair_color, create_new_synap_user, suffix_name, guarantor_patient_id, notes, secondary_phone, tertiary_phone, primary_phone, all_medication_collected, is_duplicate_allow, admission_date, discharge_date, living_alone, income, created_on_date, created_on_time, created_by, id, tags, organization_id, custom_property, checksum, object_path, is_deleted, referral_source, do_not_contact) FROM stdin;
\N	\N	\N	metaLanguage:eng	\N	metaGender:male		metaEthnicity:notHispanicOrLatino	\N	1989-06-12	smith	\N	smith	\N	\N	\N	\N	\N	\N	\N	\N	f	f	\N	\N	f	f	\N	f	\N	f	\N	\N	\N	f	\N	\N	\N	\N	\N	1111111111	f	f	\N	\N	f	\N	2018-09-12	12:39:52	synapUser:nxt2dkb	patient:ejaddu6	\N	organization:001	[]	e3081953f6c4763a3a7048c2fa88f493ea13682403e1ed1bf75506cfa9c316b6ed1d95fa3c94124dfde734df1e5519e239d6ba84d65cef65fe39d86a044036f7	\N	f	\N	f
\N	\N	\N	metaLanguage:bam	\N	metaGender:male		metaEthnicity:declinedToProvide	\N	2018-08-26	sanitythursdaynew	\N	sanitythursdaynew	\N	\N	\N	\N	\N	\N	\N	\N	f	f	\N	\N	f	f	\N	f	\N	f	\N	\N	\N	f	\N	patient:ut8ex8t	\N	\N	\N	2222222222	f	f	2018-09-12	2018-09-26	f	\N	2018-09-20	12:03:32	synapUser:001	patient:at2n2hm	\N	organization:001	[]	53fa6c9da1dca8bd6107a9a5866dc0769f14bac0c6814e04f0827f4abad0b367675129f389bff6f9814c9afd293c47193fceb20fc14b52f5664dd235a6e12c7f	\N	f	\N	f
\N	\N	\N	metaLanguage:epo	\N	metaGender:male		metaEthnicity:hispanicOrLatino	\N	2010-12-24	Fred	\N	Nugent	\N	\N	\N	\N	21211nu1234	\N	\N	\N	f	f	\N	\N	f	f	\N	f	\N	f	\N	\N	\N	f	\N	\N	\N	\N	\N	5468901234	f	f	\N	\N	f	\N	2018-09-12	21:14:28	synapUser:001	patient:jthy3kb	\N	organization:001	[]	976f991d50d9855e3029e202d15f65685da7b2ef0939d7c4d211b27822acbe1ef372c88087d060ee4ec2a636e9af05ac0558a9458a67bf2b98e3943d458094c3	\N	f	\N	f
\N	\N	\N	metaLanguage:eng	\N	metaGender:female		metaEthnicity:notHispanicOrLatino	\N	1980-02-05	Mary	\N	Kom	\N	\N	\N	\N	\N	\N	\N	\N	f	f	\N	\N	f	f	\N	f	\N	f	\N	\N	\N	f	\N	\N	\N	\N	\N	9876555566	f	f	2018-08-01	2018-08-07	f	\N	2018-09-12	08:28:50	synapUser:001	patient:e7g726n	\N	organization:001	[]	bea8ed3a1baff43de21307bff5b5e1e6c7e74e03cfab27d9c8d2b47c432d28cc53bdc496bd56ec04eccc792d67fc9e60e54fe1aca69e270192471486cd649316	\N	f	\N	f
\N	\N	\N	metaLanguage:eng	\N	metaGender:female	\N	metaEthnicity:notHispanicOrLatino	\N	2018-09-12	christina	\N	Aguilar	\N	\N	\N	\N	\N	\N	\N	\N	f	f	\N	\N	f	f	\N	f	\N	f	\N	\N	\N	f	\N	\N	\N	\N	\N	4109888888	f	f	2018-09-13	\N	f	\N	2018-09-13	18:50:54	synapUser:yc3a7ba	patient:mjhtunm	\N	organization:001	[]	e997013de4b31cf4f692560174640671e7a5de70a4a4ba4292637c8da5c926a1a34c711a2fc6755212de7abce3a1dee35274171338266f41cce672535f5a546a	\N	f	\N	f
\N	\N	\N	metaLanguage:bam	\N	metaGender:female		metaEthnicity:notHispanicOrLatino	\N	2017-12-25	Silly	\N	Sue	\N	\N	\N	\N	\N	\N	\N	\N	f	f	\N	\N	f	f	\N	f	\N	f	\N	\N	\N	f	\N	\N	\N	\N	\N	2796701234	f	f	2018-09-13	2018-09-13	f	\N	2018-09-12	21:52:29	synapUser:001	patient:hm328jc	\N	organization:001	[]	505ce0096335bfb70fb9612c2e8dbcb69d971a5f4b0495539653b9489b87e6c2ea5bf8b364340ca0709c13402660a7001ab3ba7ba5ab151b7825733472dfe5cd	\N	f	\N	f
\N	\N	\N	metaLanguage:eng	\N	metaGender:female	\N	metaEthnicity:notHispanicOrLatino	\N	1968-09-28	Enchelle	\N	Carathers	\N	\N	\N	\N	\N	\N	\N	\N	f	f	\N	\N	f	f	\N	f	\N	f	\N	\N	\N	f	\N	\N	\N	\N	\N	3339993333	f	f	2018-07-26	\N	f	\N	2018-09-20	11:51:40	synapUser:001	patient:7d6ckym	\N	organization:001	[]	e96f6219108bc0ed79c178070902de9d09427fb94340120ad52c689acfc9e56bf8776b1850a4d66136762a741843127e1bdee8533c6a6285e31ae8f3da90150a	\N	f	\N	f
\N	\N	metaMaritalStatus:neverMarried	metaLanguage:eng	metaHousingStatus:rentsHome	metaGender:female		metaEthnicity:notHispanicOrLatino	\N	1947-12-31	Jada	\N	Johans	Elizabeth	\N	\N	\N	\N	\N	\N	\N	f	f	\N	\N	f	f	\N	f	\N	f	\N	\N	\N	f	\N	\N	\N	\N	\N	4106669898	f	f	\N	\N	t	metaIncomeLevel:008	2018-09-13	15:11:10	synapUser:nt4fnz2	patient:k887f4a	\N	organization:001	[]	e084f7baf572cbb99715df94de0681f3b6c7c0c1e7a577bf4f218644876d9580b5b3b1346c19ebc6f88ce36e0001f91f74f145aeb87b1c728ec1afeec95bc4f4	\N	f	\N	f
\N	\N	\N	metaLanguage:eng	\N	metaGender:female		metaEthnicity:declinedToProvide	\N	1960-09-28	Mustang	\N	Sally	\N	\N	\N	\N	\N	\N	\N	\N	f	f	\N	\N	f	f	\N	f	\N	f	\N	\N	\N	f	\N	\N	\N	1800114563	\N	1800114563	f	f	\N	\N	f	\N	2018-09-13	16:32:06	synapUser:6pzweac	patient:jwmtjwv	\N	organization:001	[]	815b09fcec5ae76d820b7187efc9197395a99aac7a849a38200595bb98e84f090219580e103bebd3c2dac18d50f1d18117e2a833e6746c3c81cdcad5ceea1fcc	\N	f	\N	f
\N	\N	\N	metaLanguage:afr	\N	metaGender:male		metaEthnicity:declinedToProvide	\N	1988-05-10	Rashid	\N	Khan	updated	\N	\N	\N	testPCCP	\N	\N	\N	f	f	\N	\N	f	f	\N	f	\N	f	\N	\N	\N	f	\N	\N	\N	8787877878	\N	8787878787	f	f	2018-09-26	\N	f	\N	2018-09-27	05:48:46	synapUser:001	patient:pc2jvfz	\N	organization:001	[]	3f952233e1a4d954bbdd1f29bf103f4ce7b7d469b0ae0cd6555c1f565c473c1abdd81af7b6159688531810f72af45c20dceaaa4db9da18af781c5313f38a3539	\N	f	\N	f
\N	\N	\N	metaLanguage:eng	\N	metaGender:female	\N	metaEthnicity:notHispanicOrLatino	\N	1928-08-05	Abigail	\N	Armour	\N	\N	\N	\N	\N	\N	\N	\N	f	f	\N	\N	f	f	\N	f	\N	f	\N	\N	\N	f	\N	\N	\N	\N	\N	4105555555	f	f	2018-07-26	\N	f	\N	2018-09-12	17:39:08	synapUser:001	patient:6wyrptn	\N	organization:001	[]	340d1b059eb8669f86c1d78c5899678b8742b4d9c14d47bd22766292ca5bd6f4679b6a076263597c529c3f0906c76c0605abce540061da0746988f0d42b23be2	\N	f	\N	f
\N	\N	\N	metaLanguage:aar	\N	metaGender:male	amrit.pal@sourcefuse.com	metaEthnicity:declinedToProvide	\N	2010-02-02	Amrit	\N	Singh	\N	\N	\N	\N	\N	\N	\N	\N	f	f	\N	\N	f	f	\N	f	\N	f	\N	\N	\N	f	\N	\N	\N	\N	\N	4444444444	f	f	\N	\N	f	\N	2018-09-20	11:53:48	synapUser:001	patient:ut8ex8t	\N	organization:001	[]	dca5fa686e3cdfc38755b28ca9e0316143ead3512cc09c1fa3f5c1affe027ae468c6738a36831e118ecca5f3ec6ff03ed8ff87a94e614204909d5c4e7d144a92	\N	f	\N	f
\N	\N	\N	metaLanguage:eng	metaHousingStatus:ownsHome	metaGender:male		metaEthnicity:declinedToProvide	\N	1945-09-23	Jack	\N	Jill	N	\N	\N	\N	\N	\N	\N	\N	f	f	\N	\N	f	f	\N	f	\N	f	\N	\N	\N	f	\N	\N	\N	\N	\N	4103456739	f	f	\N	\N	t	\N	2018-10-01	15:37:51	synapUser:001	patient:4yxpan7	\N	organization:001	[]	dfce1039123ba1e1faf72827a5d605ae7561d936211719498f28c69a2bfd3dfe7131f86c42a6255f3a694e32d5e3628e282871893a028b51dbf6fae53be84014	\N	f	\N	f
\N	\N	\N	metaLanguage:aym	\N	metaGender:male	sourabh.seth@sourcefuse.com	metaEthnicity:declinedToProvide	\N	1988-06-10	sourabh	\N	seth	middle	\N	\N	\N	\N	\N	\N	\N	f	f	\N	\N	f	f	\N	f	\N	f	\N	\N	\N	f	\N	\N	\N	\N	\N	8787878787	f	f	\N	\N	f	\N	2018-09-20	13:21:48	synapUser:001	patient:upfetgc	\N	organization:001	[]	0546fb3fb5c0c4bc3c87e46547933969984e87bfb6b014d1790dba10be85abe872f1da564a4e2cdf126af8878dc84123764852aaf39ee9307e2c1e9bb1a42281	\N	f	\N	f
\N	\N	metaMaritalStatus:polygamous	metaLanguage:eng	metaHousingStatus:rentsHome	metaGender:female		metaEthnicity:declinedToProvide	\N	1962-09-05	Mustang	\N	Salleey	\N	\N	\N	\N	\N	\N	\N	\N	f	f	\N	\N	f	f	\N	f	\N	f	\N	\N	\N	f	\N	\N	\N	\N	\N	4105551212	f	f	2018-09-20	\N	t	metaIncomeLevel:010	2018-09-12	21:19:45	synapUser:001	patient:wvgundh	\N	organization:001	[]	af0b8b6b7afb934b75cc2069b5b605c927061ea79a1bdfe79b71c5428eff9dd86ec68a5e5b907e6c75b15d8104ff1857a93d6d4ea3e22ff7b77c7025e9340a23	\N	f	\N	f
\N	\N	metaMaritalStatus:widowed	metaLanguage:eng	metaHousingStatus:livesWithFamily	metaGender:male		metaEthnicity:declinedToProvide	\N	1950-07-04	JimBob	\N	James	\N	\N	\N	\N	\N	\N	\N	\N	f	f	\N	\N	f	f	\N	f	\N	f	\N	\N	\N	f	\N	\N	\N	\N	\N	4102945481	f	f	\N	\N	f	\N	2018-10-01	15:59:41	synapUser:001	patient:y26krb6	\N	organization:001	[]	d1e199ca772d7b4ff02da43f0d0816f58428ccda3e12c6947b406faf595f07ec7e1bae2612e3deed20fd00082f11c6dba3771654da776f62fd48c249d0345fad	\N	f	\N	f
\N	\N	\N	metaLanguage:afr	\N	metaGender:male		metaEthnicity:declinedToProvide	\N	1988-06-10	bounder	\N	billy	m	\N	\N	\N	\N	\N	\N	\N	f	f	\N	\N	f	f	\N	f	\N	f	\N	\N	\N	f	\N	\N	\N	\N	\N	9898989898	f	f	\N	\N	f	\N	2018-10-08	05:25:39	synapUser:001	patient:636avav	\N	organization:001	[]	135b010ef8f801896de83ca8e6910c4850a81474f4c3ed47819e57bfca5c83bf329136aecc71170b8a2b42367c17614d06e3ce3f880317ce801f854cfc94ddac	\N	f	\N	t
\N	\N	\N	metaLanguage:afr	\N	metaGender:male		metaEthnicity:declinedToProvide	\N	1988-06-10	bounder	\N	silly	m	\N	\N	\N	\N	\N	\N	\N	f	f	\N	\N	t	f	\N	f	\N	f	\N	\N	\N	f	\N	\N	\N	\N	\N	8898988988	f	f	\N	\N	f	\N	2018-10-08	05:37:38	synapUser:001	patient:cjrnnwu	\N	organization:001	[]	a406fd737a75e7548e3521a0346d0957e689347d0e05adfa7c72308186798798aa1633920ab18dd019a92fa755b63918173dffc0f0389f332a3aaf936323d55e	\N	f	\N	t
\N	\N	metaMaritalStatus:domesticPartner	metaLanguage:aar	metaHousingStatus:livesWithRoomMates	metaGender:male		metaEthnicity:declinedToProvide	\N	1988-10-06	simar	\N	jauhar	updated	\N	\N	\N	878887877	\N	\N	\N	f	f	\N	\N	f	f	\N	f	\N	f	\N	\N	\N	f	\N	patient:636avav	\N	8989898898	\N	8989888988	f	f	2018-11-02	2018-11-08	f	metaIncomeLevel:003	2018-11-05	06:18:36	synapUser:001	patient:cg4wvr4	\N	organization:001	[]	6a55d5f212972fe9ca8d5da5fa5b22d590739ccd1d9f1e7122034fb8aa23a28cde0cf078bd9630ef551e9580b81533acb351dc74bed5c35768222dbc42fdba7c	\N	f	from my friend billy bounder	t
\N	\N	\N	metaLanguage:bam	\N	metaGender:male	test@mailinator.com	metaEthnicity:notHispanicOrLatino	\N	1979-01-01	sanitymonday	\N	sanitymonday	\N	\N	\N	\N	\N	\N	\N	\N	f	f	\N	\N	f	f	\N	f	\N	f	\N	\N	\N	f	\N	patient:at2n2hm	\N	\N	\N	9585757577	f	f	\N	\N	f	\N	2018-11-05	06:56:09	synapUser:001	patient:ybd86v7	\N	organization:001	[]	ef751620321ad6a493c56f311a98505b06e3d260838dd931887dff01f40797e5c8d92ec6d60b746416ad3526b94c50a5ce3d383c58aa123480bb5ee494c7d4f1	\N	f	dummy text	f
\N	\N	\N	metaLanguage:eng	\N	metaGender:female	\N	metaEthnicity:notHispanicOrLatino	\N	1931-05-27	Delores	\N	Clark	\N	\N	\N	\N	\N	\N	\N	\N	f	f	\N	\N	f	f	\N	f	\N	f	\N	\N	\N	f	\N	\N	\N	\N	\N	4105424333	f	f	2018-07-26	\N	f	\N	2018-11-05	07:36:11	synapUser:001	patient:npmchj7	\N	organization:001	[]	0bca583732c8680295a28a87b454dc26ac45280beb0a1ce61301f06c9f1acc59f148ad6bede4d869b01fcafd6fcfdade8495b133860a5df83468268b159deec4	\N	f	\N	f
\N	\N	\N	metaLanguage:eng	\N	metaGender:female	\N	metaEthnicity:notHispanicOrLatino	\N	1931-05-27	Delores	\N	Clark	\N	\N	\N	\N	\N	\N	\N	\N	f	f	\N	\N	f	f	\N	f	\N	f	\N	\N	\N	f	\N	\N	\N	\N	\N	4105424333	f	t	2018-07-26	\N	f	\N	2018-11-05	07:36:58	synapUser:001	patient:zt4bvpx	\N	organization:001	[]	943dcecd93d1f11d67f1776879a5a3c79e2ca1f0a29d2c902c41dd14f6e9cbb0d8eac1a28bb88a0063505ef5609072bc8a946fb61b2a7c0d62d5fad13ba226e0	\N	f	\N	f
\.


--
-- Data for Name: patient_address; Type: TABLE DATA; Schema: public; Owner: aperiosf
--

COPY public.patient_address (zip, state, country, city, address_type, address1, address2, is_primary, notes, county, created_on_date, created_on_time, created_by, patient_id, id, tags, organization_id, custom_property, checksum, object_path, is_deleted) FROM stdin;
11111	metaState:MD	metaCountry:US	baltimore	metaAddressType:home	1234 anywhere rd	\N	t	\N	\N	2018-09-12	12:39:52	synapUser:nxt2dkb	patient:ejaddu6	patientAddress:v6gm2bw	\N	organization:001	[]	f170e736533ab3d79891989f031ebeef10107f36a81007b4a01953dc0b6e263d68e28bace5089d83ede56ad35e59904d7effb93777182e37c39967e2c282af7d	patient__ejaddu6	f
909090909	metaState:AR	metaCountry:US	mohali	metaAddressType:home	C003	\N	t	\N	\N	2018-09-27	05:48:46	synapUser:001	patient:pc2jvfz	patientAddress:a2rmtfj	\N	organization:001	[]	afb99f206c11c1e4cae15ff47e2bb810a407ef1155ffc8312f0c0d5fee8fed5d3988b10265de482819923713f294bb23dca9e86a2ec95b5665179d4fdb8e89e3	patient__pc2jvfz	f
21211	metaState:MD	metaCountry:US	Baltimore	metaAddressType:home	700 w. 40th treet	\N	t	\N	\N	2018-09-12	21:14:28	synapUser:001	patient:jthy3kb	patientAddress:ahbyeeu	\N	organization:001	[]	0df93bd9e6857856c7e16c40a8f90835baca593a1016442a0fda13c0801d0ee470a21e57bc6a74200b279c4a6812c2d3725c9d0db3024030ac8326d6957c9344	patient__jthy3kb	f
21121	metaState:MD	metaCountry:US	bummer place	metaAddressType:home	1111222222333333 Nowhere Road	\N	t	\N	\N	2018-09-12	21:19:46	synapUser:001	patient:wvgundh	patientAddress:z4crvne	\N	organization:001	[]	9d0bda8f512a728a4fdc579e0eeff32f264cf1e3d63f015b71027c8b7aa06eb868eccda6ba81725a4f401fe1878306ac94194d4414895ad430f51c81a0dbcdd2	patient__wvgundh	f
21211	metaState:MD	metaCountry:US	Baltimore	metaAddressType:home	Beatlejuice Way	\N	t	\N	\N	2018-09-12	21:52:29	synapUser:001	patient:hm328jc	patientAddress:78handm	\N	organization:001	[]	cdb834874bd2a35043d18ec3d0f3d486ea1e0af5c1e5f7cbf796abe5747400689e2737a5a14545f4ddefb9873b5546e5cf02508c7389c95e35f435a875ee0a69	patient__hm328jc	f
989898898	metaState:AK	metaCountry:US	mohali	metaAddressType:home	mohali	\N	t	\N	\N	2018-09-20	13:21:48	synapUser:001	patient:upfetgc	patientAddress:x28jvy7	\N	organization:001	[]	322dd74b756b9cfdfd7cb94f4e42c3f7d645b392dcefb51ebc319ca423c6b0cb64ffd2eab819f4fde61b0f7ea34f440acd700b2e529a1cce010ddd20dcf2d4ab	patient__upfetgc	f
21797	metaState:MD	metaCountry:US	Johannesburg	metaAddressType:home	121 Go Home circle	\N	t	\N	\N	2018-09-13	15:11:10	synapUser:nt4fnz2	patient:k887f4a	patientAddress:4x34t7m	\N	organization:001	[]	7690066928c28a567558aaf27f80d8ba997540d0a567387739957c81c1aef760dc333294de8a56034d57dd17da0946695161082b6b0c1ae4bdfbb107614342ee	patient__k887f4a	f
222222	metaState:MD	metaCountry:US	baltimore	metaAddressType:home	75 a Place	\N	t	\N	\N	2018-09-13	16:32:06	synapUser:6pzweac	patient:jwmtjwv	patientAddress:ck8kwev	\N	organization:001	[]	889d82732de2713eb1b71ef40b6a0d665a973f5a4b510f4050cb4ca3893c45912de776a1cc9b318a50404a836d7226ab5e0f062b8a0e66bc113203758263bf59	patient__jwmtjwv	f
21111	metaState:MD	metaCountry:US	City	metaAddressType:primaryHome	Atrium Villas	\N	t	\N	\N	2018-09-12	17:39:08	synapUser:001	patient:6wyrptn	patientAddress:7uk42ze	\N	organization:001	[]	51247d16c595d46f33e32e08d8ef7fde95ebdcd426965b9887a6a09eb1d122d548b74601cb68018de2ce6b47dcfb9612aa85fabcb04ffad89e6c2800d2ac717a	patient__6wyrptn	f
21218	metaState:MD	metaCountry:US	Baltimore	metaAddressType:primaryHome	1 chocolate Place	\N	t	\N	\N	2018-09-13	18:50:54	synapUser:yc3a7ba	patient:mjhtunm	patientAddress:cnp4ck7	\N	organization:001	[]	17129ab2bf6c927767af3754654365b493928ad0153a8ee0b5742a63b8872348c9b1aed2e513c106507581c3996aacb96d9b8a7617af03e5d424e0d232fd1ac3	patient__mjhtunm	f
27401	metaState:NC	metaCountry:US	Greensboro	metaAddressType:primaryHome	999 Pine St.Queens	\N	t	\N	\N	2018-09-20	11:51:40	synapUser:001	patient:7d6ckym	patientAddress:rzft2fz	\N	organization:001	[]	73361cad9df8a1c6c75f2da00ad542526ff34f364908c6a6ac05437d36ac5b71a881308d8918b7709cd0992f57b9d41a6c7a4e471259e68e3f2ef0d6d30e202e	patient__7d6ckym	f
32256	metaState:FL	metaCountry:US	Jacksonville	metaAddressType:home	employer address1	employer address2	t	\N	\N	2018-09-20	11:53:48	synapUser:001	patient:ut8ex8t	patientAddress:uyvgh26	\N	organization:001	[]	de6028b07cd30fd99377a78c597a0f0bbe482666051a14a56dff3ea85e8ce67d8c9927b94329d451ca8d9ef7b7c9c22fd81cf8f72d268b10520cbde90794f20a	patient__ut8ex8t	f
111111111	metaState:LA	metaCountry:US	sanitythursdaynew	metaAddressType:home	sanitythursdaynew	\N	t	\N	\N	2018-09-20	12:03:32	synapUser:001	patient:at2n2hm	patientAddress:3bbca6f	\N	organization:001	[]	50992986ccf14cfab9a5d7549b7015e1082eaaea35d5a59b1cca6d1a1f71cf305c8a3f3accfbde2f76c048e6c2e89b21d8f43e4b1781e1f2cd7de5306e8a0488	patient__at2n2hm	f
111111111	metaState:AK	metaCountry:US	mohali	metaAddressType:home	mohali	\N	f	\N	\N	2018-09-20	13:22:35	synapUser:001	patient:upfetgc	patientAddress:tdcj8wm	\N	organization:001	[]	9414ee6e6ba3b8ecbb1bf0131923bfb42a1fef954c23b984e9428b1ba3b15e635508edb00820d860ae512ddde07df60d232a816b36cf9a1d443d3b55f584d129	patient__upfetgc	f
34563	metaState:FL	metaCountry:US	Florida city	metaAddressType:home	Linkin Road	\N	t	\N	\N	2018-09-12	08:28:50	synapUser:001	patient:e7g726n	patientAddress:jba86p4	\N	organization:001	[]	225bf5cb13113853dcfa212478c37714564db618c763b417cd8fa9478a513c5b3b25457941e6c2775ee3dd0664a6b735e854967d8195960194102bf9504994a5	patient__e7g726n	f
21201	metaState:MD	metaCountry:US	Baltimore 	metaAddressType:home	14 Oakland Dr	\N	t	\N	\N	2018-10-01	15:37:51	synapUser:001	patient:4yxpan7	patientAddress:mm444bh	\N	organization:001	[]	e880d90e44bb977db839017586446f71f3d6d7542bfbbe59150cf92aa4145fe81c00d98710f414eac6b65ca3dad4d21506e25ae3ba0abd64328cb2b3981038a8	patient__4yxpan7	f
21201	metaState:MD	metaCountry:US	Baltimore 	metaAddressType:home	376 Maplewood Av	\N	t	\N	\N	2018-10-01	15:59:41	synapUser:001	patient:y26krb6	patientAddress:8kwwdnk	\N	organization:001	[]	b275efea34aef9fcd35e3abfeb208794d63182324aa3e9392867518095c518222abf37289fce36e308f8749dbf9c7868123ecafc41a9a91f7145d03ef4683933	patient__y26krb6	f
909090990	metaState:AL	metaCountry:US	mohali	metaAddressType:home	c003	\N	t	\N	\N	2018-10-08	05:37:38	synapUser:001	patient:cjrnnwu	patientAddress:r3fa7dz	\N	organization:001	[]	6269414a70eabc9caca7278b779dc65db2cfae29293f9798ab5d2aefac2223629a9560e4efa7d5edcc507c31bb45e86b32315982b4c5b925c8206e2ac699bccc	patient__cjrnnwu	f
909090090	metaState:AL	metaCountry:US	mohali	metaAddressType:home	c003	\N	t	\N	\N	2018-10-08	05:25:39	synapUser:001	patient:636avav	patientAddress:p4h6xek	\N	organization:001	[]	0ff783e23fdcf53567efbd2f00484f8e2fadbe9ca728f6f16255f3856cd999defeea62c9e96e0623a3fe3e24d3cd332dbca58a5eb18c68c3a8ff4579d6b8b1ee	patient__636avav	f
090909090	metaState:AL	metaCountry:US	Mohali	metaAddressType:home	C003	\N	t	\N	\N	2018-11-05	06:18:36	synapUser:001	patient:cg4wvr4	patientAddress:xntnwxv	\N	organization:001	[]	fdcbcd694c7f22b87bee1fa1e848e0e300b35b9f3b112b9a2fd0aca11a44e8f7f5f3ebd11a102bdea82b3abb29dbc6b82f42723f8771152ce86b64f6ef3741c2	patient__cg4wvr4	f
887878787	metaState:AL	metaCountry:US	Mohali	metaAddressType:home	C003	\N	f	\N	\N	2018-11-05	06:18:36	synapUser:001	patient:cg4wvr4	patientAddress:bk6f4r2	\N	organization:001	[]	d620972110898aae26fbbfe7c866a54b37057db7cb7d7484464c7a8f8f8a4ffb6a66248be3ef488a046efdf78eb660e574f6bb63f7e37e6d39a7a816388fb970	patient__cg4wvr4	f
111111111	metaState:LA	metaCountry:US	sanitymonday	metaAddressType:home	Linkin Road	\N	t	\N	\N	2018-11-05	06:56:09	synapUser:001	patient:ybd86v7	patientAddress:ytxb68r	\N	organization:001	[]	0fc1b91d84e8ceed0e96a13f0abeb75868c33e2d00e94b38574fa7ef890458d924f020b8fa8d64150f009b03794ad1332e39412fa606d8606054232d5b6e8e2a	patient__ybd86v7	f
21215	metaState:MD	metaCountry:US	Baltimore	metaAddressType:primaryHome	2837 Boarman Avenue	\N	t	\N	\N	2018-11-05	07:36:11	synapUser:001	patient:npmchj7	patientAddress:ftpvp26	\N	organization:001	[]	c7569818b7cbeb4dd04583ea337dce1b99522e057088cfaa1dcd342410274f2e04b27fa3a370a20b97b0c9ac954e34d9a7e363e0fccb5cfa44031247ca10879b	patient__npmchj7	f
21215	metaState:MD	metaCountry:US	Baltimore	metaAddressType:primaryHome	2837 Boarman Avenue	\N	t	\N	\N	2018-11-05	07:36:58	synapUser:001	patient:zt4bvpx	patientAddress:pcdx6dc	\N	organization:001	[]	b523811f4489d7eb7db554b0b0b94c989a50ff92fcaa26e6ae4c104f9a997cd696993eb5be9288d9b66b9205847c83f623da7999b75eaa94d907b76dc528dd70	patient__zt4bvpx	f
\.


--
-- Data for Name: patient_admission; Type: TABLE DATA; Schema: public; Owner: aperiosf
--

COPY public.patient_admission (admission_date, discharge_date, facility, info_source, created_on_date, created_on_time, created_by, patient_id, id, tags, organization_id, custom_property, checksum, object_path, is_deleted) FROM stdin;
2018-08-01	2018-08-07	ICU	Client	2018-09-12	10:36:32	synapUser:001	patient:e7g726n	patientAdmission:gdkuegd	\N	organization:001	[]	672d798662d85d6d5be487ffe2f9beea316916edf476b9930785e8c44605e6b18def4617e86ffde4f50d8cbd083c268bf50fda58d9d1a4d84491e610a6863241	patient__e7g726n	f
2018-07-26	\N	Keswick Multi-Care Center	Keswick Multi-Care Center	2018-09-12	17:39:08	synapUser:001	patient:6wyrptn	patientAdmission:v6yp8b7	\N	organization:001	[]	7e114d223eb2f6ebd61cc7380bb0bf21bd1c83c113193f3292834acaa7eac136e42f15602a2cc9438fc656f73f8da2bc4f6ad09216822aba55e7c5ea5986861a	patient__6wyrptn	f
2018-07-26	\N	Keswick Multi-Care Center	Keswick Multi-Care Center	2018-09-12	17:39:19	synapUser:001	patient:6wyrptn	patientAdmission:v7y7vwv	\N	organization:001	[]	4793736ed2b43cbec020de01d6d4d21c71585113837a6b3933d7f753f3031d1a7961ebe2f971ec6f0076899ae235588aafaf825dc5593254a253952eb946fee0	patient__6wyrptn	f
2018-09-13	2018-09-13	Union Memorial	CRISP ER Discharge plan	2018-09-13	03:55:39	synapUser:001	patient:hm328jc	patientAdmission:6z4kkf2	\N	organization:001	[]	36a0db84dfbcb8a4c6c0c59145cde54c6ded1b2dda0a86afb3fbe3b3f16611c474a0d20b94615dab77279b947306643efef626b04548ce29776afdf946045da0	patient__hm328jc	f
2018-07-26	\N	Keswick Multi-Care Center	Keswick Multi-Care Center	2018-09-13	17:59:56	synapUser:001	patient:6wyrptn	patientAdmission:y8yfngc	\N	organization:001	[]	0d3c12e114000206898d9e57b599a0ae77c730025dafdf796e646afe20da24e58183e83061a285c1ecffff13025fecd99c19333bb8a211f3b254019cc4a20ac6	patient__6wyrptn	f
2018-09-13	\N	Keswick Multi-Care Center	Keswick Multi-Care Center	2018-09-13	18:50:54	synapUser:yc3a7ba	patient:mjhtunm	patientAdmission:hzdj6mx	\N	organization:001	[]	8dd743dd5a9c37c7fcfff6b8d98ef4e4aa4d2784bde430a754bca80ad8e0bfe2ebdcb97672ad4fb040bbce89629d49d0430d25a607c7425ff8511a6269df74e1	patient__mjhtunm	f
2018-07-26	\N	Keswick Multi-Care Center	Keswick Multi-Care Center	2018-09-20	11:51:40	synapUser:001	patient:7d6ckym	patientAdmission:efdgw2z	\N	organization:001	[]	b06994494e43151dd9b01c991e9239d904f1d1607a69e345ac859e3673e8949e2a270ca55001aef4bf65b4c244de4ee92809bcc8c44e9fd1157c19447ac19278	patient__7d6ckym	f
2018-09-12	2018-09-26	ICU	Police	2018-09-20	12:07:21	synapUser:001	patient:at2n2hm	patientAdmission:y2bxt4y	\N	organization:001	[]	d98fb26269a902a5918ea18716daace85a2430771907692a50cf0e82afa5361e0ef6b0ed786a67e38337d32945f5a1817263e4762002fffa0dae74fa4acc2e29	patient__at2n2hm	f
2018-08-26	2018-08-27	ICU	Police	2018-09-20	12:07:31	synapUser:001	patient:at2n2hm	patientAdmission:vzeaf2j	\N	organization:001	[]	f7efcf96eae8720dff9c463110c0345552ed434abac6ad4af828ea2e255f610edfe61f61c9a2e95cd5e428b6b0270461dbd8ff0ef4f6ccdc2c90f2736a9d29db	patient__at2n2hm	f
2018-09-20	\N	KMC	KMC	2018-09-21	18:49:16	synapUser:001	patient:wvgundh	patientAdmission:2r73twb	\N	organization:001	[]	165239b6b24b41e5f0578a751e8250a9b47dcf59fb007b4f4b0b82c4bd42bb08e881b9dfe96e26e5673043777a9368a98985a9c8d8cc4dc58279de933d67af7a	patient__wvgundh	f
2018-09-26	\N	kch	sourcefuse	2018-09-27	05:53:32	synapUser:001	patient:pc2jvfz	patientAdmission:kwnbbnu	\N	organization:001	[]	40fdad2ab92e6c636d1398fb05ab266445561b0670774d0b8d9d6033e14a4456f3b39aa041abeccc2107631090e6a1cdb132184804776d710b386c9af2cd7475	patient__pc2jvfz	f
2018-11-02	2018-11-08	kch	sourcefuse	2018-11-05	06:23:03	synapUser:001	patient:cg4wvr4	patientAdmission:k7htheb	\N	organization:001	[]	c9b9743dd82dba26ccc4448488b645d9f6abae5e4df7055c9ed94e03abc5d8fef79204fc38ac30bd7d41eb96d6c11a256ce2a00f6bd86e23e66b051f19aa2adb	patient__cg4wvr4	f
2018-07-26	\N	Keswick Multi-Care Center	Keswick Multi-Care Center	2018-11-05	07:36:11	synapUser:001	patient:npmchj7	patientAdmission:fwxdprx	\N	organization:001	[]	124883da38c1c26074f6f12fa279ed55eb4767d61512b9cf8f2dba951edde74206deba0faeb768a394863fd02d1bbd7a3a7986dc43c003c5852d1ce48f727903	patient__npmchj7	f
2018-07-26	\N	Keswick Multi-Care Center	Keswick Multi-Care Center	2018-11-05	07:36:58	synapUser:001	patient:zt4bvpx	patientAdmission:rzpg6nu	\N	organization:001	[]	e5f2887b244d8e04110f1c7ddf85eae52fda2fbc2a98adc6aa4220cef5627a4f93caf6cd485e71f062f9f31e575eba3c2b784dc32050895c571e0ec4f213034a	patient__zt4bvpx	f
\.


--
-- Data for Name: patient_allergy; Type: TABLE DATA; Schema: public; Owner: aperiosf
--

COPY public.patient_allergy (name, reaction, on_set_date, resolution_date, status, created_on_date, created_on_time, created_by, patient_id, id, tags, organization_id, custom_property, checksum, object_path, is_deleted) FROM stdin;
PCN	HIVES	1975-12-31	\N	metaDefaultStatus:active	2018-09-13	15:12:28	synapUser:nt4fnz2	patient:k887f4a	patientAllergy:wj2eenh	\N	organization:001	[]	04eaac5b4089676d4d527a7f8c7c9842b21a5e4d146508ecab2b6cde9197c8b092034c6fc69847cc416222022096d361632a818ca0b8c1b16264912ba79803e9	patient__k887f4a	f
Amoxicillin	\N	2018-07-24	\N	metaDefaultStatus:active	2018-09-12	17:39:08	synapUser:001	patient:6wyrptn	patientAllergy:ruv3k7k	\N	organization:001	[]	d73a9331e9d2c37ad3fdf3144f200ef52b4123392ff0cf47cb0fe8c9abf959bd7705ac51874f6cd41ed648b2715e7d77b53bff742d03a407ecda42b29d7eb3e9	patient__6wyrptn	f
Bees	\N	2018-07-25	\N	metaDefaultStatus:active	2018-09-20	11:51:40	synapUser:001	patient:7d6ckym	patientAllergy:k33bryf	\N	organization:001	[]	d24a06b2b8e2ca404a9a9d7ab6b0f837886509a5c7871f868653d051451c9282a4a090d05a97c58b1a36bba16b5e79e0f1e165af0e53c61509a856f2216b79a7	patient__7d6ckym	f
Pollen	\N	2018-07-25	\N	metaDefaultStatus:active	2018-09-20	11:51:40	synapUser:001	patient:7d6ckym	patientAllergy:dftrxnn	\N	organization:001	[]	eb4f1d1aa050581f6caec393ee3d874790e6ad50d46e888d6248b53cbdd1b14b5f90d740e21aa29394e17ea9d0133122e2e8623c72cbeebc2c1162febf706185	patient__7d6ckym	f
Citrizine	Skin itching	2018-08-26	2018-09-23	metaDefaultStatus:active	2018-09-20	12:06:32	synapUser:001	patient:at2n2hm	patientAllergy:r384m4n	\N	organization:001	[]	6480039795714c32ccc06deffce74f467b8ac8c4586e5fd19ce97e809631d8f25f5307ed46db3689269d143282cf908e12abdf3ccf36b74406c7045787f8a43e	patient__at2n2hm	f
dust	sneezing	2018-09-20	\N	metaDefaultStatus:active	2018-09-20	13:23:25	synapUser:001	patient:upfetgc	patientAllergy:7nwb87z	\N	organization:001	[]	222201cd5bb98f8b00bc08329d9592b255c1a9f75e8d826422e6dac06f051bb31b3759dedd6b077499c6539cff444efd5ac3f0af6c8dd331eb0e68c9d02c83a4	patient__upfetgc	f
dust	sneezing	2018-09-18	\N	metaDefaultStatus:active	2018-09-27	05:51:58	synapUser:001	patient:pc2jvfz	patientAllergy:2c8zaxv	\N	organization:001	[]	d960b96678b45dcaa2be8ddc7bca8eda4a1ad26faed8a4cc7cde15de9dbaf4616501d224fecd7c418e4f0ce0b97286fab0c6e1765eb2cb33981780e14f0c8171	patient__pc2jvfz	f
Latex	Hives	2018-09-04	2018-09-06	metaDefaultStatus:inactive	2018-10-01	15:38:42	synapUser:001	patient:4yxpan7	patientAllergy:7j3ghcu	\N	organization:001	[]	11402afbae7c22f4a6d7b2ff74be121871eaef009e646fc4adaf906ca80de71b6c44ae3fe774f072747182c95eff1e0f3bb24a842f522549b8f19ee48eadf3dc	patient__4yxpan7	f
Milk	Hives	2018-09-23	\N	metaDefaultStatus:active	2018-10-01	15:39:10	synapUser:001	patient:4yxpan7	patientAllergy:etppknw	\N	organization:001	[]	2654466941b1fbd221512a5f00444587688ef5dbd0fa81bfbd5ddc04da7668f1248b5b72433f438442ebe2874486ec9270d244fda4cbf492eabc5683cd8c724b	patient__4yxpan7	f
dust	sneezing	2018-11-04	\N	metaDefaultStatus:active	2018-11-05	06:22:13	synapUser:001	patient:cg4wvr4	patientAllergy:vk4ujv8	\N	organization:001	[]	0ee19f119695d867b476c360fe331b38e64a02ab17827d7e5856fd0e516cd169fe5bcb31490b35f47ed7c796461ab53ff1c3ae18b2f57ee5908153060c7e5501	patient__cg4wvr4	f
\.


--
-- Data for Name: patient_contact; Type: TABLE DATA; Schema: public; Owner: aperiosf
--

COPY public.patient_contact (image, contact_type, other_contact_type, first_name, last_name, middle_name, relationship, email, roi, roi_expires, synap_user_id, last_login, is_guardian, lives_with_patient, is_primary, is_emergency_contact, guardian_timeframe_start_date, guardian_timeframe_end_date, guardian_timeframe_days, guardian_timeframe_time, is_authorized, create_new_synap_user, npi, secondary_phone, tertiary_phone, primary_phone, created_on_date, created_on_time, created_by, patient_id, id, tags, organization_id, custom_property, checksum, object_path, is_deleted) FROM stdin;
\N	metaContactType:other	\N	Joe	smo	\N	metaFamilyRelationship:Unknown	\N	f	\N	\N	\N	f	f	t	t	\N	\N	\N	\N	f	f	\N	\N	\N	2214561234	2018-09-12	21:19:46	synapUser:001	patient:wvgundh	patientContact:7fpwxzr	\N	organization:001	[]	504a9a262d90217bb74256814c12ba5566973fd3ff6d811228bce6aad4039314c1d33d376deef7086b50fc0984cb70b926b18f3a0a8180e21328d2eeb2ef5e5b	patient__wvgundh	f
\N	metaContactType:other	\N	sourav	bhargaav	\N	metaFamilyRelationship:OtherRelationship	sourav.bhargava@sourcefuse.com	f	\N	\N	\N	f	f	t	t	\N	\N	\N	\N	f	f	\N	\N	\N	9090909099	2018-09-27	05:48:46	synapUser:001	patient:pc2jvfz	patientContact:4zgwmhw	\N	organization:001	[]	f983a12e72121c1fc9ea065033d39d4ba8cc67b666b04fde710f248187d1f9510061a84e980c3701e5aad9c0c9a3fa21d1c059229ebbd7235f9593ab31d59795	patient__pc2jvfz	f
\N	metaContactType:other	\N	Mom	Dad	\N	metaFamilyRelationship:Father	momandad@gmail.com	f	\N	\N	\N	f	f	t	t	\N	\N	\N	\N	f	f	\N	\N	\N	4102340987	2018-10-01	15:37:51	synapUser:001	patient:4yxpan7	patientContact:82hvnbf	\N	organization:001	[]	aa50ee8ebe75488ecbbf35fa01bdfbe9ae902936c07c07ce5b3a949714e67f8ef717c09b71b412ab166e125166a8761616490728fa761c162ed4d66485af1778	patient__4yxpan7	f
\N	metaContactType:other	\N	Sabrina 	Sabido	\N	metaFamilyRelationship:Child	\N	f	\N	\N	\N	f	f	t	t	\N	\N	\N	\N	f	f	\N	\N	\N	4107956289	2018-10-01	15:59:41	synapUser:001	patient:y26krb6	patientContact:buhpdmj	\N	organization:001	[]	928b549a7c4c3a231b8e416801149f439aaf205b14274625238422bdaac5341f81e495b6b2c587ac04aed0a8bbb95a4c6e2efbecd918f14dfc3f6cfe80615eec	patient__y26krb6	f
\N	metaContactType:other	\N	prerna	gupta	\N	metaFamilyRelationship:Employee	\N	f	\N	\N	\N	f	f	t	t	\N	\N	\N	\N	f	f	\N	\N	\N	7878787878	2018-10-08	05:37:38	synapUser:001	patient:cjrnnwu	patientContact:h6kk6yh	\N	organization:001	[]	b6e3e9bed88f7f71405b47a0d2027ae12a17cf3880ffed63e01928a54706ff60c74379dd249c9e9f0a46db2b4b4ab8040dc2c4bd239ce30b06fd01ea80a88954	patient__cjrnnwu	f
\N	metaContactType:other	\N	sourav	bharagava	\N	\N	\N	f	\N	\N	\N	f	f	f	t	\N	\N	\N	\N	f	f	\N	\N	\N	8989889888	2018-10-08	05:38:24	synapUser:001	patient:cjrnnwu	patientContact:62d6cdb	\N	organization:001	[]	1a59a7eaf2e8760d896451e852b9bf0530d9229d3313afc3db5964a412326410226dae20284c4c0ee788a03d55aa929e5a8fccd59326aa76d282c4863c864587	patient__cjrnnwu	f
\N	metaContactType:other	\N	sourav	bhargava	\N	metaFamilyRelationship:Employee	\N	f	\N	\N	\N	f	f	t	t	\N	\N	\N	\N	f	f	\N	\N	\N	8989898989	2018-10-08	05:25:39	synapUser:001	patient:636avav	patientContact:m3rnd42	\N	organization:001	[]	54fe933ddf755043cae318c91a65435374392e94228bc0e1ab71e1780bc833c41c2f46b720a4c5af69656bb504674bc143698f79719bec37e54ee31993d35e5c	patient__636avav	f
\N	metaContactType:other	\N	prerna	gupta	\N	metaFamilyRelationship:Employee	\N	f	\N	\N	\N	f	f	f	t	\N	\N	\N	\N	f	f	\N	\N	\N	8989898898	2018-10-08	05:25:39	synapUser:001	patient:636avav	patientContact:vjey74n	\N	organization:001	[]	ab62003c1498c3dad011cf7ddc5b236c42084965fc410f2293108258235d3b85c21cb53bd805cff6b2d8e35ed57e066d5034168df21902eca08a836a078db672	patient__636avav	f
\N	metaContactType:other	\N	gupta	prerna	\N	metaFamilyRelationship:Employee	prerna.gupta@sourcefuse.com	f	\N	\N	\N	f	f	t	t	\N	\N	\N	\N	f	f	\N	\N	\N	7676767667	2018-11-05	06:18:36	synapUser:001	patient:cg4wvr4	patientContact:adt23yr	\N	organization:001	[]	d97c152f5ee0207ba7bf80eb84242cdd73770ea2b6901b7f5b669c1616a23a7a61652280ec737856a861e3a673e67688c209e1e441174398acc98250423d7c78	patient__cg4wvr4	f
\N	metaContactType:other	\N	seth	sourabh	\N	metaFamilyRelationship:Employee	sourabh.seth@sourcefuse.com	f	\N	\N	\N	f	f	f	t	\N	\N	\N	\N	f	f	\N	\N	\N	7677676767	2018-11-05	06:18:36	synapUser:001	patient:cg4wvr4	patientContact:rur6dp6	\N	organization:001	[]	3888d9387835eb241d92c9b2ffb777067daf41b545f3bc9f45b6467e35d6fce688ebf536c3b292d5055857faaef084f120ca36693d6b6a302ebd5088f3353fc4	patient__cg4wvr4	f
\.


--
-- Data for Name: patient_contact_address; Type: TABLE DATA; Schema: public; Owner: aperiosf
--

COPY public.patient_contact_address (address1, address2, address_type, city, state, zip, country, created_on_date, created_on_time, created_by, patient_contact_id, id, tags, organization_id, custom_property, checksum, object_path, is_deleted) FROM stdin;
\N	\N	metaAddressType:home	\N	\N	\N	\N	2018-09-12	21:19:46	synapUser:001	patientContact:7fpwxzr	patientContactAddress:4dd8xf2	\N	organization:001	[]	38fa4ecb111f9bb6381bbf421b3d5b32cbbcc0b2da5a9edee62b8d87213d7eff1e762ca8f3de804b67fd9d9cbf95a5d43b16f17d9eb1acef9c515ca04ad81977	patient__wvgundh.patientContact__7fpwxzr	f
sector 125	\N	metaAddressType:home	mohali	metaState:AL	090990909	\N	2018-09-27	05:48:47	synapUser:001	patientContact:4zgwmhw	patientContactAddress:vu2x2jh	\N	organization:001	[]	4c21093ac517cde46e628a1a0c4bb475d2c52ab3d1d722d2a4bb95e2ecb94483b3c6f9d361c592f2c3a66283dc1bae58e7fb664f9690757f135325d967a5b563	patient__pc2jvfz.patientContact__4zgwmhw	f
\N	\N	metaAddressType:home	\N	\N	\N	\N	2018-10-01	15:37:51	synapUser:001	patientContact:82hvnbf	patientContactAddress:ae7wbvd	\N	organization:001	[]	4e64e4374a8171bf093ce397baaf0d3eb539a0b3f16e3724d9805e0ee44e00e7922b3b404b1437e89ba24ada70454649eafd87dc423f206f48ee09197d36a1b2	patient__4yxpan7.patientContact__82hvnbf	f
\N	\N	metaAddressType:home	\N	\N	\N	\N	2018-10-01	15:59:41	synapUser:001	patientContact:buhpdmj	patientContactAddress:mj4muxh	\N	organization:001	[]	3c92854a491ad5eb4aa24fc08a118a920daffa95a8ebd04d639117af2276525f0813f3d2d6397932d37af5385501938c45182b035496ef48bf794ad75aad2024	patient__y26krb6.patientContact__buhpdmj	f
c003	\N	metaAddressType:home	mohali	metaState:AK	787887878	\N	2018-10-08	05:37:38	synapUser:001	patientContact:h6kk6yh	patientContactAddress:fj3ebxa	\N	organization:001	[]	d8168e69bcec0302a8f71b661ba20a1c48ad5a25a4da843b792272dd52d25fbb4723134195bf7b7bd14196cc40ebbeb693ddbbece8b9afee7789e24b54c59640	patient__cjrnnwu.patientContact__h6kk6yh	f
\N	\N	metaAddressType:home	\N	\N	\N	\N	2018-10-08	05:38:24	synapUser:001	patientContact:62d6cdb	patientContactAddress:wnbu4at	\N	organization:001	[]	793dc97bbfde39d7aedb4a8a05d14b73bccfbe7b4210e07553ebb18dbe127313e0dcf66e2a1e14caf3a4dc977b965dbf3287b9e7d2bc5f646ec2dec684d02ed3	patient__cjrnnwu.patientContact__62d6cdb	f
c003	\N	metaAddressType:home	mohali	metaState:AR	898989898	\N	2018-10-08	05:25:39	synapUser:001	patientContact:m3rnd42	patientContactAddress:ydnzmu2	\N	organization:001	[]	ea60ac3aa336f1038c7361346e2a36bfb48117339e27cc1e03873bfa059dcaa05be9c36f225f747ca972291aaef648551ed4d53ef6c85d33afd46d6ea285fc92	patient__636avav.patientContact__m3rnd42	f
c003	mohali	metaAddressType:home	mohali	metaState:AL	898989898	\N	2018-10-08	05:25:39	synapUser:001	patientContact:vjey74n	patientContactAddress:7ctvdwm	\N	organization:001	[]	bb070cd6568d6ec2bba3e2ba6e8d2863625dba0b6e283f0b83cd93126cf150c6db70994ec206645d7c8200fce8fc7fbe01b7f7ddd642a75e9162f6a6952405e8	patient__636avav.patientContact__vjey74n	f
C003	\N	metaAddressType:home	Mohali	metaState:AR	676766676	\N	2018-11-05	06:18:36	synapUser:001	patientContact:adt23yr	patientContactAddress:2yknn4b	\N	organization:001	[]	7ae23085fe3ca6d30b937f432d9491b6f1a21beced8738ed15793fb69da5e8eddee3169dc1fc2d829b1632746908d2e6731e8035c030d9f7570fed6536bdb394	patient__cg4wvr4.patientContact__adt23yr	f
C003	\N	metaAddressType:home	Mohali	metaState:CA	676767666	\N	2018-11-05	06:18:36	synapUser:001	patientContact:rur6dp6	patientContactAddress:pggbvxt	\N	organization:001	[]	74bd65c1909eb7727c35ac8202264c9b8425989566c911966afbc91b756e641b15640cc8cf4cf2b293ba2c909121a33463e3b689a1b07d43cc2eb112ef1a9a05	patient__cg4wvr4.patientContact__rur6dp6	f
\.


--
-- Data for Name: patient_diagnosis; Type: TABLE DATA; Schema: public; Owner: aperiosf
--

COPY public.patient_diagnosis (onset_date, resolution_date, status, icd10_code, snomed_code, icd10_desc, snomed_desc, created_on_date, created_on_time, created_by, patient_id, id, tags, organization_id, custom_property, checksum, object_path, is_deleted) FROM stdin;
2018-09-01	2018-09-18	metaPatientDiagnosisStatus:active	A92.0	111864006	Chikungunya virus disease	Chikungunya fever	2018-09-12	10:26:48	synapUser:001	patient:e7g726n	patientDiagnosis:tubnrar	\N	organization:001	[]	237add571aaa8a5b1bdd16c6e3e99e1a0054c1e3f7ba2b8b8292f3ee997371c4c4d84fc4484b7b6bc44e2d3dfcdcac69ee8df987170be6feb81217288d77d635	patient__e7g726n	f
\N	\N	metaPatientDiagnosisStatus:active	\N	275918005	\N	Unstable diabetes	2018-09-13	15:13:22	synapUser:nt4fnz2	patient:k887f4a	patientDiagnosis:zm4tbye	\N	organization:001	[]	345a3ef54898beac19319109fb6f341086974dffc59b14cf6aebabefaafd8ad635f85ecfd8e6f31d6ff1690ded1a20b40bf089ce19f8fbda2e03d6c28d3bbdbf	patient__k887f4a	f
\N	\N	metaPatientDiagnosisStatus:resolved	J18.9	233604007	Pneumonia, unspecified organism	Pneumonia	2018-09-13	15:13:56	synapUser:nt4fnz2	patient:k887f4a	patientDiagnosis:86wpyhv	\N	organization:001	[]	ca9d947b78d153826bb87a5a90e1a338c2185e88adc3c233d1c06a4435e81f5a5565862e669fd7c397a5074c74deaa558a1e3345a80e93e157505fc8e81bf65a	patient__k887f4a	f
2001-11-17	\N	metaPatientDiagnosisStatus:active	\N	195489008	\N	Congenital lymphedema	2018-09-13	15:21:57	synapUser:nt4fnz2	patient:k887f4a	patientDiagnosis:ub2ewpa	\N	organization:001	[]	2c793f8112238cdfac196eaf1096de85a2f9099b5fe57bbb2267650ec6575e4416aacb3066941138ca52add34aeb0431d02dd73d431fd6cccf93ee1defd7653e	patient__k887f4a	f
2018-07-25	\N	metaPatientDiagnosisStatus:active	\N	282291009	\N	Diagnosis interpretation	2018-09-20	11:51:41	synapUser:001	patient:7d6ckym	patientDiagnosis:z8mvh2w	\N	organization:001	[]	aef956e6e4fb5a1ea96d1bba9507af1da9f39bb7fcdcae9effbcbf6ba65fdebc38cbdf8a236999b57cfd07519d94f1759b180303d35c47cd328cc4e719c44141	patient__7d6ckym	f
2018-09-20	2018-09-30	metaPatientDiagnosisStatus:active	R50.9	102496004	Fever, unspecified	Spiking fever	2018-09-20	12:04:29	synapUser:001	patient:at2n2hm	patientDiagnosis:eptnau2	\N	organization:001	[]	a5e94387168d3a3cde5e143842acb593daec517230e28c3a1584791bb1359eaa57cfab2d0117dd7f153f87e21c20a7292a66a9e996985da4d73d283c49f05952	patient__at2n2hm	f
2018-09-05	\N	metaPatientDiagnosisStatus:active	\N	282291009	\N	Diagnosis interpretation	2018-09-13	18:50:54	synapUser:yc3a7ba	patient:mjhtunm	patientDiagnosis:38p4wnj	\N	organization:001	[]	15cb25833150f9948dba3561cf966e3dd462babf058a8fbcce82f9e7c7737c059c4a7be01077ec4b84d0cf72b47598b2c9587c016475402e198f5297e30e9f3c	patient__mjhtunm	f
2018-07-24	\N	metaPatientDiagnosisStatus:active	\N	282291009	\N	Diagnosis interpretation	2018-09-12	17:39:08	synapUser:001	patient:6wyrptn	patientDiagnosis:3dj6e3u	\N	organization:001	[]	f962089469ccdb53692abcfe6d516579bd77d7dd12682ec0a1f82c1a0e78afc2586cf16f97f2bfb568083bc379f617008266e53b696cb47183e656d8cbf0adb6	patient__6wyrptn	f
2018-09-19	\N	metaPatientDiagnosisStatus:active	R50.9	102496004	Fever, unspecified	Spiking fever	2018-09-20	13:23:05	synapUser:001	patient:upfetgc	patientDiagnosis:r3t4kmc	\N	organization:001	[]	e729421e9125162d1885de0498d8bf12d9183d9259834b1a57ac3d09127d9cfce463e6a8d3b45431c513f30afdfd50b7fb7ab0f8731becbbca77bb85f3b9b99f	patient__upfetgc	f
1988-06-10	\N	metaPatientDiagnosisStatus:active	R50.9	102496004	Fever, unspecified	Spiking fever	2018-09-27	05:50:57	synapUser:001	patient:pc2jvfz	patientDiagnosis:twjpnt7	\N	organization:001	[]	7329669cb40eaa826eb1629e755dd72d0d519208e9c265539c7ddfc52bc5db1caa2bafadea1a3561a3c7b9bae074fee755de3b62077fd1ce6ee052a33406ed08	patient__pc2jvfz	f
2018-10-29	\N	metaPatientDiagnosisStatus:active	R50.9	102496004	Fever, unspecified	Spiking fever	2018-11-05	06:19:42	synapUser:001	patient:cg4wvr4	patientDiagnosis:bhgmvdu	\N	organization:001	[]	7545967be88abb326e470d563410a973cbe29f2a4e3a80c3123c69f0b84c66acadb7488bd254b5c92c34435356dd51f88bd71b20c9f4f921353d7574ed134357	patient__cg4wvr4	f
2018-07-03	\N	metaPatientDiagnosisStatus:active	\N	282291009	\N	Diagnosis interpretation	2018-11-05	07:36:11	synapUser:001	patient:npmchj7	patientDiagnosis:82hh8nw	\N	organization:001	[]	dc329f1b072d42175f3a8f284b258a57e267790890a4bdb0a13abe2d1a9f7ab569fa14ba2ab02cfb9d578b40cfe657c45c467da0a8085f176dc63a584f037f01	patient__npmchj7	f
2018-07-03	\N	metaPatientDiagnosisStatus:active	\N	282291009	\N	Diagnosis interpretation	2018-11-05	07:36:58	synapUser:001	patient:zt4bvpx	patientDiagnosis:davczyv	\N	organization:001	[]	9ca75129f7210551055c15ebf7266bb8920179952a02dddbab6e8b95d9cfdb76fd18ae3e1d49bdad356fa78997557f368075cb3cec1db5e8c6e4a19230c566f6	patient__zt4bvpx	f
\.


--
-- Data for Name: patient_employment_info; Type: TABLE DATA; Schema: public; Owner: aperiosf
--

COPY public.patient_employment_info (employer_name, address1, address2, zip, state, city, telephone_number, occupation, created_on_date, created_on_time, created_by, patient_id, id, tags, organization_id, custom_property, checksum, object_path, is_deleted) FROM stdin;
not employed	\N	\N	\N	\N	\N	\N	none	2018-09-12	21:19:46	synapUser:001	patient:wvgundh	patientEmploymentInfo:xrk8e44	\N	organization:001	[]	64d28f61957625b04d419523ea13616e74236a3fe2660da104ae5a191c49b16b1da97be1562ff763919c1a1e2ad396992ec063844c5324622ddd1e0fa6756dd2	patient__wvgundh	f
N/a	\N	\N	\N	\N	\N	\N	retired	2018-09-13	15:11:10	synapUser:nt4fnz2	patient:k887f4a	patientEmploymentInfo:8a7vd7d	\N	organization:001	[]	4a48643fd021b531ef335012f659f1e4e6b2811d126793e7966d444c03a3a55da94714d351bcdba78e939cff7a3daa26705ce7e6931e3683049ad4ed55a0b1dd	patient__k887f4a	f
Bartell and Sons	asd	asd	\N	\N	\N	\N	Senior Security Developer	2018-09-20	13:22:35	synapUser:001	patient:upfetgc	patientEmploymentInfo:gxcku2k	\N	organization:001	[]	fe99e3ddd724907d126c848dc911d6a4ddbdc80260576535f6d1f2d58e093d922a8d2f5d7c16506e89b0861e252d8cb33711b9e3ca4d72a7365413e997cc889a	patient__upfetgc	f
sf	\N	\N	\N	\N	\N	\N	qa er	2018-10-08	05:29:56	synapUser:001	patient:636avav	patientEmploymentInfo:z6axcet	\N	organization:001	[]	bdd9abb18589a0f99f988b6b674d766359df3f5e55911f14cc31212cf3c3754f706e1a59c94f518fee4e79d315dd74c34f9cbfaa6336422513796a8995f8ca81	patient__636avav	f
sourcefuse	C204	\N	767677676	metaState:CA	Mohali	8787878787	Sr. Engineer	2018-11-05	06:18:36	synapUser:001	patient:cg4wvr4	patientEmploymentInfo:ydmumxg	\N	organization:001	[]	3d088ad8b5f9328094d0e1f4688a5d28e4ee6569f5b019f7b0a5e624e08ce50d0e8c852ec05a499a87ae74065d38f9d301881d48bd0835171b12a2a636518424	patient__cg4wvr4	f
\.


--
-- Data for Name: patient_medication; Type: TABLE DATA; Schema: public; Owner: aperiosf
--

COPY public.patient_medication (rx_norm_rxcui, rx_norm_str, sig, route, start_date, end_date, status, created_on_date, created_on_time, created_by, patient_id, id, tags, organization_id, custom_property, checksum, object_path, is_deleted) FROM stdin;
1441559	Head & Shoulders Damage Treatment	20ml	metaMedicationDeliveryRoute:IH	2018-09-07	2018-09-14	metaDefaultStatus:active	2018-09-12	10:27:59	synapUser:001	patient:e7g726n	patientMedication:gkvh78t	\N	organization:001	[]	b8bd9386e978274665ce013a5608bd5bc7010456290f933d32de78231b1fa2d1154cea1c8683a7d869cee962e67f335edcd079d1ffa64b7675fd8510b226caed	patient__e7g726n	f
243670	Aspirin 81 MG Oral Tablet	Tablet -1 tablet	metaMedicationDeliveryRoute:OR	2018-07-25	\N	metaDefaultStatus:active	2018-09-12	17:39:09	synapUser:001	patient:6wyrptn	patientMedication:hwmg63d	\N	organization:001	[]	f781626901add529f346d038f8d596d53d4a15f3c41d75a40ee62e06d4e71de8795534c1a86acc0699a7c77da125179e09b2401dc11c42e4e5f15dbd8c5922d4	patient__6wyrptn	f
583195	Metformin hydrochloride 850 MG Oral Tablet [Metforming]	BID	metaMedicationDeliveryRoute:OR	1980-02-04	\N	metaDefaultStatus:active	2018-09-13	15:15:32	synapUser:nt4fnz2	patient:k887f4a	patientMedication:jujctuy	\N	organization:001	[]	5a1fe05b34ce674e9473cbbb18e2d062f9b3f202de24da2d51dd935cd23689b3345d9f70a26977cc6a304d627eeab3ad85aecdbc1f9e618d6e20d0e3077d3773	patient__k887f4a	f
638596	Januvia	DAILY	metaMedicationDeliveryRoute:OR	1996-02-28	\N	metaDefaultStatus:active	2018-09-13	15:16:04	synapUser:nt4fnz2	patient:k887f4a	patientMedication:knpekep	\N	organization:001	[]	7eafbbf2ed4d19f0a6af2fd6ee250ebe55649647d5dc1d7c2de62604e1944156cef7ed7cd2186a200437c3622942f3eea969617e5394e3c490906fb44fab459b	patient__k887f4a	f
197397	benzonatate 100 MG Oral Capsule	Capsule -1 capsule	metaMedicationDeliveryRoute:OR	2018-07-24	\N	metaDefaultStatus:active	2018-09-12	17:39:09	synapUser:001	patient:6wyrptn	patientMedication:e2ppekj	\N	organization:001	[]	9dddb200688597fcb5a80696e94972ddef5ed812d58c977eea3ee96e41bcce739ee308f715a8e2d960ebeb05b89c25d4967c613e7923bfe759cef126d8bf423e	patient__6wyrptn	f
1737778	lidocaine 4 % Medicated Patch	Patch	metaMedicationDeliveryRoute:EX	2018-07-25	\N	metaDefaultStatus:active	2018-09-12	17:39:09	synapUser:001	patient:6wyrptn	patientMedication:pkva43z	\N	organization:001	[]	b95431db7b8e76b87b5139f52a66dfb659d16bc3e00ba1cc274870586644b3ea2cd9398abd1f422d9298b6975c9b686e1e97cc097fe961d3bfa23ae34e1c829c	patient__6wyrptn	f
197381	Atenolol 50 MG Oral Tablet	Tablet -1 tablet	metaMedicationDeliveryRoute:OR	2018-07-25	\N	metaDefaultStatus:active	2018-09-12	17:39:09	synapUser:001	patient:6wyrptn	patientMedication:6fttbxe	\N	organization:001	[]	12bbb2848c02fd490c94b6f386e67f28d6b321fabbcb8a10bd2cd33112e2ee101928eff6ac9ff18ab6f1506f2678c1d6ed694f62b5d77781aacf3e2099844e0d	patient__6wyrptn	f
1000990	oxymetazoline HCl 0.05 % Nasal Spray	Solution -1 ml	metaMedicationDeliveryRoute:NA	2018-07-24	\N	metaDefaultStatus:active	2018-09-12	17:39:09	synapUser:001	patient:6wyrptn	patientMedication:8v8cjby	\N	organization:001	[]	aeed603a351976fdba7d0bf7821636a7bdef9a4b8726a5cb3011c72955240788304d089e54ef1603604924cd663ad71239151890d5fe492cd43dfebd698f7c09	patient__6wyrptn	f
312961	Simvastatin 20 MG Oral Tablet	Tablet -1 tablet	metaMedicationDeliveryRoute:OR	2018-07-24	\N	metaDefaultStatus:active	2018-09-12	17:39:09	synapUser:001	patient:6wyrptn	patientMedication:6myhdaf	\N	organization:001	[]	072623138a068a030640343282e7bfc6957b07daada2dc1c2bec4730d22430d922153d9afc6a2c47338d1a6cbe4b39d61a4e3178b479260bf69a92d15c4db4c3	patient__6wyrptn	f
824574	Benzocaine 15 MG / Menthol 3.6 MG Oral Lozenge	Lozenge -1 lozenge	metaMedicationDeliveryRoute:OR	2018-07-24	\N	metaDefaultStatus:active	2018-09-12	17:39:09	synapUser:001	patient:6wyrptn	patientMedication:8mkwwxj	\N	organization:001	[]	8379bef59ed9f00e011bb273bd79f229236fa8d638ebe5ffc8662cb70c0784187f13b359b94b7a27a31753c125fa23c6f4045aaab11893c327abb33ff8bab582	patient__6wyrptn	f
1437702	albuterol 2.5 MG (as albuterol sulfate 3 MG) / ipratropium bromide 0.5 MG per 3 ML Inhalant Solution	Solution -3 ml	metaMedicationDeliveryRoute:IH	2018-07-24	\N	metaDefaultStatus:active	2018-09-12	17:39:09	synapUser:001	patient:6wyrptn	patientMedication:ftauyxe	\N	organization:001	[]	020d181f4edbf299e4123c333a9537278b1c6047d854a3712640803d7873aa62108784bf6caa46d11bb556cd1e2e3ab26fb32ed121b02ac5b9849a5380a91a99	patient__6wyrptn	f
617312	atorvastatin calcium 10 MG Oral Tablet	Tablet -1 tablet	metaMedicationDeliveryRoute:OR	2018-07-25	\N	metaDefaultStatus:active	2018-09-12	17:39:09	synapUser:001	patient:6wyrptn	patientMedication:yjn62t6	\N	organization:001	[]	9fb8a12d399f1215168c95dae5fbc4d8859a6e461dc131b9da70ce91851cfc6a765b2b0738c808e3857c1ecf3b0b762575d30ccdebc284a94352ec0cb1b72190	patient__6wyrptn	f
854873	Zolpidem tartrate 10 MG Oral Tablet	Tablet -1 tablet	metaMedicationDeliveryRoute:OR	2018-07-24	\N	metaDefaultStatus:active	2018-09-12	17:39:09	synapUser:001	patient:6wyrptn	patientMedication:fkg842p	\N	organization:001	[]	7b10f1e0f7140c3d2a47f83de1cc18d725abfc96027777d995a10228a10b859295e0519a962b84218cf2785632aed10e2d61998a5a435234635321fc2c95a553	patient__6wyrptn	f
1099279	DOSS Sodium 100 MG Oral Tablet	Tablet -1 tablet	metaMedicationDeliveryRoute:OR	2018-07-24	\N	metaDefaultStatus:active	2018-09-12	17:39:09	synapUser:001	patient:6wyrptn	patientMedication:73byamc	\N	organization:001	[]	27136d82fa9f85adaaa3123adadd08acb1ad6ccc8e6d56b4660570f3c4e3f9f36efb25c2ffd6998cdea9330224988923ed71df3fa4cc0919e852f5e809b60ba0	patient__6wyrptn	f
849574	Naproxen sodium 220 MG Oral Tablet	Tablet -220 mg	metaMedicationDeliveryRoute:OR	2018-07-25	\N	metaDefaultStatus:active	2018-09-12	17:39:09	synapUser:001	patient:6wyrptn	patientMedication:mzfjvb8	\N	organization:001	[]	fce3e61a9f2b7481b3bf9bdac515bbc8aefd0d3401ae3189a274ef034f1ca3670b5984ec6e38799f8e3efeb9dee7f17bd07818488c090971c2d14eedf1a647fd	patient__6wyrptn	f
996520	dextromethorphan HBr 20 MG / guaiFENesin 200 MG in 10 mL Oral Solution	Syrup -5 ml	metaMedicationDeliveryRoute:OR	2018-07-24	\N	metaDefaultStatus:active	2018-09-12	17:39:09	synapUser:001	patient:6wyrptn	patientMedication:bwjcvbm	\N	organization:001	[]	9b97267998c6200d3e1158f9a322d6082b0e21788ab7bfdfcbe5742f82c1de6fbe676920de33b9d6e17ca67d6438ebef8e5820e49cf29b32fe6079cf082919ff	patient__6wyrptn	f
311431	Magnesium Oxide 500 MG Oral Tablet	Tablet -1 tablet	metaMedicationDeliveryRoute:OR	2018-07-25	\N	metaDefaultStatus:active	2018-09-12	17:39:09	synapUser:001	patient:6wyrptn	patientMedication:tnbmx42	\N	organization:001	[]	b3089bb64486ebd18c00760e8a06ad2dc49d57964b3b984bd2a06ce9e5887581bfb976e4172913c771f5cd41dd82dfbc3093c01bf0d5c6f5fc7471cf8c1cc07b	patient__6wyrptn	f
310429	Furosemide 20 MG Oral Tablet	Tablet -20 mg	metaMedicationDeliveryRoute:OR	2018-07-25	\N	metaDefaultStatus:active	2018-09-12	17:39:09	synapUser:001	patient:6wyrptn	patientMedication:hndzg7n	\N	organization:001	[]	c40b01e420783dfd37ed58f12abb78a1fb650dc0c4b69d4f6f5d7c68c36f5d0b55bf6a84ef64637ba151e31a072c37ead8a656581fcd5f206235130c19c8fe8a	patient__6wyrptn	f
795858	Prednisone 10 MG Oral Tablet 10 Count Pack	Tablet	metaMedicationDeliveryRoute:OR	2018-07-25	2018-07-29	metaDefaultStatus:active	2018-09-12	17:39:09	synapUser:001	patient:6wyrptn	patientMedication:6mf8a2z	\N	organization:001	[]	40e63431b3d1aa91b32f936f6ae555a4286ae3f9b823af0bdb8272b0cdb7a86ec32b5d81dcbb3f56503b587eefea13ba18fb7bce30c746c746e4cc72ffff3c3a	patient__6wyrptn	f
1363309	Chlorpheniramine Maleate 4 MG Oral Tablet	Tablet -1 tablet	metaMedicationDeliveryRoute:OR	2018-07-25	2018-08-07	metaDefaultStatus:active	2018-09-12	17:39:09	synapUser:001	patient:6wyrptn	patientMedication:jcvbcvg	\N	organization:001	[]	7df43b2de817b203f0636efdeba052dea94e2839edc8b1dfc23dfeec26d27ab648f760f939324f03feedf8da27e75da02473b51b8fada7a2db076d6826d9ee21	patient__6wyrptn	f
835603	tramadol hydrochloride 50 MG Oral Tablet	Tablet -25 mg	metaMedicationDeliveryRoute:OR	2018-09-05	2018-09-12	metaDefaultStatus:inactive	2018-09-13	18:50:55	synapUser:yc3a7ba	patient:mjhtunm	patientMedication:ae44mwf	\N	organization:001	[]	e308067508904226e9e75c4eb8b2a07b1553dd1dd5dd34ca41c4a1a614534ef985e1c8b52a4b078d098bb861948989bd8039f0e1d26d5a0a7039fd5219d55360	patient__mjhtunm	f
198116	Pot Chloride 20 MEQ Extended Release Oral Tablet	Tablet Extended Release -40 mEq	metaMedicationDeliveryRoute:OR	2018-09-06	2018-09-06	metaDefaultStatus:inactive	2018-09-13	18:50:55	synapUser:yc3a7ba	patient:mjhtunm	patientMedication:w43pjev	\N	organization:001	[]	64430b4177c10c8c1cbfeb2775eade8bfba7bcd6411dfd9ef0d1ff613858529440b13a89176674d92570cc9c2694085e9f8bc59162d7cb5592440701617c4e45	patient__mjhtunm	f
199362	vitamin D3 1000 UNT Oral Tablet	Tablet -1 tablet	metaMedicationDeliveryRoute:OR	2018-09-06	\N	metaDefaultStatus:active	2018-09-13	18:50:55	synapUser:yc3a7ba	patient:mjhtunm	patientMedication:bann7gn	\N	organization:001	[]	fcde719b2fe50c9e8846dbdf34ceae827a0b0d76597be26f622faeebb64f8524dba748278979057b4fa64776b64b9cce3f8f1236ff7eeb2eb96c4c332f2398e5	patient__mjhtunm	f
312941	sertraline (as sertraline HCl) 50 MG Oral Tablet	Tablet -1 tablet	metaMedicationDeliveryRoute:OR	2018-09-06	\N	metaDefaultStatus:active	2018-09-13	18:50:55	synapUser:yc3a7ba	patient:mjhtunm	patientMedication:tj3tbxw	\N	organization:001	[]	33627a89395e9fa56a782275f57709d5fca9823f0b0fe63efc60838b35f52d31ed143d79d3739e1b736c0a124f14fc10b5c5fa7492e95bfbbf06d91ee0bfbd99	patient__mjhtunm	f
854235	0.4 ML Enoxaparin sodium 100 MG/ML Prefilled Syringe	Solution -40 mg	metaMedicationDeliveryRoute:SC	2018-09-06	\N	metaDefaultStatus:active	2018-09-13	18:50:55	synapUser:yc3a7ba	patient:mjhtunm	patientMedication:cz8pgd6	\N	organization:001	[]	d8c6f6de535122fc95846a6bd68c66ecc4861155184791915c8cc63d88c88931facf82fa4550defd9ff7cb7c3dd81ea8460ff70b39c96c52d57e2c322bf23a12	patient__mjhtunm	f
476399	Carbidopa 25 MG / L-DOPA 100 MG Disintegrating Oral Tablet	Tablet Disintegrating -1 tablet	metaMedicationDeliveryRoute:OR	2018-09-06	\N	metaDefaultStatus:active	2018-09-13	18:50:55	synapUser:yc3a7ba	patient:mjhtunm	patientMedication:gf7x3nn	\N	organization:001	[]	c2c14d640c823e0351c9f196edc015bee19aee758b4ae22f48a999e73bfbe87ef53332d248bd61933e0561a47482c1f9fd218f3c2a0e7246da15caf48b38c4fc	patient__mjhtunm	f
1665021	Ceftriaxone 1000 MG Injection	Solution Reconstituted -1 gram :Injection	metaMedicationDeliveryRoute:OT	2018-09-06	2018-09-10	metaDefaultStatus:inactive	2018-09-13	18:50:55	synapUser:yc3a7ba	patient:mjhtunm	patientMedication:be3b2te	\N	organization:001	[]	3b6ad55f42f2b405cc1e5f36dc836750e0d69a63eb725553311065f3f52ca29e2bfddf3920b6e4cdb6aacf365bda193ec72f91c3a81625469557f0e84b70cf90	patient__mjhtunm	f
998740	Docusate Sodium 50 MG / sennosides, USP 8.6 MG Oral Tablet	Tablet -1 tablet	metaMedicationDeliveryRoute:OR	2018-09-06	\N	metaDefaultStatus:active	2018-09-13	18:50:55	synapUser:yc3a7ba	patient:mjhtunm	patientMedication:3k7ar48	\N	organization:001	[]	027f37b0112cb308e163c9b3bc9bbc2265ba297e718df28c2e6513278c0dbc5978066b73b5f47cd8181d8da903d58e13f4be76a0dfdc28cf358e3b31862be166	patient__mjhtunm	f
314200	pantoprazole 40 MG (as pantoprazole sodium sesquihydrate 45.1 MG) Delayed Release Oral Tablet	Tablet Delayed Release -40 mg	metaMedicationDeliveryRoute:OR	2018-07-26	\N	metaDefaultStatus:active	2018-09-20	11:51:41	synapUser:001	patient:7d6ckym	patientMedication:fx8kndk	\N	organization:001	[]	c04366a4eac37e08bcfc1d5538d44bfa07978893e9c4eb9f5c66db32535603fcd5228e2b050261f23ee1b0bc0082442040851f1c335821178b1aebd5c7b1c2cd	patient__7d6ckym	f
197322	Alprazolam 2 MG Oral Tablet	Tablet -2 mg	metaMedicationDeliveryRoute:OR	2018-07-25	\N	metaDefaultStatus:active	2018-09-20	11:51:41	synapUser:001	patient:7d6ckym	patientMedication:mwz748g	\N	organization:001	[]	a63b1a6f5dec42cc959180610d635992813598fe768ab549dd4c0008ef27153dd95f60f50f2fb49352c73212565a6ef239d5b938c77d1185ba9bcca555883aa0	patient__7d6ckym	f
617311	atorvastatin (as atorvastatin calcium) 40 MG Oral Tablet	Tablet -40 mg	metaMedicationDeliveryRoute:OR	2018-07-25	\N	metaDefaultStatus:active	2018-09-20	11:51:41	synapUser:001	patient:7d6ckym	patientMedication:bvpjxmb	\N	organization:001	[]	1a69824fc4fb38460fa7d44c150dd6f642129842c7aa0911e46eefbe6b3f6a0d8030ec19eddbf585718c72c477c925369e587365e5519cd5032394c15ea688e1	patient__7d6ckym	f
197884	Lisinopril 40 MG Oral Tablet	Tablet -40 mg	metaMedicationDeliveryRoute:OR	2018-07-26	\N	metaDefaultStatus:active	2018-09-20	11:51:41	synapUser:001	patient:7d6ckym	patientMedication:kdtfna2	\N	organization:001	[]	8adc5bcffa1c952c1b298612c5b72f4bc8744ba1868bc320c5b13c62ee1a1305f9c2c1ec16f80ce40b1eb457fd735149def8fdec084c4a4470e18fa337ca06c9	patient__7d6ckym	f
835603	tramadol hydrochloride 50 MG Oral Tablet	Tablet -50 mg	metaMedicationDeliveryRoute:OR	2018-07-25	\N	metaDefaultStatus:active	2018-09-20	11:51:41	synapUser:001	patient:7d6ckym	patientMedication:uwbhk4m	\N	organization:001	[]	4aab45027ba4bbdbcda18b8bd8d9939fb15e70b43fd3c50af310e932a8325053dada22750bd410bf3431d638444acd528dd3d1a99315f9791d0c2464d2f47d26	patient__7d6ckym	f
242120	Insulin Lispro 100 UNT/ML Injectable Solution	Solution	metaMedicationDeliveryRoute:SC	2018-07-26	\N	metaDefaultStatus:active	2018-09-20	11:51:41	synapUser:001	patient:7d6ckym	patientMedication:cepn63f	\N	organization:001	[]	7975951f583d9bc33a46d25548ad9e1511ac4aca6bdbe72f561ecbb429b6a1f4170dd2c43abb0aa359f12370a09859c8f1653dbfeb33e4e1971f4da1ed5b6d65	patient__7d6ckym	f
310429	Furosemide 20 MG Oral Tablet	Tablet -20 mg	metaMedicationDeliveryRoute:OR	2018-07-26	\N	metaDefaultStatus:active	2018-09-20	11:51:41	synapUser:001	patient:7d6ckym	patientMedication:zk6jf77	\N	organization:001	[]	e44b9fe7f419c9802460e72672f1b17d841053f0aaa3458e641da56311f53bcbeb0d14113588e0533cb67feaabbc2bc3b45255faceae60357fb262c8dc2866e6	patient__7d6ckym	f
1492744	apremilast 30 MG Oral Tablet	Tablet -30 mg	metaMedicationDeliveryRoute:OR	2018-07-26	\N	metaDefaultStatus:active	2018-09-20	11:51:41	synapUser:001	patient:7d6ckym	patientMedication:4wx243x	\N	organization:001	[]	0239f7771927538be3035a7f0319869e778c9baac1c643af7219f5aecfa4ed8503726c65e98e720cc4420ac54d5d5e5cfccdf1d95304f06a14a901edf20160b8	patient__7d6ckym	f
1049611	Oxycodone Hydrochloride 15 MG Oral Tablet	Tablet -15 mg	metaMedicationDeliveryRoute:OR	2018-07-25	\N	metaDefaultStatus:active	2018-09-20	11:51:41	synapUser:001	patient:7d6ckym	patientMedication:vzkde7x	\N	organization:001	[]	c46ef158f95683a89ad837dc630efb322ef065a22cff632e5b8055742306068d284a98dc82f951c99bb6fe7522ebf48b78ca9c4657dd2a0c13f5272db8667a3c	patient__7d6ckym	f
801092	Albuterol 0.09 MG/ACTUAT 60 ACTUAT Metered Dose Inhaler	Aerosol Solution -108 mcg	metaMedicationDeliveryRoute:IH	2018-07-25	\N	metaDefaultStatus:active	2018-09-20	11:51:41	synapUser:001	patient:7d6ckym	patientMedication:pfgfm7h	\N	organization:001	[]	abd9e9470bc570f358416dedcfe2054f9175817d741573c188a11e496f576049656c3a9dc2ef1777f00dac4cdb0cc5f68caaa0a56edfa74b06fd59dee4bd1ac1	patient__7d6ckym	f
198191	ranitidine 150 MG (as ranitidine HCl 168 MG) Oral Tablet	Tablet -150 mg	metaMedicationDeliveryRoute:OR	2018-07-26	\N	metaDefaultStatus:active	2018-09-20	11:51:41	synapUser:001	patient:7d6ckym	patientMedication:rpk2zyx	\N	organization:001	[]	09d9145494734e678a4425e1bf848288553c2d2f3a59708916f6fbdc8867b85c4a06339348ae8278ba3462c0d64b4724b28e36fbb1e55b914587c91b10e42187	patient__7d6ckym	f
1099279	DOSS Sodium 100 MG Oral Tablet	Tablet -1 tablet	metaMedicationDeliveryRoute:OR	2018-07-26	\N	metaDefaultStatus:active	2018-09-20	11:51:41	synapUser:001	patient:7d6ckym	patientMedication:b7aafxk	\N	organization:001	[]	8fd1fe0a28a3c62b5cf7a6172d1d44258beb7673fe97576db3a1d0f4d1c07d6df8e4514e7a4b6837d8ce563e7068c31b57a20f0ed75821986e6c01a2ced781da	patient__7d6ckym	f
310488	Glipizide 10 MG Oral Tablet	Tablet -10 mg	metaMedicationDeliveryRoute:OR	2018-07-26	\N	metaDefaultStatus:active	2018-09-20	11:51:41	synapUser:001	patient:7d6ckym	patientMedication:37ja3kp	\N	organization:001	[]	78d584b5ec9f9cbacb450b5a852044ba9f903866516cfa388b7b99423b7365f4d68d529c0f393bf83bbc15f2eeb1fd0522794f07778e63896e5af5b15f3721b1	patient__7d6ckym	f
1367410	ergocalciferol 1.25 MG Oral Capsule	Capsule -50000 unit	metaMedicationDeliveryRoute:OR	2018-07-29	\N	metaDefaultStatus:active	2018-09-20	11:51:41	synapUser:001	patient:7d6ckym	patientMedication:kpzta77	\N	organization:001	[]	d07468283dc4ac7b55640d73f8929cca233c3918b5b1d72cff4bccef41b4a24c408baba7932df6399d03e65f833558f87186e6d8dba4438cc236a7b163d6ca55	patient__7d6ckym	f
309362	clopidogrel 75 MG (as clopidogrel bisulfate 97.875 MG) Oral Tablet	Tablet -75 mg	metaMedicationDeliveryRoute:OR	2018-07-26	\N	metaDefaultStatus:active	2018-09-20	11:51:41	synapUser:001	patient:7d6ckym	patientMedication:6nreezk	\N	organization:001	[]	035373e978ec155005ea44e87ddab12b6aa0582ef62ffbb606c9c851d52b2cd29c67e5a00751412121df7237d1ec621f79e0fbe583a3f966ea953d8b31350700	patient__7d6ckym	f
311486	meloxicam 7.5 MG Oral Tablet	Tablet -1 tablet	metaMedicationDeliveryRoute:OR	2018-07-26	\N	metaDefaultStatus:active	2018-09-20	11:51:41	synapUser:001	patient:7d6ckym	patientMedication:6274bww	\N	organization:001	[]	2b3444233a7d0fbbda3cf72730a05cfbf3938578591736febe1771533ce0d1be3b91436e41feafbaf453b8bd56457236266a54d7302593601b8df408d8d676ae	patient__7d6ckym	f
198440	Acetaminophen 500 MG Oral Tablet	Tablet -1 tablet	metaMedicationDeliveryRoute:OR	2018-07-26	\N	metaDefaultStatus:active	2018-09-20	11:51:41	synapUser:001	patient:7d6ckym	patientMedication:4ty6e6f	\N	organization:001	[]	9ebef7db740a80ad2a89376c35da5663ea61cce308ae3db77df05f1e6c9d97563743a4c35fa5ad593d79808faf4f5895623bfbe2385e206e1b382f918e769aa8	patient__7d6ckym	f
198052	Ondansetron 4 MG Oral Tablet	Tablet -4 mg	metaMedicationDeliveryRoute:OR	2018-07-25	\N	metaDefaultStatus:active	2018-09-20	11:51:41	synapUser:001	patient:7d6ckym	patientMedication:xrrvhjv	\N	organization:001	[]	41d2d019f1a18f8f62c52f1d7aec9ba749b0a58206e65bd40aeba1b5fc805e5648e3d6db46df09cb9d108adead9564395d58ed57fbbfcd226455c20cbd3cb020	patient__7d6ckym	f
313989	fluoxetine 40 MG (as fluoxetine HCl 44.8 MG) Oral Capsule	Capsule -40 mg	metaMedicationDeliveryRoute:OR	2018-07-26	\N	metaDefaultStatus:active	2018-09-20	11:51:41	synapUser:001	patient:7d6ckym	patientMedication:6wcg8ct	\N	organization:001	[]	8ae80cef7c7b8e7eac4b833ef9e4537578c89e1c01509e3a13bbfed4cdcd8b8f31619bd44d46e8bd921028bda009e73f4665e7bf56bffff766d8d9ff2f25a5e4	patient__7d6ckym	f
310431	gabapentin 300 MG Oral Capsule	Capsule -1 capsule	metaMedicationDeliveryRoute:OR	2018-07-25	\N	metaDefaultStatus:active	2018-09-20	11:51:41	synapUser:001	patient:7d6ckym	patientMedication:d3y38tb	\N	organization:001	[]	ce5850862270502d467a4028d77ed497c52226df0d10c5eb79738c9517bb5099161ceda196388dcadc6ed369ca057fc1a3890ac3ef273f851644f09832178c68	patient__7d6ckym	f
199885	Levofloxacin 500 MG Oral Tablet	Tablet -500 mg	metaMedicationDeliveryRoute:OR	2018-07-26	2018-07-31	metaDefaultStatus:active	2018-09-20	11:51:41	synapUser:001	patient:7d6ckym	patientMedication:f2n68ze	\N	organization:001	[]	9e82591cb3ce31ae0a39dd66f79a03ae8b20f73fabff1fae6dc4ed2ca5ebe740c725dcceddb26d9c1a2058cdd8d6618d3910601a2af6478f58450dd3dfc0719c	patient__7d6ckym	f
905140	mosquito allergenic extract 20000 UNT/ML	20ml	metaMedicationDeliveryRoute:ET	2018-08-28	2018-09-24	metaDefaultStatus:active	2018-09-20	12:05:02	synapUser:001	patient:at2n2hm	patientMedication:davzfk7	\N	organization:001	[]	957d9e2014225d1d7d3f1a8a8122530d643e06f7b330d7e522340624f47cb1d404256f042a683af63d2bd657bdc1ef53daab5902558294721392e817b08ccc66	patient__at2n2hm	f
219128	Pediacare Fever	121211211	metaMedicationDeliveryRoute:EX	2018-09-11	\N	metaDefaultStatus:active	2018-09-27	05:51:31	synapUser:001	patient:pc2jvfz	patientMedication:dc23jbz	\N	organization:001	[]	945d725861b99e66c6f42873e1ceea8133d2ecf20c0466036790537c1650337baa4703e2977ae502de5b6eebb157ac05c545aeca2e950aca55caa909cbb5fd4f	patient__pc2jvfz	f
221182	yellow-fever virus	2121212	metaMedicationDeliveryRoute:IH	2018-11-04	\N	metaDefaultStatus:active	2018-11-05	06:21:22	synapUser:001	patient:cg4wvr4	patientMedication:ddmpdt7	\N	organization:001	[]	8c6cf48e88b6d03a3caa10e0b0e4ec53622e607ceaab25f5cf964762d4172ea2ba4d0cfe6c832f9832727c3c53c0474c8c776edffbcac939a59323547f698921	patient__cg4wvr4	f
1291276	cholecalciferol 50,000 UNT Oral Tablet	Tablet -1 tablet	metaMedicationDeliveryRoute:OR	2018-07-15	\N	metaDefaultStatus:active	2018-11-05	07:36:12	synapUser:001	patient:npmchj7	patientMedication:tzrfduf	\N	organization:001	[]	d6d7ae13c5e30f6c34bb57f29e044d225fa6abb9478cfb4c95a01a87c064b3deeee68792103454790851a0c58cc04c4008da424984be1495a346c5630d4df5d8	patient__npmchj7	f
198116	Pot Chloride 20 MEQ Extended Release Oral Tablet	Tablet Extended Release -1 tablet	metaMedicationDeliveryRoute:OR	2018-07-04	\N	metaDefaultStatus:active	2018-11-05	07:36:12	synapUser:001	patient:npmchj7	patientMedication:debabve	\N	organization:001	[]	d219155ec42992515bb1eec2d75f03311ed698331db69eb3a5ee2c324e50affcb506467283b41cedd450fe40b566d0c81595a53522ad95ec372cafcdcd15344f	patient__npmchj7	f
855312	Warfarin Sodium 2.5 MG Oral Tablet	Tablet -1 tablet	metaMedicationDeliveryRoute:OR	2018-07-03	2018-07-17	metaDefaultStatus:inactive	2018-11-05	07:36:12	synapUser:001	patient:npmchj7	patientMedication:w2n3cmn	\N	organization:001	[]	991b4c6d0df72dd0a0f16b9b93061907969cb9a086227f4fb1ab161d37705163fd9c2bdfd6d677b205fa6caf70f2f32978886a916b5d19ae666f8f1f270d8ec4	patient__npmchj7	f
979480	Losartan Potassium 100 MG Oral Tablet	Tablet -1 tablet	metaMedicationDeliveryRoute:OR	2018-07-04	\N	metaDefaultStatus:active	2018-11-05	07:36:12	synapUser:001	patient:npmchj7	patientMedication:ptmmdfz	\N	organization:001	[]	33700d01c6f5874d756caaf9749e6c5afb734b9a44cf87f33e51160a6cafb6e0493f49bf5d09ae133b79d53dc882aafa253b052a4b75776649fd4754fff7a9a4	patient__npmchj7	f
283672	Citalopram 10 MG Oral Tablet	Tablet -1 tablet	metaMedicationDeliveryRoute:OR	2018-07-04	\N	metaDefaultStatus:active	2018-11-05	07:36:12	synapUser:001	patient:npmchj7	patientMedication:nmt8ygv	\N	organization:001	[]	52f15013295223436d8694c4599e8090e502ab86c69fc33d7fa166a77366081249bc644740597044d0d9185921e2a4e9eb655eb57fc986bb929f5d9de2469e44	patient__npmchj7	f
966222	Levothyroxine Sodium 0.075 MG Oral Tablet	Tablet -1 tablet	metaMedicationDeliveryRoute:OR	2018-07-04	\N	metaDefaultStatus:active	2018-11-05	07:36:12	synapUser:001	patient:npmchj7	patientMedication:rzhp8jf	\N	organization:001	[]	678baeb9ace5a39a212df96624e60c425d64979f22a9743623ddfc4fd73ddb909ba63ce6105d87ef865d0979e8264eb4aea72be2f81f670d98088fe8971b4093	patient__npmchj7	f
310429	Furosemide 20 MG Oral Tablet	Tablet -1 tablet	metaMedicationDeliveryRoute:OR	2018-07-04	\N	metaDefaultStatus:active	2018-11-05	07:36:12	synapUser:001	patient:npmchj7	patientMedication:48vhxdh	\N	organization:001	[]	daf3631ecca09ebe9b23ff38db8c6b393eb9c6a479bc3a0a0f7d22fdf9b6d34733d63e609184858fee50ca2769a6ef3a43068a0dce79fd9b595aed133a864b74	patient__npmchj7	f
313782	APAP 325 MG Oral Tablet	Tablet -2 tablet	metaMedicationDeliveryRoute:OR	2018-07-03	\N	metaDefaultStatus:active	2018-11-05	07:36:12	synapUser:001	patient:npmchj7	patientMedication:hwz8tcr	\N	organization:001	[]	d208965933ba76e6f5d762041faff6deff501d48ddf3a3ac1b624cb74ef57f3a42ba316d35f8a1ef1d1f8e5e05c48ba01031df0dd143a2b6aa751e881a1a4706	patient__npmchj7	f
243670	Aspirin 81 MG Oral Tablet	Tablet -1 tablet	metaMedicationDeliveryRoute:OR	2018-07-04	\N	metaDefaultStatus:active	2018-11-05	07:36:12	synapUser:001	patient:npmchj7	patientMedication:6vyprhz	\N	organization:001	[]	64ec69522303fd086080da1e2eac6e28e1694f0ce9c9c0b012e706c23af15019a750389680433d8c85b397772c2eb60fc245a8ccb7257288346eda21a79567db	patient__npmchj7	f
835603	tramadol hydrochloride 50 MG Oral Tablet	Tablet -1 tablet	metaMedicationDeliveryRoute:OR	2018-07-03	\N	metaDefaultStatus:active	2018-11-05	07:36:12	synapUser:001	patient:npmchj7	patientMedication:8nfjhtj	\N	organization:001	[]	0260ac8dcaf42fe7700f4089263d7ffba9b746b383883323022885877db26b7ef6fac74e9d2d7c6f13fba1c9eb04bee98a1de5f8ded033264b18ab693b26e066	patient__npmchj7	f
856364	traZODone HCl 150 MG Oral Tablet	Tablet -0.5 tablet	metaMedicationDeliveryRoute:OR	2018-07-03	\N	metaDefaultStatus:active	2018-11-05	07:36:12	synapUser:001	patient:npmchj7	patientMedication:732patr	\N	organization:001	[]	f7bf93a8e80bca32f4663ee18376e9896a14936a1d57b11126f134fc4c5bd85d626b8bdaf8c2db9b54fabb660073c30b2a548536d6fecfba66a6c872abafe554	patient__npmchj7	f
617311	atorvastatin (as atorvastatin calcium) 40 MG Oral Tablet	Tablet -1 tablet	metaMedicationDeliveryRoute:OR	2018-07-03	\N	metaDefaultStatus:active	2018-11-05	07:36:12	synapUser:001	patient:npmchj7	patientMedication:fx2rmw2	\N	organization:001	[]	7143f9ca8f2d724a72d8139161fe8414b149b64be79b09878c2695ddf144afcee9da2a5de219543b9efbb958e122f416c5250de6b7e884be8776e61fb8831d35	patient__npmchj7	f
1923426	sotalol HCl 80 MG Oral Tablet	Tablet -1 tablet	metaMedicationDeliveryRoute:OR	2018-07-04	\N	metaDefaultStatus:inactive	2018-11-05	07:36:12	synapUser:001	patient:npmchj7	patientMedication:fbxbx3b	\N	organization:001	[]	99da4de344267d6a08aca2c3bec7ee93231963bed5f2973acc8ec924195c2276d18b3783a503f0cb6bd6b385da538d192538e02dafb626a679c401418db42f34	patient__npmchj7	f
309509	collagenase 250 UNT per GM Topical Ointment	Ointment	metaMedicationDeliveryRoute:EX	2018-07-20	\N	metaDefaultStatus:active	2018-11-05	07:36:12	synapUser:001	patient:npmchj7	patientMedication:vvcmhxj	\N	organization:001	[]	1794e680a85418f3b0f97048ab7a854eb47b9a7676a5c501665847cc41a707960f059116ae00d0e3e7eb45a55502787c637889d68587add18318e3b81b380271	patient__npmchj7	f
855324	Warfarin Sodium 4 MG Oral Tablet	Tablet -1 tablet	metaMedicationDeliveryRoute:OR	2018-07-19	\N	metaDefaultStatus:active	2018-11-05	07:36:12	synapUser:001	patient:npmchj7	patientMedication:mzyfmgv	\N	organization:001	[]	1615c1a0a2f9e3f5598ad4acedb482ddee9ce8d6cc7428ea254b43ff2df16e385ceafb70992a9a4252c78d6c94a0d5b6789a05232e9b5f14976d168a54727061	patient__npmchj7	f
313532	purified protein derivative of tuberculin 5 UNT per 0.1 ML Injectable Solution	Solution	metaMedicationDeliveryRoute:DE	2018-07-03	2018-07-10	metaDefaultStatus:inactive	2018-11-05	07:36:12	synapUser:001	patient:npmchj7	patientMedication:v78apph	\N	organization:001	[]	13beab22cb63515c21f75145b3dc5328b50e4498ea6076e48c0e37c42c480b01cb9c0ba0c951808eb45b8b4bf795c2183dc0463683fc9ea57968067924ca03c1	patient__npmchj7	f
313773	ZnSO4 220 MG Oral Capsule	Capsule -1 capsule	metaMedicationDeliveryRoute:OR	2018-07-05	2018-07-19	metaDefaultStatus:inactive	2018-11-05	07:36:12	synapUser:001	patient:npmchj7	patientMedication:3vf6p8r	\N	organization:001	[]	f139b2dbdc7ef2908551cd9bc59a3d54b3e9616f9a1c9669ce0213ac33c034609c68b06722adb98ffed06b31ba1db329ff147f5008d5e65cf82c5bdc6514ff9d	patient__npmchj7	f
1291276	cholecalciferol 50,000 UNT Oral Tablet	Tablet -1 tablet	metaMedicationDeliveryRoute:OR	2018-07-15	\N	metaDefaultStatus:active	2018-11-05	07:36:59	synapUser:001	patient:zt4bvpx	patientMedication:e4v773y	\N	organization:001	[]	909344a91d6df0fc399bed50d75c731af33bd45651725804205fe7b22c8c2e0b7e8f0694c852a05fbf2c8db2269a9c113a4b002a75903c0343650ff7f64a5e28	patient__zt4bvpx	f
198116	Pot Chloride 20 MEQ Extended Release Oral Tablet	Tablet Extended Release -1 tablet	metaMedicationDeliveryRoute:OR	2018-07-04	\N	metaDefaultStatus:active	2018-11-05	07:36:59	synapUser:001	patient:zt4bvpx	patientMedication:t3tcy8t	\N	organization:001	[]	3c19c2228579a7b33607f3dee9058bb86a565e24f377bbfeeda4343cdabe8f5704be2f5046b66600f2c9ee301d01a6b42aa197fc2939782e70facf6ce9801aee	patient__zt4bvpx	f
855312	Warfarin Sodium 2.5 MG Oral Tablet	Tablet -1 tablet	metaMedicationDeliveryRoute:OR	2018-07-03	2018-07-17	metaDefaultStatus:inactive	2018-11-05	07:36:59	synapUser:001	patient:zt4bvpx	patientMedication:f8vur3g	\N	organization:001	[]	e126499d37e1dd7175940d21c0ea01008d6dcd0312271ec1e663ab7417e6a6612220d49c4134cba0355968e8d3cb94b116c886414c5fb6a8dbbf67c6549fb4b3	patient__zt4bvpx	f
979480	Losartan Potassium 100 MG Oral Tablet	Tablet -1 tablet	metaMedicationDeliveryRoute:OR	2018-07-04	\N	metaDefaultStatus:active	2018-11-05	07:36:59	synapUser:001	patient:zt4bvpx	patientMedication:jhx86tb	\N	organization:001	[]	4d4244e976e05e35caf1d3243f695a57edaa9471537753aaaaf7a3fc1129c740a5e8438a9253cb5e9604e278be47f8d1901c3168ae3f797cfa1fb7178beb8580	patient__zt4bvpx	f
283672	Citalopram 10 MG Oral Tablet	Tablet -1 tablet	metaMedicationDeliveryRoute:OR	2018-07-04	\N	metaDefaultStatus:active	2018-11-05	07:36:59	synapUser:001	patient:zt4bvpx	patientMedication:jkerdhx	\N	organization:001	[]	03c21c96528f10d68a2a02e308ceaf28a5046c09174a329092e7974244452fd16724b4a627c81d6a7c608e5afa0a9c622152a89559c32b00a1a3eef8cb1e170f	patient__zt4bvpx	f
966222	Levothyroxine Sodium 0.075 MG Oral Tablet	Tablet -1 tablet	metaMedicationDeliveryRoute:OR	2018-07-04	\N	metaDefaultStatus:active	2018-11-05	07:36:59	synapUser:001	patient:zt4bvpx	patientMedication:kfhdj77	\N	organization:001	[]	a120494091ec6119d8987bcdba3af2431935b156b19f8639917765a9900c81ffc5b5e8f2b0da98c8815633b8d3a9893be706d1f36f29d6bc858dc67b7c13250d	patient__zt4bvpx	f
310429	Furosemide 20 MG Oral Tablet	Tablet -1 tablet	metaMedicationDeliveryRoute:OR	2018-07-04	\N	metaDefaultStatus:active	2018-11-05	07:36:59	synapUser:001	patient:zt4bvpx	patientMedication:ata2yw7	\N	organization:001	[]	2c63f0138b7f96865dc78ed5b1c3a0b74e4708eeb7c118fbe0d0e2bdfae07f6994e98d37976bb3bec4c24a6a0a93b617338ea45863df82a2d2a6a8785fc5bb0e	patient__zt4bvpx	f
313782	APAP 325 MG Oral Tablet	Tablet -2 tablet	metaMedicationDeliveryRoute:OR	2018-07-03	\N	metaDefaultStatus:active	2018-11-05	07:36:59	synapUser:001	patient:zt4bvpx	patientMedication:gxmfdff	\N	organization:001	[]	0fdd7e0b1375b8e66635508d83f91ac0e1566be81bb311192d4b574b96b0f0f17001968e7dd1a72fa54a23542b2bd4ba756324a84bb769f795bc11db8a7b911f	patient__zt4bvpx	f
243670	Aspirin 81 MG Oral Tablet	Tablet -1 tablet	metaMedicationDeliveryRoute:OR	2018-07-04	\N	metaDefaultStatus:active	2018-11-05	07:36:59	synapUser:001	patient:zt4bvpx	patientMedication:8yyfj7v	\N	organization:001	[]	c60ad0a9c67692c98690d38ed90c18e8b76e02c8161c64be5b426fe27819e93666b9efa3375c741f287a32d7963684f0dddef6b59ef044d326eff0fbf11af2ee	patient__zt4bvpx	f
835603	tramadol hydrochloride 50 MG Oral Tablet	Tablet -1 tablet	metaMedicationDeliveryRoute:OR	2018-07-03	\N	metaDefaultStatus:active	2018-11-05	07:36:59	synapUser:001	patient:zt4bvpx	patientMedication:pdzmfjp	\N	organization:001	[]	dd2b6c61d5ca8defd46aca3f147a085909308ecc553f4ee91234bb6c94d36aeef6eced5bc2fb6cc278968c39220d743b243931fbb52e6f9651ac9e0b36791e6d	patient__zt4bvpx	f
856364	traZODone HCl 150 MG Oral Tablet	Tablet -0.5 tablet	metaMedicationDeliveryRoute:OR	2018-07-03	\N	metaDefaultStatus:active	2018-11-05	07:36:59	synapUser:001	patient:zt4bvpx	patientMedication:j3amjrv	\N	organization:001	[]	6551fc0165b709f3c48bd68b1eacde83fa4115491dca61b3039587f50a419b36faff220939a3d1facc48690c99b27d60bbb54cec66547b69c7097d413accdfa7	patient__zt4bvpx	f
617311	atorvastatin (as atorvastatin calcium) 40 MG Oral Tablet	Tablet -1 tablet	metaMedicationDeliveryRoute:OR	2018-07-03	\N	metaDefaultStatus:active	2018-11-05	07:36:59	synapUser:001	patient:zt4bvpx	patientMedication:uhdwu83	\N	organization:001	[]	1d6cda975d9fa82f5fef0c543bf98a414b4a2bbfc80dd45eff3f14294152ff21ca85f6ccb3ae5a58762e84a4f658cafb8655eabaf21db5f8eb1e6f4b2d3e7416	patient__zt4bvpx	f
1923426	sotalol HCl 80 MG Oral Tablet	Tablet -1 tablet	metaMedicationDeliveryRoute:OR	2018-07-04	\N	metaDefaultStatus:inactive	2018-11-05	07:36:59	synapUser:001	patient:zt4bvpx	patientMedication:8u7676a	\N	organization:001	[]	9b4ade014e0a373f207ecd1da71bff351efafd98721409ebe042d3312b988ece9739a13e43beb9598faa85cd4e0baf10ff2a483702b03bacba9b919a7f8d5662	patient__zt4bvpx	f
309509	collagenase 250 UNT per GM Topical Ointment	Ointment	metaMedicationDeliveryRoute:EX	2018-07-20	\N	metaDefaultStatus:active	2018-11-05	07:36:59	synapUser:001	patient:zt4bvpx	patientMedication:gxzkdc6	\N	organization:001	[]	79758991a5e51dbf7c8615ec67eb3b161b4f70718a21429b4f0888e45f4bc22f3f8ba5db992d974dc5225e1a7e999176ef1e93989b35160fe22f1503aa3b9335	patient__zt4bvpx	f
855324	Warfarin Sodium 4 MG Oral Tablet	Tablet -1 tablet	metaMedicationDeliveryRoute:OR	2018-07-19	\N	metaDefaultStatus:active	2018-11-05	07:36:59	synapUser:001	patient:zt4bvpx	patientMedication:vajvbzt	\N	organization:001	[]	21bb9de963432d9bcba85f2e6b2ed443ae14d5f3d1eec61e0868e9ab3f4426c605e2b58dd1aa27c6e7f2dc21177e5ac66db1bfb5ee63e5ec020d300c050a0aa1	patient__zt4bvpx	f
313532	purified protein derivative of tuberculin 5 UNT per 0.1 ML Injectable Solution	Solution	metaMedicationDeliveryRoute:DE	2018-07-03	2018-07-10	metaDefaultStatus:inactive	2018-11-05	07:36:59	synapUser:001	patient:zt4bvpx	patientMedication:3me2a7u	\N	organization:001	[]	aa0987cbccf0e70b222a4a004d21406e84d7f6ccdb47ed096ae5016c57e5647d19c431d11f75e3b8547c74f52c7defcd2bee5e54068f749e8bc13b1fe2fdb651	patient__zt4bvpx	f
313773	ZnSO4 220 MG Oral Capsule	Capsule -1 capsule	metaMedicationDeliveryRoute:OR	2018-07-05	2018-07-19	metaDefaultStatus:inactive	2018-11-05	07:36:59	synapUser:001	patient:zt4bvpx	patientMedication:dnrewdv	\N	organization:001	[]	be5411c9f60cd71b1618d66ff0d674fc33df54af639e96ad13c16b9c84accf5d236fc3857bf124f2ceb8af990553b135e3e835ce20c09b6b69f693cce452ffc3	patient__zt4bvpx	f
\.


--
-- Data for Name: patient_prescription; Type: TABLE DATA; Schema: public; Owner: aperiosf
--

COPY public.patient_prescription (deleted, voided, denied, rcopia_id, needs_review, prescriber_order_number, rx_reference_number, created_date, created_time, completed_date, completed_time, signed_date, signed_time, stop_date, stop_time, dr_first_last_modified_date, dr_first_last_modified_time, dr_first_last_modified_by, completion_action, send_method, patient_encounter_id, created_on_date, created_on_time, created_by, patient_id, id, tags, organization_id, custom_property, checksum, object_path, is_deleted) FROM stdin;
\.


--
-- Data for Name: patient_primary_care_provider; Type: TABLE DATA; Schema: public; Owner: aperiosf
--

COPY public.patient_primary_care_provider (first_name, last_name, title, address1, address2, city, state, zip, primary_phone, primary_fax, email, created_on_date, created_on_time, created_by, patient_id, id, tags, organization_id, custom_property, checksum, object_path, is_deleted) FROM stdin;
Alfred	Dolittle	DR	233 4th Street	\N	balmore	metaState:MD	111112	4103332222	\N	\N	2018-09-12	21:19:46	synapUser:001	patient:wvgundh	patientPrimaryCareProvider:ykaccr7	\N	organization:001	[]	0ba042617abf03ac0c2ae289182986398de07a2216d9bb37186a10a56c5830efde789f7c9142c33029a5a823d1cb9658aafce565ffb143be53043a7f022f89fd	patient__wvgundh	f
Abby	Obatuase	NP	700 w 40TH Street 	\N	Baltimore	metaState:MD	21211	4102464396	\N	\N	2018-09-13	15:11:10	synapUser:nt4fnz2	patient:k887f4a	patientPrimaryCareProvider:ynknunc	\N	organization:001	[]	d1883db7b95a104e6614207da112c75122355b86475fa37f28dc99aa85421b4770fee7ea3eee19e77fbd163e58382ad68ad6b6e427a02b074bc778681f692051	patient__k887f4a	f
manish	kumar	Dr.	hjkhkhhjkh	hjnkjnnn	mohali	metaState:AK	787878787	7878787878	\N	\N	2018-09-20	13:22:35	synapUser:001	patient:upfetgc	patientPrimaryCareProvider:ef8wnha	\N	organization:001	[]	eb0b1090d98f994b4e9a0109f7173e757ed1d2cf8ef29444499275ab72c6c44f993f2132b1263e70304e9eeaaa20735c470a57ada560c1f9cb59dc4097e1bdb8	patient__upfetgc	f
PCP	PCP	PCP	PCP	\N	PCP	metaState:KS	111111111	1111111111	\N		2018-09-27	06:12:48	synapUser:001	patient:e7g726n	patientPrimaryCareProvider:x22tyzc	\N	organization:001	[]	5560507393fcf4c05cfc3ba98842fc675d67330fb549cb83bf6fdd4e12ede7ff7c69569b7830ad6f2357f44498beb23b15d045093405bc2eaa67cd9c9af26b2d	patient__e7g726n	f
Allie	Smith 	Dr	Charles St	\N	Baltimore 	metaState:MD	21201	4109804567	\N		2018-10-01	15:59:41	synapUser:001	patient:y26krb6	patientPrimaryCareProvider:vfdyj7e	\N	organization:001	[]	d00471cd230cefc9cac940b32c1cb18dfd784601758e509bdc89e88f50c95effee2346dd3c4fbd821e6eaa077782abb50e0ed8873c59745d6d5a8ef4ebf2ae43	patient__y26krb6	f
sourav	bhargava	md	hjhjjhhjh	\N	mohali	metaState:AL	989898989	9898989898	\N	\N	2018-10-08	05:37:38	synapUser:001	patient:cjrnnwu	patientPrimaryCareProvider:r2h6wn7	\N	organization:001	[]	e9b92d8380b5fbf2c5471c35dada75179afa1248a2562064adbe6972c29c2c4538edb57ada1ea73b918fe2ee45d90e5aba8fe8ab8898fab2c441a63bf7e6f2b1	patient__cjrnnwu	f
sourav	bhargava	md	c003	\N	mohali	metaState:AR	990909990	7878787878	\N	\N	2018-10-08	05:25:39	synapUser:001	patient:636avav	patientPrimaryCareProvider:4d2ap23	\N	organization:001	[]	0c540b97a3ba8045bab723e6042ba0e501259fe939bc69b3191a0002e697cfb22e15a44a166bd36496fb74892420e39d980229be299977a2600591cbdfe4d2cc	patient__636avav	f
sourav	bhargava	MD	C003	\N	Mohali	metaState:AL	767676767	5656565565	6767676767	bhargava.sourav@sourcefuse.com	2018-11-05	06:18:36	synapUser:001	patient:cg4wvr4	patientPrimaryCareProvider:rhhmycf	\N	organization:001	[]	af5cc01f2e0f0354a7d7c69f16e6f00c4dba796120683210b4cd5ba970aa80029d11cd5aa78332774e7ecb095fa77462cc75901cf709645907f7c28b2e8bf62b	patient__cg4wvr4	f
sanitymonday	sanitymonday	sanitymonday	sanitymonday	\N	sanitymonday	metaState:LA	222222	2222222222	\N		2018-11-05	06:56:09	synapUser:001	patient:ybd86v7	patientPrimaryCareProvider:tgvnvpk	\N	organization:001	[]	fe0a6adb86e335b62b678bd7a20f0dac6158aec110156a0c55749de091736513649397d00d103ca5b0bdbd4b8fb07ee7a5f14b1ee65eac5ef86d79195611d7d0	patient__ybd86v7	f
\.


--
-- Data for Name: patient_race; Type: TABLE DATA; Schema: public; Owner: aperiosf
--

COPY public.patient_race (race, patient_id, checksum) FROM stdin;
metaRace:white	patient:ejaddu6	\N
metaRace:nativeHawaiianOtherPacificIslander	patient:jthy3kb	\N
metaRace:declinedToProvide	patient:wvgundh	\N
metaRace:americanIndianAlaskaNative	patient:hm328jc	\N
metaRace:asian	patient:k887f4a	\N
metaRace:declinedToProvide	patient:jwmtjwv	\N
metaRace:otherRace	patient:6wyrptn	\N
metaRace:blackOrAfricanAmerican	patient:mjhtunm	\N
metaRace:blackOrAfricanAmerican	patient:7d6ckym	\N
metaRace:blackOrAfricanAmerican	patient:ut8ex8t	\N
metaRace:asian	patient:at2n2hm	\N
metaRace:asian	patient:upfetgc	\N
metaRace:asian	patient:e7g726n	\N
metaRace:asian	patient:pc2jvfz	\N
metaRace:asian	patient:4yxpan7	\N
metaRace:white	patient:y26krb6	\N
metaRace:asian	patient:cjrnnwu	\N
metaRace:asian	patient:636avav	\N
metaRace:asian	patient:cg4wvr4	\N
metaRace:americanIndianAlaskaNative	patient:ybd86v7	\N
metaRace:blackOrAfricanAmerican	patient:npmchj7	\N
metaRace:blackOrAfricanAmerican	patient:zt4bvpx	\N
\.


--
-- Data for Name: patient_social_needs; Type: TABLE DATA; Schema: public; Owner: aperiosf
--

COPY public.patient_social_needs (educating_coaching_on_self_advocacy, application_form_assistance, burial_policy, energy_assistance, general_relief, immigration_naturalization, life_insurance, long_term_disability, low_income_subsidy_program, medicaid, medicare, pension, prescription_benefits, private_health_insurance, rental_assistance, renters_tax_credit, snap_food_benefits, social_security, social_security_survivors_benefits, ssdi_ssi, utilities_phone_programs, veterans_administration, developed_case_management_plan, implementation_of_case_management_plan, linked_with_outside_case_management_service, eviction_prevention_conflict_management, intervention_requested_by_conflict_management, linked_with_outside_resolution_provider, client_caregiver, client_family, client_client, client_staff, call911, adult_protective_services, assistance_with_disastrous_event, bereavement, intervention_requested_by_management, linked_with_crisis_intervention_support_provider, police_fire_safety_check, psychiatric_emergency, response_to_critical_cilent_harm_suicide, adult_general_education, college, computer_training_assistance, employment_service_provider, english_as_second_language_e_s_o_l, linked_with_outside_education_counselor, literacy, senior_employment_aides_program, vocational_job_training, volunteering, accepting_death_bereavement, counseling_education, information_exchange, related_to_transportation, gave_general_information, gave_resource_directory_list_of_services, shared_quality_time, adult_day_health_care, consult_w_hospital_discharge_planner, doctor_appointments_medical_professionals, durable_medical_equipment_adaptive_equipment, exercise_physical_fitness, fall_prevention, health_clinic_dental_optical_auditory_etc, health_presentation_program, home_health_care_services, hospice_health_care, hospital_admission, hospital_facility_discharge, medical_bills, medication_management, medicine_education_program, new_patient_forms_patient_forms, nutrition_education, outpatient_services, physician_referral, prescriptions, rehabilitation_services, smoking_cessation, needs_p_c_p, bills, correspondence_mail, daily_money_management_financial_management, disaster_emergency_preparedness, disposal_of_apt_contents_upon_move_out_or_death, donations_contributions, frauds_scams, hoarding_and_clutter, lifeline_other_personal_alarm_system, maintenance, organization_of_personal_records, pest_control, pet_assistance_services, reasonable_accommodations, telephone_suggestion, utilities, vial_of_life_file_of_life, domestic_general_housekeeping, due_to_apt_inspection_failure_management_referral, household_goods_items, personal_care, private_pay, clientto_client_networking_realtionship_building, socialization, intergenerational_activities, apartment_inspection_education, eviction_prevention, house_rules_violation_education, h_u_d_policy_clarification, recertification, advanced_directive, birth_certificate_state_i_d, census, jury_duty, legal_clinic, living_will, passport_assistance, power_of_attorney, client_alien_status_green_card, congregate_meals_site, farmers_market, food_bank_food_distribution_program, healthy_eating, home_delivered, nutrition_health_supplements, behavior, gambling_addiction, communication_with_case_worker_doctors, personality, conservatorship_public_guardian, psychiatric_hold_overs, referrals, counseling, day_treatment_program, home_visits, hospital_nusing_home_visit, telephone_reassurance, encouragement_to_attend_event_activity_program, introduction_to_service_coordinator_s_c_program, invitation_to_event_activity_program, new_client_contract, outreach_to_non_property_community_clients, relationship_building, counseling_service, education_prevention_service, intervention_service, linking_with_outside_provider, referral_to_provider, hosted_low_or_no_cost_tax_services_at_property, information_about_low_or_no_cost022, organized_tax_document_and_supporting_materials, prepared_specific_age_disabilitybased_rebates, scheduled_low_or_no_cost_tax_preparation_services, another_apartment_complexunit, board_and_care, family, group_home_assisted_living, hospice, nursing_home, rehabilitation_facility, transition_back_to_apt, translation_interpretation_services, written_documents, bus_passes, department_of_motor_vehicle_drivers_license, drivers_education_defensive_driving, field_trip, medicaid_non_emergency_vouchers, medical_transportation, non_emergency_medical_transportation, para_transit, public_transportation, taxi_service, taxi_vouchers_scrips, to_assist_with_shopping, vehicle_personal_car, vehicle_personal_car_insurance, created_on_date, created_on_time, created_by, patient_id, id, tags, organization_id, custom_property, checksum, object_path, is_deleted) FROM stdin;
\.


--
-- Data for Name: patient_social_needs_assistance_with; Type: TABLE DATA; Schema: public; Owner: aperiosf
--

COPY public.patient_social_needs_assistance_with (assistance_with, patient_social_needs_id, checksum) FROM stdin;
\.


--
-- Data for Name: patient_social_needs_encourage_clients_to; Type: TABLE DATA; Schema: public; Owner: aperiosf
--

COPY public.patient_social_needs_encourage_clients_to (encourage_clients_to, patient_social_needs_id, checksum) FROM stdin;
\.


--
-- Data for Name: patient_social_needs_followup_with; Type: TABLE DATA; Schema: public; Owner: aperiosf
--

COPY public.patient_social_needs_followup_with (followup_with, patient_social_needs_id, checksum) FROM stdin;
\.


--
-- Data for Name: patient_social_needs_identified_encouraged; Type: TABLE DATA; Schema: public; Owner: aperiosf
--

COPY public.patient_social_needs_identified_encouraged (identified_encouraged, patient_social_needs_id, checksum) FROM stdin;
\.


--
-- Data for Name: patient_social_needs_initial_assessment; Type: TABLE DATA; Schema: public; Owner: aperiosf
--

COPY public.patient_social_needs_initial_assessment (initial_assessment, patient_social_needs_id, checksum) FROM stdin;
\.


--
-- Data for Name: patient_social_needs_legislative_action; Type: TABLE DATA; Schema: public; Owner: aperiosf
--

COPY public.patient_social_needs_legislative_action (legislative_action, patient_social_needs_id, checksum) FROM stdin;
\.


--
-- Data for Name: patient_social_needs_on_behalf_of_client_to; Type: TABLE DATA; Schema: public; Owner: aperiosf
--

COPY public.patient_social_needs_on_behalf_of_client_to (on_behalf_of_client_to, patient_social_needs_id, checksum) FROM stdin;
\.


--
-- Data for Name: patient_social_needs_update_assessment; Type: TABLE DATA; Schema: public; Owner: aperiosf
--

COPY public.patient_social_needs_update_assessment (update_assessment, patient_social_needs_id, checksum) FROM stdin;
\.


--
-- Data for Name: patient_specific_document; Type: TABLE DATA; Schema: public; Owner: aperiosf
--

COPY public.patient_specific_document (document, name, type, patient_form_id, created_on_date, created_on_time, created_by, patient_id, id, tags, organization_id, custom_property, checksum, object_path, is_deleted) FROM stdin;
\.


--
-- Data for Name: patient_vital; Type: TABLE DATA; Schema: public; Owner: aperiosf
--

COPY public.patient_vital (observation_date, observation_time, height_feet, height_inch, weight_pound, temperature, pulse, bp_systolic, bp_diastolic, pulse_oximetry, bmi, created_on_date, created_on_time, created_by, patient_id, id, tags, organization_id, custom_property, checksum, object_path, is_deleted) FROM stdin;
2018-07-24	16:26:00	5	6	196.4	97.1	59	145	71	\N	31.7	2018-09-12	17:39:09	synapUser:001	patient:6wyrptn	patientVital:fkgvtwb	\N	organization:001	[]	33b18591b523858028360c7b52e2e32c98f43ea268f50f11ad70f68b26b173b93091eae1fd6de3fd43ff65c34040e39c4affc89c2545a4d44977c15eda99a620	patient__6wyrptn	f
2018-07-25	03:58:00	\N	\N	\N	97.3	82	150	73	95	0	2018-09-12	17:39:09	synapUser:001	patient:6wyrptn	patientVital:gv2cbgx	\N	organization:001	[]	d10b9d578a9386c7062f249ad5461e452442b7adf01cd287a7be673cd59677d1fac7e2f5fb4c0513111369e773d8463a0489423a1013b95ba791ae67d3088a67	patient__6wyrptn	f
2018-07-25	07:52:00	\N	\N	193.6	\N	\N	\N	\N	\N	0	2018-09-12	17:39:09	synapUser:001	patient:6wyrptn	patientVital:xjjtcbj	\N	organization:001	[]	c63a06480d44d551561a800a935b60a3e96591662981f1888cda37ace08aba12e1cd1e9cd1db8372d4922a6276fe2be26feb08e2a7c03d8f511790b184902b83	patient__6wyrptn	f
2018-07-25	09:28:25	\N	\N	\N	\N	67	149	63	\N	0	2018-09-12	17:39:09	synapUser:001	patient:6wyrptn	patientVital:dcz2kkw	\N	organization:001	[]	00ef683b08cfff13612f2b11eb2900ecf6b110b82ecaefb62767bd28904ca179e460d7a7cafd938ca561434f13a2c8bc0d3bc2180cad5d82fbc2ee284c80a381	patient__6wyrptn	f
2018-07-25	09:55:00	\N	\N	\N	96.8	\N	\N	\N	98	0	2018-09-12	17:39:09	synapUser:001	patient:6wyrptn	patientVital:r7dakyk	\N	organization:001	[]	419ac521ec1bb70b74aae6c4e9ba5b5c92b1fbc805d34336b4975868f79763368f562dd11e3519cb35c6b2afcab3a6173619f55978de038006e12e5aca86d3a0	patient__6wyrptn	f
2018-07-25	12:57:00	5	7	\N	\N	\N	\N	\N	\N	0	2018-09-12	17:39:09	synapUser:001	patient:6wyrptn	patientVital:atyazeh	\N	organization:001	[]	74e3c106221aac0d353d70fa5095224dce8f8b9a78c1e762cf9d095f3c54a0b94050174d31f799327263a6b1545ffccc4cafc7139708b4e138ce4923288b2b06	patient__6wyrptn	f
2018-07-26	04:18:00	\N	\N	\N	\N	\N	148	65	\N	0	2018-09-12	17:39:09	synapUser:001	patient:6wyrptn	patientVital:cmmzwum	\N	organization:001	[]	c69bb7a4ba2c506037c834a6456f4cfdbf31d9a90c7d6a3c7e1e0ffb7789fd25b373e02217d0e5c7f54d3bfae1447f8dc6b69c5ebe80e9a0f053f5e61f717124	patient__6wyrptn	f
2018-07-26	04:22:00	\N	\N	\N	97	\N	\N	\N	\N	0	2018-09-12	17:39:09	synapUser:001	patient:6wyrptn	patientVital:dvat6ph	\N	organization:001	[]	78932873c1719ad8cd7274f317b6f9366f26a459a11ca5dacece8867c54d628b304c6032b930a698d0ed585c50439c44390a8969c614830726017ac89bb6ff23	patient__6wyrptn	f
2018-07-26	04:24:00	\N	\N	\N	\N	57	\N	\N	\N	0	2018-09-12	17:39:09	synapUser:001	patient:6wyrptn	patientVital:k2d8d6c	\N	organization:001	[]	348a4c99ebd42d4e779fbceac101220b30c38fd34ee0ce1fb4b4890f2e6c69da5fb4cc92da9232f7c85c7b234a63b6e7a51932ce4c7a8549f460fb543e3d7e90	patient__6wyrptn	f
2018-07-26	04:32:00	\N	\N	\N	\N	\N	\N	\N	96	0	2018-09-12	17:39:09	synapUser:001	patient:6wyrptn	patientVital:cbza6j7	\N	organization:001	[]	42ca2ca5429441f626df0c5b56aa5643d270102cb84832c2e81a232ffa74a491c3c672581cdddf6fe5be3ca6748e6e5be638f66dc7d42273accd6111f0547a76	patient__6wyrptn	f
2018-07-26	07:38:00	\N	\N	193	\N	\N	\N	\N	\N	0	2018-09-12	17:39:09	synapUser:001	patient:6wyrptn	patientVital:2yn22yb	\N	organization:001	[]	a8a623655e0f7360144975b31d47c4c1180842e0219feb00870e394436aee4c70696504d0a0568235a4a05d834ae6250c900629b1261d4bcf9b5beda578fcc16	patient__6wyrptn	f
2018-07-26	09:39:05	\N	\N	\N	\N	54	170	65	\N	0	2018-09-12	17:39:09	synapUser:001	patient:6wyrptn	patientVital:bwv7c2r	\N	organization:001	[]	1909b2770c7ec828a1c55f2cffeea8e91fc46f33074911064cd7acd2c5eaae6f7ad10cfe8116add7e91bfa96231260709ef8a2ec3c994887189330eb227a7d3a	patient__6wyrptn	f
2018-07-26	10:06:00	\N	\N	\N	97.7	\N	\N	\N	\N	0	2018-09-12	17:39:09	synapUser:001	patient:6wyrptn	patientVital:nchezkv	\N	organization:001	[]	417c0fa8529ec512603a992102cf93a87ee96c761a3661f44cc4352b6f341a7ee3ff352113dd0eb66b771b99e8d02015df13a596790fbcd1386995ce7eacfd69	patient__6wyrptn	f
2018-07-26	10:07:00	\N	\N	\N	\N	\N	\N	\N	98	0	2018-09-12	17:39:09	synapUser:001	patient:6wyrptn	patientVital:rkcpkv6	\N	organization:001	[]	29a884332b6ba136336baa1bc180c14835a14105e413e45165c1ecbdae70f17ca13767dafa8a56b3d9e7dbd023745344f4a0bbc44de5e71ec29a0fbff3a089de	patient__6wyrptn	f
2018-07-24	16:26:00	5	6	196.4	97.1	59	145	71	\N	31.7	2018-09-12	17:39:20	synapUser:001	patient:6wyrptn	patientVital:uwkbvbh	\N	organization:001	[]	b58a5a093591437ccd05b0f9f6765fa95e5d61a38171b87a6b6e758d0876f80143ef560e12fdfaa45cf7c8fbca292c0638b003126aedcc0a9bab40d147d24868	patient__6wyrptn	f
2018-07-25	03:58:00	\N	\N	\N	97.3	82	150	73	95	0	2018-09-12	17:39:20	synapUser:001	patient:6wyrptn	patientVital:8cj6cm3	\N	organization:001	[]	56619f55182a3c39dc47a32e72cb710a458eeb13f0fd43653db1f71f9029b34626283573aa6b1dbe000d0b56e986ff57b14f12dc8777f3f778bd14c933f2acd5	patient__6wyrptn	f
2018-07-25	07:52:00	\N	\N	193.6	\N	\N	\N	\N	\N	0	2018-09-12	17:39:20	synapUser:001	patient:6wyrptn	patientVital:n4ruvtp	\N	organization:001	[]	05ccd85e9a60f6c3b89fc7720c0a1f11e16a2a347b70d7cd5bd5d011a482f0688a20a03b134ba193382957c2787df299f63c25609efddd6605b1fea99590ad58	patient__6wyrptn	f
2018-07-25	09:28:25	\N	\N	\N	\N	67	149	63	\N	0	2018-09-12	17:39:20	synapUser:001	patient:6wyrptn	patientVital:jc8cug7	\N	organization:001	[]	2417c217124f3ec5f0357e5468a2746f5d4d6aec72bc765aed659e4773241b3599f9f26fef5497ff6eebb08387d45f53e88051c9c03557ff545ae0d70749d570	patient__6wyrptn	f
2018-07-25	09:55:00	\N	\N	\N	96.8	\N	\N	\N	98	0	2018-09-12	17:39:20	synapUser:001	patient:6wyrptn	patientVital:hdkbevn	\N	organization:001	[]	a6fe4d4479f8ab6e833a905d3ecbf576f7e3fac48ca15e3840cf70623193ef6219d899b28dab8ed117d6983c47f4db0087f5af72fe41e918d27079e070967394	patient__6wyrptn	f
2018-07-25	12:57:00	5	7	\N	\N	\N	\N	\N	\N	0	2018-09-12	17:39:20	synapUser:001	patient:6wyrptn	patientVital:jr4u4tw	\N	organization:001	[]	b54e7a3406de6d8b17dc86ff986f6095b2e07d54bfb99ab41af667168f26e72fa92409ae114bd4b608a32613f044a30077d771d43d2720319aeb3340e3d8a431	patient__6wyrptn	f
2018-07-26	04:18:00	\N	\N	\N	\N	\N	148	65	\N	0	2018-09-12	17:39:20	synapUser:001	patient:6wyrptn	patientVital:2cadxae	\N	organization:001	[]	0d16c24bd2e4f5e29b16d5bb9bf906b13d3373817bf9cacc3bb31bd23945dd4dff244431db36febcb3bffc62c82ef5e6e7d39a508a20d254407573581243c5c6	patient__6wyrptn	f
2018-07-26	04:22:00	\N	\N	\N	97	\N	\N	\N	\N	0	2018-09-12	17:39:20	synapUser:001	patient:6wyrptn	patientVital:8uggwdd	\N	organization:001	[]	3ae90e58694c798706592d8b72f3665004c166f2a1127242678e41211f27b9cf27f635fef263262d952ff8633e982f5317e55c7a5625f18a0ef3585f6fdd00c4	patient__6wyrptn	f
2018-07-26	04:24:00	\N	\N	\N	\N	57	\N	\N	\N	0	2018-09-12	17:39:20	synapUser:001	patient:6wyrptn	patientVital:p2rpfeh	\N	organization:001	[]	ae215f5934aa9d74d5f35da2a8461d238ae89bc2cfa7b929d09acfa5cdea25362a65d6a5eef08b5468f1dac0feeed4e3b6f8bd6f86b816fd523db77374ceafed	patient__6wyrptn	f
2018-07-26	04:32:00	\N	\N	\N	\N	\N	\N	\N	96	0	2018-09-12	17:39:20	synapUser:001	patient:6wyrptn	patientVital:kt4v22h	\N	organization:001	[]	0b5dfb947a30dddac94a8be594e10c523c352c41b7545b9dfea2db934c0ac89723e171367f59a8788b3ae2d9433bc99a69c34ff1deb5895d161990ab00d7d06a	patient__6wyrptn	f
2018-07-26	07:38:00	\N	\N	193	\N	\N	\N	\N	\N	0	2018-09-12	17:39:20	synapUser:001	patient:6wyrptn	patientVital:ra2fjee	\N	organization:001	[]	0398d946a50670e4bd170023996d030aa77ba6696614c69b37b8f4c52c2957203e48e9cd269c2b3f077b1f2e47b78cbdddd7bf02787e6d41b46bd7238e3f1695	patient__6wyrptn	f
2018-07-26	09:39:05	\N	\N	\N	\N	54	170	65	\N	0	2018-09-12	17:39:20	synapUser:001	patient:6wyrptn	patientVital:ut2fpak	\N	organization:001	[]	fa4c12734a28251a99cb4e17196f75d2bdd48dca295b22bfcaa5525cfe79f82370483979088392289cc157d1a9e7dad1f66b596504f35a5e6284f76dec3aa403	patient__6wyrptn	f
2018-07-26	10:06:00	\N	\N	\N	97.7	\N	\N	\N	\N	0	2018-09-12	17:39:20	synapUser:001	patient:6wyrptn	patientVital:rnenmpj	\N	organization:001	[]	bea083a26f73ff8fc848d8bc49de60a987c023df2cff522f0f45155c6bf160c6a84f8ba3a4cef8df9c72c4f0a2d040e845633848efa3ed7b87b82d1d14751ca8	patient__6wyrptn	f
2018-07-26	10:07:00	\N	\N	\N	\N	\N	\N	\N	98	0	2018-09-12	17:39:20	synapUser:001	patient:6wyrptn	patientVital:ankyr78	\N	organization:001	[]	04ccd20a283e5fedb7ea73738e2830ae1acbd1b44db66909562b77320299b606c24243a3382a8fa24abe84570f6fd0dd5c81ef788cdb9faaa21d88953658f208	patient__6wyrptn	f
2018-09-13	18:05:00	5	6	187	98.7	\N	142	80	\N	30.18	2018-09-13	04:06:14	synapUser:001	patient:hm328jc	patientVital:cugg84t	\N	organization:001	[]	3246610cd71e430507d3767cc04a3736220f4cff06cbe76a4d69dfce02edfddcdb9e19af2893599afc1c8cfcdff3bc36d806ee152ef1ac2f182693490ec5be78	patient__hm328jc	f
2018-09-13	11:16:00	5	4	131	98.4	82	138	70	99	22.49	2018-09-13	15:16:55	synapUser:nt4fnz2	patient:k887f4a	patientVital:63eyaja	\N	organization:001	[]	081488a417e580f265f5ca0a80a86fc0ece34376174b23a044ac63287e53dd83cee334ea91e14cd0da2eb2f661d8231ccea765a2ef2778bc898b71d1a55ef94c	patient__k887f4a	f
2018-07-24	16:26:00	5	6	196.4	97.1	59	145	71	\N	31.7	2018-09-13	17:59:56	synapUser:001	patient:6wyrptn	patientVital:bn63e76	\N	organization:001	[]	8949223c227fd107a1543712a4d1c3ad67d2486b1f43c45c4ff594231da749ac95ad279bf8c72b6bfcc4ca40fe39ce6a73bb14e1333c8289bb04a2b2bcea2d17	patient__6wyrptn	f
2018-07-25	03:58:00	\N	\N	\N	97.3	82	150	73	95	0	2018-09-13	17:59:56	synapUser:001	patient:6wyrptn	patientVital:8h7wgrr	\N	organization:001	[]	64be18ca1222c775e4688b1127feab7a413732924868a8cf721f169c66010addfafa24ffc7a9136832eb926c7cbe3fe84e2279e668d00dccdf4cc3a169c221ac	patient__6wyrptn	f
2018-07-25	07:52:00	\N	\N	193.6	\N	\N	\N	\N	\N	0	2018-09-13	17:59:56	synapUser:001	patient:6wyrptn	patientVital:j2rmb3c	\N	organization:001	[]	0ffa1d67e21a9c735bd96552262a202ea2e1a94482c87c4d7f33891e5e03adba4f6268354c9fffb1623032f24f13434fb9388fc2060823f07551318bc0e847f4	patient__6wyrptn	f
2018-07-25	09:28:25	\N	\N	\N	\N	67	149	63	\N	0	2018-09-13	17:59:56	synapUser:001	patient:6wyrptn	patientVital:yduptb2	\N	organization:001	[]	9ccb70b2371f33726e5c3f8c58682fe31708e5b5d902f9e5ac58ac6c58576c52c05e7311968dc8ff9a6222286b1c1c44a58446d903b61f5aaf8b6c1b0d48e639	patient__6wyrptn	f
2018-07-25	09:55:00	\N	\N	\N	96.8	\N	\N	\N	98	0	2018-09-13	17:59:56	synapUser:001	patient:6wyrptn	patientVital:pa6ntma	\N	organization:001	[]	b06657650bda39ea93eaf8fce480e7cc5affe3503f97b36cb30de06826767a8bf02e0c0cf2b303644e87724bd2c5d313719112de0ba2f37aedca745b8b2e9e5a	patient__6wyrptn	f
2018-07-25	12:57:00	5	7	\N	\N	\N	\N	\N	\N	0	2018-09-13	17:59:56	synapUser:001	patient:6wyrptn	patientVital:eabmtdv	\N	organization:001	[]	c48368b3aefd573ed1515835ee999d8b0830f7a6e408b92d84e4abdc856c96971c5128f1bec4a6ed2b9a277f2568a52e71e5aff801e126a251ddc3c1ed10533f	patient__6wyrptn	f
2018-07-26	04:18:00	\N	\N	\N	\N	\N	148	65	\N	0	2018-09-13	17:59:56	synapUser:001	patient:6wyrptn	patientVital:38jpkja	\N	organization:001	[]	1b4d483e7b5b4c54294fa15a847933dfb6ff7f4b4dd300f3264d27955c1eec1e3af74ba2714d5e761f663e5018fd08876401868615f7f63a5a0c67c0768812e6	patient__6wyrptn	f
2018-07-26	04:22:00	\N	\N	\N	97	\N	\N	\N	\N	0	2018-09-13	17:59:56	synapUser:001	patient:6wyrptn	patientVital:hgfhpce	\N	organization:001	[]	738ec86086eb9e3dfa01073912d8d1de42885a6d306ae4cfc23459a52709d9d6c7b6cbe108f735d56d5c54baa26650659726238ab77ae6e937a2b1f33cf6fc70	patient__6wyrptn	f
2018-07-26	04:24:00	\N	\N	\N	\N	57	\N	\N	\N	0	2018-09-13	17:59:56	synapUser:001	patient:6wyrptn	patientVital:fgyazx3	\N	organization:001	[]	0c774794b268f7e6aa9f8ff0553da4942e8be052706079fe6d4072c3697ec5e06cd62ccf54a9dd53fe5a3aaf250b756e737b4634a1b61b92d2a76e77581730ea	patient__6wyrptn	f
2018-07-26	04:32:00	\N	\N	\N	\N	\N	\N	\N	96	0	2018-09-13	17:59:56	synapUser:001	patient:6wyrptn	patientVital:ppdau8f	\N	organization:001	[]	a64be0d3e139f5d079bc44d5c1ab4f36824f2fefa500ea1fef61d4e2e0d647740545b0e0bcafa5f49df9d54e69cf03566d7aa35e13b9bfc4fc54c2b04572fd6a	patient__6wyrptn	f
2018-07-26	07:38:00	\N	\N	193	\N	\N	\N	\N	\N	0	2018-09-13	17:59:56	synapUser:001	patient:6wyrptn	patientVital:tzj7bp7	\N	organization:001	[]	a913904436698ff41a7ba080a53ec77d7cc38c2be8c94f6a3eeaeca787e84a969b257d494b2ac1be94174fae3d87bdc6959dd934e05161ce5d34aa4a254ac82a	patient__6wyrptn	f
2018-07-26	09:39:05	\N	\N	\N	\N	54	170	65	\N	0	2018-09-13	17:59:56	synapUser:001	patient:6wyrptn	patientVital:kmtnn2h	\N	organization:001	[]	3a5529da7d1201353cfba968c585f7e72e147e8cda619a3a4e805dcf0267d69ce850f40d09536ae32e4ce97edecf06f7cadd6b529d4446492e3dc3c758f12d17	patient__6wyrptn	f
2018-07-26	10:06:00	\N	\N	\N	97.7	\N	\N	\N	\N	0	2018-09-13	17:59:56	synapUser:001	patient:6wyrptn	patientVital:ppbj3nf	\N	organization:001	[]	5089955c97b3aec02064f2372a0d889c16b9a624367817df4ec05d6967d5aa5ef4bc6d55999b915d961d6d885fc9d52ae9f635a831118f8ebbe17859b94448bf	patient__6wyrptn	f
2018-07-26	10:07:00	\N	\N	\N	\N	\N	\N	\N	98	0	2018-09-13	17:59:56	synapUser:001	patient:6wyrptn	patientVital:378z8nc	\N	organization:001	[]	980d0bdb02f352cf9a99078d10bd4193e7629881f8fdfb141e0f4a23b9622f078ea389185a75d92f54511321d2533adf31df092aeb5e6c93b3d0f863fa196029	patient__6wyrptn	f
2018-09-05	20:30:00	\N	\N	143.6	\N	\N	\N	\N	\N	0	2018-09-13	18:50:55	synapUser:yc3a7ba	patient:mjhtunm	patientVital:npb7maw	\N	organization:001	[]	b57a9bcdf4f3066ec35ca8eb2f0ec47850c09a46573533063d5297aec7a7279d543223e898f95f18aa7721a198428437f89c738531434172bfbe510e878fa9e9	patient__mjhtunm	f
2018-09-05	23:12:00	\N	\N	\N	96.8	\N	168	82	\N	0	2018-09-13	18:50:55	synapUser:yc3a7ba	patient:mjhtunm	patientVital:vjefw6p	\N	organization:001	[]	518b6e51b6602a235f7c468cf018823c299a7cd17be775ca0608978a5eae1435d282a6ebd98881a97db1b8ae8f0944425ef78df53a159960f853a00e06202195	patient__mjhtunm	f
2018-09-05	23:13:00	\N	\N	\N	\N	96	\N	\N	\N	0	2018-09-13	18:50:55	synapUser:yc3a7ba	patient:mjhtunm	patientVital:32dard2	\N	organization:001	[]	181cd9539a13bbc6407caa1a29ac641c75247493ef4a47d1d052b00c7d5ddb28141fe00e38e213380edabb509aba4047d4021888bc71b623b34839dc0ef39bd0	patient__mjhtunm	f
2018-09-05	23:14:00	5	0	\N	\N	\N	\N	\N	\N	0	2018-09-13	18:50:55	synapUser:yc3a7ba	patient:mjhtunm	patientVital:7gkvufy	\N	organization:001	[]	1d5b402f28596d002bb4e2c0e016cadf17ede5b98ab73da6bc5fb09c6553e0993fbe3984b15a680f3d4954fb47b73c77af520874cd770cec4d6a1c3ecc4208e2	patient__mjhtunm	f
2018-09-06	00:29:00	\N	\N	\N	970	66	181	77	98	0	2018-09-13	18:50:55	synapUser:yc3a7ba	patient:mjhtunm	patientVital:uxr3hxc	\N	organization:001	[]	36fa41418afe3bbe6a01190bccd9be0bab66e571ab584c52c585ee5db6f4146e3ecc0aedd59145d1b4e169649c8f29fe9c7cf1a1ab35b3807089fc95d98a9a6b	patient__mjhtunm	f
2018-09-06	12:42:00	\N	\N	\N	96.8	75	170	80	96	0	2018-09-13	18:50:55	synapUser:yc3a7ba	patient:mjhtunm	patientVital:hhmhxcy	\N	organization:001	[]	519f935ff877da818bdb28fcc2285397dfa6b227b76c0fd3a64ca2ea49bbac7bfad9e63b617fc34288b9c08dbb89429517957bb32235f7968481fe866e4296a4	patient__mjhtunm	f
2018-09-06	16:16:00	\N	\N	\N	97.4	67	\N	\N	95	0	2018-09-13	18:50:55	synapUser:yc3a7ba	patient:mjhtunm	patientVital:vppfyh4	\N	organization:001	[]	b41ffa8da403dad8a31e4b9b690efafd78e81644fdd1bbcbe9d445a964a5f79214b30d9f34e34e09ee7913696d63731de141057a1187ce73df6e8d57b90e035d	patient__mjhtunm	f
2018-09-06	17:14:00	\N	\N	\N	\N	\N	153	85	\N	0	2018-09-13	18:50:55	synapUser:yc3a7ba	patient:mjhtunm	patientVital:6mb8dng	\N	organization:001	[]	4d234b70d66693cc81f1b18483fbecb5d29b3a9edb962288992f823bda639f97be4742bacddb0229d17adae67a1b4a36d4a601a5439df4b7813f437cfa029647	patient__mjhtunm	f
2018-09-07	11:12:00	\N	\N	\N	97	90	142	77	\N	0	2018-09-13	18:50:55	synapUser:yc3a7ba	patient:mjhtunm	patientVital:b8v4mux	\N	organization:001	[]	ca0baac051be8872bb954bd48372cde1dc48b6844b5562accd0975ac80dded5a7fe73130671d9eab4cd9f92ebfe19c88f4a4f2937bee217561ac262beaa146bb	patient__mjhtunm	f
2018-09-07	15:49:00	\N	\N	\N	97.2	68	100	64	95	0	2018-09-13	18:50:55	synapUser:yc3a7ba	patient:mjhtunm	patientVital:juf4e63	\N	organization:001	[]	480ee0bfaa8acf3075634df202d1ceeb35e45108edd053b32dcebd9dea8a2f7475428ec72d74b2c901eea7b76b33d8c88fd250ee7f8d832717983b6651c9f072	patient__mjhtunm	f
2018-09-08	08:37:00	\N	\N	\N	\N	82	155	72	97	0	2018-09-13	18:50:55	synapUser:yc3a7ba	patient:mjhtunm	patientVital:cwnumj6	\N	organization:001	[]	6719da469f1814977f0c1e23a5a4f07a39071c82a272941b5d1cd84cb3a139d7b96e7f4624d3f17822b5c90565ff1e5a487b1161108af96c2ee1bac1f4b44782	patient__mjhtunm	f
2018-09-08	08:48:00	\N	\N	\N	97.4	\N	\N	\N	\N	0	2018-09-13	18:50:55	synapUser:yc3a7ba	patient:mjhtunm	patientVital:twbckte	\N	organization:001	[]	51a649e1b8e560ed3db2885ca1e69d9c93bb73a325f79319f4ac275bdac3643f5fd522a13b20a1dcc33960f3b0209d830739c2c16e5724cca2674a57c38dcede	patient__mjhtunm	f
2018-09-08	17:08:00	\N	\N	\N	97	78	119	65	99	0	2018-09-13	18:50:55	synapUser:yc3a7ba	patient:mjhtunm	patientVital:vgf646f	\N	organization:001	[]	5da36d19cd53490eed04c43e67aa87e856a77588f425e08ef283469866db7672ef153e8b2ed6e93f3d842c7f348d14abdfad8671aea5a9469d8928b2c29d3971	patient__mjhtunm	f
2018-09-09	11:52:00	\N	\N	\N	97.2	68	130	80	98	0	2018-09-13	18:50:55	synapUser:yc3a7ba	patient:mjhtunm	patientVital:t6zbdvp	\N	organization:001	[]	0eb40107b1c1ae8688e51046df266554084bf24207ac51c8d50cf5068dcc562ea0e42358bc430968cb07b909c8afdbb3be5f7e5caa7e903ac8c63b76d878ee7d	patient__mjhtunm	f
2018-09-10	10:04:00	\N	\N	\N	97.1	77	138	72	\N	0	2018-09-13	18:50:55	synapUser:yc3a7ba	patient:mjhtunm	patientVital:47ump3e	\N	organization:001	[]	04bc514e1219a1429a212a0bc5c8e9fe02d4e5e92311d2c978030e88a235cc70c745e52ecf71532315d05accaaf6d07f80c8721dc01e09a52e2a6f5df9547c4f	patient__mjhtunm	f
2018-09-10	15:44:00	\N	\N	\N	97.2	81	121	66	96	0	2018-09-13	18:50:55	synapUser:yc3a7ba	patient:mjhtunm	patientVital:nfbp77x	\N	organization:001	[]	75371b87a9e194bb1e3d5c804134fb8b916140eb34d974e80e5be4c423cedb1173523f83d13e59e5939049c2d56a3b064a85a9ddea31e48085cf60d903928552	patient__mjhtunm	f
2018-09-11	00:24:00	\N	\N	\N	97.1	69	121	71	97	0	2018-09-13	18:50:55	synapUser:yc3a7ba	patient:mjhtunm	patientVital:ub6rh3m	\N	organization:001	[]	d611b1b4c65943fd70d76d5738cf32b58b0a5bb362412fea8a778cdc27301efe60602a8125581d22955dc8066d9d541a7646c4bf49104b9761ac0e9e60d1b0a1	patient__mjhtunm	f
2018-09-11	10:42:00	\N	\N	\N	98	74	131	75	98	0	2018-09-13	18:50:55	synapUser:yc3a7ba	patient:mjhtunm	patientVital:47jtv2f	\N	organization:001	[]	2e6dda4b129d73c8e3e6743e25a2ddf7d7cab070ce418e646b9e398ec141a29e298ac280e720f8dcd85afa945f71219c705566693eae1ad19eee6c8662517617	patient__mjhtunm	f
2018-09-11	16:00:00	\N	\N	142.6	\N	\N	\N	\N	\N	0	2018-09-13	18:50:55	synapUser:yc3a7ba	patient:mjhtunm	patientVital:utmgnwp	\N	organization:001	[]	7a856ad41f0f3f2e4569b25911a8d6ff06f7f4d7ef307828ecc98c49805b9c575145521283e781a39267b5e539d47ba8dfb550bc1acfe2fc17ff7b5b5bae24af	patient__mjhtunm	f
2018-09-11	17:53:00	\N	\N	\N	96.6	86	125	72	96	0	2018-09-13	18:50:55	synapUser:yc3a7ba	patient:mjhtunm	patientVital:2jh4unw	\N	organization:001	[]	c5f70ee3c3784850db811e32c61414f675d2c1ee60021ca180c1f172cc01b1a2d64bf2aa5f48ba1e79a914047468854cf9704e558c5e1f35ed7a1a3e2c898c94	patient__mjhtunm	f
2018-09-12	03:07:00	\N	\N	\N	96.9	70	123	67	98	0	2018-09-13	18:50:55	synapUser:yc3a7ba	patient:mjhtunm	patientVital:kd6gej7	\N	organization:001	[]	6563c85939197295c15c7c383655e68c8d901ee3be68f70c0e22d911046b74b321701b8d4c9ecad9d49f4f7ba3d910ecd46dc02ba2b539e765779e0c9e52ec40	patient__mjhtunm	f
2018-09-12	10:53:00	\N	\N	\N	97	72	158	67	96	0	2018-09-13	18:50:55	synapUser:yc3a7ba	patient:mjhtunm	patientVital:ezpxnag	\N	organization:001	[]	9b1b689fd1cc528fa276b2efae07c98b2f44f0274b09f0804106079fca5db4e6d14343a6caa451ddcf08daca6bcac508a8cd50ca0d6461900e2a94075ca53f8a	patient__mjhtunm	f
2018-09-12	18:04:00	\N	\N	\N	97.4	71	136	71	99	0	2018-09-13	18:50:55	synapUser:yc3a7ba	patient:mjhtunm	patientVital:6xb4z3x	\N	organization:001	[]	297544c11d32d07a9fa3424265feec9c827595087808853af2e929d1ff53a68f2553dff1dee5c31b3f5d938dad73c2b47d5efc64947da595b9dd24e646693541	patient__mjhtunm	f
2018-09-13	00:32:00	\N	\N	\N	96.6	67	137	63	98	0	2018-09-13	18:50:55	synapUser:yc3a7ba	patient:mjhtunm	patientVital:bad22rj	\N	organization:001	[]	b17774522ad5f32733867142d11eb4398df6d087a7728bb40ea1642905d1f82fdac4682839da947ee4e1c0f94280b0377b7368ebce9f95d449c9bb8e5ca8b6ae	patient__mjhtunm	f
2018-09-13	10:01:00	\N	\N	\N	97	89	156	79	96	0	2018-09-13	18:50:55	synapUser:yc3a7ba	patient:mjhtunm	patientVital:tw3b3bt	\N	organization:001	[]	b2feb92eee93a5e3db1862a527bf911bc508ed5b7aba5bd024768c419dd4e1ce0a2a3ff7396c6447f504f30a6b44302e74b6c5e0e8909a700eb557f40086ebc3	patient__mjhtunm	f
2018-07-25	20:35:00	\N	\N	\N	97.7	\N	\N	\N	\N	0	2018-09-20	11:51:41	synapUser:001	patient:7d6ckym	patientVital:ptrkxrf	\N	organization:001	[]	71f6239a13a8fb520c7d1c534d06c48e50873e02178696d14871e04d366db6e15c3257a3931fba162d1399877b5ba55e71467bb843dc409ceea007926271950e	patient__7d6ckym	f
2018-07-25	20:36:00	\N	\N	\N	\N	93	138	77	98	0	2018-09-20	11:51:41	synapUser:001	patient:7d6ckym	patientVital:xnymeva	\N	organization:001	[]	3aab9200c91bcedcf1b5fa69b6877fe65cc293c64b8ac37fcad662392d379946a09a0411b7ff899f9b0071f4cab4223b6ffe6a73ee929fbdc67943f3ccd42bac	patient__7d6ckym	f
2018-07-25	22:42:00	13	11	243	\N	\N	\N	\N	\N	6.13	2018-09-20	11:51:41	synapUser:001	patient:7d6ckym	patientVital:b4b722g	\N	organization:001	[]	2eec5617d228d76ee5184336dad92c1053571beb77a9481c9da03429fa66a1a9dc782788edd029be9217d3a224a81f27f537ce54d3ca82426915bd3cfcfed31c	patient__7d6ckym	f
2018-07-26	05:39:00	\N	\N	\N	\N	\N	126	62	\N	0	2018-09-20	11:51:41	synapUser:001	patient:7d6ckym	patientVital:hhrh624	\N	organization:001	[]	112c52cad0011c8dec6753b86184cd6a96778fa8cc97860ecb7cc933276b78fcac96d107e197abdf72a3a996143821696624a25e12145b9bf897cef13f093ad9	patient__7d6ckym	f
2018-07-26	05:42:00	\N	\N	\N	97.9	\N	\N	\N	\N	0	2018-09-20	11:51:41	synapUser:001	patient:7d6ckym	patientVital:gwhrjae	\N	organization:001	[]	4867368f84f1c9f733169053d55325a53c49a86ba0e22b15968e3a907d1676175b2c044704ac6bd2ff5d94de461d1c6d838ff6d39937f8af95af5fc7f59ca3c6	patient__7d6ckym	f
2018-07-26	05:43:00	\N	\N	\N	\N	78	\N	\N	\N	0	2018-09-20	11:51:41	synapUser:001	patient:7d6ckym	patientVital:f3p2g6h	\N	organization:001	[]	8834315d7776783652a6b1d0d04c8c5cf62dcb969dbf4849666f7f7c9b083632324965e213c18fdcc04360b3e86b02ea5145ca97921fe9576c2936f146a7f0fa	patient__7d6ckym	f
2018-07-26	05:46:00	\N	\N	\N	\N	\N	\N	\N	99	0	2018-09-20	11:51:41	synapUser:001	patient:7d6ckym	patientVital:ff8uyjt	\N	organization:001	[]	3c6b2e7ad2a72245dda716ce0fdcce82807bb8ca0b8f1115b7ca1ef328bd142e8c36c6eb172f34e086ef4e87b2caa02da5ff153a6b9ee8cd586f406a227b4839	patient__7d6ckym	f
2018-07-26	11:10:00	5	5	\N	\N	\N	\N	\N	\N	0	2018-09-20	11:51:41	synapUser:001	patient:7d6ckym	patientVital:2gh3gfr	\N	organization:001	[]	8234aba2104f8213330d300f51380652c69cee627258ca7ae6dbcc259440e6e39aba7cbb46b68339cf2bb00b941ea382abead6a9f4c9636fed07dff5d8f9056e	patient__7d6ckym	f
2018-07-26	11:24:00	\N	\N	\N	99.2	76	143	67	98	0	2018-09-20	11:51:41	synapUser:001	patient:7d6ckym	patientVital:3nz836x	\N	organization:001	[]	9a0fb9236d72a4cedf88d101f152b7e90ea36f7562b27c1d37871ce8909089396ebd01c84ccf458211a2f8a27bd679400e8a31982c7c1254c01b9e5af56855f8	patient__7d6ckym	f
2018-09-20	17:39:00	6	2	123	98	80	12123	123	98	15.79	2018-09-20	12:09:30	synapUser:001	patient:at2n2hm	patientVital:kuvkyjw	\N	organization:001	[]	e14732e133cb07b8b0a30d272f79d9de7aa3e4c87b94500cf6eedd41c96a9656afc25645e62d06151d877e5fbba97f9a2cd53a31dc6fb0b5a8e37609af651b94	patient__at2n2hm	f
2018-09-06	15:15:00	5	6	120	98	90	120	80	90	19.37	2018-09-27	05:55:47	synapUser:001	patient:pc2jvfz	patientVital:7ypgayt	\N	organization:001	[]	ecff768aa5503521eaab56b710699737ebab8f6af1d203efa32d12b32ab9783fa2e36cfdb2ee766f3810aa7b2fd85011fbc7e0134c7192b8839d8137299d8ba8	patient__pc2jvfz	f
2018-11-05	11:54:00	5	5	190	98	90	120	80	90	31.62	2018-11-05	06:25:05	synapUser:001	patient:cg4wvr4	patientVital:gnumfdr	\N	organization:001	[]	dba74771ecb5330839c6bcf413544364755fcda36ca670cc79ac406ecfd08ee945db9cecadc7a75e2f5a8e5c80e7fb74c18dd1628a43331f25280ab1fd81fdff	patient__cg4wvr4	f
2018-07-03	19:27:00	5	5	144.6	97.3	58	140	54	98	24.06	2018-11-05	07:36:12	synapUser:001	patient:npmchj7	patientVital:dhuza28	\N	organization:001	[]	d315db5cf9d3b8952dd7f7a26b8015fcdce1a1c991a3c9be7cbf2bc2d07e8ed83be9a37302219e152a705a3f5794312f1aeb1df61ac8b35f48186cd03d9363f4	patient__npmchj7	f
2018-07-04	06:41:00	\N	\N	\N	96.7	58	118	60	99	0	2018-11-05	07:36:12	synapUser:001	patient:npmchj7	patientVital:fre3h2m	\N	organization:001	[]	517f4d745900bbbd9e771b0e3b881175f03841d918d43e1878b84f93fe9c6705f95523118e365ecfd14a464b0847e09a9484c4a83814a1e2c778b56a2da00919	patient__npmchj7	f
2018-07-04	09:28:50	\N	\N	\N	\N	70	139	63	\N	0	2018-11-05	07:36:12	synapUser:001	patient:npmchj7	patientVital:ky7uvzb	\N	organization:001	[]	a1ea913140eac14f6cc35f1b3f52bb9ebdc2eb33e1d9e4046f455fae91a2f561de5103bad345ebf43877dc943d0844733d5d53f525e0b5907511f0cef4f5849b	patient__npmchj7	f
2018-07-04	11:13:00	\N	\N	\N	98.4	\N	\N	\N	98	0	2018-11-05	07:36:12	synapUser:001	patient:npmchj7	patientVital:dfrxz3u	\N	organization:001	[]	02919eb40e70a2d6cd6e9970474f80c765d044fe303488b6e18f204959a3aea7603380a606f0ccf86c298093ff9e9d1337f76d86d809b3aad4958b57a6533131	patient__npmchj7	f
2018-07-04	16:09:00	\N	\N	\N	96.9	63	142	58	95	0	2018-11-05	07:36:12	synapUser:001	patient:npmchj7	patientVital:jnv43pz	\N	organization:001	[]	364ff16a7d53de365047b31b846e8b055d409353d7125c427e3d531a0ad284524e7fa53968c57677a865843940947eed6c4e2752b1a14e26e33a14e7c894c8a0	patient__npmchj7	f
2018-07-05	04:41:00	\N	\N	\N	\N	\N	102	51	\N	0	2018-11-05	07:36:12	synapUser:001	patient:npmchj7	patientVital:2kucger	\N	organization:001	[]	85073fdf8ac13c50df354f8caf33a26daa924b4ec5c2581342d4e9c5844713a67ed41c611311dd6cc8596b8439c8b5b1752e975570ab6bc5af91b597f368d283	patient__npmchj7	f
2018-07-05	04:47:00	\N	\N	\N	98.1	\N	\N	\N	\N	0	2018-11-05	07:36:12	synapUser:001	patient:npmchj7	patientVital:kmw4ha8	\N	organization:001	[]	484e86f183df741a4ecda4a153637e2b88684074f58d99e1cc7fb6045ac33eeab62481577a2bd4d2ea0e7849bcdfe39ddf402d4dae60ce6f39674c17c5c9de80	patient__npmchj7	f
2018-07-05	04:53:00	\N	\N	\N	\N	77	\N	\N	\N	0	2018-11-05	07:36:12	synapUser:001	patient:npmchj7	patientVital:hpfket3	\N	organization:001	[]	29e9dee02e7efc1c02806f8badc3be66ec72d3a9331a3ed21e02525566b4ce4775b5f868c3ac13693a4deec0c73a8e3bc13df372e704df5362d49822f52dc8aa	patient__npmchj7	f
2018-07-05	04:56:00	\N	\N	\N	\N	\N	\N	\N	100	0	2018-11-05	07:36:12	synapUser:001	patient:npmchj7	patientVital:kapkxra	\N	organization:001	[]	c9abbb6710324215d46c80d7571b721391e4fa8840d6f1dd8cad7ab2202a6bd7738f45674df98693f615d2b2d77b93b208ad689ebd8cccd656431fa34e758ac2	patient__npmchj7	f
2018-07-05	09:29:52	\N	\N	\N	\N	66	154	69	\N	0	2018-11-05	07:36:12	synapUser:001	patient:npmchj7	patientVital:vpmpvz8	\N	organization:001	[]	de27b44d8cc1738adb7f11404f310721910f518bceb38aa93d28d34f156517373532c753cfda06ab556fd9839ce0a0453f5367d6d3ee898435c588231f4d63dc	patient__npmchj7	f
2018-07-05	10:34:00	\N	\N	\N	98.4	70	154	60	100	0	2018-11-05	07:36:12	synapUser:001	patient:npmchj7	patientVital:2f3pzfk	\N	organization:001	[]	847f7bfe4b3a7fb7653672377f231bcc84abcd55acc2f542cb1ed241f7292e042d4f9839cfd98ba0c241c152fd612b47e000028249372858601f3ac7eacd83be	patient__npmchj7	f
2018-07-05	19:15:00	\N	\N	\N	97.2	66	111	58	95	0	2018-11-05	07:36:12	synapUser:001	patient:npmchj7	patientVital:hfb4ex6	\N	organization:001	[]	84d1754f4e10d65048ef491c318b19c7c7d0175cfd29384fc24350fed8d4ff83ca544468e24e4fab76f3c2afdd67dea783c8dd590f2810d782a751aa34af2837	patient__npmchj7	f
2018-07-06	02:59:00	\N	\N	\N	99	20	91	47	99	0	2018-11-05	07:36:12	synapUser:001	patient:npmchj7	patientVital:dc44axp	\N	organization:001	[]	db8117fd2055a257a9ac23f91eb91181697c77f36c6d3aab322ec024a8ed24cd1edd05ebb88c0a5ca0db4198d4aea5717788b54ed0f81f1f93b7b60ab8f15bb8	patient__npmchj7	f
2018-07-06	09:21:06	\N	\N	\N	\N	64	109	54	\N	0	2018-11-05	07:36:12	synapUser:001	patient:npmchj7	patientVital:7w8pwmw	\N	organization:001	[]	47d1ec6d4848320378fe201cb3f665395d7ddf83bba05007a7a2db39206b0b339eff0e1d074680162606b050d67e471e8b69e2192323c96739fbd42e407aafe2	patient__npmchj7	f
2018-07-06	16:19:00	\N	\N	\N	973	65	110	60	98	0	2018-11-05	07:36:12	synapUser:001	patient:npmchj7	patientVital:4uwrecr	\N	organization:001	[]	5bad2282c8debff55d40385cfde0ed19cf3a501d5d158f9135800cd4f72c5c30a8a10a211299a8df995870b89e8394187f9e52a58debd7b84f8899f85dbbc5ac	patient__npmchj7	f
2018-07-06	20:25:31	\N	\N	\N	97.3	65	112	63	99	0	2018-11-05	07:36:12	synapUser:001	patient:npmchj7	patientVital:dphb6bm	\N	organization:001	[]	d3c8c8673530f51cb8d30cac2698094c7b4f2e4582b873c506f1bc95d93fd5ed5ab23c509d6132d316edb4957aae2e86e99b3473da0e4250aa2f1b2ae310f353	patient__npmchj7	f
2018-07-07	00:06:00	\N	\N	\N	\N	82	\N	\N	\N	0	2018-11-05	07:36:12	synapUser:001	patient:npmchj7	patientVital:pbxpw42	\N	organization:001	[]	fd176a671445a4a9e3417f203ac2bb05b5f380f4f3bf1edfd859ab4f151de2b9d3e0bf592b276bb41c8e30ccb60217700bc597c0c3598ea9aa0810877628b210	patient__npmchj7	f
2018-07-07	01:45:16	\N	\N	\N	97.7	82	128	82	98	0	2018-11-05	07:36:12	synapUser:001	patient:npmchj7	patientVital:r26ahe6	\N	organization:001	[]	e2963b84b060bf6f59a98c9854d1270b7f64b919ce62694c6517d5955d0ef322a88c102aa97ae5e26a50d30943508fbe7d0adbbe751afc1f58f381506279f56b	patient__npmchj7	f
2018-07-07	05:00:00	\N	\N	\N	97	80	117	55	98	0	2018-11-05	07:36:12	synapUser:001	patient:npmchj7	patientVital:zdztry6	\N	organization:001	[]	20a3760bb2a0dff178967b745ca2bc5b4f88b20c1623cdedf7a83579b023deb4fbd4a41b0e470df9227833c799c55a99c76d859e66f925a80916852968ceca68	patient__npmchj7	f
2018-07-07	08:33:35	\N	\N	\N	96.8	58	148	62	94	0	2018-11-05	07:36:12	synapUser:001	patient:npmchj7	patientVital:brg6atc	\N	organization:001	[]	687f9611cb72290fd13170e4716c2c66459aa066e474e0d2275ee215bd49415a3a171b8ffff94de4382a66d8200580c55d4124a4478e33d570dca9d6c560fc3d	patient__npmchj7	f
2018-07-07	08:38:58	\N	\N	\N	\N	58	148	62	\N	0	2018-11-05	07:36:12	synapUser:001	patient:npmchj7	patientVital:h4cgbfr	\N	organization:001	[]	7c35dca3a6ae7884838f490b5adda709363803e2091c8b123b812b85dfe444a78c3c05e0fc43cc697e3ab4ef0fb05c29ad2eee9b97751770d58e6d3743537781	patient__npmchj7	f
2018-07-07	12:39:34	\N	\N	\N	97	60	169	58	100	0	2018-11-05	07:36:12	synapUser:001	patient:npmchj7	patientVital:vm6dj3m	\N	organization:001	[]	8063baa1e1576ab3c41e0dac777c456090ca4afdc3b3d3206ac7f80827e8747322469ecbec81530c76590642a1cf9716a5c6c3f5db4a71ff833e901d10344c91	patient__npmchj7	f
2018-07-07	21:25:15	\N	\N	\N	98	75	122	60	98	0	2018-11-05	07:36:12	synapUser:001	patient:npmchj7	patientVital:xr3cmkp	\N	organization:001	[]	e7c934c6d8cf567b83483ec2ec6e2b5b8c12a95e79bbc9dc190a8bbaf4374ef1cbb42ae2f8025ed95283d438d2fd7ca039753b3c0cefc225f36f0ff53880fc9e	patient__npmchj7	f
2018-07-08	01:54:22	\N	\N	\N	97	62	101	66	96	0	2018-11-05	07:36:12	synapUser:001	patient:npmchj7	patientVital:a6tv7re	\N	organization:001	[]	7c24b092c539bea93c72abf117f6201acce1f3a708d961eeaef6b3366b42e946cdcb70e052d7aa06e585f2b504ba9f1315d1cb96c789d4339652899f470493f3	patient__npmchj7	f
2018-07-08	06:20:14	\N	\N	\N	98	61	110	62	99	0	2018-11-05	07:36:12	synapUser:001	patient:npmchj7	patientVital:fgwwyjj	\N	organization:001	[]	6ce34079eda47aab95b653d4517c6fa87b4ce75c4e606526a2b9d5cdd27680352f7830a6ecad36bf2acce5038310965b1b3a1e08d15d9ada7bdb6643756f3ac4	patient__npmchj7	f
2018-07-08	06:46:00	\N	\N	\N	\N	\N	101	56	\N	0	2018-11-05	07:36:12	synapUser:001	patient:npmchj7	patientVital:xv7gwb7	\N	organization:001	[]	d07e7ddd285924ff64e7c8417ac920818cfb1b1760c63d9835789894a283b1b75b9a77f2e19e96afd795787ed55e980c26e8e8349ffb9b72cf62501f5c77ffc5	patient__npmchj7	f
2018-07-08	06:52:00	\N	\N	\N	97	\N	\N	\N	\N	0	2018-11-05	07:36:12	synapUser:001	patient:npmchj7	patientVital:peyrwrd	\N	organization:001	[]	4d38659adafd1c2e701eb0b871c778325ad0546d4a2409c80b66f25bb31c7db2ceeb199f1772ded4b61a3b935115a41402ecbe3d2e00e2067f6f1ca6f930fe9d	patient__npmchj7	f
2018-07-08	06:53:00	\N	\N	\N	\N	62	\N	\N	\N	0	2018-11-05	07:36:12	synapUser:001	patient:npmchj7	patientVital:v3cn34u	\N	organization:001	[]	4bcdfa52e1f07554259f41fe4fb799b2617894e479d7b150aa29bcc2bf9c61ea41eaaa501aaa8f18a0f5de232ff058142ef589f5e591931cec8f5d929f65e7dd	patient__npmchj7	f
2018-07-08	06:57:00	\N	\N	\N	\N	\N	\N	\N	95	0	2018-11-05	07:36:12	synapUser:001	patient:npmchj7	patientVital:uvewzz3	\N	organization:001	[]	2d41ca832c5302aaee3b56f07bdd00899f946f6b2640c50b72e31bd386b75ce1eb41e6a5b4a12200081063c695222a67ad7658ef5b2c26a8243d24620e139098	patient__npmchj7	f
2018-07-08	12:12:58	\N	\N	\N	97.3	64	122	70	97	0	2018-11-05	07:36:12	synapUser:001	patient:npmchj7	patientVital:ptmjc6m	\N	organization:001	[]	3f0bd82a35fab011f26dceea8fbe743eea33c8bec2c2bc3f73395852835255f3f0313208c71525ae7bedd4abc1582a11f12038d71f1d29a103445bd65a16b253	patient__npmchj7	f
2018-07-08	12:19:33	\N	\N	\N	97.3	62	125	52	97	0	2018-11-05	07:36:12	synapUser:001	patient:npmchj7	patientVital:r6pnm2h	\N	organization:001	[]	8772e1c3cdad325a92f0e07daf044696fd0860c4adf7f7d49ea5ba80fc00b233c294a081134b6eab1f61856f4794b876ecf9b1d9b03baed1d4f686115bb2f9bc	patient__npmchj7	f
2018-07-08	17:43:37	\N	\N	\N	97	61	101	56	95	0	2018-11-05	07:36:12	synapUser:001	patient:npmchj7	patientVital:28tugmr	\N	organization:001	[]	5f141cddc02b17b574b9f3d273e22cae54f29d2fd6f77af74fa31bddc7de40a506932a3dd0fdf2f53fb0679e6db697a09e3fcd335e18040ced8e41f57b1e0010	patient__npmchj7	f
2018-07-08	20:50:05	\N	\N	\N	97.7	64	122	64	96	0	2018-11-05	07:36:12	synapUser:001	patient:npmchj7	patientVital:82cn8ap	\N	organization:001	[]	d6be5965614749f13d07aac38a5dde8b819efe388165b6c85c4eb929882f1829b9b143e3dc327835343ee54c37e65cbedbc983a810edef3c8359d2be49fe9229	patient__npmchj7	f
2018-07-09	00:50:53	\N	\N	\N	97.7	67	115	60	96	0	2018-11-05	07:36:12	synapUser:001	patient:npmchj7	patientVital:4bwjxnm	\N	organization:001	[]	392788763a4eeb13f9520758c26ba41f39f5c6198418aebb10e15c4abcd4d2511a0bdd3ee57210644c578ae5753e2598913e547bc7260b991d4f043832c46858	patient__npmchj7	f
2018-07-09	01:47:00	\N	\N	\N	\N	\N	115	60	\N	0	2018-11-05	07:36:12	synapUser:001	patient:npmchj7	patientVital:xjg377n	\N	organization:001	[]	57ffb56bf63c9ed27f951d79b77935b2dacca7c8a56560381dd3719e470d78c1e55d857cf11b96277fe3ad9e79b964d6bd36069a6113780986b4c84c8f376cf6	patient__npmchj7	f
2018-07-09	01:50:00	\N	\N	\N	97.7	\N	\N	\N	\N	0	2018-11-05	07:36:12	synapUser:001	patient:npmchj7	patientVital:ynbbtka	\N	organization:001	[]	09c1f5fc623bc77e7b47888ac5de1e19a72a0c499fb465c6a2458fc4540de968ece8366fb7b40fc541f016677bd8da852b8a8661373b62fef3cbe1961d6f1dd4	patient__npmchj7	f
2018-07-09	01:52:00	\N	\N	\N	\N	67	\N	\N	\N	0	2018-11-05	07:36:12	synapUser:001	patient:npmchj7	patientVital:zrf2gnv	\N	organization:001	[]	b73b42fb415bfb72f13e5a6d5b78024ba53e1484d9d4265d1a9a07590b13cf9fdf5812e4ac601ca36561df9d7fa0e01e0e4f6c20b1ae338b7af0336926b3c7ab	patient__npmchj7	f
2018-07-09	01:56:00	\N	\N	\N	\N	\N	\N	\N	96	0	2018-11-05	07:36:12	synapUser:001	patient:npmchj7	patientVital:7pgh3vn	\N	organization:001	[]	37582ed11ceb2804ddf2fbc2369738314651bc6c4957dcafceff69cc7be03c624fa843cf3be310c197b09639d7404efc36e4b5d8cd0a29f4e4a893e60c44c308	patient__npmchj7	f
2018-07-09	05:18:48	\N	\N	\N	97.7	64	111	62	98	0	2018-11-05	07:36:12	synapUser:001	patient:npmchj7	patientVital:j6wkzgt	\N	organization:001	[]	4752440530c980f68abfc9e921ac8cab2593f17b598477f6dfabdef142c3da655204686984f4f418479708fa80df8d35189845dfa412111b359cd5a7909b5245	patient__npmchj7	f
2018-07-09	09:46:11	\N	\N	\N	\N	65	160	67	\N	0	2018-11-05	07:36:12	synapUser:001	patient:npmchj7	patientVital:2mvckm8	\N	organization:001	[]	766731520939143e0f73eb51c2110955bb6c1c4cae953cfd0ce6bea9db2365fd3c853e3567d70cf2a9a312e50bab65449aacbcc352f14d2a394c96c0f21522de	patient__npmchj7	f
2018-07-09	23:00:00	\N	\N	\N	97.6	71	121	62	99	0	2018-11-05	07:36:12	synapUser:001	patient:npmchj7	patientVital:vvz4vp3	\N	organization:001	[]	0a3aa35169c37a09be033ea2539be6491085cd7a43c8b7cef213b4ee79333ff970afffbb757051ae0fb6a425b2ab62cd6b80c2bd68132d9f715bdcdad562762a	patient__npmchj7	f
2018-07-10	00:30:00	\N	\N	\N	98.5	60	130	64	96	0	2018-11-05	07:36:12	synapUser:001	patient:npmchj7	patientVital:4ja2kja	\N	organization:001	[]	4f9e18185edaa01f569823a3f8223be4707893ad69f4aab6d9ce0beb8ac2b65e3c3e6b8e6990cf5904fff7ea81a6716bca6e54a4383d901632de0cf7025d1b34	patient__npmchj7	f
2018-07-10	09:23:57	\N	\N	\N	\N	62	126	67	\N	0	2018-11-05	07:36:12	synapUser:001	patient:npmchj7	patientVital:w86pbxh	\N	organization:001	[]	8e4162093b4afbac25bae3120382e4fbb01f049df6daf812c09615edf654efcf44a168e3ba63223d5761c570043bb06b196b5017458668699e3de14ea2fb3ca8	patient__npmchj7	f
2018-07-10	16:01:00	\N	\N	149.6	\N	\N	\N	\N	\N	0	2018-11-05	07:36:12	synapUser:001	patient:npmchj7	patientVital:8d2a67m	\N	organization:001	[]	da3e8c405c76a1f67300c9f4fc919ed58565248d0a7ad8f6d7bcf9eecb23631264c3c9ba0f6c7b62f596a93640d913b9f3d7b4051e781a5d8d415668cf66c665	patient__npmchj7	f
2018-07-11	01:07:00	\N	\N	\N	96.9	71	100	49	97	0	2018-11-05	07:36:12	synapUser:001	patient:npmchj7	patientVital:6ra2n87	\N	organization:001	[]	1a55f690fd4bcdfb23f8b2c1ca7ed21b7699c7d4597967fa014bdb999a4f507c596f74f6322d7b29dc3c0eb9d4a85da8f80e94ec5db515f39030a7d54ee15d92	patient__npmchj7	f
2018-07-11	10:12:47	\N	\N	\N	\N	53	127	73	\N	0	2018-11-05	07:36:12	synapUser:001	patient:npmchj7	patientVital:gh88gjr	\N	organization:001	[]	d57753004de1193c4a31008cd43a5a563e4d59179ada304140770ca16244a887f8decf99ec51b5a7cda99b79cdd3898bbac690bc1f33ff17b73afe5dc5f4d432	patient__npmchj7	f
2018-07-12	00:30:00	\N	\N	\N	98.8	77	104	51	98	0	2018-11-05	07:36:12	synapUser:001	patient:npmchj7	patientVital:yzmz7kc	\N	organization:001	[]	5a2a7155d4be610660958aad6182f32a025cd0a0f157e33ece61f8a22c91b7bb178552dc06abe2d7b7aba3f6d2515c6808c3e836911781b700d1de5797e5900b	patient__npmchj7	f
2018-07-12	09:42:14	\N	\N	\N	\N	84	126	63	\N	0	2018-11-05	07:36:12	synapUser:001	patient:npmchj7	patientVital:2wjrnpp	\N	organization:001	[]	110f2840912f2432c721b0ff3141307f819522117123849f27b15703a07add5a414f579c6ebcbee1e0b772a91cdb3c50df8616c390d58f8b444c0acc84e9b9ad	patient__npmchj7	f
2018-07-13	08:36:41	\N	\N	\N	\N	79	137	69	\N	0	2018-11-05	07:36:12	synapUser:001	patient:npmchj7	patientVital:c4rak28	\N	organization:001	[]	d6ddb67047d4e99ffc495682695a3ff90dea0051812664ccd5694255e23be7fe24d5902991072fcd175cf1608d05e5be6a564be872f674b4e9d97b87e5d7371c	patient__npmchj7	f
2018-07-13	17:03:00	\N	\N	\N	98.2	62	140	50	96	0	2018-11-05	07:36:12	synapUser:001	patient:npmchj7	patientVital:yfrufpv	\N	organization:001	[]	f836cebf0da3a1a208e80800881b79705f76169481510738ec5676e2bdae0a4cc0a4141b72b7ef47bed6d95dc85c4ffabcf3c37bd72f409909777146870d4e8a	patient__npmchj7	f
2018-07-14	00:30:00	\N	\N	\N	98.4	77	107	58	99	0	2018-11-05	07:36:12	synapUser:001	patient:npmchj7	patientVital:4bmfdja	\N	organization:001	[]	67bde1207e0e6b46ef6ba45a515d2d93d53d9d8a7f290ad356d2d695f805ce3694fcd2b9b8f32c1b547c425c5d1fc8fcc967809ccb845340122cd49927d4d2d1	patient__npmchj7	f
2018-07-14	09:01:37	\N	\N	\N	\N	73	138	60	\N	0	2018-11-05	07:36:12	synapUser:001	patient:npmchj7	patientVital:drdrdzj	\N	organization:001	[]	1c4cbd8eb2956121d7e8def5da5d9a125f6c0d2fc4138954cc8bf3c561943d29dbfbf402867e4f674f8407940a55f66fdab8d642e7b4033e64dee8d1a0aabce8	patient__npmchj7	f
2018-07-15	05:05:00	\N	\N	\N	\N	\N	103	56	\N	0	2018-11-05	07:36:12	synapUser:001	patient:npmchj7	patientVital:647cjan	\N	organization:001	[]	ed7d5a905a9535ee96d3b6c55d16ce26da044b90e19fa8642cfab3d087bcb5dcfe74ff16bead81ef07351e3a6de7f747aabbd3a4b148bc938fae335177551835	patient__npmchj7	f
2018-07-15	05:11:00	\N	\N	\N	97.3	\N	\N	\N	\N	0	2018-11-05	07:36:12	synapUser:001	patient:npmchj7	patientVital:7e7bkkt	\N	organization:001	[]	4a252dda6826f58af964c18c921e442118613147eb0bf99a6ead15b3d5df51c507d251d489c0df6da89c7bfc87f607a40b480becba8b8307f69c206d27745097	patient__npmchj7	f
2018-07-15	05:13:00	\N	\N	\N	\N	73	\N	\N	\N	0	2018-11-05	07:36:12	synapUser:001	patient:npmchj7	patientVital:fbkcgct	\N	organization:001	[]	efae329fda8d97b8d45048625f5da60a55c64f52f13ff7322c9e12077d352331686b92b5b8ae08be9c82c16e1d6a6a16b18b1863e3e3a4f17a0f51379816587d	patient__npmchj7	f
2018-07-15	05:16:00	\N	\N	\N	\N	\N	\N	\N	98	0	2018-11-05	07:36:12	synapUser:001	patient:npmchj7	patientVital:8e83vn6	\N	organization:001	[]	a87e30d00c26b662ded855fc4400800378d827ac81f5be568558f0c55c7df9706b16c2a26d7303d57aad105954c3206b40870a0abb8313b1942c85a31a3baf1f	patient__npmchj7	f
2018-07-15	09:34:21	\N	\N	\N	\N	88	160	69	\N	0	2018-11-05	07:36:12	synapUser:001	patient:npmchj7	patientVital:kpcve6b	\N	organization:001	[]	8bd25c06146636520b6e72375fd5a3da0763ef43fdc5a87a69b33b5446ba851d0be22042241e1bf6abe5e26a933822180ff6683265dec3cdf2134099065755cd	patient__npmchj7	f
2018-07-15	12:01:00	\N	\N	\N	98	88	160	69	98	0	2018-11-05	07:36:12	synapUser:001	patient:npmchj7	patientVital:3ecxmp8	\N	organization:001	[]	a0a8560c2a1af1c4f1003c5afb1297988f8508a80d0b11f079c96d365cf2e4fa2255b1bff5b76176f42f070ef5b16a9c9e3c172b99cf3a42dbeb26432d6901ef	patient__npmchj7	f
2018-07-16	01:59:00	\N	\N	\N	97.2	68	139	55	95	0	2018-11-05	07:36:12	synapUser:001	patient:npmchj7	patientVital:fdyy62p	\N	organization:001	[]	1dbab1c16aac8c99a98a9175bcb5b9d88cafff76acfef9d5d2d6be407f51ed5a2f1414e2a3b2003bcef26286c03830b852226abde4eff1ecb31e548ef699ac91	patient__npmchj7	f
2018-07-16	08:12:32	\N	\N	\N	\N	66	131	67	\N	0	2018-11-05	07:36:12	synapUser:001	patient:npmchj7	patientVital:pmfjaer	\N	organization:001	[]	8750ad26b6d84c7c3fd054424e09d8fc7d6d0d034a0048c208fd3d6e64aa52a86cf97a1d8e424ccf3315554038197450a1f5b899899cd62657de601bda9ade18	patient__npmchj7	f
2018-07-17	00:14:00	\N	\N	\N	\N	\N	\N	\N	98	0	2018-11-05	07:36:12	synapUser:001	patient:npmchj7	patientVital:4brywmu	\N	organization:001	[]	7b37af59de277a606784df1bd771529e789f5979693b4c6a78b4e1dc180442265a37de9574618d57d6c4bf94eea9b989b8c67ad4e59d0ce9dbf1464f692d38a5	patient__npmchj7	f
2018-07-17	00:30:00	\N	\N	\N	97.7	\N	126	60	\N	0	2018-11-05	07:36:12	synapUser:001	patient:npmchj7	patientVital:jm6trbx	\N	organization:001	[]	fef5b08668b235f7b419eb71179a124e47e5aa547f8f812e98802a25ea5eb26c21723cc9678a495ef768e8383f51408d080894142b90b6b1262cc1eb084b0bcf	patient__npmchj7	f
2018-07-17	09:38:01	\N	\N	\N	\N	70	139	63	\N	0	2018-11-05	07:36:12	synapUser:001	patient:npmchj7	patientVital:2jw83az	\N	organization:001	[]	5ec9afa15f2ab488f4ab42c56c47eb7c7854926b75a139c2f5948af83891eb6842f455b77261357c00abb2acb35f9d51b6806a0507e523b4f5fdeaea7dbd4ec3	patient__npmchj7	f
2018-07-17	15:24:00	\N	\N	153	\N	\N	\N	\N	\N	0	2018-11-05	07:36:12	synapUser:001	patient:npmchj7	patientVital:tjmrf8h	\N	organization:001	[]	df3ae21d7eff448eac73945eb56275633159d19544c02994b58a2aa7278a6724b8338e00618f61803e9259d0eead594a1f4a5533df238268038af6a54a9b163b	patient__npmchj7	f
2018-07-17	20:01:00	\N	\N	\N	97.8	73	104	57	97	0	2018-11-05	07:36:12	synapUser:001	patient:npmchj7	patientVital:cn72nf3	\N	organization:001	[]	51586c7f553547457a2c8276c77ea4f89e82171c68063f7ebb30023c9d50bf5eb523641867d9c8b3856eaf76ab9fe50a6fa32de40b83e31b5788c5cfcee0663f	patient__npmchj7	f
2018-07-18	00:30:00	\N	\N	\N	97.8	80	126	63	98	0	2018-11-05	07:36:12	synapUser:001	patient:npmchj7	patientVital:kwajeft	\N	organization:001	[]	8bf117c8ac06884486fc9c44e4d30e0e78d8c314971e81e298c8036a0abdb4f8b85c695c553bd384ff0919208c69505b69b6cba2c233a7b39e1ba4fde48053e9	patient__npmchj7	f
2018-07-18	09:53:42	\N	\N	\N	\N	84	137	63	\N	0	2018-11-05	07:36:12	synapUser:001	patient:npmchj7	patientVital:ma273bp	\N	organization:001	[]	64ab5c7df509ffa12ed04a09fcc2985c35475db48cb0c860a392ba033c34efe8d853e2256645e16dfb15f2b826a207f4e1135eb4a51b61eca5219a0bcd588cd9	patient__npmchj7	f
2018-07-18	19:09:00	\N	\N	\N	97.1	62	130	60	96	0	2018-11-05	07:36:12	synapUser:001	patient:npmchj7	patientVital:zcdrbuu	\N	organization:001	[]	91a96bdae2577124558c512fcf3cf94d9f5b40ab389007f2858f9d38d14bea53f760ce2ca3e11aa829beae1f985ddef6a1062d83585a8575b0bbdc8ce1544aee	patient__npmchj7	f
2018-07-19	03:13:00	\N	\N	\N	99.5	\N	\N	\N	\N	0	2018-11-05	07:36:12	synapUser:001	patient:npmchj7	patientVital:dhxk7je	\N	organization:001	[]	231e03c5581c2d7925080f25de5f92fbaba68df5e2737a693ef5658baa14a2f5fab03e709816566abec1b8a67f4a48b0f5b8c8471439d71a0a08dc60cbf3bfe8	patient__npmchj7	f
2018-07-19	03:15:00	\N	\N	\N	\N	82	\N	\N	\N	0	2018-11-05	07:36:12	synapUser:001	patient:npmchj7	patientVital:ufhfejd	\N	organization:001	[]	acad26e619a1822342c3ae9e060274564988aadd35eec4c6b05510d8990c0dc7bccef8fd4339696fbc5555f8fbc762a2b66824411640c809f5e9b804d694adc7	patient__npmchj7	f
2018-07-19	11:04:38	\N	\N	\N	\N	71	125	69	\N	0	2018-11-05	07:36:12	synapUser:001	patient:npmchj7	patientVital:66zyx4x	\N	organization:001	[]	9f2047b2933e36e5addd5f62c41d221f880bd253917db46262a809404f521ae6c53a992eafacdaf771d9f7a998e9d1442ba9049129339ce2e7898098de4fa98c	patient__npmchj7	f
2018-07-19	11:07:00	\N	\N	\N	\N	\N	125	64	\N	0	2018-11-05	07:36:12	synapUser:001	patient:npmchj7	patientVital:m3y3umb	\N	organization:001	[]	a1541999268c4116e7304e5ca08b90821fab28a111a89ab6dbe07de811e6ce09978efcb6d18d66e3fead1b411fe45f583c3e1273820e3b2244afbba75289e5f2	patient__npmchj7	f
2018-07-19	11:09:00	\N	\N	\N	97	\N	\N	\N	\N	0	2018-11-05	07:36:12	synapUser:001	patient:npmchj7	patientVital:82k8ruz	\N	organization:001	[]	261f8d77dd66f864dab0db9627e90f1ae5116f52edd38de98fec60a2223d018b5568d42d5fd7b3787abc56b47c8fa211508f2e22fa079fc471521ae9e9ffeb38	patient__npmchj7	f
2018-07-19	11:10:00	\N	\N	\N	\N	71	\N	\N	\N	0	2018-11-05	07:36:12	synapUser:001	patient:npmchj7	patientVital:7vn8ye4	\N	organization:001	[]	3043862b534bae7a699a344df0ca3da7a6e438e7a32321bf2d49f2f269fcb91325faad37e59ea63948233f8419a06f7dcd61106efc15b82763d5d2fa43571705	patient__npmchj7	f
2018-07-19	11:12:00	\N	\N	\N	\N	\N	\N	\N	95	0	2018-11-05	07:36:12	synapUser:001	patient:npmchj7	patientVital:rvda36v	\N	organization:001	[]	8a2e79a4ad614f52cc643dae693d6a6c35122b83b62fda0cbf04d8e01f7ed6d8c6e80d55c23e50f09ce1a71c1c26704f097ae682a3a0bf29faf16a943f71e34d	patient__npmchj7	f
2018-07-19	21:08:00	\N	\N	\N	\N	70	132	62	\N	0	2018-11-05	07:36:12	synapUser:001	patient:npmchj7	patientVital:4bag4g8	\N	organization:001	[]	1addf6f1cb039d2c35b379d0d1fc9fca4f40843d419bb6e884ae33df2f53b6974c6f6432505c5046455581ade6dc9f1476aab54936fc3610eaaa6aeea1735be3	patient__npmchj7	f
2018-07-19	22:08:00	\N	\N	\N	98.5	\N	\N	\N	\N	0	2018-11-05	07:36:12	synapUser:001	patient:npmchj7	patientVital:nj28w2v	\N	organization:001	[]	e8c763424af5545df51f0e6ea7a097e07cbc533b2329cca169df9e833cb2ec73247abae1d907cec2906bd0264d14fb1ad8296548668c0be323d246a5d5e3d8f0	patient__npmchj7	f
2018-07-20	12:34:51	\N	\N	\N	\N	74	137	60	\N	0	2018-11-05	07:36:12	synapUser:001	patient:npmchj7	patientVital:hmrdkjr	\N	organization:001	[]	a925e9261f73d86a9e155922eeb0d5defc1d37c26002659f880083573441925a74066f188583ae091f15f73f7bd57696e54555b0a9240596c9a878343bbdd5dd	patient__npmchj7	f
2018-07-20	14:25:00	\N	\N	\N	\N	\N	137	60	\N	0	2018-11-05	07:36:12	synapUser:001	patient:npmchj7	patientVital:cebxftb	\N	organization:001	[]	2a81343a580c413613bd099711e1d80528cb2bbe3ce06f4768809a3a6334912389cb0c8ed2e9001bf330a25c9a5edeb5ed7d2feceb162f02b25559e5b8169466	patient__npmchj7	f
2018-07-20	14:27:00	\N	\N	\N	97.3	\N	\N	\N	\N	0	2018-11-05	07:36:12	synapUser:001	patient:npmchj7	patientVital:6ggjam6	\N	organization:001	[]	fded946c231a22b5899519754000295fe9c2d49d69350ce26b6aaac5fcf601293d0bd4293ee822c92f6a1ad7d6a960184e582f883b7adb38c8de8e369601aefe	patient__npmchj7	f
2018-07-20	14:28:00	\N	\N	\N	\N	74	\N	\N	\N	0	2018-11-05	07:36:12	synapUser:001	patient:npmchj7	patientVital:rnrnjza	\N	organization:001	[]	544c143067d365c6ca550a6198aaddfb5cb22782a67c314f02b28b99d3b0ebdc9df72ae8184575715868fb7e0a51c811a1339ec0e0c4d28732a1f6ee73a7ea1d	patient__npmchj7	f
2018-07-20	14:31:00	\N	\N	\N	\N	\N	\N	\N	97	0	2018-11-05	07:36:12	synapUser:001	patient:npmchj7	patientVital:twtp3gt	\N	organization:001	[]	c0027eeff95f1b3ade72b3ec8aa7f55f9cf31fd65cabd21614f46a4f69d30ba65007fb012625cbe8a0926cd2b33a2b5fbf6b5961d24e9a8909c0dc5b380cc20c	patient__npmchj7	f
2018-07-21	00:26:00	\N	\N	\N	97.4	74	128	60	96	0	2018-11-05	07:36:12	synapUser:001	patient:npmchj7	patientVital:jueyrjy	\N	organization:001	[]	95ed6a5436036a6d073b45eeaabcb2e4a57d7e2f1e4179871b869c9fa66096d5125227a9e39885207e63922c398ee2cc7239bfc58e97b7ae3f1b9f84cefd5f45	patient__npmchj7	f
2018-07-21	09:20:44	\N	\N	\N	\N	75	151	67	\N	0	2018-11-05	07:36:12	synapUser:001	patient:npmchj7	patientVital:m3aeywe	\N	organization:001	[]	4affe7fc96238b7e89c8c494d6f27ebf25c7cb0a7092b864f05a495531c98283fc2bb6da696777c50cceab6b3e4168046eb738f349b51f31e9cec95935624836	patient__npmchj7	f
2018-07-21	23:30:00	\N	\N	\N	97.1	60	114	58	97	0	2018-11-05	07:36:12	synapUser:001	patient:npmchj7	patientVital:rdhee6e	\N	organization:001	[]	03bef9e424a539bfdb81618878e0ca4f06fe79f67e1414affb694c0db130a6cd6d2ddf1b7ed2805837d6c96d2903215d936a8d881ac6e00104537eb04d024984	patient__npmchj7	f
2018-07-22	01:38:00	\N	\N	\N	98.3	75	112	72	98	0	2018-11-05	07:36:12	synapUser:001	patient:npmchj7	patientVital:xpryam7	\N	organization:001	[]	d85c8df5db74915b48f52600f9508ec50754f3b489eb438074bc348ecb45c5e35acd91dfe825f005fc35e8b2879dbf078d216d29dc55d576001f259b0603e970	patient__npmchj7	f
2018-07-22	10:04:22	\N	\N	\N	\N	67	145	67	\N	0	2018-11-05	07:36:12	synapUser:001	patient:npmchj7	patientVital:an4j6xh	\N	organization:001	[]	eb5329678917526dc52932c8ee2b0ca422490a43580933a5a99572b58f3ab1eed65b8400de8a679ced721dfb9e270084be14373cec2b5949ce11b3d1affe1ef4	patient__npmchj7	f
2018-07-23	02:24:00	\N	\N	\N	97	72	126	59	97	0	2018-11-05	07:36:12	synapUser:001	patient:npmchj7	patientVital:4vhawpk	\N	organization:001	[]	713ad3c30641346d354b4d78ac1cbe4f0c5d22e66140519ac3f4c35bcb3a9848f1dcb77059a78e89d2018f4e2e2c346a6a6b533e722a5c0ad06a1ee9130db164	patient__npmchj7	f
2018-07-23	09:21:22	\N	\N	\N	\N	70	139	63	\N	0	2018-11-05	07:36:12	synapUser:001	patient:npmchj7	patientVital:hnvapre	\N	organization:001	[]	97b40272e47eb0fbaf78a58afbbd8999ecf10e4dc71e892f261c5216083ce150724858f5d7c5e7a44d137f3ede21bd790ee668d8b792aaeff47b0977ff30f902	patient__npmchj7	f
2018-07-23	11:22:00	\N	\N	\N	96.9	70	147	68	94	0	2018-11-05	07:36:12	synapUser:001	patient:npmchj7	patientVital:gn6vcpt	\N	organization:001	[]	de10c2cd1d0959f7180ddc00e574e69d22422274ac4b34357c2aa4f328d4364f6aa95ed50bec758d1a91a1f79968395a8aeac90142fd95ed329555ccf9e7c95c	patient__npmchj7	f
2018-07-24	03:25:00	\N	\N	\N	97.7	80	152	65	95	0	2018-11-05	07:36:12	synapUser:001	patient:npmchj7	patientVital:8mwpu3e	\N	organization:001	[]	2ea5b15d018f88c9f7a78d94a960e890350cc5dad18f6f7ce572168c3784609e2a290f2ec079adadfc4fb473d0a1f4b5a9cf6317dd6bfd085dc120a5edc3942e	patient__npmchj7	f
2018-07-24	09:11:40	\N	\N	\N	\N	72	138	66	\N	0	2018-11-05	07:36:12	synapUser:001	patient:npmchj7	patientVital:fucaykz	\N	organization:001	[]	aaefdb2b2f980b676f6f1161088e08c5d84ffc214d800ab3b453a23df1be3114b3f61b36751d747dc8edcda79928de4a7b40356bfec18fdd6a79e2aa5132d294	patient__npmchj7	f
2018-07-24	10:55:00	\N	\N	151.4	97.7	72	138	66	98	0	2018-11-05	07:36:12	synapUser:001	patient:npmchj7	patientVital:htr6g4f	\N	organization:001	[]	8b3cdddba617df80283e352c7ead7a9cd90242b057271c6cfb5b9cde430f7cdcf557efe0d61af807441e898f47affcaec940460ec831cdfdec35e0af18768a41	patient__npmchj7	f
2018-07-25	03:59:00	\N	\N	\N	97.6	76	138	72	98	0	2018-11-05	07:36:12	synapUser:001	patient:npmchj7	patientVital:ez2a2zj	\N	organization:001	[]	3e866907221d5996961d82851718c890c650ce548a0e50d3e3c429461610a8053e67277671e0bb946aa386edafbb909caf0e693ac86a090bfdfdfd5fcde32150	patient__npmchj7	f
2018-07-25	09:29:47	\N	\N	\N	\N	71	126	65	\N	0	2018-11-05	07:36:12	synapUser:001	patient:npmchj7	patientVital:dtjbebd	\N	organization:001	[]	946b9b837a836b1544e56de0c4b1704eecd0f89e040d5a323d559318ead318433fa888cb29cabd2e5db180782c256ecc6ebfe90e2d57d67426046ef8352b4dd9	patient__npmchj7	f
2018-07-25	19:07:00	\N	\N	\N	98.1	76	\N	\N	\N	0	2018-11-05	07:36:12	synapUser:001	patient:npmchj7	patientVital:dfyrr6e	\N	organization:001	[]	60c3e6c0e819bb046b48d6df5f78c8f5b8afa4947ae8b17906203420eff308156141ff2128ad5c70f30e73ea86196007a546eb8db7ab965fb8799adf88da2dda	patient__npmchj7	f
2018-07-25	23:08:00	\N	\N	\N	\N	\N	126	76	\N	0	2018-11-05	07:36:12	synapUser:001	patient:npmchj7	patientVital:hjcpnua	\N	organization:001	[]	d4922d1a43e28630af11faa4f13e9e18c533096d9e3d7392f12e8efe661226c9cc8bc88d4552ded442a25c3cf9a4682bebc2a3b045bef9b46861f01d4a93bd55	patient__npmchj7	f
2018-07-26	04:18:00	\N	\N	\N	\N	\N	102	54	\N	0	2018-11-05	07:36:12	synapUser:001	patient:npmchj7	patientVital:na7a7jw	\N	organization:001	[]	0b42880d2f8153fc6bd4007673dbcc685f60e00245df2e7c82be5a75258b005b93ccc8c1d64c0ff3c50e3c6e9e123aae23c61447e0ea9466a99ffb6fc6d7a573	patient__npmchj7	f
2018-07-26	04:22:00	\N	\N	\N	97.8	\N	\N	\N	\N	0	2018-11-05	07:36:12	synapUser:001	patient:npmchj7	patientVital:h83gm4e	\N	organization:001	[]	4188e0fa9e5512d0e306643cb16e2a8fb83b9a9770dd45443afbebc6553aa65ab7fd4c970bf3c5e95054ffa5707f1515b0b447f05f49cadb1dc8e227c3ad5d2a	patient__npmchj7	f
2018-07-26	04:24:00	\N	\N	\N	\N	77	\N	\N	\N	0	2018-11-05	07:36:12	synapUser:001	patient:npmchj7	patientVital:abvd728	\N	organization:001	[]	b7a0d0f3bb3ac37c4efeda2f07a8e80ae713ffcc631c556896b529678cfea2e5811b8fd92e6fc728398334ffedb825f424027f42032b8f4dc67b73d0593bd7fe	patient__npmchj7	f
2018-07-26	04:32:00	\N	\N	\N	\N	\N	\N	\N	98	0	2018-11-05	07:36:12	synapUser:001	patient:npmchj7	patientVital:perpm66	\N	organization:001	[]	593126bf057a4d815636e3d6f2f525b48e3637f73b24bcac02f6c7a34748efc58dc74abd3a231c5ef8a8d6c73de8f946cca960f67ad4edd9ea28001f35e89dc8	patient__npmchj7	f
2018-07-26	09:37:24	\N	\N	\N	\N	70	146	57	\N	0	2018-11-05	07:36:12	synapUser:001	patient:npmchj7	patientVital:mfexdxj	\N	organization:001	[]	e2b5fd4bc86559d6270f732fe682fbf5fd669d8fa9c4d0f0f728cba855bbab4fa54998c2de76a91128bb6783be455a2521f07e62ed831b4259ed6764584d693e	patient__npmchj7	f
2018-07-03	19:27:00	5	5	144.6	97.3	58	140	54	98	24.06	2018-11-05	07:36:58	synapUser:001	patient:zt4bvpx	patientVital:mnxz2j6	\N	organization:001	[]	fdac3196d39e8814e1e2f8669b4554ad1141727203424b10499115799b5116efcf1ae26faa7e63afa3b605876a16bdda46a56db06dc2e192c999d95b12a8da11	patient__zt4bvpx	f
2018-07-04	06:41:00	\N	\N	\N	96.7	58	118	60	99	0	2018-11-05	07:36:58	synapUser:001	patient:zt4bvpx	patientVital:xc6bygn	\N	organization:001	[]	22cd5cc6044f71d4813e3ad302f5022b3a6547a3bd246e4194690e07cd2b8634c21c3f5c32667ff6f2cbbeb9b6e586866d5cbfc35e6ca3e106a3e8efa8aa5914	patient__zt4bvpx	f
2018-07-04	09:28:50	\N	\N	\N	\N	70	139	63	\N	0	2018-11-05	07:36:58	synapUser:001	patient:zt4bvpx	patientVital:4ax2bur	\N	organization:001	[]	cbba5a13d644d1abe842e3c9d12274f76cb588fbe86f1be54cc479a9d16b8806ae0c5496743286b988fa61e7bbf542592c081e63ddc7deb10ca91b397a15e758	patient__zt4bvpx	f
2018-07-04	11:13:00	\N	\N	\N	98.4	\N	\N	\N	98	0	2018-11-05	07:36:58	synapUser:001	patient:zt4bvpx	patientVital:jadu6tn	\N	organization:001	[]	99e545c017dd73803eae530dabbda98828e6f0fde9c17d648097e632e5f96c5d39719983641a84d282e588ac965e416dc8bb0fd4dfdace83cbad28d67856d7d8	patient__zt4bvpx	f
2018-07-04	16:09:00	\N	\N	\N	96.9	63	142	58	95	0	2018-11-05	07:36:59	synapUser:001	patient:zt4bvpx	patientVital:gnhktw4	\N	organization:001	[]	18ceccbbe69239edc2d00ae8cea02b7b8a4f37b66a69d62618d7b92668432bf581665d1f582d7a77e267ebfa31110a5e06b97542b6f2eb32160d3f091d91736e	patient__zt4bvpx	f
2018-07-05	04:41:00	\N	\N	\N	\N	\N	102	51	\N	0	2018-11-05	07:36:59	synapUser:001	patient:zt4bvpx	patientVital:efmurex	\N	organization:001	[]	77e6b11b9f4ec65373eafdce72125ef03b40c1e2cc7b4c2de45e051cc46b7ddf42993f98732255cb6a5ef9b441ae7c7b0e01abedaa6f476a84e5b58abeeef3d6	patient__zt4bvpx	f
2018-07-05	04:47:00	\N	\N	\N	98.1	\N	\N	\N	\N	0	2018-11-05	07:36:59	synapUser:001	patient:zt4bvpx	patientVital:ubbmuam	\N	organization:001	[]	dff55474251b6f51646e39a12df0779d560025f541703c8506ce1f78763ac23ed9311f2c5e119bfe00df9a753ebf792e1a4737320dc2dde6e4df569916136164	patient__zt4bvpx	f
2018-07-05	04:53:00	\N	\N	\N	\N	77	\N	\N	\N	0	2018-11-05	07:36:59	synapUser:001	patient:zt4bvpx	patientVital:682xdd2	\N	organization:001	[]	3a1d124df9bd639030dd98e54c4827f5b7b9319f68ab9d59e1d2c020dd273b61a8e8950ed4f004e88dabc08de206513c92065b21f3dfb89fd64d82784eb4d558	patient__zt4bvpx	f
2018-07-05	04:56:00	\N	\N	\N	\N	\N	\N	\N	100	0	2018-11-05	07:36:59	synapUser:001	patient:zt4bvpx	patientVital:nvyzrft	\N	organization:001	[]	d439143d062a2708bfa64dd7510b5f55ec2de346fbaf7580a5d3d5b5eed8edecee845c6c6a926bf56893e3fdc6dc19d93deb5446e2440353c244c9ad86c53ad7	patient__zt4bvpx	f
2018-07-05	09:29:52	\N	\N	\N	\N	66	154	69	\N	0	2018-11-05	07:36:59	synapUser:001	patient:zt4bvpx	patientVital:adbfcxr	\N	organization:001	[]	16ee31fb92f880d77d4d5451d9c77d515f08666affc49a36e80b0f0eb19e5e7529ccc9e1f29eae1eca83c46d6de7fd424bd2d804ba3718fd0b862509cd3934b1	patient__zt4bvpx	f
2018-07-05	10:34:00	\N	\N	\N	98.4	70	154	60	100	0	2018-11-05	07:36:59	synapUser:001	patient:zt4bvpx	patientVital:4umjmeb	\N	organization:001	[]	cbea97417603009e232509d85bb3584c7027276b866da858936c891b111f317870f84c7a28aaae00fdec5a00608b5796f37b9d194edccf7620e8143360cab6c8	patient__zt4bvpx	f
2018-07-05	19:15:00	\N	\N	\N	97.2	66	111	58	95	0	2018-11-05	07:36:59	synapUser:001	patient:zt4bvpx	patientVital:fha2cre	\N	organization:001	[]	2ff68368ed690b5e97b5bd943107ae1f5417f1a8e763c2a8385d9a60cc68de1412718d3374fe26710298f1c373097557b58008394d3375d897582e101384ea6a	patient__zt4bvpx	f
2018-07-06	02:59:00	\N	\N	\N	99	20	91	47	99	0	2018-11-05	07:36:59	synapUser:001	patient:zt4bvpx	patientVital:rt7jjtd	\N	organization:001	[]	014cc6c4173beaac0bd94913e084da11a39efc005b59bbb519b8d7ea5decd9e3ba2376c7ec164d789e42dad5485b24c0287a5366ad2a58b12f7a49cf7c3258b4	patient__zt4bvpx	f
2018-07-06	09:21:06	\N	\N	\N	\N	64	109	54	\N	0	2018-11-05	07:36:59	synapUser:001	patient:zt4bvpx	patientVital:83ranj4	\N	organization:001	[]	311beb5434fd9251ea00932c9774e324227d1b4ad8e8effe9177d84f72aab7bd08c148bbad57ac743375a3dada18435e624c422bff014796b486711ce74dff6d	patient__zt4bvpx	f
2018-07-06	16:19:00	\N	\N	\N	973	65	110	60	98	0	2018-11-05	07:36:59	synapUser:001	patient:zt4bvpx	patientVital:cwa46th	\N	organization:001	[]	36918fb64ce32042b861e0dfa69f2a33603f6350d348624d6ca168a691b9727bc5890602ff03a8c6bd4863a2c45c0c3439ca82524dee6d7ee05aaf32d77d4f3a	patient__zt4bvpx	f
2018-07-06	20:25:31	\N	\N	\N	97.3	65	112	63	99	0	2018-11-05	07:36:59	synapUser:001	patient:zt4bvpx	patientVital:b7xxent	\N	organization:001	[]	4bb62095054a39312addbc71c7e55f0b4faa920a6a1eb0f22aad28afa4fe025b67b10702ca162a437d28718bedc367982a45e6648478381909e9339b22dfa52c	patient__zt4bvpx	f
2018-07-07	00:06:00	\N	\N	\N	\N	82	\N	\N	\N	0	2018-11-05	07:36:59	synapUser:001	patient:zt4bvpx	patientVital:uhcjhum	\N	organization:001	[]	547ed7d351d895ec1dbe7baa6ff4108baa466a82dba97f7d165d0324fd7bda0744fecb9bbb8cab0276e5fe349883df3bede595214b7342fa8400405c72563556	patient__zt4bvpx	f
2018-07-07	01:45:16	\N	\N	\N	97.7	82	128	82	98	0	2018-11-05	07:36:59	synapUser:001	patient:zt4bvpx	patientVital:4geyb74	\N	organization:001	[]	8b2c51bffaa65e0002b7d7f1c6de69b62fb19fc479c7b78364993d8fb99a2e017213b736d10c44d79718fcd95d8deedcb1709e16d164077fcb70ef3d71c1998a	patient__zt4bvpx	f
2018-07-07	05:00:00	\N	\N	\N	97	80	117	55	98	0	2018-11-05	07:36:59	synapUser:001	patient:zt4bvpx	patientVital:ypvmhhr	\N	organization:001	[]	636731454fd31f95a98dc9fb9c308dc03c1c87cf6bff9a67001ca80a8059e582fdc1940d16022f6a97ad22cbd24dae8a996f3a2e30057b794c2f3bc6c3f4a61e	patient__zt4bvpx	f
2018-07-07	08:33:35	\N	\N	\N	96.8	58	148	62	94	0	2018-11-05	07:36:59	synapUser:001	patient:zt4bvpx	patientVital:bjbdv8c	\N	organization:001	[]	0e7a73fbb6ca1b2ab4df4c561db52fff2357a6eae0f0a18f05dfe6a1b4b0b6adabfe19b798bffbb016205e7b0bec2fdaff626765353661fd797f394ad4384718	patient__zt4bvpx	f
2018-07-07	08:38:58	\N	\N	\N	\N	58	148	62	\N	0	2018-11-05	07:36:59	synapUser:001	patient:zt4bvpx	patientVital:hp3xnze	\N	organization:001	[]	a8c0243935b25442d17b479eaaa298c067bbf47e8b7e4a4ebefb791ff886096f8f73dc424d501759e5697e8150115f9be0b8faca27175dfc8131d614e1955822	patient__zt4bvpx	f
2018-07-07	12:39:34	\N	\N	\N	97	60	169	58	100	0	2018-11-05	07:36:59	synapUser:001	patient:zt4bvpx	patientVital:zzbbmme	\N	organization:001	[]	aa75a2f62174108b559f06e3b691d12f0d6f69893918c49376031bcb5d7480c273200df7948980b80a97204d05d860546e8d264b33ee11a1e70ed26676f3271a	patient__zt4bvpx	f
2018-07-07	21:25:15	\N	\N	\N	98	75	122	60	98	0	2018-11-05	07:36:59	synapUser:001	patient:zt4bvpx	patientVital:4mjfeh7	\N	organization:001	[]	ea3fd26f6ddfb89bce2d9de6ecc93bdde80d4830dc50e858611d74b159d42e522e674a8ca8a0d8557f35dfa34082f06d586977f2f3c27b8753fa868a2d3259cd	patient__zt4bvpx	f
2018-07-08	01:54:22	\N	\N	\N	97	62	101	66	96	0	2018-11-05	07:36:59	synapUser:001	patient:zt4bvpx	patientVital:ubydku6	\N	organization:001	[]	c999c15bf56efc67c4260c6d4a507f9ce5ebca6acf84b2b1ab66fe8ed1d46c616fa3f96f395d89920f2b1f9f78903403e3dce3e57a63518a12a1a7d2dda10451	patient__zt4bvpx	f
2018-07-08	06:20:14	\N	\N	\N	98	61	110	62	99	0	2018-11-05	07:36:59	synapUser:001	patient:zt4bvpx	patientVital:khxtvhr	\N	organization:001	[]	3e567dbe18faf26d8409f7d07853457f371d2fec67c7258ee4b3e0571dbbb2d9ab18ca54616a8c204a5a6eef1b06fe454bdbf2e79f990b34214415f6263ced94	patient__zt4bvpx	f
2018-07-08	06:46:00	\N	\N	\N	\N	\N	101	56	\N	0	2018-11-05	07:36:59	synapUser:001	patient:zt4bvpx	patientVital:jnab4k4	\N	organization:001	[]	ae7613f029f37d28b13f51141da508a0331b7db181cce8f9fd609e348f9e646b1049a8c8f2958573e01ec7d10d9ad58e574914a9e2009cf203d855b38b777d57	patient__zt4bvpx	f
2018-07-08	06:52:00	\N	\N	\N	97	\N	\N	\N	\N	0	2018-11-05	07:36:59	synapUser:001	patient:zt4bvpx	patientVital:ry378bf	\N	organization:001	[]	e642990a0d7a6076cb51a079122dacc30ca8025ee012fbe5e88dc369389d6a8c7473fd839afdcb9c0b109f412fb44fb903bf525f4bb16e11edca9bec28a15464	patient__zt4bvpx	f
2018-07-08	06:53:00	\N	\N	\N	\N	62	\N	\N	\N	0	2018-11-05	07:36:59	synapUser:001	patient:zt4bvpx	patientVital:ww7vmyh	\N	organization:001	[]	5ad395b587205f97e59f93c068ff8c61a1367ec1f44271259d97c19744557bc4d17ae1a0398c7d879f1f44f17b61bfb525a6c3eeeb0d6a12328fc3a9735daa91	patient__zt4bvpx	f
2018-07-08	06:57:00	\N	\N	\N	\N	\N	\N	\N	95	0	2018-11-05	07:36:59	synapUser:001	patient:zt4bvpx	patientVital:nmwyy7a	\N	organization:001	[]	2164683a1ab5213b4528afc378af6ae154f6ce753a0ac2d30977d8dd2e5332add6d3a0ea914f8dcc05310e1b19b169c643b1f7957d228a0d167cc289b53bc508	patient__zt4bvpx	f
2018-07-08	12:12:58	\N	\N	\N	97.3	64	122	70	97	0	2018-11-05	07:36:59	synapUser:001	patient:zt4bvpx	patientVital:mvg4wwb	\N	organization:001	[]	260b0abd11fa390750598aa0f1f3de2ac956f11463c979735d13857e59e5312a8d92513a10a09a2b449bf1dd3b9bdfc13a7907b2b4b71aeb418855b37e84d832	patient__zt4bvpx	f
2018-07-08	12:19:33	\N	\N	\N	97.3	62	125	52	97	0	2018-11-05	07:36:59	synapUser:001	patient:zt4bvpx	patientVital:kx6x68c	\N	organization:001	[]	271de0b3a742dfa981d06b864a053f633b881e27456829e13ac0def728535a425b8a9ca5fbfd5832961deedc78f359b0be5a6ebf78e5c41a3f5127d7e8161dd0	patient__zt4bvpx	f
2018-07-08	17:43:37	\N	\N	\N	97	61	101	56	95	0	2018-11-05	07:36:59	synapUser:001	patient:zt4bvpx	patientVital:ztxzkvy	\N	organization:001	[]	8ad37efc50a73569a8acc13d04a7d5f321c7744de2dee61e51cfb38c4a6b8d2bc5d98ba94321f0d887dccc52149cea9e3271e3828f903f302ecb9659a6785fe3	patient__zt4bvpx	f
2018-07-08	20:50:05	\N	\N	\N	97.7	64	122	64	96	0	2018-11-05	07:36:59	synapUser:001	patient:zt4bvpx	patientVital:tzw7e6x	\N	organization:001	[]	74e1999b8ef99a08941d255c268aea4934057ff15b063505b668efe2592b5b912c62b4fed9554ad94e366139a8ac18054d383c54de39c8f2d8681d67a0586e37	patient__zt4bvpx	f
2018-07-09	00:50:53	\N	\N	\N	97.7	67	115	60	96	0	2018-11-05	07:36:59	synapUser:001	patient:zt4bvpx	patientVital:j33d7kc	\N	organization:001	[]	9065e673a66c7ff47ff7a714bc0044d70c2f8afabd7c74b62fd970d44438ac13a02e394789881b1475afe76999355ffe41d764bfd61477099ff15290bce35fe6	patient__zt4bvpx	f
2018-07-09	01:47:00	\N	\N	\N	\N	\N	115	60	\N	0	2018-11-05	07:36:59	synapUser:001	patient:zt4bvpx	patientVital:keubz2k	\N	organization:001	[]	0dd9927db90df779c3a2ffc245dbd7a85ffb3351117c5cdfe101d2452197a7093871a6ed9341f8a3081fb59266957c5ab34d7934ad04a0430e37d8b4a8eae364	patient__zt4bvpx	f
2018-07-09	01:50:00	\N	\N	\N	97.7	\N	\N	\N	\N	0	2018-11-05	07:36:59	synapUser:001	patient:zt4bvpx	patientVital:mhu4mgj	\N	organization:001	[]	6602f18a997a6bb65d8da6a69e728db677bf38693eef100977ed166d087f15b60e3135fe9ebfd7f98168c4649326d3c5cf8ccca11ff16046d364fcd267806f0b	patient__zt4bvpx	f
2018-07-09	01:52:00	\N	\N	\N	\N	67	\N	\N	\N	0	2018-11-05	07:36:59	synapUser:001	patient:zt4bvpx	patientVital:uuw4hg6	\N	organization:001	[]	06aae4f0d22882362206df0d6848a1b45331c1ea90c7a1dac433e4103c20c3b8eddf70da7c78a699c4d3f05a5f030a490c4584cd03ce0bc51ab6c14e50d63c68	patient__zt4bvpx	f
2018-07-09	01:56:00	\N	\N	\N	\N	\N	\N	\N	96	0	2018-11-05	07:36:59	synapUser:001	patient:zt4bvpx	patientVital:ba4zhfb	\N	organization:001	[]	6612af5fe634848141259185b6f5840e371c86a6ba468689616d694908fea983221eebbb4027f5603d8c13a7b72c0631d4d6cdf11510f8c78052f6a979062ccd	patient__zt4bvpx	f
2018-07-09	05:18:48	\N	\N	\N	97.7	64	111	62	98	0	2018-11-05	07:36:59	synapUser:001	patient:zt4bvpx	patientVital:yy3puy3	\N	organization:001	[]	406fb36acf70f49495be5341f83a615e688d4bc1ce359912c3933d48337ae0e17154f556572e3f9ddc9284018d1b1eb75a59dc6f5cda3e9c6e6f43b1247d80f7	patient__zt4bvpx	f
2018-07-09	09:46:11	\N	\N	\N	\N	65	160	67	\N	0	2018-11-05	07:36:59	synapUser:001	patient:zt4bvpx	patientVital:k8rj6xp	\N	organization:001	[]	5e3ef741568ac3f69132e42aae80f5ed1133690c7e5b87a31631cb6505c3a526d6c801fc3ec844bf7658bac93b313d9b695ff6e2de21bd9a8d507a920236c22e	patient__zt4bvpx	f
2018-07-09	23:00:00	\N	\N	\N	97.6	71	121	62	99	0	2018-11-05	07:36:59	synapUser:001	patient:zt4bvpx	patientVital:ybzuea2	\N	organization:001	[]	b52921cff6dca84142eb12733775f8278bfd38db712a1420e02602f0cbbee2cf808240e3ce6425874857c8f578702d41d1d74be84297f59eaa9966a79a736694	patient__zt4bvpx	f
2018-07-10	00:30:00	\N	\N	\N	98.5	60	130	64	96	0	2018-11-05	07:36:59	synapUser:001	patient:zt4bvpx	patientVital:7k874vj	\N	organization:001	[]	c1e1effc017d4d9630d98de824021e812bd82c7b5c1d9ce531f88cb3d837f7ff3f80484d85367c544014c5a9ca8a0971c46a44ec06321be1be11ad78c242a8c4	patient__zt4bvpx	f
2018-07-10	09:23:57	\N	\N	\N	\N	62	126	67	\N	0	2018-11-05	07:36:59	synapUser:001	patient:zt4bvpx	patientVital:eabdd3n	\N	organization:001	[]	47fbfd8857c3cf17f491b2bfa075a34a36b0f530ddc82a98511ff7ecc203b15307fc00dd7c897d167a1b11c7afbbb0d0490369b45032bdd20c676e110244bc97	patient__zt4bvpx	f
2018-07-10	16:01:00	\N	\N	149.6	\N	\N	\N	\N	\N	0	2018-11-05	07:36:59	synapUser:001	patient:zt4bvpx	patientVital:dpaxx7k	\N	organization:001	[]	fcac6f8f078f8a046371412c288e7b519212c145e00d9241709a5ec3317b328865959f0f40b15613a9483295e04eca3ab5c654cffd4a6b71d553c11f5fcb5700	patient__zt4bvpx	f
2018-07-11	01:07:00	\N	\N	\N	96.9	71	100	49	97	0	2018-11-05	07:36:59	synapUser:001	patient:zt4bvpx	patientVital:3uzbynt	\N	organization:001	[]	fa30541ec6f7797fd3a3a902e006c1516d4a533640618e4745f9f46ddd06437e4c087767f9d2cc7764a5ed6b672215684dc8b59e46fbea9520ed102e8f9917e4	patient__zt4bvpx	f
2018-07-11	10:12:47	\N	\N	\N	\N	53	127	73	\N	0	2018-11-05	07:36:59	synapUser:001	patient:zt4bvpx	patientVital:86a7cjp	\N	organization:001	[]	d5764bdf6f34bcd3ae3f6576bf8004fcc13cd3673b14432c74ba93753a8bc2d0ffe1afdd543775d78e7c52af1685a8f4c86d6a041f491edd2986e596644e39b9	patient__zt4bvpx	f
2018-07-12	00:30:00	\N	\N	\N	98.8	77	104	51	98	0	2018-11-05	07:36:59	synapUser:001	patient:zt4bvpx	patientVital:gykcagr	\N	organization:001	[]	8e0dd39cd3b5ba7e35c346a705d5dbf63880828edc16efe53a0f8f82e60c6d86a7f45db41ade5cd48a76bfc976fbb6f8128b4124cc14e994adc3353d547e3914	patient__zt4bvpx	f
2018-07-12	09:42:14	\N	\N	\N	\N	84	126	63	\N	0	2018-11-05	07:36:59	synapUser:001	patient:zt4bvpx	patientVital:wd87gja	\N	organization:001	[]	ec8ec01dacfea100c25d8c7369cea3a8e5e85ef37bb8b9e24bfc737600e061a17a198b2e7577d8525b8b99a3e808c92b3d55c358d170ed362cb9f6e79777d412	patient__zt4bvpx	f
2018-07-13	08:36:41	\N	\N	\N	\N	79	137	69	\N	0	2018-11-05	07:36:59	synapUser:001	patient:zt4bvpx	patientVital:bxrtrn6	\N	organization:001	[]	425821d56379dd92a3898a25d508a98110969fb6752426962a9b08227ef14583d17e060752b7cbe20794537aa359c2a6b54f0922d19f0a3f18158e107fb55fbc	patient__zt4bvpx	f
2018-07-13	17:03:00	\N	\N	\N	98.2	62	140	50	96	0	2018-11-05	07:36:59	synapUser:001	patient:zt4bvpx	patientVital:un7z6nr	\N	organization:001	[]	82a1bb2897f0dcb4453479a08760b15eac1292e54675961d598097df09b7a7e206cf4dcc5f4c7b45392968426b7e827aa324e0e9fdb64bfe55f5ff02f3aa9aa7	patient__zt4bvpx	f
2018-07-14	00:30:00	\N	\N	\N	98.4	77	107	58	99	0	2018-11-05	07:36:59	synapUser:001	patient:zt4bvpx	patientVital:3v62dhf	\N	organization:001	[]	70b9715791db45d49a9220275719ecf1fff98d8b9ff9e3e8819c99a4289ddd06fa51df1e8f6971d48995a27209f69ce4ddeae5b1336f222ffdc52b713fb04648	patient__zt4bvpx	f
2018-07-14	09:01:37	\N	\N	\N	\N	73	138	60	\N	0	2018-11-05	07:36:59	synapUser:001	patient:zt4bvpx	patientVital:vppw6tn	\N	organization:001	[]	6da50c3079d8c508029bf44b642ccf42ab66526228f30d3fcf2562e0d22edfc3e4961f59b271cb51226ba3f30fc2120578d8f7b93fc8ae7234b1008a3f8c6420	patient__zt4bvpx	f
2018-07-15	05:05:00	\N	\N	\N	\N	\N	103	56	\N	0	2018-11-05	07:36:59	synapUser:001	patient:zt4bvpx	patientVital:wwyzvug	\N	organization:001	[]	b8e0fab3e60c0090bed146737552be6e2bb2e8c3d5dfb2dae1a6f13af04d130141f2a34656e340a27fda66f231e18ea50ad8b0eefd572f299aa38af0a2870cad	patient__zt4bvpx	f
2018-07-15	05:11:00	\N	\N	\N	97.3	\N	\N	\N	\N	0	2018-11-05	07:36:59	synapUser:001	patient:zt4bvpx	patientVital:2kmmyyj	\N	organization:001	[]	da95544871d253b59378f3df8f6074da53ef710fc0e0f6ecadfc3bb9e895315c9b711a14fcae4092d6c1a20251c38ee8da06afabd5d23d51a570f9ae440b0b08	patient__zt4bvpx	f
2018-07-15	05:13:00	\N	\N	\N	\N	73	\N	\N	\N	0	2018-11-05	07:36:59	synapUser:001	patient:zt4bvpx	patientVital:nt4u3e8	\N	organization:001	[]	922ced8bcb46de7c7ee08cb1a6a377ee0669a6f7d39ba98ef36d8d49a4af901879e86ceddb562fd76f47206f41496cdb82c536d13692f88e79a74ab7262e19aa	patient__zt4bvpx	f
2018-07-15	05:16:00	\N	\N	\N	\N	\N	\N	\N	98	0	2018-11-05	07:36:59	synapUser:001	patient:zt4bvpx	patientVital:d84dp8e	\N	organization:001	[]	ec6ffacda23cdb38417674f749108dfa76488ea72b5348b2279d33beb92f05489d3fccc75d0bba40177bf28b866b60d768e5d30543e9c1a019c8b7d65fb013f3	patient__zt4bvpx	f
2018-07-15	09:34:21	\N	\N	\N	\N	88	160	69	\N	0	2018-11-05	07:36:59	synapUser:001	patient:zt4bvpx	patientVital:tnpdyar	\N	organization:001	[]	1a458ae9c2ca5975377c8fbfb14037aa4d0106d0fff80f05227c57c58e24dfbb71ddf8a64b3a137b97021c230226636c1ba87498b7751bba77b4ecc9d5b086df	patient__zt4bvpx	f
2018-07-15	12:01:00	\N	\N	\N	98	88	160	69	98	0	2018-11-05	07:36:59	synapUser:001	patient:zt4bvpx	patientVital:apvxemb	\N	organization:001	[]	27c3f93f892dbdc3ddf3f025faef2a3a9a32a94056a653b63576656a742de3e7a908463e716814c994856b8a38501233d275c94fd0b65982e5f346c0c77d58ee	patient__zt4bvpx	f
2018-07-16	01:59:00	\N	\N	\N	97.2	68	139	55	95	0	2018-11-05	07:36:59	synapUser:001	patient:zt4bvpx	patientVital:rufu386	\N	organization:001	[]	3602f5179989f18f6cbb1e7368abe6b90ff1a33ba7c4613ca0144bbb1bb8c3080d28710b06c08bc7cbbcfa1f56f1578aaa6fdf4eb1bfb39bbea3703c3e62d016	patient__zt4bvpx	f
2018-07-16	08:12:32	\N	\N	\N	\N	66	131	67	\N	0	2018-11-05	07:36:59	synapUser:001	patient:zt4bvpx	patientVital:4trj8ey	\N	organization:001	[]	6d2f50cd9a648443f6fa0b24eb80a0369461ab0a44a92d929c9f248a8d1726ab08d360089397387b5a067ab3111def52e5a17305fe9cc2c3ed13db4a2a42867a	patient__zt4bvpx	f
2018-07-17	00:14:00	\N	\N	\N	\N	\N	\N	\N	98	0	2018-11-05	07:36:59	synapUser:001	patient:zt4bvpx	patientVital:fv2jvn8	\N	organization:001	[]	88776783246df2e56c63f143a82c5548b973dc614d9ccfe7706f72d20f7236be5d9759e67ccc462686f48018042d8968d39dafe016f9ab7fd89f95f0fd219e11	patient__zt4bvpx	f
2018-07-17	00:30:00	\N	\N	\N	97.7	\N	126	60	\N	0	2018-11-05	07:36:59	synapUser:001	patient:zt4bvpx	patientVital:jwyf38h	\N	organization:001	[]	720cf0c02c155c1cbd5b1ac1bda01c4c224378aefd5203ecdd49967d4e4108989a0544393a20225a215aa4f9b55d5d93d6a4219be453b79b55ce26fa6d9f3910	patient__zt4bvpx	f
2018-07-17	09:38:01	\N	\N	\N	\N	70	139	63	\N	0	2018-11-05	07:36:59	synapUser:001	patient:zt4bvpx	patientVital:8axw3bp	\N	organization:001	[]	0b57c208fecbdde046227dbc08a3a6975d340f2f416b84f1a7db5fa6c808c1c2d808bc65c8d18ecf94c3fbae72b5cf7ad51f6a82332da79d8de23cbc57f3ade6	patient__zt4bvpx	f
2018-07-17	15:24:00	\N	\N	153	\N	\N	\N	\N	\N	0	2018-11-05	07:36:59	synapUser:001	patient:zt4bvpx	patientVital:wgjc4wj	\N	organization:001	[]	0f2e6cf6489ae1225d6e04de87406296589ec69cecb8314305c455cc0b3eba84313d0ab3632d70dc9f2ed0a17ed1f61847003e68f5ac73487057fddef6ee8566	patient__zt4bvpx	f
2018-07-17	20:01:00	\N	\N	\N	97.8	73	104	57	97	0	2018-11-05	07:36:59	synapUser:001	patient:zt4bvpx	patientVital:rnwrkht	\N	organization:001	[]	28870a5fba41fa2c02c2e82444929e0bb9cedaf9c065348f45dca8a7c0035a9165cd2783f2594b1871b9a768c436fd90604a50f9c19fb41cc548a5a0ee041fdf	patient__zt4bvpx	f
2018-07-18	00:30:00	\N	\N	\N	97.8	80	126	63	98	0	2018-11-05	07:36:59	synapUser:001	patient:zt4bvpx	patientVital:3atrkab	\N	organization:001	[]	06378d82b85ecdc5582a26560c80cf62705694400ae8cffdc689f5e786212b2027f793f3164eee8a80149fae7b426b312af5179b9cff8945f6222f17e185b114	patient__zt4bvpx	f
2018-07-18	09:53:42	\N	\N	\N	\N	84	137	63	\N	0	2018-11-05	07:36:59	synapUser:001	patient:zt4bvpx	patientVital:d4ptv6m	\N	organization:001	[]	7f609537fbf85b781bfa3e541cc07c479b03ec05931b3f2cf7479b845d1255d7a7613d74952137d7bc352ba58e78293f8811bafe5dd457185b3cdd3a9ed94363	patient__zt4bvpx	f
2018-07-18	19:09:00	\N	\N	\N	97.1	62	130	60	96	0	2018-11-05	07:36:59	synapUser:001	patient:zt4bvpx	patientVital:2kah8ux	\N	organization:001	[]	eb7faabb501c6f2bf2bab0f1e8857d3ad0fe3a8ac23f8d4328ca6835827a7755a2df5e7c0f30677719284d38225920e0f195f133cda9d203f9f9d0833d201e99	patient__zt4bvpx	f
2018-07-19	03:13:00	\N	\N	\N	99.5	\N	\N	\N	\N	0	2018-11-05	07:36:59	synapUser:001	patient:zt4bvpx	patientVital:px7xj3f	\N	organization:001	[]	762053c6ffb6d64952d581e947e3ee1b0e31a0adda2807be4392ae6cd38626725db5a831a4d387b55cabb7b194fa52263c09f2e20aa0a9191c95b4a997b5348e	patient__zt4bvpx	f
2018-07-19	03:15:00	\N	\N	\N	\N	82	\N	\N	\N	0	2018-11-05	07:36:59	synapUser:001	patient:zt4bvpx	patientVital:fdrenna	\N	organization:001	[]	e86cc24beadadae1db979fbd9d033a164261226adfbbe34fc7c68dd7e3f296797d591b480414d04a25e71a40bf0866d9c89ed5006aa3b4fbe5b6863242ee552c	patient__zt4bvpx	f
2018-07-19	11:04:38	\N	\N	\N	\N	71	125	69	\N	0	2018-11-05	07:36:59	synapUser:001	patient:zt4bvpx	patientVital:28mwwyn	\N	organization:001	[]	c37db5d5b57fc20cca81c2df6ac9709554ec10eb651b32281eb80d29cedc46a1fd33e75c3aa90bbd9f57ebad7be68c43f6f38a89dfaf5bfc7d2c2dcb498c5cac	patient__zt4bvpx	f
2018-07-19	11:07:00	\N	\N	\N	\N	\N	125	64	\N	0	2018-11-05	07:36:59	synapUser:001	patient:zt4bvpx	patientVital:u6784xg	\N	organization:001	[]	bdcd40e10c1004aec70a53a6315883a63072a0c88981f1d695eab25d3f1fcb6f5c61fd88f20ed597da9b02af015ca0be968a30d17eb7b5178547712ab423a680	patient__zt4bvpx	f
2018-07-19	11:09:00	\N	\N	\N	97	\N	\N	\N	\N	0	2018-11-05	07:36:59	synapUser:001	patient:zt4bvpx	patientVital:wak2dwx	\N	organization:001	[]	d3cc0ce432cb882009e2aa49e2070d15235bc1cc403337ae2645f1c8a2cc07419f5d2098d3dccb9006a58449edbf04db43d9f0736bbac4fae96c6bcefdf2cc4b	patient__zt4bvpx	f
2018-07-19	11:10:00	\N	\N	\N	\N	71	\N	\N	\N	0	2018-11-05	07:36:59	synapUser:001	patient:zt4bvpx	patientVital:wf8hn6m	\N	organization:001	[]	bf35a2f92d5e1fe790916cb853945eb6cbd8933ef3498bfcb713caf972acb53133537bef950c0f34fed9431bc7143e4a1606ed4473ccec00e9aab8a382ad70d0	patient__zt4bvpx	f
2018-07-19	11:12:00	\N	\N	\N	\N	\N	\N	\N	95	0	2018-11-05	07:36:59	synapUser:001	patient:zt4bvpx	patientVital:h26wf8w	\N	organization:001	[]	0528568ae04dcf1c29b3e7c0eb63418abac9372bac04f9624006ae75b0b1e310bfad834c181dd2e91c8d5559f205e2a8cad70173faff7c4c8a44ed2ddf518e2f	patient__zt4bvpx	f
2018-07-19	21:08:00	\N	\N	\N	\N	70	132	62	\N	0	2018-11-05	07:36:59	synapUser:001	patient:zt4bvpx	patientVital:d4pxfzp	\N	organization:001	[]	a7be67be737c894bc0f0f153ffa74c00bfc055e059a5efee04cd612ea6bf502c69eaeb3668338ba8137ca4cdab306511cad55bfc0c40ef53a30ab2c8407d993b	patient__zt4bvpx	f
2018-07-19	22:08:00	\N	\N	\N	98.5	\N	\N	\N	\N	0	2018-11-05	07:36:59	synapUser:001	patient:zt4bvpx	patientVital:vcebzvk	\N	organization:001	[]	002dd159a98a27e1b3aaeb0da81457797baa93b9308d752b0cd31730c63df56716f4f1be7676eefce485cb3de8f9f18e417ed4981e5c20b01b5f77435f057f3f	patient__zt4bvpx	f
2018-07-20	12:34:51	\N	\N	\N	\N	74	137	60	\N	0	2018-11-05	07:36:59	synapUser:001	patient:zt4bvpx	patientVital:6batjxr	\N	organization:001	[]	c1f24d931b30f179125ab40c73d04c5404f9a93c21df1899e5667787fb3ed323b07ea9fac6e73b53c04a96fb03467eabd70a3425823ab381d6696fe6d19451f1	patient__zt4bvpx	f
2018-07-20	14:25:00	\N	\N	\N	\N	\N	137	60	\N	0	2018-11-05	07:36:59	synapUser:001	patient:zt4bvpx	patientVital:zwnhcdk	\N	organization:001	[]	63ce735b19fd48dd0a08def28751ed859a4f90b48d00f85b37349ad703cd55ceb8f105725a5e8d14fe6b1b237aac71a8b8964c07cbe5a66367d4c175cb210031	patient__zt4bvpx	f
2018-07-20	14:27:00	\N	\N	\N	97.3	\N	\N	\N	\N	0	2018-11-05	07:36:59	synapUser:001	patient:zt4bvpx	patientVital:aw8fpyu	\N	organization:001	[]	4cdb3c520ade2bf996abe12106a397f87f12676668681ed3c3cd591a0092e225063d4734f2b73707930ea36ea4fa4402fb2999faf7625fd98715137323e55741	patient__zt4bvpx	f
2018-07-20	14:28:00	\N	\N	\N	\N	74	\N	\N	\N	0	2018-11-05	07:36:59	synapUser:001	patient:zt4bvpx	patientVital:dbx78w7	\N	organization:001	[]	e5666065d90dbe34cd21775ed816b8887c96adfc8c5f180680a6d389b89fc2b9ec000132a466c8edc9ad6395dc5790b779fc21b2217bd42be9bb5e41582a207d	patient__zt4bvpx	f
2018-07-20	14:31:00	\N	\N	\N	\N	\N	\N	\N	97	0	2018-11-05	07:36:59	synapUser:001	patient:zt4bvpx	patientVital:ecxpzvr	\N	organization:001	[]	3d74b6f3da1a69edd076ed20d1cda0bf3ac39132e0869ad9da57f83cd83690f394c26c18926bd8d0f44bf1fdfa1b59b12d75a8e68f91abde759cdd5dca96d0b9	patient__zt4bvpx	f
2018-07-21	00:26:00	\N	\N	\N	97.4	74	128	60	96	0	2018-11-05	07:36:59	synapUser:001	patient:zt4bvpx	patientVital:ekyckxa	\N	organization:001	[]	133371c954cccb36f20f9ee27771cc201b527207c9e5b65ecdec024327e3080518e590eb8f91c11b913f9f3d99037c05d7f8182b948fc674b6ebf40366f5d625	patient__zt4bvpx	f
2018-07-21	09:20:44	\N	\N	\N	\N	75	151	67	\N	0	2018-11-05	07:36:59	synapUser:001	patient:zt4bvpx	patientVital:2zzcdap	\N	organization:001	[]	570865c030ac8948c3f7d296ecdca07c1ed7fc1fef52681bdc3af08ae5c1b0e54e2c81b144d1eff590ce779f1e553746307d5ec2b3874db6f39cc3729563316b	patient__zt4bvpx	f
2018-07-21	23:30:00	\N	\N	\N	97.1	60	114	58	97	0	2018-11-05	07:36:59	synapUser:001	patient:zt4bvpx	patientVital:24tr7wd	\N	organization:001	[]	7ed8705396ced3b3fe0dfebedc77491d7335d5f9ffb295158cda6e678acf80f2a82cfdb5e32db2f1d97abc8e0cf6ba40f93a847d6b610432c5121981cfc17122	patient__zt4bvpx	f
2018-07-22	01:38:00	\N	\N	\N	98.3	75	112	72	98	0	2018-11-05	07:36:59	synapUser:001	patient:zt4bvpx	patientVital:v7r4b8b	\N	organization:001	[]	b59e3d5460221903cc69630c4e17c2b71516f19ee4ed98850815b0e3710be96f8ce8a88f233c51a2fb8030d1695da76fdda9f001cd19c0360b0558b68540d8e2	patient__zt4bvpx	f
2018-07-22	10:04:22	\N	\N	\N	\N	67	145	67	\N	0	2018-11-05	07:36:59	synapUser:001	patient:zt4bvpx	patientVital:cepfp3m	\N	organization:001	[]	0ee968263c6bcee34c125ee067e7f4742337dda0067195ad265fcf124170be5a9bc0892e789e93d5a58e9ca80b977f742352c480156abce83e17bee807c3b019	patient__zt4bvpx	f
2018-07-23	02:24:00	\N	\N	\N	97	72	126	59	97	0	2018-11-05	07:36:59	synapUser:001	patient:zt4bvpx	patientVital:anu78rp	\N	organization:001	[]	05a6ec26e560a615f8c8f2ca0d20e45f7eee92dc4e37aaabec4efd5a8b28ed1e586b0a564b7324c68a0fc80d775a417fe7da69676c87227fbcad22b7e6d7fbfa	patient__zt4bvpx	f
2018-07-23	09:21:22	\N	\N	\N	\N	70	139	63	\N	0	2018-11-05	07:36:59	synapUser:001	patient:zt4bvpx	patientVital:gc7duwk	\N	organization:001	[]	e8c83e95ed57dbe356294b1af09fee834612a52726020003eb2989d3ed9f97a1d2a9a830110b44efcd26f72d69bee34aca2504487227c806e576e31fe20594fe	patient__zt4bvpx	f
2018-07-23	11:22:00	\N	\N	\N	96.9	70	147	68	94	0	2018-11-05	07:36:59	synapUser:001	patient:zt4bvpx	patientVital:ncm283x	\N	organization:001	[]	169178b227bd5a0b6dab25e36b6bb2a906bb2813d086b07aa69f6e4fa1ca2be4d9d28b7b11b88e6c4083ed24433de9bb30249c24b613e75dcb31f38f816e3185	patient__zt4bvpx	f
2018-07-24	03:25:00	\N	\N	\N	97.7	80	152	65	95	0	2018-11-05	07:36:59	synapUser:001	patient:zt4bvpx	patientVital:2jchwyp	\N	organization:001	[]	6d59d0c4b9ca6b1c6d9e4ddd1049efbd88d1abfc57dce6855ffa5bff18d8a91cd1ee63bc9304886b5377af777a86847ecd25a4c80bc6add4359813b650683636	patient__zt4bvpx	f
2018-07-24	09:11:40	\N	\N	\N	\N	72	138	66	\N	0	2018-11-05	07:36:59	synapUser:001	patient:zt4bvpx	patientVital:wh33wgp	\N	organization:001	[]	a9baaa0ad3f840bef4d84d616a9b45b6506a118e2460399f8de5967bb02e44a4ea39d0b983a4e4934203a50bc0de3b20d7356f21c8de26bb421dacdc2fdd02e9	patient__zt4bvpx	f
2018-07-24	10:55:00	\N	\N	151.4	97.7	72	138	66	98	0	2018-11-05	07:36:59	synapUser:001	patient:zt4bvpx	patientVital:r4jp3mz	\N	organization:001	[]	d7040079ed666927eaaf3ea8d97cf56b9081ad53ae1ed494eaf295324c964045cd826f0a5e20cf18bd8bacddb707427ff5a083d35a8905ac17e8c00e57cd155b	patient__zt4bvpx	f
2018-07-25	03:59:00	\N	\N	\N	97.6	76	138	72	98	0	2018-11-05	07:36:59	synapUser:001	patient:zt4bvpx	patientVital:kk2d7jn	\N	organization:001	[]	4cd8a32267c6ab72ffaa364f9a0c09e165ccbaa252d73be14b2b696ac52125b1853f162dec39db0d4d86fac8a6905509665f461fda6738d7edb094452d0725ae	patient__zt4bvpx	f
2018-07-25	09:29:47	\N	\N	\N	\N	71	126	65	\N	0	2018-11-05	07:36:59	synapUser:001	patient:zt4bvpx	patientVital:8nkpayc	\N	organization:001	[]	a78b1f239df1425916d73260408436a4a95b92480775da846ece09bafc172174e14ce5c63cbf7b68df32ddb62b966078d2b9b4dc016bcdc581e6daaa8db0d270	patient__zt4bvpx	f
2018-07-25	19:07:00	\N	\N	\N	98.1	76	\N	\N	\N	0	2018-11-05	07:36:59	synapUser:001	patient:zt4bvpx	patientVital:w3jdkhj	\N	organization:001	[]	87cc152ab6ac64e121697f10d194391311f4b13869d9f0e274b82b96fd08e53fdd2d98083332986356797c689b24f36e8f94696a3f773010cd21afe3a44988e4	patient__zt4bvpx	f
2018-07-25	23:08:00	\N	\N	\N	\N	\N	126	76	\N	0	2018-11-05	07:36:59	synapUser:001	patient:zt4bvpx	patientVital:dyc8an8	\N	organization:001	[]	f4a427532ebca529be1c391339946cc46c06345713184ea009e41b74db89a4c670fb58aac1d885c0b41eb0f7b19924a893df28f4e29937eaccbc813aedd55403	patient__zt4bvpx	f
2018-07-26	04:18:00	\N	\N	\N	\N	\N	102	54	\N	0	2018-11-05	07:36:59	synapUser:001	patient:zt4bvpx	patientVital:3hrk7vp	\N	organization:001	[]	c60b5cfb3ecfbd0276c425a34ff9b429ee32364b7b8a9e1ddf651d6436720a43aeb88b3b12621c7fb24ae117d63515a43b053e161536d5f118efbf4a6d110f55	patient__zt4bvpx	f
2018-07-26	04:22:00	\N	\N	\N	97.8	\N	\N	\N	\N	0	2018-11-05	07:36:59	synapUser:001	patient:zt4bvpx	patientVital:wha3dke	\N	organization:001	[]	d521f59e2b87ec9d443502dca58518232ee1b20ec94bb8572d94f2cf4fb9d3506d7b9c49966b92e99aae987c6213fc0a6fefa324fcd945b1cbd2f94f32c76d70	patient__zt4bvpx	f
2018-07-26	04:24:00	\N	\N	\N	\N	77	\N	\N	\N	0	2018-11-05	07:36:59	synapUser:001	patient:zt4bvpx	patientVital:htb4dmv	\N	organization:001	[]	b7ac8ff9af2c33249286daa50c550b074016a8b7f9491e7e574c0ffa6250d0625930959f6006741fef663abc9b1b636a804219b16dc5ae89c09cc3e5459845b2	patient__zt4bvpx	f
2018-07-26	04:32:00	\N	\N	\N	\N	\N	\N	\N	98	0	2018-11-05	07:36:59	synapUser:001	patient:zt4bvpx	patientVital:yprvnum	\N	organization:001	[]	e00a3aa8413a4a802e4e30b36d5adfe00629edc17dc5dcfd2522931f1ac84a095fc616813e324f0981e96eb603fd28022621e10fed338102ecfe019029d225b1	patient__zt4bvpx	f
2018-07-26	09:37:24	\N	\N	\N	\N	70	146	57	\N	0	2018-11-05	07:36:59	synapUser:001	patient:zt4bvpx	patientVital:pax44te	\N	organization:001	[]	85f67e8a0247add41c4061f13ba144d04664b82bb8fe5363753233b036315a5213ab4d136f38e9f1b1bc7e18db7b3cc5b0f41e05cc1b86be94dd4283d817f62c	patient__zt4bvpx	f
\.


--
-- Data for Name: preferred_provider; Type: TABLE DATA; Schema: public; Owner: aperiosf
--

COPY public.preferred_provider (group_name, last_name, first_name, phone, fax, address1, address2, city, state, zip, status, notes, service_type, created_on_date, created_on_time, created_by, id, tags, organization_id, custom_property, checksum, object_path, is_deleted) FROM stdin;
ABC	test	test	7888888888	\N	test	\N	test	metaState:LA	333333333	metaDefaultStatus:active	dummy notes	metaProviderServiceType:FamilyPractice	2018-09-12	10:03:03	synapUser:001	preferredProvider:pcgdxej	\N	organization:001	[]	6579eccde3af08a1157afdf61a04b57cf255aafe44587835f9be9b6ac17611751425bb19f1a948be52efce6c5024dcd3c14693d66bac73bce02b9b9692ad4d14	\N	f
Mindful Meditation	Hyerness	Horace	5679783423	\N	8 Place Place	\N	Dumfries	metaState:DE	55667	metaDefaultStatus:active	\N	metaProviderServiceType:Unknown	2018-09-12	22:00:56	synapUser:001	preferredProvider:egugptu	\N	organization:001	[]	f222b89bb37bd715c262015354dcf3d3c29a1d9f8e695de046e159da5456d675d4b8d5728466ee1ad7a6e7adf3824fcb4d73bd73cd86ee6bd316347099999a96	\N	f
champ	gupta	prerna	8989898898	\N	c003, mohali	mohali	mohali	metaState:AR	898989898	metaDefaultStatus:active	this is new preferred provider	metaProviderServiceType:Anesthesiology	2018-11-05	06:41:33	synapUser:h4afvcm	preferredProvider:62huywh	\N	organization:001	[]	8a5e958fe737eaa717fe05b837d2a07a9e0f0788a5d7855ddd50246a18dc519bb92196cbc74f5a2bb0bf2ff10b2cbd4283f014cec991ef321991f213758a2558	\N	f
\.


--
-- Data for Name: report; Type: TABLE DATA; Schema: public; Owner: aperiosf
--

COPY public.report (class_name, cdn_path, note, parameters, created_on_date, created_on_time, created_by, id, tags, organization_id, custom_property, checksum, object_path, is_deleted) FROM stdin;
patientByZipCode	organization:001-report-cdnPath-359c35f5-6208-5a4a-a335-d0fbab12c771.xlsx	report generated	[{"zip":{"IN":["21211"]}}]	2018-09-20	11:51:32	synapUser:001	report:apvcwvx	\N	organization:001	[]	f329486b0e819cf1e2a6cb8ce206cec46c08b9df29bd76008fdfc6044490875a7270cd59faaaf596e2f55a2720c44fdbb0c0c0cb57a4581393f25d9a35b5a2af	\N	f
PatientByAge	organization:001-report-cdnPath-1bae2d5d-cc33-5569-b75d-c5c41b15498c.xlsx	report generated	[{"dob":{"GE":"2010-09-01"}},"AND",{"dob":{"LE":"2018-09-20"}}]	2018-09-20	11:52:48	synapUser:001	report:whh3r6h	\N	organization:001	[]	e4a4c499c83eed4a68bec904d67c6b672ee1db6b5a4a6330bdd352125e58959542f70fff4afc3fccc36d1a7f18e6a0f364e5fd1461fcab687e2fa2192d4ad03d	\N	f
CourseByInstructor	organization:001-report-cdnPath-8ceaa47a-8a7b-51ba-83c4-25478856887e.xlsx	report generated	[{"instructorUser":["organizationEmployee:001","organizationEmployee:c3hn7rd","organizationEmployee:6d7z3ze","organizationEmployee:zgtc4cp"]}]	2018-09-20	11:56:05	synapUser:001	report:bmxwrdr	\N	organization:001	[]	72ed1010953423234a7e6137749556b0ef170813f225ecea0dae11dd7934d642759046b5c8f2ebb9380633a32f103eec3a858634d96b2388d932cbf9394a7ef1	\N	f
CourseByInstructor	organization:001-report-cdnPath-97aef2d1-a54f-513b-af3f-0f1c78789bc7.xlsx	report generated	[{"instructorUser":["organizationEmployee:001","organizationEmployee:c3hn7rd","organizationEmployee:6d7z3ze","organizationEmployee:zgtc4cp"]}]	2018-09-20	11:56:06	synapUser:001	report:ejjrzfb	\N	organization:001	[]	0764584a480e556b005110cd8bdb1d4c95a69f44acd21cce6cb37d4f0015bc60ebf3ef54a49f4ecad30259c322fe80601ac34190b543e83faa925268b6ab5f0c	\N	f
patientByZipCode	organization:001-report-cdnPath-8b22b4d4-7c45-56d4-a680-d475a6968e91.xlsx	report generated	[{"zip":{"IN":["111111111"]}}]	2018-09-20	13:26:35	synapUser:001	report:z4etbfr	\N	organization:001	[]	90409ae95d8cb3e4eb8f6d16dc4bd5f0a4c179bed61711a6b9f19df0bbe03b0ace37cc42ca291d35f3b430983b0b89429ee1f7e0349d5fa9301da2b6fa6404d0	\N	f
CourseByInstructor	organization:001-report-cdnPath-be87292d-aba2-50c9-b702-5e5450cb274f.xlsx	report generated	[{"instructorUser":["organizationEmployee:001","organizationEmployee:c3hn7rd","organizationEmployee:6d7z3ze","organizationEmployee:zgtc4cp","organizationEmployee:utb6ac4","organizationEmployee:jzazuvd","organizationEmployee:td6bpyc","organizationEmployee:vugveb7","organizationEmployee:pn27xfp","organizationEmployee:6fhbayt","organizationEmployee:z4486je"]}]	2018-09-20	13:27:04	synapUser:001	report:jdd2g7b	\N	organization:001	[]	b9404e9f50ad4085973cd5ef9d8745ec80a94ec31097ee5e12119cbd1b3f465c99a2bf044d192093bb46a42be8a76091071d162ff6d1b8f87d3576b6698701f6	\N	f
CourseByInstructor	organization:001-report-cdnPath-3601072f-16cc-590e-94b9-a774a2e153f6.xlsx	report generated	[{"instructorUser":["organizationEmployee:001","organizationEmployee:c3hn7rd","organizationEmployee:6d7z3ze","organizationEmployee:zgtc4cp","organizationEmployee:utb6ac4","organizationEmployee:jzazuvd","organizationEmployee:td6bpyc","organizationEmployee:vugveb7","organizationEmployee:pn27xfp","organizationEmployee:6fhbayt","organizationEmployee:z4486je"]}]	2018-09-20	13:30:03	synapUser:001	report:zuwanbr	\N	organization:001	[]	d1447640e75a61cc3394c30ad1911d09cc5ab562277bb1f8568372beac6e742ea925f0d843fe2ec2f3f2eb419bfe51d212e7974eccff6eaad9de020fc3780fac	\N	f
PatientByAge	organization:001-report-cdnPath-470ac1f6-879f-5356-8767-d602a74f91cd.xlsx	report generated	[{"dob":{"GE":"1900-12-31"}},"AND",{"dob":{"LE":"2018-09-20"}}]	2018-09-20	13:30:35	synapUser:001	report:deyaehj	\N	organization:001	[]	3ed9a2c8afad19863f4998205015ed725c29c1b46335976096fc2698d326d5cf08398ab99193001cda5415e3a28cbbf7b4bd60fb9e10e35619c207997d723008	\N	f
PatientByProgramAssigned	organization:001-report-cdnPath-cf185814-3093-5b88-a206-9d4db054d453.xlsx	report generated	[{"programId":{"IN":["kchProgram:003"]}}]	2018-09-25	09:56:23	synapUser:001	report:7fgracn	\N	organization:001	[]	ec85dd13e75c258ffbd9f8787177b51639ae2a31abef6bf0618d99de15fd839a8a78bf4b11d3eb55ee6f5d666c5e45a3303f297dd579be34193bd36ea200c405	\N	f
PatientByProgramAssigned	organization:001-report-cdnPath-b885892b-d656-5600-a323-e9f62a7ecb60.xlsx	report generated	[{"programId":{"IN":["kchProgram:002","kchProgram:003"]}}]	2018-09-25	09:57:23	synapUser:001	report:4nw7yed	\N	organization:001	[]	47d86e67bcb4de6ec4ffd3a562cb0e641ab5099aab9c0951e9982cff9d240583388b27329100d31d61663945f1570e77d3562bbf481c938a3a977ef9f3b4c13f	\N	f
patientByZipCode	organization:001-report-cdnPath-3bd40203-38b1-5a0b-b411-550fd8d4d63d.xlsx	report generated	[{"zip":{"IN":["909090909"]}}]	2018-09-27	06:06:39	synapUser:001	report:kzefkt3	\N	organization:001	[]	2c727e8f19da14233cb1fdb1c01af34f27a8dcf709238f764a31e9e9500522476aedffda0e24620b1d3d27f1dc6d04e6b7f52c68c590ada266147e3c9f6cbfa0	\N	f
PatientByAge	organization:001-report-cdnPath-d214e781-ed41-541f-95bd-610a75ddb28f.xlsx	report generated	[{"dob":{"GE":"2018-09-01"}},"AND",{"dob":{"LE":"2018-09-30"}}]	2018-09-27	06:10:34	synapUser:001	report:mfbdnwf	\N	organization:001	[]	f173ec6a7cb73ae2f56e4f664d2b67f3e6aab7075559296d88d7318e6b3c612546240fee5cf6a2b23b469f744747fac06c8582c6775bb8d5e589a531395f170c	\N	f
PatientByPrimaryCareProvider	organization:001-report-cdnPath-f0a522cc-483b-5b9a-976f-e92f74952814.xlsx	report generated	[{"primaryCareProvider":"Y","zip":{"IN":["111111111"]}}]	2018-09-27	06:13:06	synapUser:001	report:cnw2meh	\N	organization:001	[]	daa2a9aa75963cc4777ca52213660fb32c3f9ddbbba37cc6689289933dbe09b1db35c6b1134310494ff0be62b2d6f2dc11b7f205e3955b1f3e399158f4b29813	\N	f
PatientByProgramAssigned	organization:001-report-cdnPath-3fe73ddf-babb-5abb-b4ff-4e340a35207e.xlsx	report generated	[{"timeZone":"Asia\\/Calcutta","programId":{"IN":["kchProgram:xgp2xtx"]}}]	2018-09-27	06:13:55	synapUser:001	report:hczfn4v	\N	organization:001	[]	4086ea259a1ddd1fcfea4a7c002fa2db64d8b3293ef8813c23bb685c31bab3aabda1c7aacdb3a586a174c5c61755e0429e0c65d26b5053e05f50b3032a55b32f	\N	f
CourseByInstructor	organization:001-report-cdnPath-b0d846db-de76-5c4d-95e5-a77968e2ffcd.xlsx	report generated	[{"instructorUser":{"IN":["organizationEmployee:001"]}}]	2018-09-27	06:14:36	synapUser:001	report:2pvhh3y	\N	organization:001	[]	297ae48d1b589d04f41f3d2c73228fd22188e08bf49e80c4d4d1b2ac7d9a6e331fd65bff9744e7bcb8f26da8cdee99d05f6f99d220d2d8f00eeb7a9c883d4fa8	\N	f
CourseByInstructor	organization:001-report-cdnPath-c0946573-beef-5483-9202-32ff49737eec.xlsx	report generated	[{"instructorUser":{"IN":["organizationEmployee:001"]}}]	2018-09-27	06:20:03	synapUser:001	report:jwnwjpj	\N	organization:001	[]	2ac1a5cdab91ebceb2e5852a7e675bb497b5c9feb3c8ddba6f741d2c28bfb4b1ff2c1fa09cb230172e29c409404bea58b10196c2f48a34129a90b3f708f02d7d	\N	f
CourseByInstructor	organization:001-report-cdnPath-2fd19dc7-7e7a-5619-9549-579ae7cdfa74.xlsx	report generated	[{"instructorUser":{"IN":["organizationEmployee:001","organizationEmployee:c3hn7rd","organizationEmployee:z86rwv7","organizationEmployee:6d7z3ze","organizationEmployee:zgtc4cp","organizationEmployee:utb6ac4","organizationEmployee:jzazuvd","organizationEmployee:td6bpyc","organizationEmployee:vugveb7","organizationEmployee:pn27xfp","organizationEmployee:6fhbayt","organizationEmployee:z4486je"]}}]	2018-09-27	07:08:23	synapUser:001	report:pmc6jwg	\N	organization:001	[]	8bf224637a53b1a8914f98eb44453bbb986d30d67459bab4f33eb9802a5bdec8a6e14347f5d97cf11928c78de7c283f79d4190368e07ecc27eef8357320a50da	\N	f
CourseByInstructor	organization:001-report-cdnPath-32a9da1f-dd80-5850-8c10-57dd77cdd4cf.xlsx	report generated	[{"instructorUser":{"IN":["organizationEmployee:001"]}}]	2018-09-27	07:46:16	synapUser:001	report:ewycvxu	\N	organization:001	[]	5196aa2a6cb078899f551bd101043134da49a00af7546d59346e809ae3e0ecba28c3cf7efd063f1a18bbc9cec17e2a49df0f91a8f43576ce2ceb713cb1595ca9	\N	f
CourseByInstructor	organization:001-report-cdnPath-a0d231b3-58d9-5396-9c31-eb56dab2c516.xlsx	report generated	[{"instructorUser":{"IN":["organizationEmployee:001","organizationEmployee:c3hn7rd","organizationEmployee:z86rwv7","organizationEmployee:6d7z3ze","organizationEmployee:zgtc4cp","organizationEmployee:utb6ac4","organizationEmployee:jzazuvd","organizationEmployee:td6bpyc","organizationEmployee:vugveb7","organizationEmployee:pn27xfp","organizationEmployee:6fhbayt","organizationEmployee:z4486je"]}}]	2018-09-27	07:47:11	synapUser:001	report:pwwdm76	\N	organization:001	[]	d7b7190785fed0fec3956ea6ad8f3a489df55091d725c818cb50259f94e941398ee09945813832bdb174f25ad6b5990eb22bd1d19f9f137b7309e3429316a8e0	\N	f
CourseByInstructor	organization:001-report-cdnPath-dadbc731-28a1-5eea-9286-3737d59293bf.xlsx	report generated	[{"instructorUser":{"IN":["organizationEmployee:001"]}}]	2018-09-27	07:50:36	synapUser:001	report:jb7n2un	\N	organization:001	[]	676b0e75281f6127d0213e234871533ed2fc825b6313b0457e8a904f3cb02f83fb896698f6571c37630e03c69aa578929f19e8b3274d82160facf395a4e03b5e	\N	f
CourseByInstructor	organization:001-report-cdnPath-47c2a3a7-fd27-5fb1-8748-9a938f585c5f.xlsx	report generated	[{"instructorUser":{"IN":["organizationEmployee:001","organizationEmployee:c3hn7rd"]}}]	2018-09-27	07:52:16	synapUser:001	report:tuv6pu7	\N	organization:001	[]	412ab2e53ef71d1976927bae28af7bbe015d9d42b7b88a008e24b13257c691b3f1800a22e489d1ccad9336dd3cc63d7ba1a561882b9b4ec2259bb3514f572ceb	\N	f
CourseByInstructor	organization:001-report-cdnPath-eacbc295-8908-54d2-8533-286593dc8fae.xlsx	report generated	[{"instructorUser":{"IN":["organizationEmployee:001","organizationEmployee:c3hn7rd","organizationEmployee:z86rwv7","organizationEmployee:6d7z3ze","organizationEmployee:zgtc4cp","organizationEmployee:utb6ac4","organizationEmployee:jzazuvd","organizationEmployee:td6bpyc","organizationEmployee:vugveb7","organizationEmployee:pn27xfp","organizationEmployee:6fhbayt","organizationEmployee:z4486je"]}}]	2018-09-27	07:53:10	synapUser:001	report:8t37ghb	\N	organization:001	[]	e07b57db0fa2c9606a3a76e0bc248ffff563586e96e8d929410fd056c7a8447c1a8b8268a758e4eaed08beddd653f5d08f733fa624e90199b9cbb5c3a8f80292	\N	f
CourseByInstructor	organization:001-report-cdnPath-4e140172-adc6-5d11-adfa-6b69a488339d.xlsx	report generated	[{"courseRange":{"startPeriod":{"GE":"2018-09-01"},"endPeriod":{"LE":"2018-09-27"}}},{"instructorUser":{"IN":["organizationEmployee:001","organizationEmployee:c3hn7rd","organizationEmployee:z86rwv7","organizationEmployee:6d7z3ze","organizationEmployee:zgtc4cp","organizationEmployee:utb6ac4","organizationEmployee:jzazuvd","organizationEmployee:td6bpyc","organizationEmployee:vugveb7","organizationEmployee:pn27xfp","organizationEmployee:6fhbayt","organizationEmployee:z4486je"]}}]	2018-09-27	08:05:06	synapUser:001	report:z6t23zw	\N	organization:001	[]	fbeeb0a948da0b480c99086c54461ea694545bd92b40633f758e5e6b8ba3c0477a5754a7fa6d20a55d80d6e2d34633af49bbc829fcfdf19337e13adb612adc14	\N	f
patientByZipCode	organization:001-report-cdnPath-92adc078-181b-537b-b130-cf213c02a1fd.xlsx	report generated	[{"zip":{"IN":["21211"]}}]	2018-10-04	11:42:14	synapUser:001	report:3pu2hf7	\N	organization:001	[]	9e629f76f0dedf96cd5a18b6ce0e60bd813a0e69e5d9d5803008656ec34d6d1bf9b85c9469adc223db94165f2b7a6e6c4df88399613d5833770420eca1b329bb	\N	f
PatientByAge	organization:001-report-cdnPath-e54835d2-2185-5400-ba24-8efce8dbc88b.xlsx	report generated	[{"dob":{"GE":"1929-01-01"}},"AND",{"dob":{"LE":"1979-01-01"}}]	2018-10-04	11:44:27	synapUser:001	report:vtvbgw2	\N	organization:001	[]	ba83302a2635dc2d464824effa48a9dffc20882ead42de16a414ae097c703a68b13572fe2e7406ada7ff5201a71aa838041fb854052885ea3dd964d1205e18fa	\N	f
PatientByPrimaryCareProvider	organization:001-report-cdnPath-69843bbd-26bd-5926-b7ed-8ebfeb824626.xlsx	report generated	[{"primaryCareProvider":"Y","zip":{"IN":["21211"]}}]	2018-10-04	11:45:14	synapUser:001	report:7uw3bgm	\N	organization:001	[]	730febe2d67b3e274c9baf37a7de4a4470fc36d3a1e5a4efe4eb21bcc3c001920c075052cc120c0554702564baa73b2d8a3d054107b8ee9b5e09f476c27ba9c0	\N	f
PatientByProgramAssigned	organization:001-report-cdnPath-c1f02504-4906-534e-a753-f49da0792bcb.xlsx	report generated	[{"timeZone":"America\\/New_York","programId":{"IN":["kchProgram:003"]}}]	2018-10-04	11:45:33	synapUser:001	report:3tf8d4n	\N	organization:001	[]	80f4f68735930d079c667b5bff716423802e27bbe64ffed561485841e25f409f41d513af653fe737eb292c9eb6815ece6af37c3f5ab8be2f7b93249e5f9bd871	\N	f
CourseByInstructor	organization:001-report-cdnPath-524c104f-9128-529f-97dc-b9c9a102b62f.xlsx	report generated	[{"courseRange":{"startPeriod":{"GE":"2009-01-01"},"endPeriod":{"LE":"2018-12-31"}}},{"instructorUser":{"IN":["organizationEmployee:001"]}}]	2018-10-04	11:46:13	synapUser:001	report:6n7d6ve	\N	organization:001	[]	5a7a46d0edb42e357b98227c101b93ead5133e45024f6a228c0128785d42aba762106e01959d3314ad19f0c743fc2c75019b368d9d3a00868285886530133344	\N	f
patientByZipCode	organization:001-report-cdnPath-bab2948c-f346-51e2-82b2-85f157ce721a.xlsx	report generated	[{"zip":{"IN":["21211"]}}]	2018-10-04	15:01:29	synapUser:001	report:hk8f2gf	\N	organization:001	[]	1c56478bd062732705c5ee131a1addc44d81803ca719e8c254509725d7b0793a5bb42b6f666cde580d9e470ac546e2c11fea4636f8bf914365117e8199527f71	\N	f
PatientByAge	organization:001-report-cdnPath-4b5e506a-0bc1-53ce-9232-c433f7d18ef8.xlsx	report generated	[{"dob":{"GE":"1939-01-01"}},"AND",{"dob":{"LE":"1979-01-01"}}]	2018-10-04	15:05:34	synapUser:001	report:82pyzg3	\N	organization:001	[]	fa707fac63a8c29a835397b64d1a6b1aac927f88adb680fbf2b793baa2c70e96f4714840bdafd319a7c6c27911646113c05df3bb17b318faac5a45585e16f474	\N	f
PatientByPrimaryCareProvider	organization:001-report-cdnPath-f0649ab5-70bd-5599-bb75-16e427f2dcff.xlsx	report generated	[{"primaryCareProvider":"Y","zip":{"IN":["21211"]}}]	2018-10-04	15:06:24	synapUser:001	report:cyb8fyf	\N	organization:001	[]	13bee82bfc51bb472e6a8dcc5f612f0df00a2881a8f565634ba08f5d0b6df98a1e079f74f777dfea134f03335901a43e4df1e8052e6b5c3dac128dd06b46da7f	\N	f
PatientByProgramAssigned	organization:001-report-cdnPath-09f2c991-be82-5379-81f6-4e3955407f8d.xlsx	report generated	[{"timeZone":"America\\/New_York","programId":{"IN":["kchProgram:003"]}}]	2018-10-04	15:09:26	synapUser:001	report:47x2e8w	\N	organization:001	[]	2f072be6e00b581481eb3ecc4ba3adb68c496fb275505d2ea8a90c9ebb7d71bb9a33323e727c1613e1702e743195f5ae889b41b82edf27d5b0b129b303d5bedb	\N	f
CourseByInstructor	organization:001-report-cdnPath-73f5d41e-8131-526d-a760-a0dd9126d662.xlsx	report generated	[{"courseRange":{"startPeriod":{"GE":"2016-02-01"},"endPeriod":{"LE":"2018-10-05"}}},{"instructorUser":{"IN":["organizationEmployee:001"]}}]	2018-10-04	15:10:32	synapUser:001	report:vanhzmj	\N	organization:001	[]	ebcd73d0c04582f79319144d4b3b3d9ee8a362e9f1f0107df3a2cf10fbfa691c0735b4915d5de24e2cf177fb5d2cc0bacdde6052bae0ec46babfffc673689cc0	\N	f
PatientByProgramAssigned	organization:001-report-cdnPath-53fb8862-940c-5b4b-92d1-7fd26dd04071.xlsx	report generated	[{"timeZone":"America\\/New_York","programId":{"IN":["kchProgram:bxc8jnx","kchProgram:003"]}}]	2018-10-08	15:52:35	synapUser:001	report:txfkrh2	\N	organization:001	[]	175999d1494a788d5cfe4611f763f6f50df9a56869a2b1321a7fde755fef08bd545d040b33aa15de3540afa3163dee956ca3229424aeea6d69bb28281319447f	\N	f
PatientByProgramAssigned	organization:001-report-cdnPath-f809af69-9d81-5d19-9d3b-6f4439902f54.xlsx	report generated	[{"timeZone":"America\\/New_York","programId":{"IN":["kchProgram:001","kchProgram:002","kchProgram:xgp2xtx","kchProgram:bxc8jnx","kchProgram:003"]}}]	2018-10-08	15:53:12	synapUser:001	report:42xkw6n	\N	organization:001	[]	d8e9fe6e245f07d7959c0dda693249fa4299242534f06fe55bb668964251a57b32b44f331399f2032179a3c4b75ed447348f2c0eb3a0f014b2fde15dcbe5dd9b	\N	f
CourseByInstructor	organization:001-report-cdnPath-b9ff55bf-23d6-58d0-b783-eb88ec2bb374.xlsx	report generated	[{"instructorUser":{"IN":["organizationEmployee:001","organizationEmployee:c3hn7rd","organizationEmployee:z86rwv7","organizationEmployee:6d7z3ze"]}}]	2018-10-08	15:54:19	synapUser:001	report:dcjeec6	\N	organization:001	[]	838eab97195d3678b7f11f9cb20e9810b6d94b9408ff899096e0356174031dfe687ffbbba8a28d55d486330e6d3f09eaae3dbbb817c943f3f148924aa7b350fd	\N	f
PatientByPrimaryCareProvider	organization:001-report-cdnPath-3b12d8b5-d431-511d-850f-99c8c4d9c183.xlsx	report generated	[{"primaryCareProvider":"N","zip":{"IN":["."]}}]	2018-10-16	05:37:05	synapUser:001	report:7472724	\N	organization:001	[]	80e7aa3f4eb717211c95ac3853c438b2106867ee25e3d6b9e2fc45a7ed211896a7aa28df28dda037bf98ab4957725a1cfdfbcd146da53ce50ae945411208fe86	\N	f
PatientByProgramAssigned	organization:001-report-cdnPath-275efa0f-5f57-53b9-831c-a46fd5e63873.xlsx	report generated	[{"timeZone":"America\\/New_York","programId":{"IN":["kchProgram:grbkk3r","kchProgram:001","kchProgram:002","kchProgram:xgp2xtx","kchProgram:rraeerz","kchProgram:rbhz7yj","kchProgram:bxc8jnx","kchProgram:003","kchProgram:c8ydnw2"]}}]	2018-10-17	19:10:44	synapUser:001	report:epd87ae	\N	organization:001	[]	07c51e5134f281b3d61eef1ac2ace4aa56bedc63218d52e776c8e636696d93a9975ea5a7ca7aa2f9e0fe877291eef50fab0d3a4ab7a6001a69d80c5ddd41ea14	\N	f
PatientAllDetails	organization:001-report-cdnPath-ac85ef84-9bf0-55d2-a995-6b4a05b2b2bb.xlsx	report generated	[]	2018-11-02	13:45:18	synapUser:001	report:4dfau6a	\N	organization:001	[]	1dc478def514cf0dd01dc9ca4a06ff3bcf5bf69069023dc2b5f815d8b5ca89ba33815c8faf7cfce363758dcd85f2d3db9a51693f04cdf9d70c3c34367bbc8d1d	\N	f
PatientByPrimaryCareProvider	organization:001-report-cdnPath-2395a3ed-e092-5695-9867-f8b3b3b017fd.xlsx	report generated	[{"primaryCareProvider":"Y"}]	2018-11-02	13:45:55	synapUser:001	report:hne4r4k	\N	organization:001	[]	c545343f21f8173b621dbfc0b194ad8c83c50cf56c04aff65d3d97dcfd1f25664ea6be45de0acd5952c01eabd41c83eb58c3064707b44e7143b1b29320841d55	\N	f
PatientByPrimaryCareProvider	organization:001-report-cdnPath-fe67d67e-b1bb-537e-80be-daecfd39524e.xlsx	report generated	[{"primaryCareProvider":"N"}]	2018-11-02	13:46:13	synapUser:001	report:4hewmyw	\N	organization:001	[]	1493817e3f99b6637c5c5be1498c653c9d925f60ff9c752d4c5e4d234ae03373abd5b4dce98d2b04951800941bb696e208f36e24b9109297d33938e82c765469	\N	f
patientByZipCode	organization:001-report-cdnPath-1f52bcfd-0dec-5077-9eb9-b6bdc148fd43.xlsx	report generated	[{"zip":{"IN":["21220","21111","02121 "]}}]	2018-11-02	13:52:28	synapUser:001	report:wmmf76x	\N	organization:001	[]	fce1907ff9ba6b23354cf48198d3e8be4f315d9bd36f23cc12119a5cb6906cd531aecbf11771d898902a57a7c521b50f6aba74ca5d86229ba637c540512ddc92	\N	f
PatientAllDetails	organization:001-report-cdnPath-3db6c96a-bf15-5b60-b9ca-5f7d456a5dcf.xlsx	report generated	[]	2018-11-05	06:07:40	synapUser:001	report:t473kac	\N	organization:001	[]	4ffe6bc3b89f0747a18f42724714111a69a631df6a2c6a9496f94d0a7982ecaa133778d10350daf830be6d282f75e6251f9e98d5adaa8607945795653bf52b93	\N	f
PatientAllDetails	organization:001-report-cdnPath-fd71d18d-e87d-5106-b7d9-aaae4195319d.xlsx	report generated	[]	2018-11-05	06:12:12	synapUser:001	report:azdn6n4	\N	organization:001	[]	66e95b02a7408321b07d2b6284ee78f5ebe9190062907ce203588df1b6656fb2e99664a9ca46e3bc4386b90962dd99c34f63243f3f2a4c2addf0570c4c16e054	\N	f
CourseByParticipant	organization:001-report-cdnPath-a1c34dd8-3137-5d8f-a47a-b6bbe72762ae.xlsx	report generated	[{"courseId":"course:e3crnx8"}]	2018-11-05	06:34:08	synapUser:h4afvcm	report:h6f73mu	\N	organization:001	[]	7e20fafe7c634ffaff931cf9a86eb968d99dd34acc24a1eb4983e16873a73ed1fbc9cdba1a9ecae8dbaf5389fec2caca8285793ba839201c6a7662013e0f8baa	\N	f
patientByZipCode	organization:001-report-cdnPath-7f8c9145-bb97-5175-ab14-0468363f6773.xlsx	report generated	[{"zip":{"IN":["909090990"]}}]	2018-11-05	06:49:14	synapUser:h4afvcm	report:gphphfe	\N	organization:001	[]	1abcd4c9ea31a0d35cb53bc68823fe7413221a357a306279151bb78be5e46d497773fd53e610f217c946e62fbf4d216be846beb039b55d8436760a6024243380	\N	f
patientByZipCode	organization:001-report-cdnPath-dd5aa09a-0831-5fd9-af92-3384544761fc.xlsx	report generated	[{"zip":{"IN":["909090990","090909090"]}}]	2018-11-05	06:49:45	synapUser:h4afvcm	report:bbjd4f3	\N	organization:001	[]	efafa610f362ab40b9f49cffb234e1ba00d599a616b6b754847dabd739705685f8241b05e50d01e56901d52891008c1a4d4ce3e0ed56692087e39872b2d16bca	\N	f
PatientByAge	organization:001-report-cdnPath-99672571-7331-51f6-8617-1b6c2227c326.xlsx	report generated	[{"dob":{"GE":"1988-09-08"}},"AND",{"dob":{"LE":"1988-11-08"}}]	2018-11-05	06:50:45	synapUser:h4afvcm	report:hwacpe6	\N	organization:001	[]	bca6a6016d463abb328c2430d0743c3fdaef12e8ab555efc607648ce347326d9e696c218186eab22f5786c090efed0d460c3d2ec69518003a55dae8b73f0134b	\N	f
PatientByAge	organization:001-report-cdnPath-411cd95e-b69f-528b-bef4-0ff06351e9b2.xlsx	report generated	[{"dob":{"GE":"1988-09-08"}},"AND",{"dob":{"LE":"1988-10-06"}}]	2018-11-05	06:51:18	synapUser:h4afvcm	report:ua8udfk	\N	organization:001	[]	21d4f7dd33d1ff2930330462dcac11cdd3295551c453900abeb29f0247fab8268053c7960e4253ac503ab5818f0aa0d0d24f2e77f55a1616fe5f532c0a350e36	\N	f
PatientByPrimaryCareProvider	organization:001-report-cdnPath-d8d21f01-142f-5944-9760-013a9dbca51a.xlsx	report generated	[{"primaryCareProvider":"N"}]	2018-11-05	06:51:41	synapUser:h4afvcm	report:788axj2	\N	organization:001	[]	f0bc348815b505ee19d3b99d5c356ea4b84b2f2a4ff5cde3c58833c480edd74e7a5581ca8f3134c8fc3a6686a4a1aeec3ac8ec4897fc789fd037842554a12211	\N	f
PatientByPrimaryCareProvider	organization:001-report-cdnPath-c2d3795e-1293-5c30-8096-c0f85d4ee312.xlsx	report generated	[{"primaryCareProvider":"Y"}]	2018-11-05	06:52:01	synapUser:h4afvcm	report:rmxhtp4	\N	organization:001	[]	e991c11ad3e8e455a41ebd3cfb83544818b70e6bbb71d3e4bfc21af3466f0b1e909a9647767fa57a250499efb5d6aee5e216fe91dd51301a2f64ec937f089fea	\N	f
PatientAllDetails	organization:001-report-cdnPath-6545684e-1c5d-5ff4-8635-083f0ed93fd8.xlsx	report generated	[]	2018-11-05	06:52:20	synapUser:h4afvcm	report:k3vahan	\N	organization:001	[]	7e0796e723b0e9cd7ee6657366d7b14a987af55d3da77b1c7dd35cd223398746131044ba74ab21415655a704a23ecbbac7ca39b0bbcabd0f878c703620216355	\N	f
PatientByProgramAssigned	organization:001-report-cdnPath-e77ea8c1-6663-5d9c-921b-8cfec748551b.xlsx	report generated	[{"timeZone":"Asia\\/Calcutta","programId":{"IN":["kchProgram:003"]}}]	2018-11-05	06:53:17	synapUser:h4afvcm	report:rpxuaxz	\N	organization:001	[]	1e1159356667d5252612f2ff335de75f578a958e8d4a75e8cb6dcb50744262448287027f38cd94f1d329ee92984a39d6cb0117b3a964b5a36c89a4815966ec1b	\N	f
PatientByProgramAssigned	organization:001-report-cdnPath-8ee4cada-661c-5c2d-bb4d-9090aa78735d.xlsx	report generated	[{"timeZone":"Asia\\/Calcutta","programId":{"IN":["kchProgram:003"]}}]	2018-11-05	06:54:09	synapUser:h4afvcm	report:f3xwmze	\N	organization:001	[]	80aeef81ba5b08758e1096d61cce17dc711d5b8561fc020a5cf898063f2600b3d857e37f914567adfe58e681a6fc487453d1e891eb68f3701bdd9c2b34cd2c10	\N	f
PatientByProgramAssigned	organization:001-report-cdnPath-c13a1688-50e4-5d8f-8e8a-daec28de5e3e.xlsx	report generated	[{"timeZone":"Asia\\/Calcutta","programId":{"IN":["kchProgram:002"]}}]	2018-11-05	06:54:34	synapUser:h4afvcm	report:bphabnj	\N	organization:001	[]	01cf2aaae6efe49653b6378f9d184ce338050bb60e504afd0b11f09b9e06ed59014a2da09b30d5cffcadaeb60f974b78f5bc91e8988961ae929c8a289ef3344b	\N	f
PatientAllDetails	organization:001-report-cdnPath-c066805a-2c62-50a4-ab0e-884d8006f5a5.xlsx	report generated	[]	2018-11-05	06:54:51	synapUser:h4afvcm	report:vgbkhd6	\N	organization:001	[]	fc01ea18ac1411e82e1932b2190091aa04561d85de87c0ed88396fee74d336b93a13149490bc28eacb2deb05ee11a311e6c2cda86d9df38249ea349f9eb801df	\N	f
CourseByInstructor	organization:001-report-cdnPath-028bcab5-0aca-5695-83f4-6f7bd40971af.xlsx	report generated	[{"instructorUser":{"IN":["organizationEmployee:txuaaen"]}}]	2018-11-05	06:55:18	synapUser:h4afvcm	report:fx2dfdp	\N	organization:001	[]	5a1b73520bb4e16102c3294ed960210c59cb964a5a018465ff158b4d63753b1706fe87bd2b16842930775a72f65e420301e95ab979e9cce6eb42c93dd65bd296	\N	f
CourseByInstructor	organization:001-report-cdnPath-4ccb8b98-d318-5d34-955d-8ac9405b8f3b.xlsx	report generated	[{"courseRange":{"startPeriod":{"GE":"2018-11-01"},"endPeriod":{"LE":"2018-11-12"}}},{"instructorUser":{"IN":["organizationEmployee:txuaaen"]}}]	2018-11-05	06:58:24	synapUser:h4afvcm	report:3jyp778	\N	organization:001	[]	bde285e0e4aacf6b9d04b3546478100d842f181dc33935a57f6fb0f8636e4ec8abc555e316b37d696580328ec45d712929b9f857e2eb96a8050c4d039a82b3ce	\N	f
CourseByInstructor	organization:001-report-cdnPath-2073f96b-f153-5b12-91b2-53ae3be62b6d.xlsx	report generated	[{"courseRange":{"startPeriod":{"GE":"2018-10-23"},"endPeriod":{"LE":"2018-11-12"}}},{"instructorUser":{"IN":["organizationEmployee:txuaaen"]}}]	2018-11-05	06:58:40	synapUser:h4afvcm	report:kd4gan6	\N	organization:001	[]	4055d66af21fc7c6dd63ad9481b755d2470b537ccbc5f9ae7a46bf8da698dd998a949a8e62186fda85e21157e230084720a58ac00c8e164bb646fb95ef9332cd	\N	f
CourseByInstructor	organization:001-report-cdnPath-66a3c204-824e-5bde-a8ea-6dc87bc1dc7c.xlsx	report generated	[{"courseRange":{"startPeriod":{"GE":"2018-10-23"},"endPeriod":{"LE":"2018-11-12"}}},{"instructorUser":{"IN":["organizationEmployee:001"]}}]	2018-11-05	06:59:05	synapUser:h4afvcm	report:uj8hknb	\N	organization:001	[]	52688208b3ffd7619c972e14f5793cf562e9da78408752d826b72473aba8eb3fd418edb51e1eb92ac6046e4fd76103fd2a281ab38b127f6e33ca987bbd5d32ba	\N	f
CourseByInstructor	organization:001-report-cdnPath-b5c7230d-ef86-530b-b21d-6d82bece11c3.xlsx	report generated	[{"instructorUser":{"IN":["organizationEmployee:001"]}}]	2018-11-05	07:02:56	synapUser:001	report:edfhy3g	\N	organization:001	[]	484022e8bc09e717dc023b8cb34e464108b91bb48b9545f40b76b7acb8e1839faef9d5921288af3bd7d9301c7c2f8e706a59b31483ce9a1823679d0e336dd87f	\N	f
CourseByInstructor	organization:001-report-cdnPath-ba870838-2b5b-5b57-b98f-08ac9b98fa1a.xlsx	report generated	[{"courseRange":{"startPeriod":{"GE":"2018-10-23"},"endPeriod":{"LE":"2018-11-12"}}},{"instructorUser":{"IN":["organizationEmployee:txuaaen"]}}]	2018-11-05	07:02:57	synapUser:h4afvcm	report:nrz2xv4	\N	organization:001	[]	46b4a5a3724dab1b0daca55a2c648b421523cf3d0c5067122295bb721c2c8b17a18dfee589a996f58cca8ef26acb93f67a8854a93df1cf3dba902c62772eed99	\N	f
PatientByProgramAssigned	organization:001-report-cdnPath-7ca2c162-a5a5-5689-8d68-1a778a1f3ef3.xlsx	report generated	[{"timeZone":"America\\/New_York","programId":{"IN":["kchProgram:grbkk3r","kchProgram:b7cpk6m","kchProgram:001","kchProgram:002","kchProgram:xgp2xtx","kchProgram:rraeerz","kchProgram:rbhz7yj","kchProgram:bxc8jnx","kchProgram:003","kchProgram:c8ydnw2"]}}]	2018-11-07	17:18:37	synapUser:001	report:hrfdc8h	\N	organization:001	[]	b75f23996095d051ea4033895c56317e3706596f6875813566103d75e1c6ea3458312e8c3f2bbfe67b2d0c35b8928b64d4d072e39dbfb3db094addfc0160512d	\N	f
PatientAllDetails	organization:001-report-cdnPath-a7dd54e8-6ef2-5df7-94c2-2bbd35c08ffa.xlsx	report generated	[]	2018-11-07	17:39:18	synapUser:001	report:mm8n2vf	\N	organization:001	[]	c017959d6a0148648351f2b5b56211f9af07886d2133de600112dc7da7d3a70257503d8bc4679b8a292582faca2cdd843ca7dbf673973f049c02c90c79bdfc1c	\N	f
\.


--
-- Data for Name: synap_config; Type: TABLE DATA; Schema: public; Owner: aperiosf
--

COPY public.synap_config (name, value, created_on_date, created_on_time, created_by, id, tags, organization_id, custom_property, checksum, object_path, is_deleted) FROM stdin;
Session Time Out	15	\N	\N	\N	synapConfig:sessionTimeOut	\N	\N	\N	\N	\N	f
Build Number	11	\N	\N	\N	synapConfig:buildNumber	\N	\N	\N	\N	\N	f
passwordLength	8	\N	\N	\N	synapConfig:passwordLength	\N	\N	\N	\N	\N	f
passwordSpecialCharacters	1	\N	\N	\N	synapConfig:passwordSpecialCharacters	\N	\N	\N	\N	\N	f
passwordCapitalLetter	1	\N	\N	\N	synapConfig:passwordCapitalLetter	\N	\N	\N	\N	\N	f
\.


--
-- Data for Name: synap_user; Type: TABLE DATA; Schema: public; Owner: aperiosf
--

COPY public.synap_user (email, first_name, middle_name, is_active, is_locked, last_name, username, profile_pic, resend_email, pin, signature, password, failure_attempts, is_registered, password_expiry_time, created_on_date, created_on_time, created_by, id, tags, organization_id, custom_property, checksum, object_path, is_deleted) FROM stdin;
cron@aperiohealth.com	Cron	\N	t	f	Cron	cron@aperiohealth.com	\N	f	\N	\N	$2y$14$gBYLY6KVUuYpNvaz.OKkoeJFurzGkqaDb4N0mVcu1aCaeDHQn3LFe	\N	t	\N	\N	\N	\N	synapUser:002	\N	organization:001	\N	\N	\N	f
jh@ewe.com	xssvs	\N	f	f	jj	jh@ewe.com	\N	f	\N	\N	\N	0	f	\N	2018-09-11	11:48:46	synapUser:001	synapUser:cw4vmtz	\N	organization:001	[]	cf7156bd239ceb027fdf23e8718f7b10505f399d5c9b6828becf210199a68643d8338cdc2b0817f543ba0d1d8a90ec7d2fa421b7aba09f7e17143059a44bc2b4	\N	f
test@mailinator.com	Test	\N	t	f	User	test@mailinator.com	\N	f	\N	\N	$2y$14$3LCEkskaVysAoXB0gGAZxuoYRtUminlFUJ2eGDz9SX0YkjHPrasSW	1	t	1544521672	2018-09-12	08:34:09	synapUser:001	synapUser:zk7hayz	\N	organization:001	[]	abd074518f57eeb72b8008c849193bb9126584c8a2816d56458b64e01923539203f845276a52098bf5160f68d9b9a1b58637fc153739917e7a8f3da1639e8413	\N	f
doggettt@choosekeswick.org	Tina	\N	t	f	Doggett	doggettt@choosekeswick.org	\N	f	\N	\N	$2y$14$yXxxwEGPiRC/E/dSrz7K7OEYHbkVoDXrN2GQ.sZJuR49Wxcegn66a	0	t	1544451628	2018-09-11	13:31:27	synapUser:001	synapUser:nxt2dkb	\N	organization:001	[]	eac95a8e7cbdfd5f58fa1923320410270af087410a14f3e61ae16fb0204867655ef9fc64807560f3d9ee07b1a65fa5e5108ed16ce65653e5ef3ec23d9e57712b	\N	f
chvol@hoosekeswick.ord	Donna	\N	t	f	Wilcox	chvol@hoosekeswick.ord	\N	f	\N	\N	\N	0	f	\N	2018-09-24	15:10:19	synapUser:001	synapUser:zub872y	\N	organization:001	[]	fced6d1ad22f475d182b3178992c814b7714ab80a376e95fa55b813e2e2b65c6e9540bb88517c6cd5b2ac687ef53ccff9813056445b66a6e2c12193215206f0e	\N	f
wiscovitchj@choosekeswick.org	Jeanee	\N	t	f	Wiscovitch	wiscovitchj@choosekeswick.org	\N	f	\N	\N	$2y$14$4/CMrHpmoBiY2/JwhhQtXOblFmBUeU97BWktDLra4S1WqYo1q34mW	0	t	1544625293	2018-09-13	11:29:12	synapUser:001	synapUser:yc3a7ba	\N	organization:001	[]	9755b18548a86d327bde5b8e4ffe634cc30b64c342b8e94dfb15dfa43f82a393fea59938be9642d11822ee1459b9a30a87e28c729b4a0732af426ef0b864e1d8	\N	f
obatuasea@choosekeswick.org	Abiola	\N	t	f	Obatuase	obatuasea@choosekeswick.org	\N	f	\N	\N	$2y$14$Ef8F7mE9Wfi1TaEb9rH4XOyHWsx3RUVA2LwEK2BttTcSoiMTO70be	0	t	1544627201	2018-09-13	11:31:13	synapUser:001	synapUser:nt4fnz2	\N	organization:001	[]	f0fc4ccda022a17f815515d074f62933381770463cdb57eea6b6ac23335d0354abd9a390cba639aac319e7a57a554eb24adc98f8be325956c508d4e668c64fa9	\N	f
clermanl@choosekeswick.org	Lisa	\N	t	f	Clerman	clermanl@choosekeswick.org	\N	f	\N	\N	$2y$14$zR6e5y6B0C562XZs.kd4..jtkHEGX8WfHP6tKe4U439J6QNxIH1zy	0	t	1544632070	2018-09-13	11:33:28	synapUser:001	synapUser:6pzweac	\N	organization:001	[]	313f5ed57e23268df2f26297e9610cd5ce1afaf60f057743d60b7d29a7e0a5cdce766e36b23145e6835234d91746f146eb4d9c7dac3095d8419ec6221e123338	\N	f
freddoc@you.com	Frederika	\N	t	f	Flinstone	freddoc@you.com	\N	f	\N	\N	\N	0	f	\N	2018-09-12	21:55:07	synapUser:001	synapUser:aemv883	\N	organization:001	[]	3eeb7574666f855cbdab731792f9382f9e2b0200d730fbc7b25b2094af66c35bca7df6b6d004c30917adcaf802019f3da12f3d23095b146227b592086012db14	\N	f
sparkyshocks@myemail.cog	Carolyn 	\N	t	f	Sparky	sparkyshocks@myemail.cog	\N	f	\N	\N	\N	0	f	\N	2018-09-12	22:06:50	synapUser:001	synapUser:mt28f2u	\N	organization:001	[]	1fe3254bda6d1465ce2741d4738e2d2d1bac69024b02e3da35560e9572560d38cafb364175ec6cb7064c6299ddc47bf6812a7f3d0a3da636c8362bc238d05185	\N	f
benders@choosekeswick.org	Susan	\N	t	f	Bender	benders@choosekeswick.org	\N	f	\N	\N	\N	0	f	\N	2018-09-13	00:20:46	synapUser:001	synapUser:ejver6g	\N	organization:001	[]	cf4f19bdeffb51c760c232b2bd189f00ec671a8f093c8e8304c70f45455b5b5a90a8d19963b82cc9806e809ced9693ec343b36bd7582d8accc07ccb5ab12ccd1	\N	f
mackn@choosekeswick.org	Nakia	\N	t	f	Mack	mackn@choosekeswick.org	\N	f	\N	\N	$2y$14$WslksHe8pCGU9jUhZPDkFuQM7plEyPN.zPIYh9c./0wfm2YDuQmdO	0	t	1544638048	2018-09-13	11:32:36	synapUser:001	synapUser:ujvp2w6	\N	organization:001	[]	25549489006e5806dd41776adead92a4a7accc499f6378afb38bf9c291770473de6f86d3d5001a489e1c2218d8df0f96f1e2b85f1759225d3d456ddac516a568	\N	f
admin@aperio.com	John	\N	t	f	Aperio	admin@aperio.com	\N	f	\N	\N	$2y$14$gBYLY6KVUuYpNvaz.OKkoeJFurzGkqaDb4N0mVcu1aCaeDHQn3LFe	0	t	\N	\N	\N	\N	synapUser:001	\N	organization:001	\N	f9b6a22ddbfd3d30a8373d2ba8a5bf54e97a1a42f54c82477f6186350e03b747cb3eb92b137f9453f12f8643acab7ab70a3c6b837656c06f55645ec981446b7c	\N	f
sourabh.seth@sourcefuse.com	sourabh	\N	t	f	seth	sourabh.seth@sourcefuse.com	\N	f	\N	\N	$2y$14$OvKN4.UO8GkCtQhibBU9dOOE.HjbQKQCm.XkUI54iYLrFkVLfdzry	0	t	1549175348	2018-11-05	06:28:21	synapUser:001	synapUser:h4afvcm	\N	organization:001	[]	17c26e1d47e3ba6dd5f501b27aa2ef0f14c9591cdc5826854c3279ad3c4381f2bdc4333c724223cb5feaf65a4e683c289a1ca806808fdd97dc9990778d4c4afe	\N	f
\.


--
-- Data for Name: synap_user_group; Type: TABLE DATA; Schema: public; Owner: aperiosf
--

COPY public.synap_user_group (group_id, created_on_date, created_on_time, created_by, synap_user_id, id, tags, organization_id, custom_property, checksum, object_path, is_deleted) FROM stdin;
\.


--
-- Data for Name: synap_user_token; Type: TABLE DATA; Schema: public; Owner: aperiosf
--

COPY public.synap_user_token (token_type, token_expiry_time, created_on_date, created_on_time, created_by, synap_user_id, id, tags, organization_id, custom_property, checksum, object_path, is_deleted) FROM stdin;
metaTokenType:register	1536752926	2018-09-11	11:48:46	synapUser:001	synapUser:cw4vmtz	synapUserToken:74rrrxu	\N	organization:001	[]	caaed43cc02426a93c8e00341e3c8e5660a359ff87f230b43636bdb46530bd4628dc3b19b0c8fbc7e2795d4c7c96c94a771959625caa8c51cc2c557dac3afa63	synapUser__cw4vmtz	f
metaTokenType:register	1536759087	2018-09-11	13:31:27	synapUser:001	synapUser:nxt2dkb	synapUserToken:e4fhkt2	\N	organization:001	[]	7737c17243878e756cc64b993bbb219867b6ad3dd020e4d25c72d9f585e069f403f8149560ccacb7d0c546c58edc8e58a20eecccab2f95c109f2ab5601c466be	synapUser__nxt2dkb	t
metaTokenType:register	1536827649	2018-09-12	08:34:09	synapUser:001	synapUser:zk7hayz	synapUserToken:w7ukk6h	\N	organization:001	[]	72f5c0ff0ee3f99af42544072af9fbc124af53502d84a0a62aa7fef7066af3010e9b4c5ea9bb7e21ab97e704dafa4e61c7ddfafb7d6b3e531fef8e3503a9af66	synapUser__zk7hayz	t
metaTokenType:register	1536875707	2018-09-12	21:55:07	synapUser:001	synapUser:aemv883	synapUserToken:uvjcmn6	\N	organization:001	[]	a4df935809da236a1bd49ec6751d569dc269305e72289639d75fc7f60a691d6165ea70eb88008da21668f1894ceabeded7c153ec7f84bfa490ce1bd7fe4e8160	synapUser__aemv883	f
metaTokenType:register	1536876254	2018-09-12	22:04:14	synapUser:001	synapUser:aemv883	synapUserToken:vxu2ke8	\N	organization:001	[]	d475c49afa86c9135499c7cd82d654f016dc268a72255851eec010a24ab083f01629f4b4096310e9a32d4663968e3defaa5e7e9772f740fe5ac9386c167dedaf	synapUser__aemv883	f
metaTokenType:register	1536876410	2018-09-12	22:06:50	synapUser:001	synapUser:mt28f2u	synapUserToken:xt26zr8	\N	organization:001	[]	d1cbec6c1a2c6a2b685da0eebc781c03c9aa13a5e955805f9524788ba5dc869f5ddcc4ebddaae5961d15bc85b52b579915c91a9c5c01c9d0e50adb4bd935211d	synapUser__mt28f2u	f
metaTokenType:register	1536884446	2018-09-13	00:20:46	synapUser:001	synapUser:ejver6g	synapUserToken:k4ezjrb	\N	organization:001	[]	b9abd3c3e2a86134c21c7abcc89e6ae4810fede20943a579ac80e965791447d1a24bc8cc083c4f9b22e77ec15285a163b4c34b2b75975065d2603b14d764bdf6	synapUser__ejver6g	f
metaTokenType:register	1536924553	2018-09-13	11:29:13	synapUser:001	synapUser:yc3a7ba	synapUserToken:g2pm62n	\N	organization:001	[]	83f30d092d86c33b6a85ce7a18f4ad470a5c9928c4216d4f2d56c6ce7d2a0f444bb26b104ca2e7b5f28866ed4e5a032e4236051b56c05431ffc49adc42c8d932	synapUser__yc3a7ba	t
metaTokenType:register	1536924673	2018-09-13	11:31:13	synapUser:001	synapUser:nt4fnz2	synapUserToken:7bhm4dr	\N	organization:001	[]	6bb437157b789e926befdfb3c1390cf9c6ac38e9fce5da8b39c4483529e7bb29acbe24bcae7ee50377349a2e1a2d7794fcc02c5ec2d4702359eda67de9bd9fe3	synapUser__nt4fnz2	t
metaTokenType:register	1536924808	2018-09-13	11:33:28	synapUser:001	synapUser:6pzweac	synapUserToken:4j6zf8r	\N	organization:001	[]	4fbb4fee846a9eaad3d190098c8fded19e44fedd296986fd0f3ddea398624e89a6527d6365a356027b68dd91a5b5fc785e39875f7c3922056297b2febdf0b3dd	synapUser__6pzweac	t
metaTokenType:register	1536924756	2018-09-13	11:32:36	synapUser:001	synapUser:ujvp2w6	synapUserToken:eakmxaf	\N	organization:001	[]	b85960a3d0bcb6fb29b03070b6869f9f208a241cc183048fc73307ae46da3de0b92a039d37a35730ad7c9066b2d31168f1c3784e9319a713894a21638b9b376c	synapUser__ujvp2w6	t
metaTokenType:forgotPassword	1536865565	2018-09-13	18:06:05	\N	synapUser:ujvp2w6	synapUserToken:f7cgurk	\N	\N	\N	4bf72ac54807685db5ff2e6bb3d8818301c657d13194d3e55b96aff76f488e348344d1e2c3b2c69492501f21cc7846007b1ea1d7a456ad276aff9a777bdddef9	\N	t
metaTokenType:register	1537888219	2018-09-24	15:10:19	synapUser:001	synapUser:zub872y	synapUserToken:3zr23m2	\N	organization:001	[]	710fe54ae4b2fd114aab15c878f3e55dd093088f556b73e748901d360c4a2e4333e9ca80c92fae7d1448a6f2bda6f5dc31ae47d74a13c3bcdc1940c18616365a	synapUser__zub872y	f
metaTokenType:register	1537888448	2018-09-24	15:14:08	synapUser:001	synapUser:zub872y	synapUserToken:2ku4zhb	\N	organization:001	[]	d261681e2a9fefc6a76dd818931505213140f9c4b1250ab9d0cc8607cfb47da3b048d30da62ffb3fa2e9daf99ce84fd3e1b78163c442baff200182ae67bbecff	synapUser__zub872y	f
metaTokenType:register	1541485701	2018-11-05	06:28:21	synapUser:001	synapUser:h4afvcm	synapUserToken:k6pgcvy	\N	organization:001	[]	0a6bb963c070bda7f1d4392e9c255211824e220b5e98f3566f4e7587a82301a994b40a1103997a32d4962f700aa2a6d2c6194c070c0258678986ffa7f7acf257	synapUser__h4afvcm	t
\.


--
-- Data for Name: user_password; Type: TABLE DATA; Schema: public; Owner: aperiosf
--

COPY public.user_password (password, created_on_date, created_on_time, created_by, synap_user_id, id, tags, organization_id, custom_property, checksum, object_path, is_deleted) FROM stdin;
$2y$14$MFg9VZZT9uNlCFGWd/DtTe0EvZTB.oUBwIO23BD/vss2.6k21rF5u	2018-09-11	14:20:29	\N	synapUser:nxt2dkb	userPassword:2dyyrnt	\N	organization:001	\N	880fddcc34031b4dc71ef8fb9775bc36277f77476f8c1d18e85430e43d092458634e9016eb1be4af1d6d5bc57fa9492ecc3320996862a04d6b94d94f53439f53	\N	f
$2y$14$ib702s5.Y.oTvp34zNXghOZaMT.MDJgZokR9Pfe2.UqqOkoK/PsNu	2018-09-12	09:47:53	\N	synapUser:zk7hayz	userPassword:wkdz2kd	\N	organization:001	\N	73ba59181a66774034b648c72eef6a9018b26a8b674a0134dc07e7b1077aaf9df03ea29dbbf8ae96539d88fe89a30c0fb03a309a3a24bfef81e15f4957c2c908	\N	f
$2y$14$H72PxD/C/1w27LplbeDBdOHmLjkCIwHmZgie/eC3u56NuygY5kS.q	2018-09-13	14:34:55	\N	synapUser:yc3a7ba	userPassword:k4gzadm	\N	organization:001	\N	13e7a23c36e19e9747a8df5344a97b286f60b4ecbb791cc464e5024dc86215aa9e850f03a50f13ef7f85f8e5c997298445c5bb3bac5708002be07453deb6e952	\N	f
$2y$14$4KCuWHbR.HGLzg2MyrwARu4kv6CbHxlEuko91Q3MhhuNS478UZdAq	2018-09-13	15:06:43	\N	synapUser:nt4fnz2	userPassword:wyxknyh	\N	organization:001	\N	5b66bcd57bd13da65bd38ac5abdb69a392176918777b9d9ef1b70333a7e1f6ac4c48621ff6e1a1fd71e6ee967ab3c3def207337f09cb8594985b40b95437aff4	\N	f
$2y$14$g0RvJOInsl1gaJMRO0ob1ujeQh2gY.X6r/el2xtxcVMbO8Xuj5XRm	2018-09-13	16:27:51	\N	synapUser:6pzweac	userPassword:xm63trg	\N	organization:001	\N	4b17438372f54df932371f4c425ff22d5afff9bdf1cfc567cf334d6ae57cdfc8e05767f2c598a342488b7fdb93c58fb26f7bb0eb36a89563f3d9885c38d587b1	\N	f
$2y$14$9FJ9kw25EyfH9yXqR/88zumacCG/JU7ZecZ7ynNMC.Z05OJhyjcE6	2018-09-13	16:42:52	\N	synapUser:ujvp2w6	userPassword:kzyx3hn	\N	organization:001	\N	bc981a8bf10431832448c84695c4751e332a33f63d355742deadf4944569600283f1821e687c156f5a25e09f4dbd6d98013bf808a5c304fbce9d7be2bddb7f2b	\N	f
$2y$14$Tm6ciMQYevSB4SoK7TJU4e2zpOj9qc6Ubli8lFdzV695yfVPkwSp6	2018-09-13	18:07:29	\N	synapUser:ujvp2w6	userPassword:yk68hpt	\N	organization:001	\N	bdf9df78236c64c6cd44e8ea250ef22248bec3c661e983d3830edb36fc9892cd1e5790b825dbb0dfb451c3e9e0fcd30e2f605fdb9dfe0c4573fab84d704ed91e	\N	f
$2y$14$OvKN4.UO8GkCtQhibBU9dOOE.HjbQKQCm.XkUI54iYLrFkVLfdzry	2018-11-05	06:29:08	\N	synapUser:h4afvcm	userPassword:4r4jfm2	\N	organization:001	\N	7c571204b03e49c8d7a1ed0dc386716d17b5461b46393880445d4bb54d99e3d7490e141a699d5b069806f568661f0ee944872ba89e83d5774d9f815d2fb61d3e	\N	f
\.


--
-- Data for Name: viewed_client; Type: TABLE DATA; Schema: public; Owner: aperiosf
--

COPY public.viewed_client (client_id, view_date, created_on_date, created_on_time, created_by, synap_user_id, id, tags, organization_id, custom_property, checksum, object_path, is_deleted) FROM stdin;
patient:e7g726n	2018-09-12	2018-09-12	12:31:23	synapUser:nxt2dkb	synapUser:nxt2dkb	viewedClient:xxguxe2	\N	organization:001	[]	c6669752dc4a6fe993d1d53475c4b2b8af07876334bbc6ca5bec996e3fb9907df0c35c19b01deedae97627d15bd0db6220b64b2047307a0745f39f1e37264387	synapUser__nxt2dkb	f
patient:ejaddu6	2018-09-12	2018-09-12	12:39:53	synapUser:nxt2dkb	synapUser:nxt2dkb	viewedClient:jpanamt	\N	organization:001	[]	bad59ca6e1d1ae46513da2f0a7b7ee47b433857b14f038283afba4252b6b3ca61b632d095a5f6012b2e5425e9098f1a7a0a3cc3d06487fa8c1b8ca5aafdb7d0a	synapUser__nxt2dkb	f
patient:k887f4a	2018-09-13	2018-09-13	15:11:11	synapUser:nt4fnz2	synapUser:nt4fnz2	viewedClient:ypvedga	\N	organization:001	[]	817014c92bddb70623cdae273609ed24496ee1ad5cff6507736e4ec959b970c46e81f075fc12fc0cd11f58b70d0aa759c8365087b0bb3bbd032624d825bc3d48	synapUser__nt4fnz2	f
patient:hm328jc	2018-09-13	2018-09-13	15:17:42	synapUser:yc3a7ba	synapUser:yc3a7ba	viewedClient:ag327p8	\N	organization:001	[]	fab838ab03ed1c541e89aec55bc350e523ed5386cfa18b7f131e449ebd1c2e59d9b9149a453332d8dde2c500fb8d01061da1be767b46264b69f24903eed312f4	synapUser__yc3a7ba	f
patient:k887f4a	2018-09-13	2018-09-13	16:16:53	synapUser:001	synapUser:001	viewedClient:2f72bkz	\N	organization:001	[]	987c2d1114a32d7ebd737ce67c7dcdffb1c4118f1ccfc04c1977f0a22eecd80649f3f4fab4eb0bbe52fe8d1de8aaa1cc5a542b6c6df061f315e042d6efe985d5	synapUser__001	f
patient:jwmtjwv	2018-09-13	2018-09-13	16:32:07	synapUser:6pzweac	synapUser:6pzweac	viewedClient:jfd2kxc	\N	organization:001	[]	dc34ccba5368d52fc5027e541d21fbd3b001ea362b8ca633262e2cb314ab147a6b4cf1155967c9cf9b8661ad048e0d796b88aea8e0733cf4677e84ad1f01e381	synapUser__6pzweac	f
patient:ejaddu6	2018-09-13	2018-09-13	17:17:01	synapUser:001	synapUser:001	viewedClient:4m3fpm3	\N	organization:001	[]	8ade0700dee8f8502311f677d22c80958f4e75162a9d979ce270a9f901d211118737f924c991b6a895c79716fb244717f9a6163a7551663f502530c729629c73	synapUser__001	f
patient:upfetgc	2018-10-01	2018-09-20	13:21:49	synapUser:001	synapUser:001	viewedClient:bpjakye	\N	organization:001	[]	50a8fdd2c9eee5995c5f5c970d649bb84aae27e2b25871d4a636593004633c65156fb4374a298445e80d2851e2d441b16a569f588cbd3868b78e886262256e27	synapUser__001	f
patient:jthy3kb	2018-09-13	2018-09-12	21:14:29	synapUser:001	synapUser:001	viewedClient:ma2tew3	\N	organization:001	[]	208af338b532e22a850e8498e05fef131d28c189d575ca33766b2e85c0768419e01d294f6b9a97e138be4f88f022fdb200d3d2e2cf8d8756514c2760ed412e31	synapUser__001	f
patient:jwmtjwv	2018-09-14	2018-09-13	17:56:49	synapUser:001	synapUser:001	viewedClient:nbd2z3c	\N	organization:001	[]	c332b82b800e7076a7fdfa53600f8cda1d912bf8c0b2ee1803bf6bf8271b2e2d51a8cf562b49c9bd8be0f93f473ef9f7fb182c6b2fca07216fb9ad650ff3a7e9	synapUser__001	f
patient:y26krb6	2018-10-01	2018-10-01	15:59:42	synapUser:001	synapUser:001	viewedClient:3r7r846	\N	organization:001	[]	9d38911eb7f3ec3dce72e1b9cd62c912c041bbbdbe38cd7fa55eb751cff79d64d4d4ddd1911c2ce996b89d3249bb17c5cb313d876037b83dde931e5faec729b8	synapUser__001	f
patient:7d6ckym	2018-10-12	2018-09-20	11:51:55	synapUser:001	synapUser:001	viewedClient:8avfp23	\N	organization:001	[]	22de62de8cf24bf0e698af29a2849ac8973c694e2b6cffcec346635c6645100d2e2c3de735df3176faced4da0460d1728df8f66f0031fb6854ee8a35d29c3bc5	synapUser__001	f
patient:at2n2hm	2018-09-20	2018-09-20	12:03:34	synapUser:001	synapUser:001	viewedClient:7g3h7jr	\N	organization:001	[]	4941ce7627398514a4a744b43b9db94c11805fb3610bf8941e0c301adc5aecc1b72f8126b81cadd044a7670e1acedda76f148b6e2fe18c99f163689091feafa2	synapUser__001	f
patient:e7g726n	2018-09-27	2018-09-12	08:28:52	synapUser:001	synapUser:001	viewedClient:jvpuzc3	\N	organization:001	[]	44a0a5d695254840037f4807bf0a244ca9f9541285d97c1bf639343bbe814939ad953132cb08c9f70a12fff0945c12e2694fd2238cb07097f51ccfb97a9763c0	synapUser__001	f
patient:hm328jc	2018-09-26	2018-09-12	21:52:30	synapUser:001	synapUser:001	viewedClient:gkfeh7x	\N	organization:001	[]	70067dab27d698565ff8047b0b963921bdc50b36de94ea2643cf55046aa83d69fb94f6eff034e69327f8fdf640f027c4c6c0e288c2e7894879326a5ef83a692e	synapUser__001	f
patient:6wyrptn	2018-10-12	2018-09-12	17:39:33	synapUser:001	synapUser:001	viewedClient:wbbb846	\N	organization:001	[]	547f05787ab7bd4861960288345403c4f67dc822120d32ee11bf26275f4873ce8e74c8a5f8dd6f97bbebf8316f12a7812aeeedd7eed6a8ea6f07c2cd0a958a17	synapUser__001	f
patient:4yxpan7	2018-10-29	2018-10-01	15:37:52	synapUser:001	synapUser:001	viewedClient:6z6f2xh	\N	organization:001	[]	378bc1bab42cd909f45f3a0b3d89eca34e6605ba24aaba1823ac533bad218de8f57c2c779af39912fe78d6b30476cbf4db89ca529abc8976c969ce5ab42dc8e8	synapUser__001	f
patient:mjhtunm	2018-10-12	2018-09-13	18:51:20	synapUser:yc3a7ba	synapUser:yc3a7ba	viewedClient:vpjfpgk	\N	organization:001	[]	d5bba5d38f018c44c3b5c86b3ffbe223cab78bba15affa3bf05c7f6f86d566c8f0a9fa9682765b5bbd4e0f4be45c969ddd5ae4ee82240dc4b1ca4b18e9ff15e7	synapUser__yc3a7ba	f
patient:mjhtunm	2018-10-17	2018-09-17	17:28:11	synapUser:001	synapUser:001	viewedClient:fa67zxu	\N	organization:001	[]	f7a6e1174e91b18326b9fbcb791d7916d6421ffabdd0328fcb9f156db973a9d55148908a3be310a95af0c4379906a5a42da9c6b22c3126a25d8249fef967a63a	synapUser__001	f
patient:ut8ex8t	2018-10-29	2018-09-20	11:53:49	synapUser:001	synapUser:001	viewedClient:zn2p4hy	\N	organization:001	[]	8b7b1f20a9d2c88d83a3f976eb58694c1441836a1c485cac186b4e4a09b0c1e2933fae95f7d5e8e7a81790861b1600fc4735bf6a4df704ea2dc050a5e964a2f1	synapUser__001	f
patient:pc2jvfz	2018-11-02	2018-09-27	05:48:48	synapUser:001	synapUser:001	viewedClient:2vx2rwy	\N	organization:001	[]	b3c76f15516a69e9a8447ff503234dce6a48bf76149a4a91978eb347384319f4e00b07fe9967e313bd340deeca3911813396e28abe5f5e1e526d880fb1d66976	synapUser__001	f
patient:636avav	2018-11-05	2018-10-08	05:25:41	synapUser:001	synapUser:001	viewedClient:tvk4z2k	\N	organization:001	[]	b85456fed0721a4527085dd36d756d7d859521f083b28358a1c60c23f7b787d273827d9c127de2d7af74f8ab03267758ca03383ecc5483fb362037d89f81802a	synapUser__001	f
patient:wvgundh	2018-11-02	2018-09-12	21:19:46	synapUser:001	synapUser:001	viewedClient:wycvavt	\N	organization:001	[]	7e3075cda376520def16a8462f1e63f22520313b53ff955649951993b3bface89b4523c88eaa1f36deefd509b6dfdad54fd3d8dbebc44f196211a310bfc2095f	synapUser__001	f
patient:cjrnnwu	2018-11-05	2018-10-08	05:37:40	synapUser:001	synapUser:001	viewedClient:r7g78dz	\N	organization:001	[]	d45c2eb6895b6eb9d30f6101058bee9cb4672741a9ffa89586337b2b7b271212f7fef0f8a153f6b89bbf631266e929973c7650a55d3296d53f363494551bb394	synapUser__001	f
patient:cg4wvr4	2018-11-05	2018-11-05	06:30:23	synapUser:h4afvcm	synapUser:h4afvcm	viewedClient:p6bdwax	\N	organization:001	[]	6e58a779d3eff13c7824e3e93700e7596a9f55a13df99ff063fd608a036c280e7c8c6db72cca66d60eacc53f58a328930df55567ac1882fa280ad6572929cdaa	synapUser__h4afvcm	f
patient:npmchj7	2018-11-05	2018-11-05	07:36:28	synapUser:001	synapUser:001	viewedClient:jxg2ety	\N	organization:001	[]	b145a59f13faa079e73d7470a7fdb8a23ee7ebd4585572899d3a9ae55702facebb66aad9b0ac58442796a526794e9f4bda933da6eec410c7d52200dbb8e345ec	synapUser__001	f
patient:cg4wvr4	2018-11-07	2018-11-05	06:18:37	synapUser:001	synapUser:001	viewedClient:2cg7n2b	\N	organization:001	[]	59c354ca15907fe6550e957abab33c78d7b894a51c00ea5951ce97d04a24704b6c4d451424174a5d2eac23d1ebdbd13a0180e264e3e7ccf296556b6537afda0e	synapUser__001	f
patient:ybd86v7	2018-11-13	2018-11-05	06:56:10	synapUser:001	synapUser:001	viewedClient:b4btk7r	\N	organization:001	[]	da369157a72dd246653b8e17b16b724e923ffada52ba1ba22ebd256816cd4cc768d7ad6be3732f2c9a39d9dc1decfb630b9c8ef98568e0ad7b3e3f3e573667c2	synapUser__001	f
patient:zt4bvpx	2018-11-19	2018-11-06	12:10:26	synapUser:001	synapUser:001	viewedClient:v2ycddu	\N	organization:001	[]	aed926abde921492648c9fd2333313d5f57fdd11e7510ce6c9f33a39e3caa8d05a66c968efddec3260705cee772e057b6697a2f63e422e99efab862a9136b216	synapUser__001	f
\.


--
-- Data for Name: work_list; Type: TABLE DATA; Schema: public; Owner: aperiosf
--

COPY public.work_list (action_type, author_patient, author_employee, logical_group, due_date, is_mandatory, priority, scheduled_start, status, task, view_task, read_only_task, hide_from_employee, hide_from_patient, url, subject_id, workflow_exe_id, title, description, ezc_execution_id, completed_by, completed_on_date, completed_on_time, completed_notes, created_on_date, created_on_time, created_by, id, tags, organization_id, custom_property, checksum, object_path, is_deleted) FROM stdin;
patient:Tasks	\N	organizationEmployee:zgtc4cp	\N	2018-09-27	f	metaWorklistPriority:1-URGENT	\N	metaWorklistStatus:OPEN	"call back"	\N	\N	\N	\N	\N	patient:ejaddu6	\N	call back	inquired about classes	\N	\N	\N	\N	\N	2018-09-12	12:42:15	synapUser:nxt2dkb	workList:4f7fhkp	\N	organization:001	[]	e33ba15dbc5996817945a6b3c09f6c2ff2fd460e1d57234fa69a72d425dbbdabbc001d900aaa4674b760c4087f15bbdd082dc4f678ce6be4dbe8dbd7a318196e	\N	f
kchProgram:Tasks	\N	\N	\N	2018-09-19	f	metaWorklistPriority:3-NORMAL	\N	metaWorklistStatus:OPEN	"call back"	\N	\N	\N	\N	\N	kchProgram:003	\N	call back	regarding class	\N	\N	\N	\N	\N	2018-09-12	13:37:33	synapUser:nxt2dkb	workList:6nvv7dm	\N	organization:001	[]	24bd8cf9e3f32a770dcdd484d6e1f1102a84b35d78db6e817e8ac1c9cab6770ffbc271bedbd386f5933dbd3a8360db30b17e7992dcb2994314d0191c0e4ef34d	\N	f
patient:Tasks	\N	organizationEmployee:001	\N	2018-09-12	f	metaWorklistPriority:2-HIGH	\N	metaWorklistStatus:OPEN	"task for today"	\N	\N	\N	\N	\N	patient:e7g726n	\N	task for today	clean all beds	\N	\N	\N	\N	\N	2018-09-12	10:34:07	synapUser:001	workList:wyenphb	\N	organization:001	[]	de628493cd910309a7a2c6f7a20d47a667a8f348c16742fe332a8c26312d5a54e0c56daaf2d87cabb1ebee15944a0d24de216f0e7feb30a7ac612289d09299bb	\N	f
patient:Tasks	\N	\N	\N	2018-09-13	f	metaWorklistPriority:2-HIGH	\N	metaWorklistStatus:OPEN	"Dentist"	\N	\N	\N	\N	\N	patient:hm328jc	\N	Dentist	provide treatment for halitosis at next dental appointment on 9/13/18, notify daughter this procedure has been completed	\N	\N	\N	\N	\N	2018-09-13	03:45:07	synapUser:001	workList:mc76mzw	\N	organization:001	[]	de4f23944f7d6197f91fda9e8f639efc48c9498eb3c6b0ce8a59330eb995de91662745c46980f3eb31e32731ce211105dcfe68ec0f9590c17068c05ea1751d1f	\N	f
course:Tasks	\N	organizationEmployee:td6bpyc	\N	2018-09-14	f	metaWorklistPriority:1-URGENT	\N	metaWorklistStatus:OPEN	"blah blah blah"	\N	\N	\N	\N	\N	course:yma84fj	\N	blah blah blah	yada yada yada by tomorrow. Just confirming that the gentiles will be present in class today	\N	\N	\N	\N	\N	2018-09-12	21:01:18	synapUser:001	workList:e8pk8hg	\N	organization:001	[]	403de0d6128a95cdc7b9785a6fd1b70b6e9f1655f443a9eb1a7dfaeb02c80c1738a9b1099161c442f808ea8bcb647e37bb985b98685688b87fb0b810c414584a	\N	f
kchProgram:Tasks	\N	organizationEmployee:td6bpyc	\N	2018-09-14	f	metaWorklistPriority:2-HIGH	\N	metaWorklistStatus:OPEN	"member registrations"	\N	\N	\N	\N	\N	kchProgram:003	\N	member registrations	update registrations as of 9/13	\N	\N	\N	\N	\N	2018-09-12	21:57:59	synapUser:001	workList:8j66y7z	\N	organization:001	[]	016048226432b41965de324245418e82f3fcaf631c6223a2311b8808c44d392719dd045feda48489415172fcb8b3d4b025f57dd669446d3f216cebe9d6263578	\N	f
patient:Tasks	\N	organizationEmployee:td6bpyc	\N	2018-09-13	f	metaWorklistPriority:1-URGENT	\N	metaWorklistStatus:OPEN	"coach"	\N	\N	\N	\N	\N	patient:k887f4a	\N	coach	Patient is being recommended for the stepping on your nutrition class. Please get her registered for the class. Prescription written and given to  patient during visit. Thank you for your quick response and attention.	\N	\N	\N	\N	\N	2018-09-13	15:19:32	synapUser:nt4fnz2	workList:ab7ruce	\N	organization:001	[]	bff9243887bf87d0ffafe02db67c9343b59d0aab9b45d4072a2f44d6080384cd8606c705416738072db6ee413637d0cff407c4f23fb77584f99d809e731d06d8	\N	f
patient:Tasks	\N	organizationEmployee:td6bpyc	\N	2018-09-21	f	metaWorklistPriority:1-URGENT	\N	metaWorklistStatus:OPEN	"program director"	\N	\N	\N	\N	\N	patient:k887f4a	\N	program director	Schedule pt for a follow up visit	\N	\N	\N	\N	\N	2018-09-13	15:11:58	synapUser:nt4fnz2	workList:tfj6kj2	\N	organization:001	[]	6c3e9cd333686f2eb1a083955d1c86460b3201cd574a2860c2417d72796489b703402f957a063059fa057c6cda382809b4e0f4dbdbd19e51af05fc35d8e8d1f3	\N	f
patientDiagnosis:Tasks	\N	\N	\N	2018-09-18	f	metaWorklistPriority:2-HIGH	\N	metaWorklistStatus:OPEN	"MD"	\N	\N	\N	\N	\N	patientDiagnosis:ub2ewpa	\N	MD	Follow up on patient for a pump to assist with the treatment for this diagnosis. Thank you	\N	\N	\N	\N	\N	2018-09-13	15:23:10	synapUser:nt4fnz2	workList:xpjrk3v	\N	organization:001	[]	66b3691e1111f7a4b75c596a8be7ad13a92d8414f0a88cdf7c74259d05409a0e7278e3ed66efef975855cbfddb4649d0753da3d11914624a5b675f8cd7ce59cf	\N	f
patient:Tasks	\N	\N	\N	2018-09-30	f	metaWorklistPriority:3-NORMAL	\N	metaWorklistStatus:OPEN	"Complete Enrollments"	\N	\N	\N	\N	\N	patient:jthy3kb	\N	Complete Enrollments	Susan - Complete Enrollments	\N	\N	\N	\N	\N	2018-09-13	17:25:15	synapUser:001	workList:8t7h8uu	\N	organization:001	[]	f6ba55cc040277730047c720ce1111446ba5909e657b80939ca66f7487a4aa2c09d37c36d2aa29e5eb36fa1f9e40f733240305cf7e515352fa96d5d55eb5256a	\N	f
patient:Tasks	\N	\N	\N	2018-09-05	f	metaWorklistPriority:2-HIGH	\N	metaWorklistStatus:OPEN	"sdsd"	\N	\N	\N	\N	\N	patient:at2n2hm	\N	sdsd	daa	\N	\N	\N	\N	\N	2018-09-20	12:25:11	synapUser:001	workList:xuwe73f	\N	organization:001	[]	96088babfaad2093dc259cbcf817aa9e8cf13cadda62b6f5c6ba7e43991c43687f7e73ae3d3f8b8552b51beba33448962ae93b5417e4a4a6db9036b80c44d77c	\N	f
patient:Tasks	\N	\N	\N	2018-09-20	f	metaWorklistPriority:1-URGENT	\N	metaWorklistStatus:OPEN	"Task for the user"	\N	\N	\N	\N	\N	patient:wvgundh	\N	Task for the user	task for me	\N	\N	\N	\N	\N	2018-09-20	13:20:09	synapUser:001	workList:nywr2bx	\N	organization:001	[]	7a0863373b14040748e6d89f44e2e48a4df5beb29ae0fe333db06d487ef1e451a69f5ee83ece151985fa375d96307127b01e35957e48e1b2f0ad44ba1baa6bb6	\N	f
patient:Tasks	\N	\N	\N	2018-09-27	f	metaWorklistPriority:2-HIGH	\N	metaWorklistStatus:OPEN	"test summary"	\N	\N	\N	\N	\N	patient:pc2jvfz	\N	test summary	sscdscdscdscsd	\N	\N	\N	\N	\N	2018-09-27	05:53:15	synapUser:001	workList:bnnwpmg	\N	organization:001	[]	e2cb3602338a9e39ce3e0ec0b2cb7f4a9cfeb184dd8e9a1465d2de581a817fc1b9f66bfcc84af4e91327c0abe598a80421c2aeee05c9615302b6169c023f0e16	\N	f
patient:Tasks	\N	organizationEmployee:001	\N	2018-09-27	f	metaWorklistPriority:1-URGENT	\N	metaWorklistStatus:COMPLETE	"dfdfdf"	\N	\N	\N	\N	\N	patient:upfetgc	\N	dfdfdf	for today	\N	organizationEmployee:001	2018-09-27	11:14:23	done	2018-09-27	11:13:50	synapUser:001	workList:x6cwjwm	\N	organization:001	[]	f78c82a4af0b691a7766595cdcd9c8cb468764268e4a21fc1a8e8ef784f41b82b8b9d841ca4bd3e36089c5109f730ba900b14fe856b6ae5db89cc0eb952c58fb	\N	f
patientDiagnosis:Tasks	\N	\N	\N	2018-11-07	f	metaWorklistPriority:1-URGENT	\N	metaWorklistStatus:OPEN	"this is to test the task"	\N	\N	\N	\N	\N	patientDiagnosis:bhgmvdu	\N	this is to test the task	this should be visible to mr. Aperio	\N	\N	\N	\N	\N	2018-11-05	06:20:37	synapUser:001	workList:ch4ph7h	\N	organization:001	[]	dd42db9d34679a3a61f9d78c8782a913a4e25fee04b2706e15673e36c7944744ee8c674d271f904330cad49a96270866e558610a51f64ad8a455570d25b7ccca	\N	f
patient:Tasks	\N	\N	\N	2018-11-12	f	metaWorklistPriority:2-HIGH	\N	metaWorklistStatus:OPEN	"This is client task"	\N	\N	\N	\N	\N	patient:cg4wvr4	\N	This is client task	this is to test client task	\N	\N	\N	\N	\N	2018-11-05	06:27:00	synapUser:001	workList:ezyg6bk	\N	organization:001	[]	bf8b47e11a3f6c94af2490172682b345eef51d5ce851ac408a053b74c64457df4970fe2a381f997f47576f8f9c582d339354df6b8a6c7df273f3b611224e624f	\N	f
course:Tasks	\N	organizationEmployee:txuaaen	\N	2018-11-06	f	metaWorklistPriority:2-HIGH	\N	metaWorklistStatus:COMPLETE	"task of sourabh"	\N	\N	\N	\N	\N	course:e3crnx8	\N	task of sourabh	this is my task	\N	organizationEmployee:txuaaen	2018-11-05	06:39:46	done	2018-11-05	06:39:18	synapUser:h4afvcm	workList:hchg3be	\N	organization:001	[]	ae0c2ffdfc3b688b1d9763804e24c5e97a44ebf9c8767c752edfe5690af81f0b2ea8258b87669fca2853ce20ead01a3473ddcdc08d7750a87186580ea77a653c	\N	f
\.


--
-- Data for Name: work_list_approver; Type: TABLE DATA; Schema: public; Owner: aperiosf
--

COPY public.work_list_approver (level, approver_id, approval_status, execution_id, created_on_date, created_on_time, created_by, work_list_id, id, tags, organization_id, custom_property, checksum, object_path, is_deleted) FROM stdin;
\.


--
-- Data for Name: work_list_assignee_employee; Type: TABLE DATA; Schema: public; Owner: aperiosf
--

COPY public.work_list_assignee_employee (assignee_employee, work_list_id, checksum) FROM stdin;
organizationEmployee:zgtc4cp	workList:4f7fhkp	\N
organizationEmployee:zgtc4cp	workList:6nvv7dm	\N
organizationEmployee:001	workList:wyenphb	\N
organizationEmployee:utb6ac4	workList:mc76mzw	\N
organizationEmployee:6fhbayt	workList:ab7ruce	\N
organizationEmployee:jzazuvd	workList:tfj6kj2	\N
organizationEmployee:utb6ac4	workList:xpjrk3v	\N
organizationEmployee:c3hn7rd	workList:8t7h8uu	\N
organizationEmployee:001	workList:nywr2bx	\N
organizationEmployee:z86rwv7	workList:bnnwpmg	\N
organizationEmployee:001	workList:x6cwjwm	\N
organizationEmployee:001	workList:ch4ph7h	\N
organizationEmployee:001	workList:ezyg6bk	\N
organizationEmployee:txuaaen	workList:hchg3be	\N
\.


--
-- Data for Name: work_list_assignee_patient; Type: TABLE DATA; Schema: public; Owner: aperiosf
--

COPY public.work_list_assignee_patient (assignee_patient, work_list_id, checksum) FROM stdin;
\.


--
-- Data for Name: work_list_notes; Type: TABLE DATA; Schema: public; Owner: aperiosf
--

COPY public.work_list_notes (notes, notes_by, execution_id, created_on_date, created_on_time, created_by, work_list_id, id, tags, organization_id, custom_property, checksum, object_path, is_deleted) FROM stdin;
\.


--
-- Data for Name: work_list_reminder; Type: TABLE DATA; Schema: public; Owner: aperiosf
--

COPY public.work_list_reminder (reminder_type, who_type, reminder_time, status, created_on_date, created_on_time, created_by, work_list_id, id, tags, organization_id, custom_property, checksum, object_path, is_deleted) FROM stdin;
\.


--
-- Data for Name: work_list_reminder_who_employee; Type: TABLE DATA; Schema: public; Owner: aperiosf
--

COPY public.work_list_reminder_who_employee (who_employee, work_list_reminder_id, checksum) FROM stdin;
\.


--
-- Data for Name: work_list_reminder_who_patient; Type: TABLE DATA; Schema: public; Owner: aperiosf
--

COPY public.work_list_reminder_who_patient (who_patient, work_list_reminder_id, checksum) FROM stdin;
\.


--
-- Name: care_continuity_import_request pk_care_continuity_import_request_id; Type: CONSTRAINT; Schema: public; Owner: aperiosf
--

ALTER TABLE ONLY public.care_continuity_import_request
    ADD CONSTRAINT pk_care_continuity_import_request_id PRIMARY KEY (id);


--
-- Name: ccd_upload pk_ccd_upload_id; Type: CONSTRAINT; Schema: public; Owner: aperiosf
--

ALTER TABLE ONLY public.ccd_upload
    ADD CONSTRAINT pk_ccd_upload_id PRIMARY KEY (id);


--
-- Name: ccda_export pk_ccda_export_id; Type: CONSTRAINT; Schema: public; Owner: aperiosf
--

ALTER TABLE ONLY public.ccda_export
    ADD CONSTRAINT pk_ccda_export_id PRIMARY KEY (id);


--
-- Name: ccda_export_log pk_ccda_export_log_id; Type: CONSTRAINT; Schema: public; Owner: aperiosf
--

ALTER TABLE ONLY public.ccda_export_log
    ADD CONSTRAINT pk_ccda_export_log_id PRIMARY KEY (id);


--
-- Name: ccda_export_request pk_ccda_export_request_id; Type: CONSTRAINT; Schema: public; Owner: aperiosf
--

ALTER TABLE ONLY public.ccda_export_request
    ADD CONSTRAINT pk_ccda_export_request_id PRIMARY KEY (id);


--
-- Name: ccda_import_allergy pk_ccda_import_allergy_id; Type: CONSTRAINT; Schema: public; Owner: aperiosf
--

ALTER TABLE ONLY public.ccda_import_allergy
    ADD CONSTRAINT pk_ccda_import_allergy_id PRIMARY KEY (id);


--
-- Name: ccda_import_diagnosis pk_ccda_import_diagnosis_id; Type: CONSTRAINT; Schema: public; Owner: aperiosf
--

ALTER TABLE ONLY public.ccda_import_diagnosis
    ADD CONSTRAINT pk_ccda_import_diagnosis_id PRIMARY KEY (id);


--
-- Name: ccda_import_medication pk_ccda_import_medication_id; Type: CONSTRAINT; Schema: public; Owner: aperiosf
--

ALTER TABLE ONLY public.ccda_import_medication
    ADD CONSTRAINT pk_ccda_import_medication_id PRIMARY KEY (id);


--
-- Name: cdn_temp_file pk_cdn_temp_file_id; Type: CONSTRAINT; Schema: public; Owner: aperiosf
--

ALTER TABLE ONLY public.cdn_temp_file
    ADD CONSTRAINT pk_cdn_temp_file_id PRIMARY KEY (id);


--
-- Name: client_document_file pk_client_document_file_id; Type: CONSTRAINT; Schema: public; Owner: aperiosf
--

ALTER TABLE ONLY public.client_document_file
    ADD CONSTRAINT pk_client_document_file_id PRIMARY KEY (id);


--
-- Name: client_document pk_client_document_id; Type: CONSTRAINT; Schema: public; Owner: aperiosf
--

ALTER TABLE ONLY public.client_document
    ADD CONSTRAINT pk_client_document_id PRIMARY KEY (id);


--
-- Name: client_note pk_client_note_id; Type: CONSTRAINT; Schema: public; Owner: aperiosf
--

ALTER TABLE ONLY public.client_note
    ADD CONSTRAINT pk_client_note_id PRIMARY KEY (id);


--
-- Name: course_custom_field_definition pk_course_custom_field_definition_id; Type: CONSTRAINT; Schema: public; Owner: aperiosf
--

ALTER TABLE ONLY public.course_custom_field_definition
    ADD CONSTRAINT pk_course_custom_field_definition_id PRIMARY KEY (id);


--
-- Name: course pk_course_id; Type: CONSTRAINT; Schema: public; Owner: aperiosf
--

ALTER TABLE ONLY public.course
    ADD CONSTRAINT pk_course_id PRIMARY KEY (id);


--
-- Name: course_participant pk_course_participant_id; Type: CONSTRAINT; Schema: public; Owner: aperiosf
--

ALTER TABLE ONLY public.course_participant
    ADD CONSTRAINT pk_course_participant_id PRIMARY KEY (id);


--
-- Name: course_session_attendance pk_course_session_attendance_id; Type: CONSTRAINT; Schema: public; Owner: aperiosf
--

ALTER TABLE ONLY public.course_session_attendance
    ADD CONSTRAINT pk_course_session_attendance_id PRIMARY KEY (id);


--
-- Name: course_session_custom_field_value pk_course_session_custom_field_value_id; Type: CONSTRAINT; Schema: public; Owner: aperiosf
--

ALTER TABLE ONLY public.course_session_custom_field_value
    ADD CONSTRAINT pk_course_session_custom_field_value_id PRIMARY KEY (id);


--
-- Name: course_session pk_course_session_id; Type: CONSTRAINT; Schema: public; Owner: aperiosf
--

ALTER TABLE ONLY public.course_session
    ADD CONSTRAINT pk_course_session_id PRIMARY KEY (id);


--
-- Name: data_export_request pk_data_export_request_id; Type: CONSTRAINT; Schema: public; Owner: aperiosf
--

ALTER TABLE ONLY public.data_export_request
    ADD CONSTRAINT pk_data_export_request_id PRIMARY KEY (id);


--
-- Name: data_import_request pk_data_import_request_id; Type: CONSTRAINT; Schema: public; Owner: aperiosf
--

ALTER TABLE ONLY public.data_import_request
    ADD CONSTRAINT pk_data_import_request_id PRIMARY KEY (id);


--
-- Name: housing_upgrade pk_housing_upgrade_id; Type: CONSTRAINT; Schema: public; Owner: aperiosf
--

ALTER TABLE ONLY public.housing_upgrade
    ADD CONSTRAINT pk_housing_upgrade_id PRIMARY KEY (id);


--
-- Name: kch_program_assignment pk_kch_program_assignment_id; Type: CONSTRAINT; Schema: public; Owner: aperiosf
--

ALTER TABLE ONLY public.kch_program_assignment
    ADD CONSTRAINT pk_kch_program_assignment_id PRIMARY KEY (id);


--
-- Name: kch_program pk_kch_program_id; Type: CONSTRAINT; Schema: public; Owner: aperiosf
--

ALTER TABLE ONLY public.kch_program
    ADD CONSTRAINT pk_kch_program_id PRIMARY KEY (id);


--
-- Name: meta_address_type pk_meta_address_type_id; Type: CONSTRAINT; Schema: public; Owner: aperiosf
--

ALTER TABLE ONLY public.meta_address_type
    ADD CONSTRAINT pk_meta_address_type_id PRIMARY KEY (id);


--
-- Name: meta_allergy_severity pk_meta_allergy_severity_id; Type: CONSTRAINT; Schema: public; Owner: aperiosf
--

ALTER TABLE ONLY public.meta_allergy_severity
    ADD CONSTRAINT pk_meta_allergy_severity_id PRIMARY KEY (id);


--
-- Name: meta_allergy_type pk_meta_allergy_type_id; Type: CONSTRAINT; Schema: public; Owner: aperiosf
--

ALTER TABLE ONLY public.meta_allergy_type
    ADD CONSTRAINT pk_meta_allergy_type_id PRIMARY KEY (id);


--
-- Name: meta_basic_status pk_meta_basic_status_id; Type: CONSTRAINT; Schema: public; Owner: aperiosf
--

ALTER TABLE ONLY public.meta_basic_status
    ADD CONSTRAINT pk_meta_basic_status_id PRIMARY KEY (id);


--
-- Name: meta_blood_pressure_unit pk_meta_blood_pressure_unit_id; Type: CONSTRAINT; Schema: public; Owner: aperiosf
--

ALTER TABLE ONLY public.meta_blood_pressure_unit
    ADD CONSTRAINT pk_meta_blood_pressure_unit_id PRIMARY KEY (id);


--
-- Name: meta_care_continuity_document_type pk_meta_care_continuity_document_type_id; Type: CONSTRAINT; Schema: public; Owner: aperiosf
--

ALTER TABLE ONLY public.meta_care_continuity_document_type
    ADD CONSTRAINT pk_meta_care_continuity_document_type_id PRIMARY KEY (id);


--
-- Name: meta_ccda_export_log_type pk_meta_ccda_export_log_type_id; Type: CONSTRAINT; Schema: public; Owner: aperiosf
--

ALTER TABLE ONLY public.meta_ccda_export_log_type
    ADD CONSTRAINT pk_meta_ccda_export_log_type_id PRIMARY KEY (id);


--
-- Name: meta_ccda_export_status pk_meta_ccda_export_status_id; Type: CONSTRAINT; Schema: public; Owner: aperiosf
--

ALTER TABLE ONLY public.meta_ccda_export_status
    ADD CONSTRAINT pk_meta_ccda_export_status_id PRIMARY KEY (id);


--
-- Name: meta_ccda_sections pk_meta_ccda_sections_id; Type: CONSTRAINT; Schema: public; Owner: aperiosf
--

ALTER TABLE ONLY public.meta_ccda_sections
    ADD CONSTRAINT pk_meta_ccda_sections_id PRIMARY KEY (id);


--
-- Name: meta_clinical_document_type pk_meta_clinical_document_type_id; Type: CONSTRAINT; Schema: public; Owner: aperiosf
--

ALTER TABLE ONLY public.meta_clinical_document_type
    ADD CONSTRAINT pk_meta_clinical_document_type_id PRIMARY KEY (id);


--
-- Name: meta_communication_mode pk_meta_communication_mode_id; Type: CONSTRAINT; Schema: public; Owner: aperiosf
--

ALTER TABLE ONLY public.meta_communication_mode
    ADD CONSTRAINT pk_meta_communication_mode_id PRIMARY KEY (id);


--
-- Name: meta_contact_type pk_meta_contact_type_id; Type: CONSTRAINT; Schema: public; Owner: aperiosf
--

ALTER TABLE ONLY public.meta_contact_type
    ADD CONSTRAINT pk_meta_contact_type_id PRIMARY KEY (id);


--
-- Name: meta_country pk_meta_country_id; Type: CONSTRAINT; Schema: public; Owner: aperiosf
--

ALTER TABLE ONLY public.meta_country
    ADD CONSTRAINT pk_meta_country_id PRIMARY KEY (id);


--
-- Name: meta_data_family pk_meta_data_family_id; Type: CONSTRAINT; Schema: public; Owner: aperiosf
--

ALTER TABLE ONLY public.meta_data_family
    ADD CONSTRAINT pk_meta_data_family_id PRIMARY KEY (id);


--
-- Name: meta_day_of_week pk_meta_day_of_week_id; Type: CONSTRAINT; Schema: public; Owner: aperiosf
--

ALTER TABLE ONLY public.meta_day_of_week
    ADD CONSTRAINT pk_meta_day_of_week_id PRIMARY KEY (id);


--
-- Name: meta_default_status pk_meta_default_status_id; Type: CONSTRAINT; Schema: public; Owner: aperiosf
--

ALTER TABLE ONLY public.meta_default_status
    ADD CONSTRAINT pk_meta_default_status_id PRIMARY KEY (id);


--
-- Name: meta_diagnostic_code pk_meta_diagnostic_code_id; Type: CONSTRAINT; Schema: public; Owner: aperiosf
--

ALTER TABLE ONLY public.meta_diagnostic_code
    ADD CONSTRAINT pk_meta_diagnostic_code_id PRIMARY KEY (id);


--
-- Name: meta_employee_status pk_meta_employee_status_id; Type: CONSTRAINT; Schema: public; Owner: aperiosf
--

ALTER TABLE ONLY public.meta_employee_status
    ADD CONSTRAINT pk_meta_employee_status_id PRIMARY KEY (id);


--
-- Name: meta_employment_status pk_meta_employment_status_id; Type: CONSTRAINT; Schema: public; Owner: aperiosf
--

ALTER TABLE ONLY public.meta_employment_status
    ADD CONSTRAINT pk_meta_employment_status_id PRIMARY KEY (id);


--
-- Name: meta_ethnicity pk_meta_ethnicity_id; Type: CONSTRAINT; Schema: public; Owner: aperiosf
--

ALTER TABLE ONLY public.meta_ethnicity
    ADD CONSTRAINT pk_meta_ethnicity_id PRIMARY KEY (id);


--
-- Name: meta_family_relationship pk_meta_family_relationship_id; Type: CONSTRAINT; Schema: public; Owner: aperiosf
--

ALTER TABLE ONLY public.meta_family_relationship
    ADD CONSTRAINT pk_meta_family_relationship_id PRIMARY KEY (id);


--
-- Name: meta_field_defination_type pk_meta_field_defination_type_id; Type: CONSTRAINT; Schema: public; Owner: aperiosf
--

ALTER TABLE ONLY public.meta_field_defination_type
    ADD CONSTRAINT pk_meta_field_defination_type_id PRIMARY KEY (id);


--
-- Name: meta_gender pk_meta_gender_id; Type: CONSTRAINT; Schema: public; Owner: aperiosf
--

ALTER TABLE ONLY public.meta_gender
    ADD CONSTRAINT pk_meta_gender_id PRIMARY KEY (id);


--
-- Name: meta_height_unit pk_meta_height_unit_id; Type: CONSTRAINT; Schema: public; Owner: aperiosf
--

ALTER TABLE ONLY public.meta_height_unit
    ADD CONSTRAINT pk_meta_height_unit_id PRIMARY KEY (id);


--
-- Name: meta_household_income_level pk_meta_household_income_level_id; Type: CONSTRAINT; Schema: public; Owner: aperiosf
--

ALTER TABLE ONLY public.meta_household_income_level
    ADD CONSTRAINT pk_meta_household_income_level_id PRIMARY KEY (id);


--
-- Name: meta_housing_status pk_meta_housing_status_id; Type: CONSTRAINT; Schema: public; Owner: aperiosf
--

ALTER TABLE ONLY public.meta_housing_status
    ADD CONSTRAINT pk_meta_housing_status_id PRIMARY KEY (id);


--
-- Name: meta_housing_upgrade_status pk_meta_housing_upgrade_status_id; Type: CONSTRAINT; Schema: public; Owner: aperiosf
--

ALTER TABLE ONLY public.meta_housing_upgrade_status
    ADD CONSTRAINT pk_meta_housing_upgrade_status_id PRIMARY KEY (id);


--
-- Name: meta_housing_upgrade_type pk_meta_housing_upgrade_type_id; Type: CONSTRAINT; Schema: public; Owner: aperiosf
--

ALTER TABLE ONLY public.meta_housing_upgrade_type
    ADD CONSTRAINT pk_meta_housing_upgrade_type_id PRIMARY KEY (id);


--
-- Name: meta_id_type pk_meta_id_type_id; Type: CONSTRAINT; Schema: public; Owner: aperiosf
--

ALTER TABLE ONLY public.meta_id_type
    ADD CONSTRAINT pk_meta_id_type_id PRIMARY KEY (id);


--
-- Name: meta_income_level pk_meta_income_level_id; Type: CONSTRAINT; Schema: public; Owner: aperiosf
--

ALTER TABLE ONLY public.meta_income_level
    ADD CONSTRAINT pk_meta_income_level_id PRIMARY KEY (id);


--
-- Name: meta_label_detail pk_meta_label_detail_id; Type: CONSTRAINT; Schema: public; Owner: aperiosf
--

ALTER TABLE ONLY public.meta_label_detail
    ADD CONSTRAINT pk_meta_label_detail_id PRIMARY KEY (id);


--
-- Name: meta_label pk_meta_label_id; Type: CONSTRAINT; Schema: public; Owner: aperiosf
--

ALTER TABLE ONLY public.meta_label
    ADD CONSTRAINT pk_meta_label_id PRIMARY KEY (id);


--
-- Name: meta_language pk_meta_language_id; Type: CONSTRAINT; Schema: public; Owner: aperiosf
--

ALTER TABLE ONLY public.meta_language
    ADD CONSTRAINT pk_meta_language_id PRIMARY KEY (id);


--
-- Name: meta_marital_status pk_meta_marital_status_id; Type: CONSTRAINT; Schema: public; Owner: aperiosf
--

ALTER TABLE ONLY public.meta_marital_status
    ADD CONSTRAINT pk_meta_marital_status_id PRIMARY KEY (id);


--
-- Name: meta_medication_delivery_route pk_meta_medication_delivery_route_id; Type: CONSTRAINT; Schema: public; Owner: aperiosf
--

ALTER TABLE ONLY public.meta_medication_delivery_route
    ADD CONSTRAINT pk_meta_medication_delivery_route_id PRIMARY KEY (id);


--
-- Name: meta_military_status pk_meta_military_status_id; Type: CONSTRAINT; Schema: public; Owner: aperiosf
--

ALTER TABLE ONLY public.meta_military_status
    ADD CONSTRAINT pk_meta_military_status_id PRIMARY KEY (id);


--
-- Name: meta_pain_level pk_meta_pain_level_id; Type: CONSTRAINT; Schema: public; Owner: aperiosf
--

ALTER TABLE ONLY public.meta_pain_level
    ADD CONSTRAINT pk_meta_pain_level_id PRIMARY KEY (id);


--
-- Name: meta_patient_diagnosis_status pk_meta_patient_diagnosis_status_id; Type: CONSTRAINT; Schema: public; Owner: aperiosf
--

ALTER TABLE ONLY public.meta_patient_diagnosis_status
    ADD CONSTRAINT pk_meta_patient_diagnosis_status_id PRIMARY KEY (id);


--
-- Name: meta_patient_document_status pk_meta_patient_document_status_id; Type: CONSTRAINT; Schema: public; Owner: aperiosf
--

ALTER TABLE ONLY public.meta_patient_document_status
    ADD CONSTRAINT pk_meta_patient_document_status_id PRIMARY KEY (id);


--
-- Name: meta_patient_document_type pk_meta_patient_document_type_id; Type: CONSTRAINT; Schema: public; Owner: aperiosf
--

ALTER TABLE ONLY public.meta_patient_document_type
    ADD CONSTRAINT pk_meta_patient_document_type_id PRIMARY KEY (id);


--
-- Name: meta_patient_identity_type pk_meta_patient_identity_type_id; Type: CONSTRAINT; Schema: public; Owner: aperiosf
--

ALTER TABLE ONLY public.meta_patient_identity_type
    ADD CONSTRAINT pk_meta_patient_identity_type_id PRIMARY KEY (id);


--
-- Name: meta_patient_status pk_meta_patient_status_id; Type: CONSTRAINT; Schema: public; Owner: aperiosf
--

ALTER TABLE ONLY public.meta_patient_status
    ADD CONSTRAINT pk_meta_patient_status_id PRIMARY KEY (id);


--
-- Name: meta_permission pk_meta_permission_id; Type: CONSTRAINT; Schema: public; Owner: aperiosf
--

ALTER TABLE ONLY public.meta_permission
    ADD CONSTRAINT pk_meta_permission_id PRIMARY KEY (id);


--
-- Name: meta_provider_service_type pk_meta_provider_service_type_id; Type: CONSTRAINT; Schema: public; Owner: aperiosf
--

ALTER TABLE ONLY public.meta_provider_service_type
    ADD CONSTRAINT pk_meta_provider_service_type_id PRIMARY KEY (id);


--
-- Name: meta_race pk_meta_race_id; Type: CONSTRAINT; Schema: public; Owner: aperiosf
--

ALTER TABLE ONLY public.meta_race
    ADD CONSTRAINT pk_meta_race_id PRIMARY KEY (id);


--
-- Name: meta_relationship pk_meta_relationship_id; Type: CONSTRAINT; Schema: public; Owner: aperiosf
--

ALTER TABLE ONLY public.meta_relationship
    ADD CONSTRAINT pk_meta_relationship_id PRIMARY KEY (id);


--
-- Name: meta_severity pk_meta_severity_id; Type: CONSTRAINT; Schema: public; Owner: aperiosf
--

ALTER TABLE ONLY public.meta_severity
    ADD CONSTRAINT pk_meta_severity_id PRIMARY KEY (id);


--
-- Name: meta_smoking_status pk_meta_smoking_status_id; Type: CONSTRAINT; Schema: public; Owner: aperiosf
--

ALTER TABLE ONLY public.meta_smoking_status
    ADD CONSTRAINT pk_meta_smoking_status_id PRIMARY KEY (id);


--
-- Name: meta_snomed_code pk_meta_snomed_code_id; Type: CONSTRAINT; Schema: public; Owner: aperiosf
--

ALTER TABLE ONLY public.meta_snomed_code
    ADD CONSTRAINT pk_meta_snomed_code_id PRIMARY KEY (id);


--
-- Name: meta_snomed pk_meta_snomed_id; Type: CONSTRAINT; Schema: public; Owner: aperiosf
--

ALTER TABLE ONLY public.meta_snomed
    ADD CONSTRAINT pk_meta_snomed_id PRIMARY KEY (id);


--
-- Name: meta_social_needs_category pk_meta_social_needs_category_id; Type: CONSTRAINT; Schema: public; Owner: aperiosf
--

ALTER TABLE ONLY public.meta_social_needs_category
    ADD CONSTRAINT pk_meta_social_needs_category_id PRIMARY KEY (id);


--
-- Name: meta_social_needs pk_meta_social_needs_id; Type: CONSTRAINT; Schema: public; Owner: aperiosf
--

ALTER TABLE ONLY public.meta_social_needs
    ADD CONSTRAINT pk_meta_social_needs_id PRIMARY KEY (id);


--
-- Name: meta_state pk_meta_state_id; Type: CONSTRAINT; Schema: public; Owner: aperiosf
--

ALTER TABLE ONLY public.meta_state
    ADD CONSTRAINT pk_meta_state_id PRIMARY KEY (id);


--
-- Name: meta_telephone_type pk_meta_telephone_type_id; Type: CONSTRAINT; Schema: public; Owner: aperiosf
--

ALTER TABLE ONLY public.meta_telephone_type
    ADD CONSTRAINT pk_meta_telephone_type_id PRIMARY KEY (id);


--
-- Name: meta_temperature_unit pk_meta_temperature_unit_id; Type: CONSTRAINT; Schema: public; Owner: aperiosf
--

ALTER TABLE ONLY public.meta_temperature_unit
    ADD CONSTRAINT pk_meta_temperature_unit_id PRIMARY KEY (id);


--
-- Name: meta_timezone pk_meta_timezone_id; Type: CONSTRAINT; Schema: public; Owner: aperiosf
--

ALTER TABLE ONLY public.meta_timezone
    ADD CONSTRAINT pk_meta_timezone_id PRIMARY KEY (id);


--
-- Name: meta_token_type pk_meta_token_type_id; Type: CONSTRAINT; Schema: public; Owner: aperiosf
--

ALTER TABLE ONLY public.meta_token_type
    ADD CONSTRAINT pk_meta_token_type_id PRIMARY KEY (id);


--
-- Name: meta_user_type pk_meta_user_type_id; Type: CONSTRAINT; Schema: public; Owner: aperiosf
--

ALTER TABLE ONLY public.meta_user_type
    ADD CONSTRAINT pk_meta_user_type_id PRIMARY KEY (id);


--
-- Name: meta_weight_unit pk_meta_weight_unit_id; Type: CONSTRAINT; Schema: public; Owner: aperiosf
--

ALTER TABLE ONLY public.meta_weight_unit
    ADD CONSTRAINT pk_meta_weight_unit_id PRIMARY KEY (id);


--
-- Name: meta_work_list_approval_status pk_meta_work_list_approval_status_id; Type: CONSTRAINT; Schema: public; Owner: aperiosf
--

ALTER TABLE ONLY public.meta_work_list_approval_status
    ADD CONSTRAINT pk_meta_work_list_approval_status_id PRIMARY KEY (id);


--
-- Name: meta_work_list_reminder_status pk_meta_work_list_reminder_status_id; Type: CONSTRAINT; Schema: public; Owner: aperiosf
--

ALTER TABLE ONLY public.meta_work_list_reminder_status
    ADD CONSTRAINT pk_meta_work_list_reminder_status_id PRIMARY KEY (id);


--
-- Name: meta_work_list_reminder_type pk_meta_work_list_reminder_type_id; Type: CONSTRAINT; Schema: public; Owner: aperiosf
--

ALTER TABLE ONLY public.meta_work_list_reminder_type
    ADD CONSTRAINT pk_meta_work_list_reminder_type_id PRIMARY KEY (id);


--
-- Name: meta_work_list_reminder_who_type pk_meta_work_list_reminder_who_type_id; Type: CONSTRAINT; Schema: public; Owner: aperiosf
--

ALTER TABLE ONLY public.meta_work_list_reminder_who_type
    ADD CONSTRAINT pk_meta_work_list_reminder_who_type_id PRIMARY KEY (id);


--
-- Name: meta_worklist_priority pk_meta_worklist_priority_id; Type: CONSTRAINT; Schema: public; Owner: aperiosf
--

ALTER TABLE ONLY public.meta_worklist_priority
    ADD CONSTRAINT pk_meta_worklist_priority_id PRIMARY KEY (id);


--
-- Name: meta_worklist_status pk_meta_worklist_status_id; Type: CONSTRAINT; Schema: public; Owner: aperiosf
--

ALTER TABLE ONLY public.meta_worklist_status
    ADD CONSTRAINT pk_meta_worklist_status_id PRIMARY KEY (id);


--
-- Name: meta_zip_code pk_meta_zip_code_id; Type: CONSTRAINT; Schema: public; Owner: aperiosf
--

ALTER TABLE ONLY public.meta_zip_code
    ADD CONSTRAINT pk_meta_zip_code_id PRIMARY KEY (id);


--
-- Name: oml_data_type pk_oml_data_type_datatype; Type: CONSTRAINT; Schema: public; Owner: aperiosf
--

ALTER TABLE ONLY public.oml_data_type
    ADD CONSTRAINT pk_oml_data_type_datatype PRIMARY KEY (data_type);


--
-- Name: oml_object pk_oml_object_name; Type: CONSTRAINT; Schema: public; Owner: aperiosf
--

ALTER TABLE ONLY public.oml_object
    ADD CONSTRAINT pk_oml_object_name PRIMARY KEY (name);


--
-- Name: oml_property pk_oml_property_organizationid_object_property; Type: CONSTRAINT; Schema: public; Owner: aperiosf
--

ALTER TABLE ONLY public.oml_property
    ADD CONSTRAINT pk_oml_property_organizationid_object_property PRIMARY KEY (organization_id, object, property);


--
-- Name: organization_division pk_organization_division_id; Type: CONSTRAINT; Schema: public; Owner: aperiosf
--

ALTER TABLE ONLY public.organization_division
    ADD CONSTRAINT pk_organization_division_id PRIMARY KEY (id);


--
-- Name: organization_employee_address pk_organization_employee_address_id; Type: CONSTRAINT; Schema: public; Owner: aperiosf
--

ALTER TABLE ONLY public.organization_employee_address
    ADD CONSTRAINT pk_organization_employee_address_id PRIMARY KEY (id);


--
-- Name: organization_employee_division pk_organization_employee_division_id; Type: CONSTRAINT; Schema: public; Owner: aperiosf
--

ALTER TABLE ONLY public.organization_employee_division
    ADD CONSTRAINT pk_organization_employee_division_id PRIMARY KEY (id);


--
-- Name: organization_employee pk_organization_employee_id; Type: CONSTRAINT; Schema: public; Owner: aperiosf
--

ALTER TABLE ONLY public.organization_employee
    ADD CONSTRAINT pk_organization_employee_id PRIMARY KEY (id);


--
-- Name: organization_employee_telephone pk_organization_employee_telephone_id; Type: CONSTRAINT; Schema: public; Owner: aperiosf
--

ALTER TABLE ONLY public.organization_employee_telephone
    ADD CONSTRAINT pk_organization_employee_telephone_id PRIMARY KEY (id);


--
-- Name: organization_folder pk_organization_folder_id; Type: CONSTRAINT; Schema: public; Owner: aperiosf
--

ALTER TABLE ONLY public.organization_folder
    ADD CONSTRAINT pk_organization_folder_id PRIMARY KEY (id);


--
-- Name: organization pk_organization_id; Type: CONSTRAINT; Schema: public; Owner: aperiosf
--

ALTER TABLE ONLY public.organization
    ADD CONSTRAINT pk_organization_id PRIMARY KEY (id);


--
-- Name: organization_profile pk_organization_profile_id; Type: CONSTRAINT; Schema: public; Owner: aperiosf
--

ALTER TABLE ONLY public.organization_profile
    ADD CONSTRAINT pk_organization_profile_id PRIMARY KEY (id);


--
-- Name: patient_address pk_patient_address_id; Type: CONSTRAINT; Schema: public; Owner: aperiosf
--

ALTER TABLE ONLY public.patient_address
    ADD CONSTRAINT pk_patient_address_id PRIMARY KEY (id);


--
-- Name: patient_admission pk_patient_admission_id; Type: CONSTRAINT; Schema: public; Owner: aperiosf
--

ALTER TABLE ONLY public.patient_admission
    ADD CONSTRAINT pk_patient_admission_id PRIMARY KEY (id);


--
-- Name: patient_allergy pk_patient_allergy_id; Type: CONSTRAINT; Schema: public; Owner: aperiosf
--

ALTER TABLE ONLY public.patient_allergy
    ADD CONSTRAINT pk_patient_allergy_id PRIMARY KEY (id);


--
-- Name: patient_contact_address pk_patient_contact_address_id; Type: CONSTRAINT; Schema: public; Owner: aperiosf
--

ALTER TABLE ONLY public.patient_contact_address
    ADD CONSTRAINT pk_patient_contact_address_id PRIMARY KEY (id);


--
-- Name: patient_contact pk_patient_contact_id; Type: CONSTRAINT; Schema: public; Owner: aperiosf
--

ALTER TABLE ONLY public.patient_contact
    ADD CONSTRAINT pk_patient_contact_id PRIMARY KEY (id);


--
-- Name: patient_diagnosis pk_patient_diagnosis_id; Type: CONSTRAINT; Schema: public; Owner: aperiosf
--

ALTER TABLE ONLY public.patient_diagnosis
    ADD CONSTRAINT pk_patient_diagnosis_id PRIMARY KEY (id);


--
-- Name: patient_employment_info pk_patient_employment_info_id; Type: CONSTRAINT; Schema: public; Owner: aperiosf
--

ALTER TABLE ONLY public.patient_employment_info
    ADD CONSTRAINT pk_patient_employment_info_id PRIMARY KEY (id);


--
-- Name: patient pk_patient_id; Type: CONSTRAINT; Schema: public; Owner: aperiosf
--

ALTER TABLE ONLY public.patient
    ADD CONSTRAINT pk_patient_id PRIMARY KEY (id);


--
-- Name: patient_medication pk_patient_medication_id; Type: CONSTRAINT; Schema: public; Owner: aperiosf
--

ALTER TABLE ONLY public.patient_medication
    ADD CONSTRAINT pk_patient_medication_id PRIMARY KEY (id);


--
-- Name: patient_prescription pk_patient_prescription_id; Type: CONSTRAINT; Schema: public; Owner: aperiosf
--

ALTER TABLE ONLY public.patient_prescription
    ADD CONSTRAINT pk_patient_prescription_id PRIMARY KEY (id);


--
-- Name: patient_primary_care_provider pk_patient_primary_care_provider_id; Type: CONSTRAINT; Schema: public; Owner: aperiosf
--

ALTER TABLE ONLY public.patient_primary_care_provider
    ADD CONSTRAINT pk_patient_primary_care_provider_id PRIMARY KEY (id);


--
-- Name: patient_social_needs pk_patient_social_needs_id; Type: CONSTRAINT; Schema: public; Owner: aperiosf
--

ALTER TABLE ONLY public.patient_social_needs
    ADD CONSTRAINT pk_patient_social_needs_id PRIMARY KEY (id);


--
-- Name: patient_specific_document pk_patient_specific_document_id; Type: CONSTRAINT; Schema: public; Owner: aperiosf
--

ALTER TABLE ONLY public.patient_specific_document
    ADD CONSTRAINT pk_patient_specific_document_id PRIMARY KEY (id);


--
-- Name: patient_vital pk_patient_vital_id; Type: CONSTRAINT; Schema: public; Owner: aperiosf
--

ALTER TABLE ONLY public.patient_vital
    ADD CONSTRAINT pk_patient_vital_id PRIMARY KEY (id);


--
-- Name: preferred_provider pk_preferred_provider_id; Type: CONSTRAINT; Schema: public; Owner: aperiosf
--

ALTER TABLE ONLY public.preferred_provider
    ADD CONSTRAINT pk_preferred_provider_id PRIMARY KEY (id);


--
-- Name: synap_config pk_synap_config_id; Type: CONSTRAINT; Schema: public; Owner: aperiosf
--

ALTER TABLE ONLY public.synap_config
    ADD CONSTRAINT pk_synap_config_id PRIMARY KEY (id);


--
-- Name: synap_user_group pk_synap_user_group_id; Type: CONSTRAINT; Schema: public; Owner: aperiosf
--

ALTER TABLE ONLY public.synap_user_group
    ADD CONSTRAINT pk_synap_user_group_id PRIMARY KEY (id);


--
-- Name: synap_user pk_synap_user_id; Type: CONSTRAINT; Schema: public; Owner: aperiosf
--

ALTER TABLE ONLY public.synap_user
    ADD CONSTRAINT pk_synap_user_id PRIMARY KEY (id);


--
-- Name: synap_user_token pk_synap_user_token_id; Type: CONSTRAINT; Schema: public; Owner: aperiosf
--

ALTER TABLE ONLY public.synap_user_token
    ADD CONSTRAINT pk_synap_user_token_id PRIMARY KEY (id);


--
-- Name: user_password pk_user_password_id; Type: CONSTRAINT; Schema: public; Owner: aperiosf
--

ALTER TABLE ONLY public.user_password
    ADD CONSTRAINT pk_user_password_id PRIMARY KEY (id);


--
-- Name: viewed_client pk_viewed_client_id; Type: CONSTRAINT; Schema: public; Owner: aperiosf
--

ALTER TABLE ONLY public.viewed_client
    ADD CONSTRAINT pk_viewed_client_id PRIMARY KEY (id);


--
-- Name: work_list_approver pk_work_list_approver_id; Type: CONSTRAINT; Schema: public; Owner: aperiosf
--

ALTER TABLE ONLY public.work_list_approver
    ADD CONSTRAINT pk_work_list_approver_id PRIMARY KEY (id);


--
-- Name: work_list pk_work_list_id; Type: CONSTRAINT; Schema: public; Owner: aperiosf
--

ALTER TABLE ONLY public.work_list
    ADD CONSTRAINT pk_work_list_id PRIMARY KEY (id);


--
-- Name: work_list_notes pk_work_list_notes_id; Type: CONSTRAINT; Schema: public; Owner: aperiosf
--

ALTER TABLE ONLY public.work_list_notes
    ADD CONSTRAINT pk_work_list_notes_id PRIMARY KEY (id);


--
-- Name: work_list_reminder pk_work_list_reminder_id; Type: CONSTRAINT; Schema: public; Owner: aperiosf
--

ALTER TABLE ONLY public.work_list_reminder
    ADD CONSTRAINT pk_work_list_reminder_id PRIMARY KEY (id);


--
-- Name: care_continuity_import_request unik_care_continuity_import_request_id; Type: CONSTRAINT; Schema: public; Owner: aperiosf
--

ALTER TABLE ONLY public.care_continuity_import_request
    ADD CONSTRAINT unik_care_continuity_import_request_id UNIQUE (id);


--
-- Name: ccd_upload unik_ccd_upload_id; Type: CONSTRAINT; Schema: public; Owner: aperiosf
--

ALTER TABLE ONLY public.ccd_upload
    ADD CONSTRAINT unik_ccd_upload_id UNIQUE (id);


--
-- Name: ccda_export unik_ccda_export_id; Type: CONSTRAINT; Schema: public; Owner: aperiosf
--

ALTER TABLE ONLY public.ccda_export
    ADD CONSTRAINT unik_ccda_export_id UNIQUE (id);


--
-- Name: ccda_export_log unik_ccda_export_log_id; Type: CONSTRAINT; Schema: public; Owner: aperiosf
--

ALTER TABLE ONLY public.ccda_export_log
    ADD CONSTRAINT unik_ccda_export_log_id UNIQUE (id);


--
-- Name: ccda_export_request unik_ccda_export_request_id; Type: CONSTRAINT; Schema: public; Owner: aperiosf
--

ALTER TABLE ONLY public.ccda_export_request
    ADD CONSTRAINT unik_ccda_export_request_id UNIQUE (id);


--
-- Name: ccda_import_allergy unik_ccda_import_allergy_id; Type: CONSTRAINT; Schema: public; Owner: aperiosf
--

ALTER TABLE ONLY public.ccda_import_allergy
    ADD CONSTRAINT unik_ccda_import_allergy_id UNIQUE (id);


--
-- Name: ccda_import_diagnosis unik_ccda_import_diagnosis_id; Type: CONSTRAINT; Schema: public; Owner: aperiosf
--

ALTER TABLE ONLY public.ccda_import_diagnosis
    ADD CONSTRAINT unik_ccda_import_diagnosis_id UNIQUE (id);


--
-- Name: ccda_import_medication unik_ccda_import_medication_id; Type: CONSTRAINT; Schema: public; Owner: aperiosf
--

ALTER TABLE ONLY public.ccda_import_medication
    ADD CONSTRAINT unik_ccda_import_medication_id UNIQUE (id);


--
-- Name: cdn_temp_file unik_cdn_temp_file_id; Type: CONSTRAINT; Schema: public; Owner: aperiosf
--

ALTER TABLE ONLY public.cdn_temp_file
    ADD CONSTRAINT unik_cdn_temp_file_id UNIQUE (id);


--
-- Name: client_document_file unik_client_document_file_id; Type: CONSTRAINT; Schema: public; Owner: aperiosf
--

ALTER TABLE ONLY public.client_document_file
    ADD CONSTRAINT unik_client_document_file_id UNIQUE (id);


--
-- Name: client_document unik_client_document_id; Type: CONSTRAINT; Schema: public; Owner: aperiosf
--

ALTER TABLE ONLY public.client_document
    ADD CONSTRAINT unik_client_document_id UNIQUE (id);


--
-- Name: client_note unik_client_note_id; Type: CONSTRAINT; Schema: public; Owner: aperiosf
--

ALTER TABLE ONLY public.client_note
    ADD CONSTRAINT unik_client_note_id UNIQUE (id);


--
-- Name: course_custom_field_definition unik_course_custom_field_definition_id; Type: CONSTRAINT; Schema: public; Owner: aperiosf
--

ALTER TABLE ONLY public.course_custom_field_definition
    ADD CONSTRAINT unik_course_custom_field_definition_id UNIQUE (id);


--
-- Name: course unik_course_id; Type: CONSTRAINT; Schema: public; Owner: aperiosf
--

ALTER TABLE ONLY public.course
    ADD CONSTRAINT unik_course_id UNIQUE (id);


--
-- Name: course_participant unik_course_participant_id; Type: CONSTRAINT; Schema: public; Owner: aperiosf
--

ALTER TABLE ONLY public.course_participant
    ADD CONSTRAINT unik_course_participant_id UNIQUE (id);


--
-- Name: course_session_attendance unik_course_session_attendance_id; Type: CONSTRAINT; Schema: public; Owner: aperiosf
--

ALTER TABLE ONLY public.course_session_attendance
    ADD CONSTRAINT unik_course_session_attendance_id UNIQUE (id);


--
-- Name: course_session_custom_field_value unik_course_session_custom_field_value_id; Type: CONSTRAINT; Schema: public; Owner: aperiosf
--

ALTER TABLE ONLY public.course_session_custom_field_value
    ADD CONSTRAINT unik_course_session_custom_field_value_id UNIQUE (id);


--
-- Name: course_session unik_course_session_id; Type: CONSTRAINT; Schema: public; Owner: aperiosf
--

ALTER TABLE ONLY public.course_session
    ADD CONSTRAINT unik_course_session_id UNIQUE (id);


--
-- Name: data_export_request unik_data_export_request_id; Type: CONSTRAINT; Schema: public; Owner: aperiosf
--

ALTER TABLE ONLY public.data_export_request
    ADD CONSTRAINT unik_data_export_request_id UNIQUE (id);


--
-- Name: data_import_request unik_data_import_request_id; Type: CONSTRAINT; Schema: public; Owner: aperiosf
--

ALTER TABLE ONLY public.data_import_request
    ADD CONSTRAINT unik_data_import_request_id UNIQUE (id);


--
-- Name: housing_upgrade unik_housing_upgrade_id; Type: CONSTRAINT; Schema: public; Owner: aperiosf
--

ALTER TABLE ONLY public.housing_upgrade
    ADD CONSTRAINT unik_housing_upgrade_id UNIQUE (id);


--
-- Name: kch_program_assignment unik_kch_program_assignment_id; Type: CONSTRAINT; Schema: public; Owner: aperiosf
--

ALTER TABLE ONLY public.kch_program_assignment
    ADD CONSTRAINT unik_kch_program_assignment_id UNIQUE (id);


--
-- Name: kch_program unik_kch_program_id; Type: CONSTRAINT; Schema: public; Owner: aperiosf
--

ALTER TABLE ONLY public.kch_program
    ADD CONSTRAINT unik_kch_program_id UNIQUE (id);


--
-- Name: kch_program unik_kch_program_shortname; Type: CONSTRAINT; Schema: public; Owner: aperiosf
--

ALTER TABLE ONLY public.kch_program
    ADD CONSTRAINT unik_kch_program_shortname UNIQUE (short_name);


--
-- Name: meta_address_type unik_meta_address_type_id; Type: CONSTRAINT; Schema: public; Owner: aperiosf
--

ALTER TABLE ONLY public.meta_address_type
    ADD CONSTRAINT unik_meta_address_type_id UNIQUE (id);


--
-- Name: meta_allergy_severity unik_meta_allergy_severity_id; Type: CONSTRAINT; Schema: public; Owner: aperiosf
--

ALTER TABLE ONLY public.meta_allergy_severity
    ADD CONSTRAINT unik_meta_allergy_severity_id UNIQUE (id);


--
-- Name: meta_allergy_type unik_meta_allergy_type_id; Type: CONSTRAINT; Schema: public; Owner: aperiosf
--

ALTER TABLE ONLY public.meta_allergy_type
    ADD CONSTRAINT unik_meta_allergy_type_id UNIQUE (id);


--
-- Name: meta_basic_status unik_meta_basic_status_id; Type: CONSTRAINT; Schema: public; Owner: aperiosf
--

ALTER TABLE ONLY public.meta_basic_status
    ADD CONSTRAINT unik_meta_basic_status_id UNIQUE (id);


--
-- Name: meta_blood_pressure_unit unik_meta_blood_pressure_unit_id; Type: CONSTRAINT; Schema: public; Owner: aperiosf
--

ALTER TABLE ONLY public.meta_blood_pressure_unit
    ADD CONSTRAINT unik_meta_blood_pressure_unit_id UNIQUE (id);


--
-- Name: meta_care_continuity_document_type unik_meta_care_continuity_document_type_id; Type: CONSTRAINT; Schema: public; Owner: aperiosf
--

ALTER TABLE ONLY public.meta_care_continuity_document_type
    ADD CONSTRAINT unik_meta_care_continuity_document_type_id UNIQUE (id);


--
-- Name: meta_ccda_export_log_type unik_meta_ccda_export_log_type_id; Type: CONSTRAINT; Schema: public; Owner: aperiosf
--

ALTER TABLE ONLY public.meta_ccda_export_log_type
    ADD CONSTRAINT unik_meta_ccda_export_log_type_id UNIQUE (id);


--
-- Name: meta_ccda_export_status unik_meta_ccda_export_status_id; Type: CONSTRAINT; Schema: public; Owner: aperiosf
--

ALTER TABLE ONLY public.meta_ccda_export_status
    ADD CONSTRAINT unik_meta_ccda_export_status_id UNIQUE (id);


--
-- Name: meta_ccda_sections unik_meta_ccda_sections_id; Type: CONSTRAINT; Schema: public; Owner: aperiosf
--

ALTER TABLE ONLY public.meta_ccda_sections
    ADD CONSTRAINT unik_meta_ccda_sections_id UNIQUE (id);


--
-- Name: meta_clinical_document_type unik_meta_clinical_document_type_id; Type: CONSTRAINT; Schema: public; Owner: aperiosf
--

ALTER TABLE ONLY public.meta_clinical_document_type
    ADD CONSTRAINT unik_meta_clinical_document_type_id UNIQUE (id);


--
-- Name: meta_communication_mode unik_meta_communication_mode_id; Type: CONSTRAINT; Schema: public; Owner: aperiosf
--

ALTER TABLE ONLY public.meta_communication_mode
    ADD CONSTRAINT unik_meta_communication_mode_id UNIQUE (id);


--
-- Name: meta_contact_type unik_meta_contact_type_id; Type: CONSTRAINT; Schema: public; Owner: aperiosf
--

ALTER TABLE ONLY public.meta_contact_type
    ADD CONSTRAINT unik_meta_contact_type_id UNIQUE (id);


--
-- Name: meta_country unik_meta_country_id; Type: CONSTRAINT; Schema: public; Owner: aperiosf
--

ALTER TABLE ONLY public.meta_country
    ADD CONSTRAINT unik_meta_country_id UNIQUE (id);


--
-- Name: meta_data_family unik_meta_data_family_id; Type: CONSTRAINT; Schema: public; Owner: aperiosf
--

ALTER TABLE ONLY public.meta_data_family
    ADD CONSTRAINT unik_meta_data_family_id UNIQUE (id);


--
-- Name: meta_day_of_week unik_meta_day_of_week_id; Type: CONSTRAINT; Schema: public; Owner: aperiosf
--

ALTER TABLE ONLY public.meta_day_of_week
    ADD CONSTRAINT unik_meta_day_of_week_id UNIQUE (id);


--
-- Name: meta_default_status unik_meta_default_status_id; Type: CONSTRAINT; Schema: public; Owner: aperiosf
--

ALTER TABLE ONLY public.meta_default_status
    ADD CONSTRAINT unik_meta_default_status_id UNIQUE (id);


--
-- Name: meta_diagnostic_code unik_meta_diagnostic_code_id; Type: CONSTRAINT; Schema: public; Owner: aperiosf
--

ALTER TABLE ONLY public.meta_diagnostic_code
    ADD CONSTRAINT unik_meta_diagnostic_code_id UNIQUE (id);


--
-- Name: meta_employee_status unik_meta_employee_status_id; Type: CONSTRAINT; Schema: public; Owner: aperiosf
--

ALTER TABLE ONLY public.meta_employee_status
    ADD CONSTRAINT unik_meta_employee_status_id UNIQUE (id);


--
-- Name: meta_employment_status unik_meta_employment_status_id; Type: CONSTRAINT; Schema: public; Owner: aperiosf
--

ALTER TABLE ONLY public.meta_employment_status
    ADD CONSTRAINT unik_meta_employment_status_id UNIQUE (id);


--
-- Name: meta_ethnicity unik_meta_ethnicity_id; Type: CONSTRAINT; Schema: public; Owner: aperiosf
--

ALTER TABLE ONLY public.meta_ethnicity
    ADD CONSTRAINT unik_meta_ethnicity_id UNIQUE (id);


--
-- Name: meta_family_relationship unik_meta_family_relationship_id; Type: CONSTRAINT; Schema: public; Owner: aperiosf
--

ALTER TABLE ONLY public.meta_family_relationship
    ADD CONSTRAINT unik_meta_family_relationship_id UNIQUE (id);


--
-- Name: meta_field_defination_type unik_meta_field_defination_type_id; Type: CONSTRAINT; Schema: public; Owner: aperiosf
--

ALTER TABLE ONLY public.meta_field_defination_type
    ADD CONSTRAINT unik_meta_field_defination_type_id UNIQUE (id);


--
-- Name: meta_gender unik_meta_gender_id; Type: CONSTRAINT; Schema: public; Owner: aperiosf
--

ALTER TABLE ONLY public.meta_gender
    ADD CONSTRAINT unik_meta_gender_id UNIQUE (id);


--
-- Name: meta_height_unit unik_meta_height_unit_id; Type: CONSTRAINT; Schema: public; Owner: aperiosf
--

ALTER TABLE ONLY public.meta_height_unit
    ADD CONSTRAINT unik_meta_height_unit_id UNIQUE (id);


--
-- Name: meta_household_income_level unik_meta_household_income_level_id; Type: CONSTRAINT; Schema: public; Owner: aperiosf
--

ALTER TABLE ONLY public.meta_household_income_level
    ADD CONSTRAINT unik_meta_household_income_level_id UNIQUE (id);


--
-- Name: meta_housing_status unik_meta_housing_status_id; Type: CONSTRAINT; Schema: public; Owner: aperiosf
--

ALTER TABLE ONLY public.meta_housing_status
    ADD CONSTRAINT unik_meta_housing_status_id UNIQUE (id);


--
-- Name: meta_housing_upgrade_status unik_meta_housing_upgrade_status_id; Type: CONSTRAINT; Schema: public; Owner: aperiosf
--

ALTER TABLE ONLY public.meta_housing_upgrade_status
    ADD CONSTRAINT unik_meta_housing_upgrade_status_id UNIQUE (id);


--
-- Name: meta_housing_upgrade_type unik_meta_housing_upgrade_type_id; Type: CONSTRAINT; Schema: public; Owner: aperiosf
--

ALTER TABLE ONLY public.meta_housing_upgrade_type
    ADD CONSTRAINT unik_meta_housing_upgrade_type_id UNIQUE (id);


--
-- Name: meta_id_type unik_meta_id_type_id; Type: CONSTRAINT; Schema: public; Owner: aperiosf
--

ALTER TABLE ONLY public.meta_id_type
    ADD CONSTRAINT unik_meta_id_type_id UNIQUE (id);


--
-- Name: meta_income_level unik_meta_income_level_id; Type: CONSTRAINT; Schema: public; Owner: aperiosf
--

ALTER TABLE ONLY public.meta_income_level
    ADD CONSTRAINT unik_meta_income_level_id UNIQUE (id);


--
-- Name: meta_label_detail unik_meta_label_detail_id; Type: CONSTRAINT; Schema: public; Owner: aperiosf
--

ALTER TABLE ONLY public.meta_label_detail
    ADD CONSTRAINT unik_meta_label_detail_id UNIQUE (id);


--
-- Name: meta_label_detail unik_meta_label_detail_metalanguageid; Type: CONSTRAINT; Schema: public; Owner: aperiosf
--

ALTER TABLE ONLY public.meta_label_detail
    ADD CONSTRAINT unik_meta_label_detail_metalanguageid UNIQUE (meta_language_id);


--
-- Name: meta_label unik_meta_label_id; Type: CONSTRAINT; Schema: public; Owner: aperiosf
--

ALTER TABLE ONLY public.meta_label
    ADD CONSTRAINT unik_meta_label_id UNIQUE (id);


--
-- Name: meta_language unik_meta_language_id; Type: CONSTRAINT; Schema: public; Owner: aperiosf
--

ALTER TABLE ONLY public.meta_language
    ADD CONSTRAINT unik_meta_language_id UNIQUE (id);


--
-- Name: meta_marital_status unik_meta_marital_status_id; Type: CONSTRAINT; Schema: public; Owner: aperiosf
--

ALTER TABLE ONLY public.meta_marital_status
    ADD CONSTRAINT unik_meta_marital_status_id UNIQUE (id);


--
-- Name: meta_medication_delivery_route unik_meta_medication_delivery_route_id; Type: CONSTRAINT; Schema: public; Owner: aperiosf
--

ALTER TABLE ONLY public.meta_medication_delivery_route
    ADD CONSTRAINT unik_meta_medication_delivery_route_id UNIQUE (id);


--
-- Name: meta_military_status unik_meta_military_status_id; Type: CONSTRAINT; Schema: public; Owner: aperiosf
--

ALTER TABLE ONLY public.meta_military_status
    ADD CONSTRAINT unik_meta_military_status_id UNIQUE (id);


--
-- Name: meta_pain_level unik_meta_pain_level_id; Type: CONSTRAINT; Schema: public; Owner: aperiosf
--

ALTER TABLE ONLY public.meta_pain_level
    ADD CONSTRAINT unik_meta_pain_level_id UNIQUE (id);


--
-- Name: meta_patient_diagnosis_status unik_meta_patient_diagnosis_status_id; Type: CONSTRAINT; Schema: public; Owner: aperiosf
--

ALTER TABLE ONLY public.meta_patient_diagnosis_status
    ADD CONSTRAINT unik_meta_patient_diagnosis_status_id UNIQUE (id);


--
-- Name: meta_patient_document_status unik_meta_patient_document_status_id; Type: CONSTRAINT; Schema: public; Owner: aperiosf
--

ALTER TABLE ONLY public.meta_patient_document_status
    ADD CONSTRAINT unik_meta_patient_document_status_id UNIQUE (id);


--
-- Name: meta_patient_document_type unik_meta_patient_document_type_id; Type: CONSTRAINT; Schema: public; Owner: aperiosf
--

ALTER TABLE ONLY public.meta_patient_document_type
    ADD CONSTRAINT unik_meta_patient_document_type_id UNIQUE (id);


--
-- Name: meta_patient_identity_type unik_meta_patient_identity_type_id; Type: CONSTRAINT; Schema: public; Owner: aperiosf
--

ALTER TABLE ONLY public.meta_patient_identity_type
    ADD CONSTRAINT unik_meta_patient_identity_type_id UNIQUE (id);


--
-- Name: meta_patient_status unik_meta_patient_status_id; Type: CONSTRAINT; Schema: public; Owner: aperiosf
--

ALTER TABLE ONLY public.meta_patient_status
    ADD CONSTRAINT unik_meta_patient_status_id UNIQUE (id);


--
-- Name: meta_permission unik_meta_permission_id; Type: CONSTRAINT; Schema: public; Owner: aperiosf
--

ALTER TABLE ONLY public.meta_permission
    ADD CONSTRAINT unik_meta_permission_id UNIQUE (id);


--
-- Name: meta_provider_service_type unik_meta_provider_service_type_id; Type: CONSTRAINT; Schema: public; Owner: aperiosf
--

ALTER TABLE ONLY public.meta_provider_service_type
    ADD CONSTRAINT unik_meta_provider_service_type_id UNIQUE (id);


--
-- Name: meta_race unik_meta_race_id; Type: CONSTRAINT; Schema: public; Owner: aperiosf
--

ALTER TABLE ONLY public.meta_race
    ADD CONSTRAINT unik_meta_race_id UNIQUE (id);


--
-- Name: meta_relationship unik_meta_relationship_id; Type: CONSTRAINT; Schema: public; Owner: aperiosf
--

ALTER TABLE ONLY public.meta_relationship
    ADD CONSTRAINT unik_meta_relationship_id UNIQUE (id);


--
-- Name: meta_severity unik_meta_severity_id; Type: CONSTRAINT; Schema: public; Owner: aperiosf
--

ALTER TABLE ONLY public.meta_severity
    ADD CONSTRAINT unik_meta_severity_id UNIQUE (id);


--
-- Name: meta_smoking_status unik_meta_smoking_status_id; Type: CONSTRAINT; Schema: public; Owner: aperiosf
--

ALTER TABLE ONLY public.meta_smoking_status
    ADD CONSTRAINT unik_meta_smoking_status_id UNIQUE (id);


--
-- Name: meta_snomed_code unik_meta_snomed_code_id; Type: CONSTRAINT; Schema: public; Owner: aperiosf
--

ALTER TABLE ONLY public.meta_snomed_code
    ADD CONSTRAINT unik_meta_snomed_code_id UNIQUE (id);


--
-- Name: meta_snomed unik_meta_snomed_id; Type: CONSTRAINT; Schema: public; Owner: aperiosf
--

ALTER TABLE ONLY public.meta_snomed
    ADD CONSTRAINT unik_meta_snomed_id UNIQUE (id);


--
-- Name: meta_social_needs_category unik_meta_social_needs_category_id; Type: CONSTRAINT; Schema: public; Owner: aperiosf
--

ALTER TABLE ONLY public.meta_social_needs_category
    ADD CONSTRAINT unik_meta_social_needs_category_id UNIQUE (id);


--
-- Name: meta_social_needs unik_meta_social_needs_id; Type: CONSTRAINT; Schema: public; Owner: aperiosf
--

ALTER TABLE ONLY public.meta_social_needs
    ADD CONSTRAINT unik_meta_social_needs_id UNIQUE (id);


--
-- Name: meta_state unik_meta_state_id; Type: CONSTRAINT; Schema: public; Owner: aperiosf
--

ALTER TABLE ONLY public.meta_state
    ADD CONSTRAINT unik_meta_state_id UNIQUE (id);


--
-- Name: meta_telephone_type unik_meta_telephone_type_id; Type: CONSTRAINT; Schema: public; Owner: aperiosf
--

ALTER TABLE ONLY public.meta_telephone_type
    ADD CONSTRAINT unik_meta_telephone_type_id UNIQUE (id);


--
-- Name: meta_temperature_unit unik_meta_temperature_unit_id; Type: CONSTRAINT; Schema: public; Owner: aperiosf
--

ALTER TABLE ONLY public.meta_temperature_unit
    ADD CONSTRAINT unik_meta_temperature_unit_id UNIQUE (id);


--
-- Name: meta_timezone unik_meta_timezone_id; Type: CONSTRAINT; Schema: public; Owner: aperiosf
--

ALTER TABLE ONLY public.meta_timezone
    ADD CONSTRAINT unik_meta_timezone_id UNIQUE (id);


--
-- Name: meta_token_type unik_meta_token_type_id; Type: CONSTRAINT; Schema: public; Owner: aperiosf
--

ALTER TABLE ONLY public.meta_token_type
    ADD CONSTRAINT unik_meta_token_type_id UNIQUE (id);


--
-- Name: meta_user_type unik_meta_user_type_id; Type: CONSTRAINT; Schema: public; Owner: aperiosf
--

ALTER TABLE ONLY public.meta_user_type
    ADD CONSTRAINT unik_meta_user_type_id UNIQUE (id);


--
-- Name: meta_weight_unit unik_meta_weight_unit_id; Type: CONSTRAINT; Schema: public; Owner: aperiosf
--

ALTER TABLE ONLY public.meta_weight_unit
    ADD CONSTRAINT unik_meta_weight_unit_id UNIQUE (id);


--
-- Name: meta_work_list_approval_status unik_meta_work_list_approval_status_id; Type: CONSTRAINT; Schema: public; Owner: aperiosf
--

ALTER TABLE ONLY public.meta_work_list_approval_status
    ADD CONSTRAINT unik_meta_work_list_approval_status_id UNIQUE (id);


--
-- Name: meta_work_list_reminder_status unik_meta_work_list_reminder_status_id; Type: CONSTRAINT; Schema: public; Owner: aperiosf
--

ALTER TABLE ONLY public.meta_work_list_reminder_status
    ADD CONSTRAINT unik_meta_work_list_reminder_status_id UNIQUE (id);


--
-- Name: meta_work_list_reminder_type unik_meta_work_list_reminder_type_id; Type: CONSTRAINT; Schema: public; Owner: aperiosf
--

ALTER TABLE ONLY public.meta_work_list_reminder_type
    ADD CONSTRAINT unik_meta_work_list_reminder_type_id UNIQUE (id);


--
-- Name: meta_work_list_reminder_who_type unik_meta_work_list_reminder_who_type_id; Type: CONSTRAINT; Schema: public; Owner: aperiosf
--

ALTER TABLE ONLY public.meta_work_list_reminder_who_type
    ADD CONSTRAINT unik_meta_work_list_reminder_who_type_id UNIQUE (id);


--
-- Name: meta_worklist_priority unik_meta_worklist_priority_id; Type: CONSTRAINT; Schema: public; Owner: aperiosf
--

ALTER TABLE ONLY public.meta_worklist_priority
    ADD CONSTRAINT unik_meta_worklist_priority_id UNIQUE (id);


--
-- Name: meta_worklist_status unik_meta_worklist_status_id; Type: CONSTRAINT; Schema: public; Owner: aperiosf
--

ALTER TABLE ONLY public.meta_worklist_status
    ADD CONSTRAINT unik_meta_worklist_status_id UNIQUE (id);


--
-- Name: meta_zip_code unik_meta_zip_code_id; Type: CONSTRAINT; Schema: public; Owner: aperiosf
--

ALTER TABLE ONLY public.meta_zip_code
    ADD CONSTRAINT unik_meta_zip_code_id UNIQUE (id);


--
-- Name: organization_division unik_organization_division_id; Type: CONSTRAINT; Schema: public; Owner: aperiosf
--

ALTER TABLE ONLY public.organization_division
    ADD CONSTRAINT unik_organization_division_id UNIQUE (id);


--
-- Name: organization_employee_address unik_organization_employee_address_id; Type: CONSTRAINT; Schema: public; Owner: aperiosf
--

ALTER TABLE ONLY public.organization_employee_address
    ADD CONSTRAINT unik_organization_employee_address_id UNIQUE (id);


--
-- Name: organization_employee_division unik_organization_employee_division_id; Type: CONSTRAINT; Schema: public; Owner: aperiosf
--

ALTER TABLE ONLY public.organization_employee_division
    ADD CONSTRAINT unik_organization_employee_division_id UNIQUE (id);


--
-- Name: organization_employee unik_organization_employee_id; Type: CONSTRAINT; Schema: public; Owner: aperiosf
--

ALTER TABLE ONLY public.organization_employee
    ADD CONSTRAINT unik_organization_employee_id UNIQUE (id);


--
-- Name: organization_employee_telephone unik_organization_employee_telephone_id; Type: CONSTRAINT; Schema: public; Owner: aperiosf
--

ALTER TABLE ONLY public.organization_employee_telephone
    ADD CONSTRAINT unik_organization_employee_telephone_id UNIQUE (id);


--
-- Name: organization_employee unik_organization_employee_workemail; Type: CONSTRAINT; Schema: public; Owner: aperiosf
--

ALTER TABLE ONLY public.organization_employee
    ADD CONSTRAINT unik_organization_employee_workemail UNIQUE (work_email);


--
-- Name: organization_folder unik_organization_folder_id; Type: CONSTRAINT; Schema: public; Owner: aperiosf
--

ALTER TABLE ONLY public.organization_folder
    ADD CONSTRAINT unik_organization_folder_id UNIQUE (id);


--
-- Name: organization unik_organization_id; Type: CONSTRAINT; Schema: public; Owner: aperiosf
--

ALTER TABLE ONLY public.organization
    ADD CONSTRAINT unik_organization_id UNIQUE (id);


--
-- Name: organization_profile unik_organization_profile_id; Type: CONSTRAINT; Schema: public; Owner: aperiosf
--

ALTER TABLE ONLY public.organization_profile
    ADD CONSTRAINT unik_organization_profile_id UNIQUE (id);


--
-- Name: patient_address unik_patient_address_id; Type: CONSTRAINT; Schema: public; Owner: aperiosf
--

ALTER TABLE ONLY public.patient_address
    ADD CONSTRAINT unik_patient_address_id UNIQUE (id);


--
-- Name: patient_admission unik_patient_admission_id; Type: CONSTRAINT; Schema: public; Owner: aperiosf
--

ALTER TABLE ONLY public.patient_admission
    ADD CONSTRAINT unik_patient_admission_id UNIQUE (id);


--
-- Name: patient_allergy unik_patient_allergy_id; Type: CONSTRAINT; Schema: public; Owner: aperiosf
--

ALTER TABLE ONLY public.patient_allergy
    ADD CONSTRAINT unik_patient_allergy_id UNIQUE (id);


--
-- Name: patient_contact_address unik_patient_contact_address_id; Type: CONSTRAINT; Schema: public; Owner: aperiosf
--

ALTER TABLE ONLY public.patient_contact_address
    ADD CONSTRAINT unik_patient_contact_address_id UNIQUE (id);


--
-- Name: patient_contact unik_patient_contact_id; Type: CONSTRAINT; Schema: public; Owner: aperiosf
--

ALTER TABLE ONLY public.patient_contact
    ADD CONSTRAINT unik_patient_contact_id UNIQUE (id);


--
-- Name: patient_diagnosis unik_patient_diagnosis_id; Type: CONSTRAINT; Schema: public; Owner: aperiosf
--

ALTER TABLE ONLY public.patient_diagnosis
    ADD CONSTRAINT unik_patient_diagnosis_id UNIQUE (id);


--
-- Name: patient_employment_info unik_patient_employment_info_id; Type: CONSTRAINT; Schema: public; Owner: aperiosf
--

ALTER TABLE ONLY public.patient_employment_info
    ADD CONSTRAINT unik_patient_employment_info_id UNIQUE (id);


--
-- Name: patient unik_patient_id; Type: CONSTRAINT; Schema: public; Owner: aperiosf
--

ALTER TABLE ONLY public.patient
    ADD CONSTRAINT unik_patient_id UNIQUE (id);


--
-- Name: patient_medication unik_patient_medication_id; Type: CONSTRAINT; Schema: public; Owner: aperiosf
--

ALTER TABLE ONLY public.patient_medication
    ADD CONSTRAINT unik_patient_medication_id UNIQUE (id);


--
-- Name: patient_prescription unik_patient_prescription_id; Type: CONSTRAINT; Schema: public; Owner: aperiosf
--

ALTER TABLE ONLY public.patient_prescription
    ADD CONSTRAINT unik_patient_prescription_id UNIQUE (id);


--
-- Name: patient_primary_care_provider unik_patient_primary_care_provider_id; Type: CONSTRAINT; Schema: public; Owner: aperiosf
--

ALTER TABLE ONLY public.patient_primary_care_provider
    ADD CONSTRAINT unik_patient_primary_care_provider_id UNIQUE (id);


--
-- Name: patient_social_needs unik_patient_social_needs_id; Type: CONSTRAINT; Schema: public; Owner: aperiosf
--

ALTER TABLE ONLY public.patient_social_needs
    ADD CONSTRAINT unik_patient_social_needs_id UNIQUE (id);


--
-- Name: patient_specific_document unik_patient_specific_document_id; Type: CONSTRAINT; Schema: public; Owner: aperiosf
--

ALTER TABLE ONLY public.patient_specific_document
    ADD CONSTRAINT unik_patient_specific_document_id UNIQUE (id);


--
-- Name: patient_vital unik_patient_vital_id; Type: CONSTRAINT; Schema: public; Owner: aperiosf
--

ALTER TABLE ONLY public.patient_vital
    ADD CONSTRAINT unik_patient_vital_id UNIQUE (id);


--
-- Name: preferred_provider unik_preferred_provider_id; Type: CONSTRAINT; Schema: public; Owner: aperiosf
--

ALTER TABLE ONLY public.preferred_provider
    ADD CONSTRAINT unik_preferred_provider_id UNIQUE (id);


--
-- Name: synap_config unik_synap_config_id; Type: CONSTRAINT; Schema: public; Owner: aperiosf
--

ALTER TABLE ONLY public.synap_config
    ADD CONSTRAINT unik_synap_config_id UNIQUE (id);


--
-- Name: synap_user unik_synap_user_email; Type: CONSTRAINT; Schema: public; Owner: aperiosf
--

ALTER TABLE ONLY public.synap_user
    ADD CONSTRAINT unik_synap_user_email UNIQUE (email);


--
-- Name: synap_user_group unik_synap_user_group_id; Type: CONSTRAINT; Schema: public; Owner: aperiosf
--

ALTER TABLE ONLY public.synap_user_group
    ADD CONSTRAINT unik_synap_user_group_id UNIQUE (id);


--
-- Name: synap_user unik_synap_user_id; Type: CONSTRAINT; Schema: public; Owner: aperiosf
--

ALTER TABLE ONLY public.synap_user
    ADD CONSTRAINT unik_synap_user_id UNIQUE (id);


--
-- Name: synap_user_token unik_synap_user_token_id; Type: CONSTRAINT; Schema: public; Owner: aperiosf
--

ALTER TABLE ONLY public.synap_user_token
    ADD CONSTRAINT unik_synap_user_token_id UNIQUE (id);


--
-- Name: user_password unik_user_password_id; Type: CONSTRAINT; Schema: public; Owner: aperiosf
--

ALTER TABLE ONLY public.user_password
    ADD CONSTRAINT unik_user_password_id UNIQUE (id);


--
-- Name: viewed_client unik_viewed_client_id; Type: CONSTRAINT; Schema: public; Owner: aperiosf
--

ALTER TABLE ONLY public.viewed_client
    ADD CONSTRAINT unik_viewed_client_id UNIQUE (id);


--
-- Name: work_list_approver unik_work_list_approver_id; Type: CONSTRAINT; Schema: public; Owner: aperiosf
--

ALTER TABLE ONLY public.work_list_approver
    ADD CONSTRAINT unik_work_list_approver_id UNIQUE (id);


--
-- Name: work_list unik_work_list_id; Type: CONSTRAINT; Schema: public; Owner: aperiosf
--

ALTER TABLE ONLY public.work_list
    ADD CONSTRAINT unik_work_list_id UNIQUE (id);


--
-- Name: work_list_notes unik_work_list_notes_id; Type: CONSTRAINT; Schema: public; Owner: aperiosf
--

ALTER TABLE ONLY public.work_list_notes
    ADD CONSTRAINT unik_work_list_notes_id UNIQUE (id);


--
-- Name: work_list_reminder unik_work_list_reminder_id; Type: CONSTRAINT; Schema: public; Owner: aperiosf
--

ALTER TABLE ONLY public.work_list_reminder
    ADD CONSTRAINT unik_work_list_reminder_id UNIQUE (id);


--
-- Name: care_continuity_import_request_tags; Type: INDEX; Schema: public; Owner: aperiosf
--

CREATE INDEX care_continuity_import_request_tags ON public.care_continuity_import_request USING gin (tags);


--
-- Name: ccd_upload_tags; Type: INDEX; Schema: public; Owner: aperiosf
--

CREATE INDEX ccd_upload_tags ON public.ccd_upload USING gin (tags);


--
-- Name: ccda_export_log_tags; Type: INDEX; Schema: public; Owner: aperiosf
--

CREATE INDEX ccda_export_log_tags ON public.ccda_export_log USING gin (tags);


--
-- Name: ccda_export_request_tags; Type: INDEX; Schema: public; Owner: aperiosf
--

CREATE INDEX ccda_export_request_tags ON public.ccda_export_request USING gin (tags);


--
-- Name: ccda_export_tags; Type: INDEX; Schema: public; Owner: aperiosf
--

CREATE INDEX ccda_export_tags ON public.ccda_export USING gin (tags);


--
-- Name: ccda_import_allergy_tags; Type: INDEX; Schema: public; Owner: aperiosf
--

CREATE INDEX ccda_import_allergy_tags ON public.ccda_import_allergy USING gin (tags);


--
-- Name: ccda_import_diagnosis_tags; Type: INDEX; Schema: public; Owner: aperiosf
--

CREATE INDEX ccda_import_diagnosis_tags ON public.ccda_import_diagnosis USING gin (tags);


--
-- Name: ccda_import_medication_tags; Type: INDEX; Schema: public; Owner: aperiosf
--

CREATE INDEX ccda_import_medication_tags ON public.ccda_import_medication USING gin (tags);


--
-- Name: cdn_temp_file_tags; Type: INDEX; Schema: public; Owner: aperiosf
--

CREATE INDEX cdn_temp_file_tags ON public.cdn_temp_file USING gin (tags);


--
-- Name: client_document_file_tags; Type: INDEX; Schema: public; Owner: aperiosf
--

CREATE INDEX client_document_file_tags ON public.client_document_file USING gin (tags);


--
-- Name: client_document_tags; Type: INDEX; Schema: public; Owner: aperiosf
--

CREATE INDEX client_document_tags ON public.client_document USING gin (tags);


--
-- Name: client_note_tags; Type: INDEX; Schema: public; Owner: aperiosf
--

CREATE INDEX client_note_tags ON public.client_note USING gin (tags);


--
-- Name: course_custom_field_definition_tags; Type: INDEX; Schema: public; Owner: aperiosf
--

CREATE INDEX course_custom_field_definition_tags ON public.course_custom_field_definition USING gin (tags);


--
-- Name: course_participant_tags; Type: INDEX; Schema: public; Owner: aperiosf
--

CREATE INDEX course_participant_tags ON public.course_participant USING gin (tags);


--
-- Name: course_session_attendance_tags; Type: INDEX; Schema: public; Owner: aperiosf
--

CREATE INDEX course_session_attendance_tags ON public.course_session_attendance USING gin (tags);


--
-- Name: course_session_custom_field_value_tags; Type: INDEX; Schema: public; Owner: aperiosf
--

CREATE INDEX course_session_custom_field_value_tags ON public.course_session_custom_field_value USING gin (tags);


--
-- Name: course_session_tags; Type: INDEX; Schema: public; Owner: aperiosf
--

CREATE INDEX course_session_tags ON public.course_session USING gin (tags);


--
-- Name: course_tags; Type: INDEX; Schema: public; Owner: aperiosf
--

CREATE INDEX course_tags ON public.course USING gin (tags);


--
-- Name: data_export_request_tags; Type: INDEX; Schema: public; Owner: aperiosf
--

CREATE INDEX data_export_request_tags ON public.data_export_request USING gin (tags);


--
-- Name: data_import_request_tags; Type: INDEX; Schema: public; Owner: aperiosf
--

CREATE INDEX data_import_request_tags ON public.data_import_request USING gin (tags);


--
-- Name: housing_upgrade_tags; Type: INDEX; Schema: public; Owner: aperiosf
--

CREATE INDEX housing_upgrade_tags ON public.housing_upgrade USING gin (tags);


--
-- Name: kch_program_assignment_tags; Type: INDEX; Schema: public; Owner: aperiosf
--

CREATE INDEX kch_program_assignment_tags ON public.kch_program_assignment USING gin (tags);


--
-- Name: kch_program_tags; Type: INDEX; Schema: public; Owner: aperiosf
--

CREATE INDEX kch_program_tags ON public.kch_program USING gin (tags);


--
-- Name: meta_address_type_tags; Type: INDEX; Schema: public; Owner: aperiosf
--

CREATE INDEX meta_address_type_tags ON public.meta_address_type USING gin (tags);


--
-- Name: meta_allergy_severity_tags; Type: INDEX; Schema: public; Owner: aperiosf
--

CREATE INDEX meta_allergy_severity_tags ON public.meta_allergy_severity USING gin (tags);


--
-- Name: meta_allergy_type_tags; Type: INDEX; Schema: public; Owner: aperiosf
--

CREATE INDEX meta_allergy_type_tags ON public.meta_allergy_type USING gin (tags);


--
-- Name: meta_basic_status_tags; Type: INDEX; Schema: public; Owner: aperiosf
--

CREATE INDEX meta_basic_status_tags ON public.meta_basic_status USING gin (tags);


--
-- Name: meta_blood_pressure_unit_tags; Type: INDEX; Schema: public; Owner: aperiosf
--

CREATE INDEX meta_blood_pressure_unit_tags ON public.meta_blood_pressure_unit USING gin (tags);


--
-- Name: meta_care_continuity_document_type_tags; Type: INDEX; Schema: public; Owner: aperiosf
--

CREATE INDEX meta_care_continuity_document_type_tags ON public.meta_care_continuity_document_type USING gin (tags);


--
-- Name: meta_ccda_export_log_type_tags; Type: INDEX; Schema: public; Owner: aperiosf
--

CREATE INDEX meta_ccda_export_log_type_tags ON public.meta_ccda_export_log_type USING gin (tags);


--
-- Name: meta_ccda_export_status_tags; Type: INDEX; Schema: public; Owner: aperiosf
--

CREATE INDEX meta_ccda_export_status_tags ON public.meta_ccda_export_status USING gin (tags);


--
-- Name: meta_ccda_sections_tags; Type: INDEX; Schema: public; Owner: aperiosf
--

CREATE INDEX meta_ccda_sections_tags ON public.meta_ccda_sections USING gin (tags);


--
-- Name: meta_clinical_document_type_tags; Type: INDEX; Schema: public; Owner: aperiosf
--

CREATE INDEX meta_clinical_document_type_tags ON public.meta_clinical_document_type USING gin (tags);


--
-- Name: meta_communication_mode_tags; Type: INDEX; Schema: public; Owner: aperiosf
--

CREATE INDEX meta_communication_mode_tags ON public.meta_communication_mode USING gin (tags);


--
-- Name: meta_contact_type_tags; Type: INDEX; Schema: public; Owner: aperiosf
--

CREATE INDEX meta_contact_type_tags ON public.meta_contact_type USING gin (tags);


--
-- Name: meta_country_tags; Type: INDEX; Schema: public; Owner: aperiosf
--

CREATE INDEX meta_country_tags ON public.meta_country USING gin (tags);


--
-- Name: meta_data_family_tags; Type: INDEX; Schema: public; Owner: aperiosf
--

CREATE INDEX meta_data_family_tags ON public.meta_data_family USING gin (tags);


--
-- Name: meta_day_of_week_tags; Type: INDEX; Schema: public; Owner: aperiosf
--

CREATE INDEX meta_day_of_week_tags ON public.meta_day_of_week USING gin (tags);


--
-- Name: meta_default_status_tags; Type: INDEX; Schema: public; Owner: aperiosf
--

CREATE INDEX meta_default_status_tags ON public.meta_default_status USING gin (tags);


--
-- Name: meta_diagnostic_code_tags; Type: INDEX; Schema: public; Owner: aperiosf
--

CREATE INDEX meta_diagnostic_code_tags ON public.meta_diagnostic_code USING gin (tags);


--
-- Name: meta_employee_status_tags; Type: INDEX; Schema: public; Owner: aperiosf
--

CREATE INDEX meta_employee_status_tags ON public.meta_employee_status USING gin (tags);


--
-- Name: meta_employment_status_tags; Type: INDEX; Schema: public; Owner: aperiosf
--

CREATE INDEX meta_employment_status_tags ON public.meta_employment_status USING gin (tags);


--
-- Name: meta_ethnicity_tags; Type: INDEX; Schema: public; Owner: aperiosf
--

CREATE INDEX meta_ethnicity_tags ON public.meta_ethnicity USING gin (tags);


--
-- Name: meta_family_relationship_tags; Type: INDEX; Schema: public; Owner: aperiosf
--

CREATE INDEX meta_family_relationship_tags ON public.meta_family_relationship USING gin (tags);


--
-- Name: meta_field_defination_type_tags; Type: INDEX; Schema: public; Owner: aperiosf
--

CREATE INDEX meta_field_defination_type_tags ON public.meta_field_defination_type USING gin (tags);


--
-- Name: meta_gender_tags; Type: INDEX; Schema: public; Owner: aperiosf
--

CREATE INDEX meta_gender_tags ON public.meta_gender USING gin (tags);


--
-- Name: meta_height_unit_tags; Type: INDEX; Schema: public; Owner: aperiosf
--

CREATE INDEX meta_height_unit_tags ON public.meta_height_unit USING gin (tags);


--
-- Name: meta_household_income_level_tags; Type: INDEX; Schema: public; Owner: aperiosf
--

CREATE INDEX meta_household_income_level_tags ON public.meta_household_income_level USING gin (tags);


--
-- Name: meta_housing_status_tags; Type: INDEX; Schema: public; Owner: aperiosf
--

CREATE INDEX meta_housing_status_tags ON public.meta_housing_status USING gin (tags);


--
-- Name: meta_housing_upgrade_status_tags; Type: INDEX; Schema: public; Owner: aperiosf
--

CREATE INDEX meta_housing_upgrade_status_tags ON public.meta_housing_upgrade_status USING gin (tags);


--
-- Name: meta_housing_upgrade_type_tags; Type: INDEX; Schema: public; Owner: aperiosf
--

CREATE INDEX meta_housing_upgrade_type_tags ON public.meta_housing_upgrade_type USING gin (tags);


--
-- Name: meta_id_type_tags; Type: INDEX; Schema: public; Owner: aperiosf
--

CREATE INDEX meta_id_type_tags ON public.meta_id_type USING gin (tags);


--
-- Name: meta_income_level_tags; Type: INDEX; Schema: public; Owner: aperiosf
--

CREATE INDEX meta_income_level_tags ON public.meta_income_level USING gin (tags);


--
-- Name: meta_label_detail_tags; Type: INDEX; Schema: public; Owner: aperiosf
--

CREATE INDEX meta_label_detail_tags ON public.meta_label_detail USING gin (tags);


--
-- Name: meta_label_tags; Type: INDEX; Schema: public; Owner: aperiosf
--

CREATE INDEX meta_label_tags ON public.meta_label USING gin (tags);


--
-- Name: meta_language_tags; Type: INDEX; Schema: public; Owner: aperiosf
--

CREATE INDEX meta_language_tags ON public.meta_language USING gin (tags);


--
-- Name: meta_marital_status_tags; Type: INDEX; Schema: public; Owner: aperiosf
--

CREATE INDEX meta_marital_status_tags ON public.meta_marital_status USING gin (tags);


--
-- Name: meta_medication_delivery_route_tags; Type: INDEX; Schema: public; Owner: aperiosf
--

CREATE INDEX meta_medication_delivery_route_tags ON public.meta_medication_delivery_route USING gin (tags);


--
-- Name: meta_military_status_tags; Type: INDEX; Schema: public; Owner: aperiosf
--

CREATE INDEX meta_military_status_tags ON public.meta_military_status USING gin (tags);


--
-- Name: meta_pain_level_tags; Type: INDEX; Schema: public; Owner: aperiosf
--

CREATE INDEX meta_pain_level_tags ON public.meta_pain_level USING gin (tags);


--
-- Name: meta_patient_diagnosis_status_tags; Type: INDEX; Schema: public; Owner: aperiosf
--

CREATE INDEX meta_patient_diagnosis_status_tags ON public.meta_patient_diagnosis_status USING gin (tags);


--
-- Name: meta_patient_document_status_tags; Type: INDEX; Schema: public; Owner: aperiosf
--

CREATE INDEX meta_patient_document_status_tags ON public.meta_patient_document_status USING gin (tags);


--
-- Name: meta_patient_document_type_tags; Type: INDEX; Schema: public; Owner: aperiosf
--

CREATE INDEX meta_patient_document_type_tags ON public.meta_patient_document_type USING gin (tags);


--
-- Name: meta_patient_identity_type_tags; Type: INDEX; Schema: public; Owner: aperiosf
--

CREATE INDEX meta_patient_identity_type_tags ON public.meta_patient_identity_type USING gin (tags);


--
-- Name: meta_patient_status_tags; Type: INDEX; Schema: public; Owner: aperiosf
--

CREATE INDEX meta_patient_status_tags ON public.meta_patient_status USING gin (tags);


--
-- Name: meta_permission_tags; Type: INDEX; Schema: public; Owner: aperiosf
--

CREATE INDEX meta_permission_tags ON public.meta_permission USING gin (tags);


--
-- Name: meta_provider_service_type_tags; Type: INDEX; Schema: public; Owner: aperiosf
--

CREATE INDEX meta_provider_service_type_tags ON public.meta_provider_service_type USING gin (tags);


--
-- Name: meta_race_tags; Type: INDEX; Schema: public; Owner: aperiosf
--

CREATE INDEX meta_race_tags ON public.meta_race USING gin (tags);


--
-- Name: meta_relationship_tags; Type: INDEX; Schema: public; Owner: aperiosf
--

CREATE INDEX meta_relationship_tags ON public.meta_relationship USING gin (tags);


--
-- Name: meta_severity_tags; Type: INDEX; Schema: public; Owner: aperiosf
--

CREATE INDEX meta_severity_tags ON public.meta_severity USING gin (tags);


--
-- Name: meta_smoking_status_tags; Type: INDEX; Schema: public; Owner: aperiosf
--

CREATE INDEX meta_smoking_status_tags ON public.meta_smoking_status USING gin (tags);


--
-- Name: meta_snomed_code_tags; Type: INDEX; Schema: public; Owner: aperiosf
--

CREATE INDEX meta_snomed_code_tags ON public.meta_snomed_code USING gin (tags);


--
-- Name: meta_snomed_tags; Type: INDEX; Schema: public; Owner: aperiosf
--

CREATE INDEX meta_snomed_tags ON public.meta_snomed USING gin (tags);


--
-- Name: meta_social_needs_category_tags; Type: INDEX; Schema: public; Owner: aperiosf
--

CREATE INDEX meta_social_needs_category_tags ON public.meta_social_needs_category USING gin (tags);


--
-- Name: meta_social_needs_tags; Type: INDEX; Schema: public; Owner: aperiosf
--

CREATE INDEX meta_social_needs_tags ON public.meta_social_needs USING gin (tags);


--
-- Name: meta_state_tags; Type: INDEX; Schema: public; Owner: aperiosf
--

CREATE INDEX meta_state_tags ON public.meta_state USING gin (tags);


--
-- Name: meta_telephone_type_tags; Type: INDEX; Schema: public; Owner: aperiosf
--

CREATE INDEX meta_telephone_type_tags ON public.meta_telephone_type USING gin (tags);


--
-- Name: meta_temperature_unit_tags; Type: INDEX; Schema: public; Owner: aperiosf
--

CREATE INDEX meta_temperature_unit_tags ON public.meta_temperature_unit USING gin (tags);


--
-- Name: meta_timezone_tags; Type: INDEX; Schema: public; Owner: aperiosf
--

CREATE INDEX meta_timezone_tags ON public.meta_timezone USING gin (tags);


--
-- Name: meta_token_type_tags; Type: INDEX; Schema: public; Owner: aperiosf
--

CREATE INDEX meta_token_type_tags ON public.meta_token_type USING gin (tags);


--
-- Name: meta_user_type_tags; Type: INDEX; Schema: public; Owner: aperiosf
--

CREATE INDEX meta_user_type_tags ON public.meta_user_type USING gin (tags);


--
-- Name: meta_weight_unit_tags; Type: INDEX; Schema: public; Owner: aperiosf
--

CREATE INDEX meta_weight_unit_tags ON public.meta_weight_unit USING gin (tags);


--
-- Name: meta_work_list_approval_status_tags; Type: INDEX; Schema: public; Owner: aperiosf
--

CREATE INDEX meta_work_list_approval_status_tags ON public.meta_work_list_approval_status USING gin (tags);


--
-- Name: meta_work_list_reminder_status_tags; Type: INDEX; Schema: public; Owner: aperiosf
--

CREATE INDEX meta_work_list_reminder_status_tags ON public.meta_work_list_reminder_status USING gin (tags);


--
-- Name: meta_work_list_reminder_type_tags; Type: INDEX; Schema: public; Owner: aperiosf
--

CREATE INDEX meta_work_list_reminder_type_tags ON public.meta_work_list_reminder_type USING gin (tags);


--
-- Name: meta_work_list_reminder_who_type_tags; Type: INDEX; Schema: public; Owner: aperiosf
--

CREATE INDEX meta_work_list_reminder_who_type_tags ON public.meta_work_list_reminder_who_type USING gin (tags);


--
-- Name: meta_worklist_priority_tags; Type: INDEX; Schema: public; Owner: aperiosf
--

CREATE INDEX meta_worklist_priority_tags ON public.meta_worklist_priority USING gin (tags);


--
-- Name: meta_worklist_status_tags; Type: INDEX; Schema: public; Owner: aperiosf
--

CREATE INDEX meta_worklist_status_tags ON public.meta_worklist_status USING gin (tags);


--
-- Name: meta_zip_code_tags; Type: INDEX; Schema: public; Owner: aperiosf
--

CREATE INDEX meta_zip_code_tags ON public.meta_zip_code USING gin (tags);


--
-- Name: organization_division_tags; Type: INDEX; Schema: public; Owner: aperiosf
--

CREATE INDEX organization_division_tags ON public.organization_division USING gin (tags);


--
-- Name: organization_employee_address_tags; Type: INDEX; Schema: public; Owner: aperiosf
--

CREATE INDEX organization_employee_address_tags ON public.organization_employee_address USING gin (tags);


--
-- Name: organization_employee_division_tags; Type: INDEX; Schema: public; Owner: aperiosf
--

CREATE INDEX organization_employee_division_tags ON public.organization_employee_division USING gin (tags);


--
-- Name: organization_employee_tags; Type: INDEX; Schema: public; Owner: aperiosf
--

CREATE INDEX organization_employee_tags ON public.organization_employee USING gin (tags);


--
-- Name: organization_employee_telephone_tags; Type: INDEX; Schema: public; Owner: aperiosf
--

CREATE INDEX organization_employee_telephone_tags ON public.organization_employee_telephone USING gin (tags);


--
-- Name: organization_folder_tags; Type: INDEX; Schema: public; Owner: aperiosf
--

CREATE INDEX organization_folder_tags ON public.organization_folder USING gin (tags);


--
-- Name: organization_profile_tags; Type: INDEX; Schema: public; Owner: aperiosf
--

CREATE INDEX organization_profile_tags ON public.organization_profile USING gin (tags);


--
-- Name: organization_tags; Type: INDEX; Schema: public; Owner: aperiosf
--

CREATE INDEX organization_tags ON public.organization USING gin (tags);


--
-- Name: patient_address_tags; Type: INDEX; Schema: public; Owner: aperiosf
--

CREATE INDEX patient_address_tags ON public.patient_address USING gin (tags);


--
-- Name: patient_admission_tags; Type: INDEX; Schema: public; Owner: aperiosf
--

CREATE INDEX patient_admission_tags ON public.patient_admission USING gin (tags);


--
-- Name: patient_allergy_tags; Type: INDEX; Schema: public; Owner: aperiosf
--

CREATE INDEX patient_allergy_tags ON public.patient_allergy USING gin (tags);


--
-- Name: patient_contact_address_tags; Type: INDEX; Schema: public; Owner: aperiosf
--

CREATE INDEX patient_contact_address_tags ON public.patient_contact_address USING gin (tags);


--
-- Name: patient_contact_tags; Type: INDEX; Schema: public; Owner: aperiosf
--

CREATE INDEX patient_contact_tags ON public.patient_contact USING gin (tags);


--
-- Name: patient_diagnosis_tags; Type: INDEX; Schema: public; Owner: aperiosf
--

CREATE INDEX patient_diagnosis_tags ON public.patient_diagnosis USING gin (tags);


--
-- Name: patient_employment_info_tags; Type: INDEX; Schema: public; Owner: aperiosf
--

CREATE INDEX patient_employment_info_tags ON public.patient_employment_info USING gin (tags);


--
-- Name: patient_medication_tags; Type: INDEX; Schema: public; Owner: aperiosf
--

CREATE INDEX patient_medication_tags ON public.patient_medication USING gin (tags);


--
-- Name: patient_prescription_tags; Type: INDEX; Schema: public; Owner: aperiosf
--

CREATE INDEX patient_prescription_tags ON public.patient_prescription USING gin (tags);


--
-- Name: patient_primary_care_provider_tags; Type: INDEX; Schema: public; Owner: aperiosf
--

CREATE INDEX patient_primary_care_provider_tags ON public.patient_primary_care_provider USING gin (tags);


--
-- Name: patient_social_needs_tags; Type: INDEX; Schema: public; Owner: aperiosf
--

CREATE INDEX patient_social_needs_tags ON public.patient_social_needs USING gin (tags);


--
-- Name: patient_specific_document_tags; Type: INDEX; Schema: public; Owner: aperiosf
--

CREATE INDEX patient_specific_document_tags ON public.patient_specific_document USING gin (tags);


--
-- Name: patient_tags; Type: INDEX; Schema: public; Owner: aperiosf
--

CREATE INDEX patient_tags ON public.patient USING gin (tags);


--
-- Name: patient_vital_tags; Type: INDEX; Schema: public; Owner: aperiosf
--

CREATE INDEX patient_vital_tags ON public.patient_vital USING gin (tags);


--
-- Name: preferred_provider_tags; Type: INDEX; Schema: public; Owner: aperiosf
--

CREATE INDEX preferred_provider_tags ON public.preferred_provider USING gin (tags);


--
-- Name: report_tags; Type: INDEX; Schema: public; Owner: aperiosf
--

CREATE INDEX report_tags ON public.report USING gin (tags);


--
-- Name: synap_config_tags; Type: INDEX; Schema: public; Owner: aperiosf
--

CREATE INDEX synap_config_tags ON public.synap_config USING gin (tags);


--
-- Name: synap_user_group_tags; Type: INDEX; Schema: public; Owner: aperiosf
--

CREATE INDEX synap_user_group_tags ON public.synap_user_group USING gin (tags);


--
-- Name: synap_user_tags; Type: INDEX; Schema: public; Owner: aperiosf
--

CREATE INDEX synap_user_tags ON public.synap_user USING gin (tags);


--
-- Name: synap_user_token_tags; Type: INDEX; Schema: public; Owner: aperiosf
--

CREATE INDEX synap_user_token_tags ON public.synap_user_token USING gin (tags);


--
-- Name: user_password_tags; Type: INDEX; Schema: public; Owner: aperiosf
--

CREATE INDEX user_password_tags ON public.user_password USING gin (tags);


--
-- Name: viewed_client_tags; Type: INDEX; Schema: public; Owner: aperiosf
--

CREATE INDEX viewed_client_tags ON public.viewed_client USING gin (tags);


--
-- Name: work_list_approver_tags; Type: INDEX; Schema: public; Owner: aperiosf
--

CREATE INDEX work_list_approver_tags ON public.work_list_approver USING gin (tags);


--
-- Name: work_list_notes_tags; Type: INDEX; Schema: public; Owner: aperiosf
--

CREATE INDEX work_list_notes_tags ON public.work_list_notes USING gin (tags);


--
-- Name: work_list_reminder_tags; Type: INDEX; Schema: public; Owner: aperiosf
--

CREATE INDEX work_list_reminder_tags ON public.work_list_reminder USING gin (tags);


--
-- Name: work_list_tags; Type: INDEX; Schema: public; Owner: aperiosf
--

CREATE INDEX work_list_tags ON public.work_list USING gin (tags);


--
-- Name: ccda_import_diagnosis fk_01222034d40a43f2da4b4a5354b23b18; Type: FK CONSTRAINT; Schema: public; Owner: aperiosf
--

ALTER TABLE ONLY public.ccda_import_diagnosis
    ADD CONSTRAINT fk_01222034d40a43f2da4b4a5354b23b18 FOREIGN KEY (created_by) REFERENCES public.synap_user(id) DEFERRABLE;


--
-- Name: meta_social_needs fk_015fa9de20ccf4c8c12dfb0681559077; Type: FK CONSTRAINT; Schema: public; Owner: aperiosf
--

ALTER TABLE ONLY public.meta_social_needs
    ADD CONSTRAINT fk_015fa9de20ccf4c8c12dfb0681559077 FOREIGN KEY (organization_id) REFERENCES public.organization(id) DEFERRABLE;


--
-- Name: organization_division fk_016084fdd09187af25d55dac592f0c62; Type: FK CONSTRAINT; Schema: public; Owner: aperiosf
--

ALTER TABLE ONLY public.organization_division
    ADD CONSTRAINT fk_016084fdd09187af25d55dac592f0c62 FOREIGN KEY (organization_id) REFERENCES public.organization(id) DEFERRABLE;


--
-- Name: meta_military_status fk_019f8ce5d09f50f71518d828115b3ddf; Type: FK CONSTRAINT; Schema: public; Owner: aperiosf
--

ALTER TABLE ONLY public.meta_military_status
    ADD CONSTRAINT fk_019f8ce5d09f50f71518d828115b3ddf FOREIGN KEY (value) REFERENCES public.meta_label(id) DEFERRABLE;


--
-- Name: meta_smoking_status fk_03689990b7e1be4751f39ea0203f4ad6; Type: FK CONSTRAINT; Schema: public; Owner: aperiosf
--

ALTER TABLE ONLY public.meta_smoking_status
    ADD CONSTRAINT fk_03689990b7e1be4751f39ea0203f4ad6 FOREIGN KEY (created_by) REFERENCES public.synap_user(id) DEFERRABLE;


--
-- Name: course_custom_field_definition fk_03f511be258b99bea1cb5b82fca687ee; Type: FK CONSTRAINT; Schema: public; Owner: aperiosf
--

ALTER TABLE ONLY public.course_custom_field_definition
    ADD CONSTRAINT fk_03f511be258b99bea1cb5b82fca687ee FOREIGN KEY (created_by) REFERENCES public.synap_user(id) DEFERRABLE;


--
-- Name: meta_patient_status fk_04aea26b851c3d98330f737c778c1467; Type: FK CONSTRAINT; Schema: public; Owner: aperiosf
--

ALTER TABLE ONLY public.meta_patient_status
    ADD CONSTRAINT fk_04aea26b851c3d98330f737c778c1467 FOREIGN KEY (value) REFERENCES public.meta_label(id) DEFERRABLE;


--
-- Name: course_session fk_0554bf2bcac48a60280d7fc34f535e7a; Type: FK CONSTRAINT; Schema: public; Owner: aperiosf
--

ALTER TABLE ONLY public.course_session
    ADD CONSTRAINT fk_0554bf2bcac48a60280d7fc34f535e7a FOREIGN KEY (instructor_user) REFERENCES public.organization_employee(id) DEFERRABLE;


--
-- Name: meta_communication_mode fk_058cd873a6eb3a0e61040231017d3b87; Type: FK CONSTRAINT; Schema: public; Owner: aperiosf
--

ALTER TABLE ONLY public.meta_communication_mode
    ADD CONSTRAINT fk_058cd873a6eb3a0e61040231017d3b87 FOREIGN KEY (organization_id) REFERENCES public.organization(id) DEFERRABLE;


--
-- Name: meta_work_list_reminder_who_type fk_05cfd372e0ed9fe5cfd7f6ec07f0ff67; Type: FK CONSTRAINT; Schema: public; Owner: aperiosf
--

ALTER TABLE ONLY public.meta_work_list_reminder_who_type
    ADD CONSTRAINT fk_05cfd372e0ed9fe5cfd7f6ec07f0ff67 FOREIGN KEY (organization_id) REFERENCES public.organization(id) DEFERRABLE;


--
-- Name: patient_prescription fk_05e17fb480b3727bbb0614ee8064845e; Type: FK CONSTRAINT; Schema: public; Owner: aperiosf
--

ALTER TABLE ONLY public.patient_prescription
    ADD CONSTRAINT fk_05e17fb480b3727bbb0614ee8064845e FOREIGN KEY (created_by) REFERENCES public.synap_user(id) DEFERRABLE;


--
-- Name: meta_clinical_document_type fk_069a0e43175141ee9d82c8a7f7c055c3; Type: FK CONSTRAINT; Schema: public; Owner: aperiosf
--

ALTER TABLE ONLY public.meta_clinical_document_type
    ADD CONSTRAINT fk_069a0e43175141ee9d82c8a7f7c055c3 FOREIGN KEY (organization_id) REFERENCES public.organization(id) DEFERRABLE;


--
-- Name: organization_division fk_06a49ae9cc4372f1975db9c8bfb9acac; Type: FK CONSTRAINT; Schema: public; Owner: aperiosf
--

ALTER TABLE ONLY public.organization_division
    ADD CONSTRAINT fk_06a49ae9cc4372f1975db9c8bfb9acac FOREIGN KEY (patient_timezone) REFERENCES public.meta_timezone(id) DEFERRABLE;


--
-- Name: meta_snomed fk_06cc845934d4295eac09e63716127498; Type: FK CONSTRAINT; Schema: public; Owner: aperiosf
--

ALTER TABLE ONLY public.meta_snomed
    ADD CONSTRAINT fk_06cc845934d4295eac09e63716127498 FOREIGN KEY (organization_id) REFERENCES public.organization(id) DEFERRABLE;


--
-- Name: organization_division fk_06ebea6845c7b197c02465024c467db6; Type: FK CONSTRAINT; Schema: public; Owner: aperiosf
--

ALTER TABLE ONLY public.organization_division
    ADD CONSTRAINT fk_06ebea6845c7b197c02465024c467db6 FOREIGN KEY (country) REFERENCES public.meta_country(id) DEFERRABLE;


--
-- Name: patient_contact_address fk_06ee2ac9c2d5a5c9191b949ccfea3a35; Type: FK CONSTRAINT; Schema: public; Owner: aperiosf
--

ALTER TABLE ONLY public.patient_contact_address
    ADD CONSTRAINT fk_06ee2ac9c2d5a5c9191b949ccfea3a35 FOREIGN KEY (organization_id) REFERENCES public.organization(id) DEFERRABLE;


--
-- Name: patient_diagnosis fk_082102e138369801f6ae962792593e2f; Type: FK CONSTRAINT; Schema: public; Owner: aperiosf
--

ALTER TABLE ONLY public.patient_diagnosis
    ADD CONSTRAINT fk_082102e138369801f6ae962792593e2f FOREIGN KEY (status) REFERENCES public.meta_patient_diagnosis_status(id) DEFERRABLE;


--
-- Name: meta_work_list_reminder_status fk_087a12cf9c0df53b30e915ba44a8e5d1; Type: FK CONSTRAINT; Schema: public; Owner: aperiosf
--

ALTER TABLE ONLY public.meta_work_list_reminder_status
    ADD CONSTRAINT fk_087a12cf9c0df53b30e915ba44a8e5d1 FOREIGN KEY (organization_id) REFERENCES public.organization(id) DEFERRABLE;


--
-- Name: meta_income_level fk_08c976c2abcbbf8b13d6d29fd20f5d8b; Type: FK CONSTRAINT; Schema: public; Owner: aperiosf
--

ALTER TABLE ONLY public.meta_income_level
    ADD CONSTRAINT fk_08c976c2abcbbf8b13d6d29fd20f5d8b FOREIGN KEY (organization_id) REFERENCES public.organization(id) DEFERRABLE;


--
-- Name: work_list fk_0932d806436f66d6ba1dcaf5200b2bc6; Type: FK CONSTRAINT; Schema: public; Owner: aperiosf
--

ALTER TABLE ONLY public.work_list
    ADD CONSTRAINT fk_0932d806436f66d6ba1dcaf5200b2bc6 FOREIGN KEY (author_patient) REFERENCES public.patient(id) DEFERRABLE;


--
-- Name: patient fk_09b472288d7d9633d6e79adc3715c325; Type: FK CONSTRAINT; Schema: public; Owner: aperiosf
--

ALTER TABLE ONLY public.patient
    ADD CONSTRAINT fk_09b472288d7d9633d6e79adc3715c325 FOREIGN KEY (income) REFERENCES public.meta_income_level(id) DEFERRABLE;


--
-- Name: meta_state fk_0a1f3a02bf2053d719c204af42537866; Type: FK CONSTRAINT; Schema: public; Owner: aperiosf
--

ALTER TABLE ONLY public.meta_state
    ADD CONSTRAINT fk_0a1f3a02bf2053d719c204af42537866 FOREIGN KEY (meta_country_id) REFERENCES public.meta_country(id) DEFERRABLE;


--
-- Name: meta_country fk_0a2149c8a7ec541acdef3242f4488caa; Type: FK CONSTRAINT; Schema: public; Owner: aperiosf
--

ALTER TABLE ONLY public.meta_country
    ADD CONSTRAINT fk_0a2149c8a7ec541acdef3242f4488caa FOREIGN KEY (created_by) REFERENCES public.synap_user(id) DEFERRABLE;


--
-- Name: kch_program fk_0aada9452154d3d6208ff4c58647b7e1; Type: FK CONSTRAINT; Schema: public; Owner: aperiosf
--

ALTER TABLE ONLY public.kch_program
    ADD CONSTRAINT fk_0aada9452154d3d6208ff4c58647b7e1 FOREIGN KEY (organization_id) REFERENCES public.organization(id) DEFERRABLE;


--
-- Name: ccda_export fk_0b66aebdb640ceaa712db1626a6f1787; Type: FK CONSTRAINT; Schema: public; Owner: aperiosf
--

ALTER TABLE ONLY public.ccda_export
    ADD CONSTRAINT fk_0b66aebdb640ceaa712db1626a6f1787 FOREIGN KEY (clinical_document_type) REFERENCES public.meta_clinical_document_type(id) DEFERRABLE;


--
-- Name: meta_employment_status fk_0b686c9024e99764a9e5d83c8185dbc6; Type: FK CONSTRAINT; Schema: public; Owner: aperiosf
--

ALTER TABLE ONLY public.meta_employment_status
    ADD CONSTRAINT fk_0b686c9024e99764a9e5d83c8185dbc6 FOREIGN KEY (value) REFERENCES public.meta_label(id) DEFERRABLE;


--
-- Name: patient fk_0b9dde73e77d5a4b03aff9171f4625ec; Type: FK CONSTRAINT; Schema: public; Owner: aperiosf
--

ALTER TABLE ONLY public.patient
    ADD CONSTRAINT fk_0b9dde73e77d5a4b03aff9171f4625ec FOREIGN KEY (communication_preference) REFERENCES public.meta_communication_mode(id) DEFERRABLE;


--
-- Name: meta_housing_upgrade_type fk_0c122b648e9d49a9a43a26b2b6fa5920; Type: FK CONSTRAINT; Schema: public; Owner: aperiosf
--

ALTER TABLE ONLY public.meta_housing_upgrade_type
    ADD CONSTRAINT fk_0c122b648e9d49a9a43a26b2b6fa5920 FOREIGN KEY (organization_id) REFERENCES public.organization(id) DEFERRABLE;


--
-- Name: course_session_custom_field_value fk_0df6f162a06a31d67054e0312075b2ec; Type: FK CONSTRAINT; Schema: public; Owner: aperiosf
--

ALTER TABLE ONLY public.course_session_custom_field_value
    ADD CONSTRAINT fk_0df6f162a06a31d67054e0312075b2ec FOREIGN KEY (custom_field_definition) REFERENCES public.course_custom_field_definition(id) DEFERRABLE;


--
-- Name: meta_field_defination_type fk_0e0fcd821ab1b68fe4574df26ad4a509; Type: FK CONSTRAINT; Schema: public; Owner: aperiosf
--

ALTER TABLE ONLY public.meta_field_defination_type
    ADD CONSTRAINT fk_0e0fcd821ab1b68fe4574df26ad4a509 FOREIGN KEY (created_by) REFERENCES public.synap_user(id) DEFERRABLE;


--
-- Name: meta_social_needs fk_0e21cbf20d846dd28048d0a3c3128f10; Type: FK CONSTRAINT; Schema: public; Owner: aperiosf
--

ALTER TABLE ONLY public.meta_social_needs
    ADD CONSTRAINT fk_0e21cbf20d846dd28048d0a3c3128f10 FOREIGN KEY (created_by) REFERENCES public.synap_user(id) DEFERRABLE;


--
-- Name: synap_user_group fk_0e8d6237b56afa47fd72a6439962f10c; Type: FK CONSTRAINT; Schema: public; Owner: aperiosf
--

ALTER TABLE ONLY public.synap_user_group
    ADD CONSTRAINT fk_0e8d6237b56afa47fd72a6439962f10c FOREIGN KEY (created_by) REFERENCES public.synap_user(id) DEFERRABLE;


--
-- Name: course_participant fk_0e95087a72949d40a0e48d1f1f3d9e90; Type: FK CONSTRAINT; Schema: public; Owner: aperiosf
--

ALTER TABLE ONLY public.course_participant
    ADD CONSTRAINT fk_0e95087a72949d40a0e48d1f1f3d9e90 FOREIGN KEY (status) REFERENCES public.meta_basic_status(id) DEFERRABLE;


--
-- Name: meta_relationship fk_0ecfb44e9fb866ecd35ad3659f73b7e8; Type: FK CONSTRAINT; Schema: public; Owner: aperiosf
--

ALTER TABLE ONLY public.meta_relationship
    ADD CONSTRAINT fk_0ecfb44e9fb866ecd35ad3659f73b7e8 FOREIGN KEY (created_by) REFERENCES public.synap_user(id) DEFERRABLE;


--
-- Name: organization_employee_profile fk_0ed2faa371f0838767965cd7386ee31c; Type: FK CONSTRAINT; Schema: public; Owner: aperiosf
--

ALTER TABLE ONLY public.organization_employee_profile
    ADD CONSTRAINT fk_0ed2faa371f0838767965cd7386ee31c FOREIGN KEY (profile) REFERENCES public.organization_profile(id) DEFERRABLE;


--
-- Name: work_list fk_10ac5c881254813f47e4c10374228256; Type: FK CONSTRAINT; Schema: public; Owner: aperiosf
--

ALTER TABLE ONLY public.work_list
    ADD CONSTRAINT fk_10ac5c881254813f47e4c10374228256 FOREIGN KEY (priority) REFERENCES public.meta_worklist_priority(id) DEFERRABLE;


--
-- Name: synap_config fk_130ff9a2f3384d53b206a7ed19c7105f; Type: FK CONSTRAINT; Schema: public; Owner: aperiosf
--

ALTER TABLE ONLY public.synap_config
    ADD CONSTRAINT fk_130ff9a2f3384d53b206a7ed19c7105f FOREIGN KEY (organization_id) REFERENCES public.organization(id) DEFERRABLE;


--
-- Name: ccda_export_request_patient_ids fk_13891dc1e341f602dbf45ee3b75f6805; Type: FK CONSTRAINT; Schema: public; Owner: aperiosf
--

ALTER TABLE ONLY public.ccda_export_request_patient_ids
    ADD CONSTRAINT fk_13891dc1e341f602dbf45ee3b75f6805 FOREIGN KEY (ccda_export_request_id) REFERENCES public.ccda_export_request(id) DEFERRABLE;


--
-- Name: meta_communication_mode fk_13bbee72ab8a2ee4d5196f6f4941a985; Type: FK CONSTRAINT; Schema: public; Owner: aperiosf
--

ALTER TABLE ONLY public.meta_communication_mode
    ADD CONSTRAINT fk_13bbee72ab8a2ee4d5196f6f4941a985 FOREIGN KEY (created_by) REFERENCES public.synap_user(id) DEFERRABLE;


--
-- Name: work_list fk_1444e317767baf5cacc6001302b3e182; Type: FK CONSTRAINT; Schema: public; Owner: aperiosf
--

ALTER TABLE ONLY public.work_list
    ADD CONSTRAINT fk_1444e317767baf5cacc6001302b3e182 FOREIGN KEY (status) REFERENCES public.meta_worklist_status(id) DEFERRABLE;


--
-- Name: meta_ccda_export_status fk_1543490712dd16fd6980f54f3521fd5b; Type: FK CONSTRAINT; Schema: public; Owner: aperiosf
--

ALTER TABLE ONLY public.meta_ccda_export_status
    ADD CONSTRAINT fk_1543490712dd16fd6980f54f3521fd5b FOREIGN KEY (value) REFERENCES public.meta_label(id) DEFERRABLE;


--
-- Name: meta_housing_upgrade_status fk_15d3b9e49d95861983d38a4623c37f76; Type: FK CONSTRAINT; Schema: public; Owner: aperiosf
--

ALTER TABLE ONLY public.meta_housing_upgrade_status
    ADD CONSTRAINT fk_15d3b9e49d95861983d38a4623c37f76 FOREIGN KEY (organization_id) REFERENCES public.organization(id) DEFERRABLE;


--
-- Name: patient_address fk_1659a1f6183a423ccff203f0382d35be; Type: FK CONSTRAINT; Schema: public; Owner: aperiosf
--

ALTER TABLE ONLY public.patient_address
    ADD CONSTRAINT fk_1659a1f6183a423ccff203f0382d35be FOREIGN KEY (patient_id) REFERENCES public.patient(id) DEFERRABLE;


--
-- Name: organization_folder fk_176e571bc2933907bf5e47efe44efabb; Type: FK CONSTRAINT; Schema: public; Owner: aperiosf
--

ALTER TABLE ONLY public.organization_folder
    ADD CONSTRAINT fk_176e571bc2933907bf5e47efe44efabb FOREIGN KEY (patient_id) REFERENCES public.patient(id) DEFERRABLE;


--
-- Name: meta_address_type fk_18906b15396dc5046d8957c9f20d19bc; Type: FK CONSTRAINT; Schema: public; Owner: aperiosf
--

ALTER TABLE ONLY public.meta_address_type
    ADD CONSTRAINT fk_18906b15396dc5046d8957c9f20d19bc FOREIGN KEY (created_by) REFERENCES public.synap_user(id) DEFERRABLE;


--
-- Name: meta_communication_mode fk_1949af3613e36366f3af8f8c0d94b762; Type: FK CONSTRAINT; Schema: public; Owner: aperiosf
--

ALTER TABLE ONLY public.meta_communication_mode
    ADD CONSTRAINT fk_1949af3613e36366f3af8f8c0d94b762 FOREIGN KEY (value) REFERENCES public.meta_label(id) DEFERRABLE;


--
-- Name: course_participant fk_194fd4beddb019a224bee0d278b58eef; Type: FK CONSTRAINT; Schema: public; Owner: aperiosf
--

ALTER TABLE ONLY public.course_participant
    ADD CONSTRAINT fk_194fd4beddb019a224bee0d278b58eef FOREIGN KEY (created_by) REFERENCES public.synap_user(id) DEFERRABLE;


--
-- Name: ccda_import_diagnosis fk_19b46d9de5ca059749b55de00960ee37; Type: FK CONSTRAINT; Schema: public; Owner: aperiosf
--

ALTER TABLE ONLY public.ccda_import_diagnosis
    ADD CONSTRAINT fk_19b46d9de5ca059749b55de00960ee37 FOREIGN KEY (status) REFERENCES public.meta_patient_diagnosis_status(id) DEFERRABLE;


--
-- Name: organization_employee_address fk_1a6800c78b37c6bac582867d391c955c; Type: FK CONSTRAINT; Schema: public; Owner: aperiosf
--

ALTER TABLE ONLY public.organization_employee_address
    ADD CONSTRAINT fk_1a6800c78b37c6bac582867d391c955c FOREIGN KEY (organization_id) REFERENCES public.organization(id) DEFERRABLE;


--
-- Name: meta_basic_status fk_1a7572eb06b88efe5bdcbac242c99687; Type: FK CONSTRAINT; Schema: public; Owner: aperiosf
--

ALTER TABLE ONLY public.meta_basic_status
    ADD CONSTRAINT fk_1a7572eb06b88efe5bdcbac242c99687 FOREIGN KEY (organization_id) REFERENCES public.organization(id) DEFERRABLE;


--
-- Name: oml_property fk_1ae01cc88fb4185c70e1b052314a5237; Type: FK CONSTRAINT; Schema: public; Owner: aperiosf
--

ALTER TABLE ONLY public.oml_property
    ADD CONSTRAINT fk_1ae01cc88fb4185c70e1b052314a5237 FOREIGN KEY (data_type) REFERENCES public.oml_data_type(data_type) DEFERRABLE;


--
-- Name: ccda_export fk_1b35a9520425505807841496be5881d1; Type: FK CONSTRAINT; Schema: public; Owner: aperiosf
--

ALTER TABLE ONLY public.ccda_export
    ADD CONSTRAINT fk_1b35a9520425505807841496be5881d1 FOREIGN KEY (patient_id) REFERENCES public.patient(id) DEFERRABLE;


--
-- Name: meta_allergy_type fk_1b5373e527ab8acf1faf0434a85109f0; Type: FK CONSTRAINT; Schema: public; Owner: aperiosf
--

ALTER TABLE ONLY public.meta_allergy_type
    ADD CONSTRAINT fk_1b5373e527ab8acf1faf0434a85109f0 FOREIGN KEY (organization_id) REFERENCES public.organization(id) DEFERRABLE;


--
-- Name: work_list fk_1be894fdce113a092630a8cc8a0a7ad3; Type: FK CONSTRAINT; Schema: public; Owner: aperiosf
--

ALTER TABLE ONLY public.work_list
    ADD CONSTRAINT fk_1be894fdce113a092630a8cc8a0a7ad3 FOREIGN KEY (completed_by) REFERENCES public.organization_employee(id) DEFERRABLE;


--
-- Name: ccda_export fk_1d72394c919c61732311b8d928c567ba; Type: FK CONSTRAINT; Schema: public; Owner: aperiosf
--

ALTER TABLE ONLY public.ccda_export
    ADD CONSTRAINT fk_1d72394c919c61732311b8d928c567ba FOREIGN KEY (status) REFERENCES public.meta_ccda_export_status(id) DEFERRABLE;


--
-- Name: meta_contact_type fk_1dd0ed087aea7ce18bd974a04557e105; Type: FK CONSTRAINT; Schema: public; Owner: aperiosf
--

ALTER TABLE ONLY public.meta_contact_type
    ADD CONSTRAINT fk_1dd0ed087aea7ce18bd974a04557e105 FOREIGN KEY (created_by) REFERENCES public.synap_user(id) DEFERRABLE;


--
-- Name: course fk_1ddf3b91168df6bba3f89c31ab27fc65; Type: FK CONSTRAINT; Schema: public; Owner: aperiosf
--

ALTER TABLE ONLY public.course
    ADD CONSTRAINT fk_1ddf3b91168df6bba3f89c31ab27fc65 FOREIGN KEY (created_by) REFERENCES public.synap_user(id) DEFERRABLE;


--
-- Name: organization_employee_address fk_1dfab521ea88c06c83aaedaaf67cfa5d; Type: FK CONSTRAINT; Schema: public; Owner: aperiosf
--

ALTER TABLE ONLY public.organization_employee_address
    ADD CONSTRAINT fk_1dfab521ea88c06c83aaedaaf67cfa5d FOREIGN KEY (created_by) REFERENCES public.synap_user(id) DEFERRABLE;


--
-- Name: user_password fk_1e24f774fdacd2e29277ff0379b6efee; Type: FK CONSTRAINT; Schema: public; Owner: aperiosf
--

ALTER TABLE ONLY public.user_password
    ADD CONSTRAINT fk_1e24f774fdacd2e29277ff0379b6efee FOREIGN KEY (created_by) REFERENCES public.synap_user(id) DEFERRABLE;


--
-- Name: patient_specific_document fk_1fe1dea84fee267e8c504b47ac8760ef; Type: FK CONSTRAINT; Schema: public; Owner: aperiosf
--

ALTER TABLE ONLY public.patient_specific_document
    ADD CONSTRAINT fk_1fe1dea84fee267e8c504b47ac8760ef FOREIGN KEY (type) REFERENCES public.meta_patient_document_type(id) DEFERRABLE;


--
-- Name: meta_allergy_type fk_1fe9186ba93ba519b3ad41bd827b6141; Type: FK CONSTRAINT; Schema: public; Owner: aperiosf
--

ALTER TABLE ONLY public.meta_allergy_type
    ADD CONSTRAINT fk_1fe9186ba93ba519b3ad41bd827b6141 FOREIGN KEY (created_by) REFERENCES public.synap_user(id) DEFERRABLE;


--
-- Name: patient_admission fk_1ff3129230d0d47f5bae8881427e7bd0; Type: FK CONSTRAINT; Schema: public; Owner: aperiosf
--

ALTER TABLE ONLY public.patient_admission
    ADD CONSTRAINT fk_1ff3129230d0d47f5bae8881427e7bd0 FOREIGN KEY (created_by) REFERENCES public.synap_user(id) DEFERRABLE;


--
-- Name: user_password fk_200e1f19832d436aff6decaf677ed671; Type: FK CONSTRAINT; Schema: public; Owner: aperiosf
--

ALTER TABLE ONLY public.user_password
    ADD CONSTRAINT fk_200e1f19832d436aff6decaf677ed671 FOREIGN KEY (organization_id) REFERENCES public.organization(id) DEFERRABLE;


--
-- Name: work_list_notes fk_20625ed635fa3af1f6186730a0aa0685; Type: FK CONSTRAINT; Schema: public; Owner: aperiosf
--

ALTER TABLE ONLY public.work_list_notes
    ADD CONSTRAINT fk_20625ed635fa3af1f6186730a0aa0685 FOREIGN KEY (organization_id) REFERENCES public.organization(id) DEFERRABLE;


--
-- Name: meta_work_list_approval_status fk_206d9bc282d5d15a115ebcbfcb973ee5; Type: FK CONSTRAINT; Schema: public; Owner: aperiosf
--

ALTER TABLE ONLY public.meta_work_list_approval_status
    ADD CONSTRAINT fk_206d9bc282d5d15a115ebcbfcb973ee5 FOREIGN KEY (created_by) REFERENCES public.synap_user(id) DEFERRABLE;


--
-- Name: ccda_export_request fk_20f3f360d3694b0768160a8476b6176b; Type: FK CONSTRAINT; Schema: public; Owner: aperiosf
--

ALTER TABLE ONLY public.ccda_export_request
    ADD CONSTRAINT fk_20f3f360d3694b0768160a8476b6176b FOREIGN KEY (clinical_document_type) REFERENCES public.meta_clinical_document_type(id) DEFERRABLE;


--
-- Name: meta_timezone fk_22552fbe477bcce7240bcc0e880a0539; Type: FK CONSTRAINT; Schema: public; Owner: aperiosf
--

ALTER TABLE ONLY public.meta_timezone
    ADD CONSTRAINT fk_22552fbe477bcce7240bcc0e880a0539 FOREIGN KEY (created_by) REFERENCES public.synap_user(id) DEFERRABLE;


--
-- Name: work_list_notes fk_235a3553737c768e4ddce1a57671954b; Type: FK CONSTRAINT; Schema: public; Owner: aperiosf
--

ALTER TABLE ONLY public.work_list_notes
    ADD CONSTRAINT fk_235a3553737c768e4ddce1a57671954b FOREIGN KEY (work_list_id) REFERENCES public.work_list(id) DEFERRABLE;


--
-- Name: organization_folder fk_2412b2d8af776d705c04cdb209d46907; Type: FK CONSTRAINT; Schema: public; Owner: aperiosf
--

ALTER TABLE ONLY public.organization_folder
    ADD CONSTRAINT fk_2412b2d8af776d705c04cdb209d46907 FOREIGN KEY (organization_id) REFERENCES public.organization(id) DEFERRABLE;


--
-- Name: ccd_upload fk_243c86b96cc3f1b2a016f00b5067a732; Type: FK CONSTRAINT; Schema: public; Owner: aperiosf
--

ALTER TABLE ONLY public.ccd_upload
    ADD CONSTRAINT fk_243c86b96cc3f1b2a016f00b5067a732 FOREIGN KEY (created_by) REFERENCES public.synap_user(id) DEFERRABLE;


--
-- Name: meta_housing_upgrade_type fk_24e67612789a372c2def46d4bd05e1b1; Type: FK CONSTRAINT; Schema: public; Owner: aperiosf
--

ALTER TABLE ONLY public.meta_housing_upgrade_type
    ADD CONSTRAINT fk_24e67612789a372c2def46d4bd05e1b1 FOREIGN KEY (created_by) REFERENCES public.synap_user(id) DEFERRABLE;


--
-- Name: course_participant fk_2538487c8ef677938cea3a09efe6ed2a; Type: FK CONSTRAINT; Schema: public; Owner: aperiosf
--

ALTER TABLE ONLY public.course_participant
    ADD CONSTRAINT fk_2538487c8ef677938cea3a09efe6ed2a FOREIGN KEY (course_id) REFERENCES public.course(id) DEFERRABLE;


--
-- Name: meta_employment_status fk_2606585dff10c7be0695eabd328c3e2e; Type: FK CONSTRAINT; Schema: public; Owner: aperiosf
--

ALTER TABLE ONLY public.meta_employment_status
    ADD CONSTRAINT fk_2606585dff10c7be0695eabd328c3e2e FOREIGN KEY (organization_id) REFERENCES public.organization(id) DEFERRABLE;


--
-- Name: meta_worklist_status fk_262d4da0d7059f569f1810f9a295fa7b; Type: FK CONSTRAINT; Schema: public; Owner: aperiosf
--

ALTER TABLE ONLY public.meta_worklist_status
    ADD CONSTRAINT fk_262d4da0d7059f569f1810f9a295fa7b FOREIGN KEY (created_by) REFERENCES public.synap_user(id) DEFERRABLE;


--
-- Name: course_session_custom_field_value fk_2637559873e80b477ce97276c1affa7e; Type: FK CONSTRAINT; Schema: public; Owner: aperiosf
--

ALTER TABLE ONLY public.course_session_custom_field_value
    ADD CONSTRAINT fk_2637559873e80b477ce97276c1affa7e FOREIGN KEY (created_by) REFERENCES public.synap_user(id) DEFERRABLE;


--
-- Name: user_password fk_26c74d3f472b85a7eab1b621283aa7ec; Type: FK CONSTRAINT; Schema: public; Owner: aperiosf
--

ALTER TABLE ONLY public.user_password
    ADD CONSTRAINT fk_26c74d3f472b85a7eab1b621283aa7ec FOREIGN KEY (synap_user_id) REFERENCES public.synap_user(id) DEFERRABLE;


--
-- Name: housing_upgrade fk_26c8378df3d89e7e3447c7ac7cc30f5e; Type: FK CONSTRAINT; Schema: public; Owner: aperiosf
--

ALTER TABLE ONLY public.housing_upgrade
    ADD CONSTRAINT fk_26c8378df3d89e7e3447c7ac7cc30f5e FOREIGN KEY (created_by) REFERENCES public.synap_user(id) DEFERRABLE;


--
-- Name: work_list_approver fk_27476f44fff3bb14390f54c8230765ca; Type: FK CONSTRAINT; Schema: public; Owner: aperiosf
--

ALTER TABLE ONLY public.work_list_approver
    ADD CONSTRAINT fk_27476f44fff3bb14390f54c8230765ca FOREIGN KEY (created_by) REFERENCES public.synap_user(id) DEFERRABLE;


--
-- Name: patient_admission fk_27cc0b0725f3b5e5d1e2167af58f23ac; Type: FK CONSTRAINT; Schema: public; Owner: aperiosf
--

ALTER TABLE ONLY public.patient_admission
    ADD CONSTRAINT fk_27cc0b0725f3b5e5d1e2167af58f23ac FOREIGN KEY (patient_id) REFERENCES public.patient(id) DEFERRABLE;


--
-- Name: patient_employment_info fk_28d92c001d9c56185308cd60258e2f0f; Type: FK CONSTRAINT; Schema: public; Owner: aperiosf
--

ALTER TABLE ONLY public.patient_employment_info
    ADD CONSTRAINT fk_28d92c001d9c56185308cd60258e2f0f FOREIGN KEY (created_by) REFERENCES public.synap_user(id) DEFERRABLE;


--
-- Name: housing_upgrade fk_28deac26e00206c1b531b5f61e818eab; Type: FK CONSTRAINT; Schema: public; Owner: aperiosf
--

ALTER TABLE ONLY public.housing_upgrade
    ADD CONSTRAINT fk_28deac26e00206c1b531b5f61e818eab FOREIGN KEY (state) REFERENCES public.meta_state(id) DEFERRABLE;


--
-- Name: organization_employee fk_294f20f71fd3d6d00dd17fbf56121ef0; Type: FK CONSTRAINT; Schema: public; Owner: aperiosf
--

ALTER TABLE ONLY public.organization_employee
    ADD CONSTRAINT fk_294f20f71fd3d6d00dd17fbf56121ef0 FOREIGN KEY (created_by) REFERENCES public.synap_user(id) DEFERRABLE;


--
-- Name: viewed_client fk_2bae35d06e4c9b40c0913339036fef45; Type: FK CONSTRAINT; Schema: public; Owner: aperiosf
--

ALTER TABLE ONLY public.viewed_client
    ADD CONSTRAINT fk_2bae35d06e4c9b40c0913339036fef45 FOREIGN KEY (synap_user_id) REFERENCES public.synap_user(id) DEFERRABLE;


--
-- Name: meta_smoking_status fk_2bcbb314e01f2f89acaf02e5fa86e41e; Type: FK CONSTRAINT; Schema: public; Owner: aperiosf
--

ALTER TABLE ONLY public.meta_smoking_status
    ADD CONSTRAINT fk_2bcbb314e01f2f89acaf02e5fa86e41e FOREIGN KEY (value) REFERENCES public.meta_label(id) DEFERRABLE;


--
-- Name: meta_temperature_unit fk_2c50c85e11388265dfb8f4a9b954a340; Type: FK CONSTRAINT; Schema: public; Owner: aperiosf
--

ALTER TABLE ONLY public.meta_temperature_unit
    ADD CONSTRAINT fk_2c50c85e11388265dfb8f4a9b954a340 FOREIGN KEY (organization_id) REFERENCES public.organization(id) DEFERRABLE;


--
-- Name: work_list_approver fk_2cd11a771dc56954142b78564f62c31c; Type: FK CONSTRAINT; Schema: public; Owner: aperiosf
--

ALTER TABLE ONLY public.work_list_approver
    ADD CONSTRAINT fk_2cd11a771dc56954142b78564f62c31c FOREIGN KEY (organization_id) REFERENCES public.organization(id) DEFERRABLE;


--
-- Name: meta_severity fk_2d4aafaa9582da66f351a50027aade36; Type: FK CONSTRAINT; Schema: public; Owner: aperiosf
--

ALTER TABLE ONLY public.meta_severity
    ADD CONSTRAINT fk_2d4aafaa9582da66f351a50027aade36 FOREIGN KEY (organization_id) REFERENCES public.organization(id) DEFERRABLE;


--
-- Name: meta_telephone_type fk_2dc7417cdcfbf25b367c68dc0dd3245d; Type: FK CONSTRAINT; Schema: public; Owner: aperiosf
--

ALTER TABLE ONLY public.meta_telephone_type
    ADD CONSTRAINT fk_2dc7417cdcfbf25b367c68dc0dd3245d FOREIGN KEY (organization_id) REFERENCES public.organization(id) DEFERRABLE;


--
-- Name: patient_address fk_2eba41d1812a4bc0e03837ce448afdb6; Type: FK CONSTRAINT; Schema: public; Owner: aperiosf
--

ALTER TABLE ONLY public.patient_address
    ADD CONSTRAINT fk_2eba41d1812a4bc0e03837ce448afdb6 FOREIGN KEY (organization_id) REFERENCES public.organization(id) DEFERRABLE;


--
-- Name: organization_profile_permission fk_2ee33b19bbe00d1aa6fcb38165a65089; Type: FK CONSTRAINT; Schema: public; Owner: aperiosf
--

ALTER TABLE ONLY public.organization_profile_permission
    ADD CONSTRAINT fk_2ee33b19bbe00d1aa6fcb38165a65089 FOREIGN KEY (permission) REFERENCES public.meta_permission(id) DEFERRABLE;


--
-- Name: ccda_import_diagnosis fk_2ef518ec94227aff7d6a5c8887fd8e3a; Type: FK CONSTRAINT; Schema: public; Owner: aperiosf
--

ALTER TABLE ONLY public.ccda_import_diagnosis
    ADD CONSTRAINT fk_2ef518ec94227aff7d6a5c8887fd8e3a FOREIGN KEY (organization_id) REFERENCES public.organization(id) DEFERRABLE;


--
-- Name: meta_ethnicity fk_2f233c19db3420a3efce9cc5074d2069; Type: FK CONSTRAINT; Schema: public; Owner: aperiosf
--

ALTER TABLE ONLY public.meta_ethnicity
    ADD CONSTRAINT fk_2f233c19db3420a3efce9cc5074d2069 FOREIGN KEY (created_by) REFERENCES public.synap_user(id) DEFERRABLE;


--
-- Name: meta_snomed fk_2f53150e97883b09e5ae8f75711a10e2; Type: FK CONSTRAINT; Schema: public; Owner: aperiosf
--

ALTER TABLE ONLY public.meta_snomed
    ADD CONSTRAINT fk_2f53150e97883b09e5ae8f75711a10e2 FOREIGN KEY (created_by) REFERENCES public.synap_user(id) DEFERRABLE;


--
-- Name: kch_program_assignment fk_2f8aa9781abf6a920484039529cc0da5; Type: FK CONSTRAINT; Schema: public; Owner: aperiosf
--

ALTER TABLE ONLY public.kch_program_assignment
    ADD CONSTRAINT fk_2f8aa9781abf6a920484039529cc0da5 FOREIGN KEY (program_id) REFERENCES public.kch_program(id) DEFERRABLE;


--
-- Name: meta_telephone_type fk_2ff6800f051453d6250eb2ecebd03cbe; Type: FK CONSTRAINT; Schema: public; Owner: aperiosf
--

ALTER TABLE ONLY public.meta_telephone_type
    ADD CONSTRAINT fk_2ff6800f051453d6250eb2ecebd03cbe FOREIGN KEY (value) REFERENCES public.meta_label(id) DEFERRABLE;


--
-- Name: organization_folder fk_304145543f88f349bf39fb38bdadf8a2; Type: FK CONSTRAINT; Schema: public; Owner: aperiosf
--

ALTER TABLE ONLY public.organization_folder
    ADD CONSTRAINT fk_304145543f88f349bf39fb38bdadf8a2 FOREIGN KEY (created_by) REFERENCES public.synap_user(id) DEFERRABLE;


--
-- Name: ccda_export fk_3172f2d90d1caddc9acf98d21f0126a8; Type: FK CONSTRAINT; Schema: public; Owner: aperiosf
--

ALTER TABLE ONLY public.ccda_export
    ADD CONSTRAINT fk_3172f2d90d1caddc9acf98d21f0126a8 FOREIGN KEY (created_by) REFERENCES public.synap_user(id) DEFERRABLE;


--
-- Name: organization_employee fk_3333e0415ccabdef97af77b1a90c2786; Type: FK CONSTRAINT; Schema: public; Owner: aperiosf
--

ALTER TABLE ONLY public.organization_employee
    ADD CONSTRAINT fk_3333e0415ccabdef97af77b1a90c2786 FOREIGN KEY (organization_id) REFERENCES public.organization(id) DEFERRABLE;


--
-- Name: meta_country fk_34cc0b77835f0175cfcfb2db5710c9bb; Type: FK CONSTRAINT; Schema: public; Owner: aperiosf
--

ALTER TABLE ONLY public.meta_country
    ADD CONSTRAINT fk_34cc0b77835f0175cfcfb2db5710c9bb FOREIGN KEY (value) REFERENCES public.meta_label(id) DEFERRABLE;


--
-- Name: meta_weight_unit fk_3522dc54389d70e1d50b99c4bd98af27; Type: FK CONSTRAINT; Schema: public; Owner: aperiosf
--

ALTER TABLE ONLY public.meta_weight_unit
    ADD CONSTRAINT fk_3522dc54389d70e1d50b99c4bd98af27 FOREIGN KEY (organization_id) REFERENCES public.organization(id) DEFERRABLE;


--
-- Name: meta_label_detail fk_36420c2a960757a4c4809efa333b59fc; Type: FK CONSTRAINT; Schema: public; Owner: aperiosf
--

ALTER TABLE ONLY public.meta_label_detail
    ADD CONSTRAINT fk_36420c2a960757a4c4809efa333b59fc FOREIGN KEY (organization_id) REFERENCES public.organization(id) DEFERRABLE;


--
-- Name: ccda_import_diagnosis fk_368f29489b06c69f2265b9c5579b54e3; Type: FK CONSTRAINT; Schema: public; Owner: aperiosf
--

ALTER TABLE ONLY public.ccda_import_diagnosis
    ADD CONSTRAINT fk_368f29489b06c69f2265b9c5579b54e3 FOREIGN KEY (meta_snomed) REFERENCES public.meta_snomed(id) DEFERRABLE;


--
-- Name: patient fk_377821e01fefbac5fe0acd26b5016fde; Type: FK CONSTRAINT; Schema: public; Owner: aperiosf
--

ALTER TABLE ONLY public.patient
    ADD CONSTRAINT fk_377821e01fefbac5fe0acd26b5016fde FOREIGN KEY (guarantor_patient_id) REFERENCES public.patient(id) DEFERRABLE;


--
-- Name: synap_user_group fk_37d48776ef572012647600632feee446; Type: FK CONSTRAINT; Schema: public; Owner: aperiosf
--

ALTER TABLE ONLY public.synap_user_group
    ADD CONSTRAINT fk_37d48776ef572012647600632feee446 FOREIGN KEY (synap_user_id) REFERENCES public.synap_user(id) DEFERRABLE;


--
-- Name: meta_ccda_sections fk_3833c355a34e9d5219c52ba6cd1e3423; Type: FK CONSTRAINT; Schema: public; Owner: aperiosf
--

ALTER TABLE ONLY public.meta_ccda_sections
    ADD CONSTRAINT fk_3833c355a34e9d5219c52ba6cd1e3423 FOREIGN KEY (organization_id) REFERENCES public.organization(id) DEFERRABLE;


--
-- Name: meta_id_type fk_3a0690d226037b629cbe99460c911cda; Type: FK CONSTRAINT; Schema: public; Owner: aperiosf
--

ALTER TABLE ONLY public.meta_id_type
    ADD CONSTRAINT fk_3a0690d226037b629cbe99460c911cda FOREIGN KEY (created_by) REFERENCES public.synap_user(id) DEFERRABLE;


--
-- Name: meta_label_detail fk_3a07014bf5ada52d9a62d36081c70968; Type: FK CONSTRAINT; Schema: public; Owner: aperiosf
--

ALTER TABLE ONLY public.meta_label_detail
    ADD CONSTRAINT fk_3a07014bf5ada52d9a62d36081c70968 FOREIGN KEY (meta_label_id) REFERENCES public.meta_label(id) DEFERRABLE;


--
-- Name: meta_ccda_export_status fk_3a90258e66704f099b8f37a6a17f3c0e; Type: FK CONSTRAINT; Schema: public; Owner: aperiosf
--

ALTER TABLE ONLY public.meta_ccda_export_status
    ADD CONSTRAINT fk_3a90258e66704f099b8f37a6a17f3c0e FOREIGN KEY (organization_id) REFERENCES public.organization(id) DEFERRABLE;


--
-- Name: organization_employee fk_3ab35b77be8ba207e4d7a1c80b9803bd; Type: FK CONSTRAINT; Schema: public; Owner: aperiosf
--

ALTER TABLE ONLY public.organization_employee
    ADD CONSTRAINT fk_3ab35b77be8ba207e4d7a1c80b9803bd FOREIGN KEY (status) REFERENCES public.meta_employee_status(id) DEFERRABLE;


--
-- Name: work_list fk_3ad427d4cc277d0d613c5795a13f507b; Type: FK CONSTRAINT; Schema: public; Owner: aperiosf
--

ALTER TABLE ONLY public.work_list
    ADD CONSTRAINT fk_3ad427d4cc277d0d613c5795a13f507b FOREIGN KEY (hide_from_patient) REFERENCES public.patient(id) DEFERRABLE;


--
-- Name: work_list_approver fk_3ad5ba29a521eb66d4da2cb72aa95fee; Type: FK CONSTRAINT; Schema: public; Owner: aperiosf
--

ALTER TABLE ONLY public.work_list_approver
    ADD CONSTRAINT fk_3ad5ba29a521eb66d4da2cb72aa95fee FOREIGN KEY (approver_id) REFERENCES public.organization_employee(id) DEFERRABLE;


--
-- Name: meta_income_level fk_3c707af910998682f9694fdad63455dc; Type: FK CONSTRAINT; Schema: public; Owner: aperiosf
--

ALTER TABLE ONLY public.meta_income_level
    ADD CONSTRAINT fk_3c707af910998682f9694fdad63455dc FOREIGN KEY (created_by) REFERENCES public.synap_user(id) DEFERRABLE;


--
-- Name: meta_gender fk_3cb5205fb5e6640f299e85b07a6a6855; Type: FK CONSTRAINT; Schema: public; Owner: aperiosf
--

ALTER TABLE ONLY public.meta_gender
    ADD CONSTRAINT fk_3cb5205fb5e6640f299e85b07a6a6855 FOREIGN KEY (organization_id) REFERENCES public.organization(id) DEFERRABLE;


--
-- Name: meta_worklist_priority fk_3cbdf1b794f96a9386affacc77c4c629; Type: FK CONSTRAINT; Schema: public; Owner: aperiosf
--

ALTER TABLE ONLY public.meta_worklist_priority
    ADD CONSTRAINT fk_3cbdf1b794f96a9386affacc77c4c629 FOREIGN KEY (organization_id) REFERENCES public.organization(id) DEFERRABLE;


--
-- Name: work_list_reminder fk_3d42415b39e40118a1125505f5333caf; Type: FK CONSTRAINT; Schema: public; Owner: aperiosf
--

ALTER TABLE ONLY public.work_list_reminder
    ADD CONSTRAINT fk_3d42415b39e40118a1125505f5333caf FOREIGN KEY (status) REFERENCES public.meta_work_list_reminder_status(id) DEFERRABLE;


--
-- Name: meta_household_income_level fk_3e42070d99f28a00eb6d161aaa8b438c; Type: FK CONSTRAINT; Schema: public; Owner: aperiosf
--

ALTER TABLE ONLY public.meta_household_income_level
    ADD CONSTRAINT fk_3e42070d99f28a00eb6d161aaa8b438c FOREIGN KEY (organization_id) REFERENCES public.organization(id) DEFERRABLE;


--
-- Name: patient_contact_address fk_3e94417adfdd8b216d156245837d8210; Type: FK CONSTRAINT; Schema: public; Owner: aperiosf
--

ALTER TABLE ONLY public.patient_contact_address
    ADD CONSTRAINT fk_3e94417adfdd8b216d156245837d8210 FOREIGN KEY (patient_contact_id) REFERENCES public.patient_contact(id) DEFERRABLE;


--
-- Name: organization_employee_division fk_3f57616ffbdd1643bfbcf5c487349f28; Type: FK CONSTRAINT; Schema: public; Owner: aperiosf
--

ALTER TABLE ONLY public.organization_employee_division
    ADD CONSTRAINT fk_3f57616ffbdd1643bfbcf5c487349f28 FOREIGN KEY (organization_id) REFERENCES public.organization(id) DEFERRABLE;


--
-- Name: meta_work_list_reminder_status fk_3f6aa71d64d58289309abc531155ae16; Type: FK CONSTRAINT; Schema: public; Owner: aperiosf
--

ALTER TABLE ONLY public.meta_work_list_reminder_status
    ADD CONSTRAINT fk_3f6aa71d64d58289309abc531155ae16 FOREIGN KEY (created_by) REFERENCES public.synap_user(id) DEFERRABLE;


--
-- Name: kch_program_assignment fk_3f6fbf9bfb4b8a2115d8614d93e6bfdc; Type: FK CONSTRAINT; Schema: public; Owner: aperiosf
--

ALTER TABLE ONLY public.kch_program_assignment
    ADD CONSTRAINT fk_3f6fbf9bfb4b8a2115d8614d93e6bfdc FOREIGN KEY (created_by) REFERENCES public.synap_user(id) DEFERRABLE;


--
-- Name: organization_division fk_3fcc2bc344fe727823756e5edadbf73e; Type: FK CONSTRAINT; Schema: public; Owner: aperiosf
--

ALTER TABLE ONLY public.organization_division
    ADD CONSTRAINT fk_3fcc2bc344fe727823756e5edadbf73e FOREIGN KEY (state) REFERENCES public.meta_state(id) DEFERRABLE;


--
-- Name: work_list_reminder_who_patient fk_3fe11700801da0f3797baf6dde845bda; Type: FK CONSTRAINT; Schema: public; Owner: aperiosf
--

ALTER TABLE ONLY public.work_list_reminder_who_patient
    ADD CONSTRAINT fk_3fe11700801da0f3797baf6dde845bda FOREIGN KEY (work_list_reminder_id) REFERENCES public.work_list_reminder(id) DEFERRABLE;


--
-- Name: ccda_export_log fk_40636c3094171dc672a68ee2275a6f0d; Type: FK CONSTRAINT; Schema: public; Owner: aperiosf
--

ALTER TABLE ONLY public.ccda_export_log
    ADD CONSTRAINT fk_40636c3094171dc672a68ee2275a6f0d FOREIGN KEY (log_type) REFERENCES public.meta_ccda_export_log_type(id) DEFERRABLE;


--
-- Name: patient_address fk_40d01b709c6ddca4d28d1ed684d12c06; Type: FK CONSTRAINT; Schema: public; Owner: aperiosf
--

ALTER TABLE ONLY public.patient_address
    ADD CONSTRAINT fk_40d01b709c6ddca4d28d1ed684d12c06 FOREIGN KEY (state) REFERENCES public.meta_state(id) DEFERRABLE;


--
-- Name: meta_worklist_priority fk_42e8308b8073fa81be2fb70b434ccdf6; Type: FK CONSTRAINT; Schema: public; Owner: aperiosf
--

ALTER TABLE ONLY public.meta_worklist_priority
    ADD CONSTRAINT fk_42e8308b8073fa81be2fb70b434ccdf6 FOREIGN KEY (created_by) REFERENCES public.synap_user(id) DEFERRABLE;


--
-- Name: work_list_reminder_who_employee fk_4340b564a185787fae687bedf56cb789; Type: FK CONSTRAINT; Schema: public; Owner: aperiosf
--

ALTER TABLE ONLY public.work_list_reminder_who_employee
    ADD CONSTRAINT fk_4340b564a185787fae687bedf56cb789 FOREIGN KEY (who_employee) REFERENCES public.organization_employee(id) DEFERRABLE;


--
-- Name: organization_employee_address fk_440533986255d5a897ad57ec16e846a7; Type: FK CONSTRAINT; Schema: public; Owner: aperiosf
--

ALTER TABLE ONLY public.organization_employee_address
    ADD CONSTRAINT fk_440533986255d5a897ad57ec16e846a7 FOREIGN KEY (state) REFERENCES public.meta_state(id) DEFERRABLE;


--
-- Name: ccda_export_request_patient_ids fk_4530d9c12811151e19359a3d85af4e3d; Type: FK CONSTRAINT; Schema: public; Owner: aperiosf
--

ALTER TABLE ONLY public.ccda_export_request_patient_ids
    ADD CONSTRAINT fk_4530d9c12811151e19359a3d85af4e3d FOREIGN KEY (patient_ids) REFERENCES public.patient(id) DEFERRABLE;


--
-- Name: meta_snomed_code fk_45b42f38fcfb5b71142b1010df103e72; Type: FK CONSTRAINT; Schema: public; Owner: aperiosf
--

ALTER TABLE ONLY public.meta_snomed_code
    ADD CONSTRAINT fk_45b42f38fcfb5b71142b1010df103e72 FOREIGN KEY (organization_id) REFERENCES public.organization(id) DEFERRABLE;


--
-- Name: meta_employee_status fk_4646d259b7d79efded568038f4884d89; Type: FK CONSTRAINT; Schema: public; Owner: aperiosf
--

ALTER TABLE ONLY public.meta_employee_status
    ADD CONSTRAINT fk_4646d259b7d79efded568038f4884d89 FOREIGN KEY (created_by) REFERENCES public.synap_user(id) DEFERRABLE;


--
-- Name: work_list_approver fk_46cd08f5e1a65b725128370911c7e0f5; Type: FK CONSTRAINT; Schema: public; Owner: aperiosf
--

ALTER TABLE ONLY public.work_list_approver
    ADD CONSTRAINT fk_46cd08f5e1a65b725128370911c7e0f5 FOREIGN KEY (approval_status) REFERENCES public.meta_work_list_approval_status(id) DEFERRABLE;


--
-- Name: patient_prescription fk_46dee981cbb362a708a70982a1daa5ff; Type: FK CONSTRAINT; Schema: public; Owner: aperiosf
--

ALTER TABLE ONLY public.patient_prescription
    ADD CONSTRAINT fk_46dee981cbb362a708a70982a1daa5ff FOREIGN KEY (patient_id) REFERENCES public.patient(id) DEFERRABLE;


--
-- Name: meta_height_unit fk_47313de0d5fa954f992a3ff59e47e3b9; Type: FK CONSTRAINT; Schema: public; Owner: aperiosf
--

ALTER TABLE ONLY public.meta_height_unit
    ADD CONSTRAINT fk_47313de0d5fa954f992a3ff59e47e3b9 FOREIGN KEY (organization_id) REFERENCES public.organization(id) DEFERRABLE;


--
-- Name: organization_division fk_4799f5b480304b324bec6ce32bd88d6a; Type: FK CONSTRAINT; Schema: public; Owner: aperiosf
--

ALTER TABLE ONLY public.organization_division
    ADD CONSTRAINT fk_4799f5b480304b324bec6ce32bd88d6a FOREIGN KEY (billing_provider_state) REFERENCES public.meta_state(id) DEFERRABLE;


--
-- Name: ccda_export_log fk_47bb5f810de68600443e9d14aa52e1aa; Type: FK CONSTRAINT; Schema: public; Owner: aperiosf
--

ALTER TABLE ONLY public.ccda_export_log
    ADD CONSTRAINT fk_47bb5f810de68600443e9d14aa52e1aa FOREIGN KEY (organization_id) REFERENCES public.organization(id) DEFERRABLE;


--
-- Name: work_list_assignee_employee fk_47da53b74842d51a6b3602381e4c77bf; Type: FK CONSTRAINT; Schema: public; Owner: aperiosf
--

ALTER TABLE ONLY public.work_list_assignee_employee
    ADD CONSTRAINT fk_47da53b74842d51a6b3602381e4c77bf FOREIGN KEY (assignee_employee) REFERENCES public.organization_employee(id) DEFERRABLE;


--
-- Name: ccd_upload fk_4913b5c090b48d7cc331152ae67e4887; Type: FK CONSTRAINT; Schema: public; Owner: aperiosf
--

ALTER TABLE ONLY public.ccd_upload
    ADD CONSTRAINT fk_4913b5c090b48d7cc331152ae67e4887 FOREIGN KEY (patient_id) REFERENCES public.patient(id) DEFERRABLE;


--
-- Name: meta_data_family fk_49239cac2f3a5368dfa42234365ec22c; Type: FK CONSTRAINT; Schema: public; Owner: aperiosf
--

ALTER TABLE ONLY public.meta_data_family
    ADD CONSTRAINT fk_49239cac2f3a5368dfa42234365ec22c FOREIGN KEY (organization_id) REFERENCES public.organization(id) DEFERRABLE;


--
-- Name: meta_telephone_type fk_4ac10b467ebab75b9d52d672710e520d; Type: FK CONSTRAINT; Schema: public; Owner: aperiosf
--

ALTER TABLE ONLY public.meta_telephone_type
    ADD CONSTRAINT fk_4ac10b467ebab75b9d52d672710e520d FOREIGN KEY (created_by) REFERENCES public.synap_user(id) DEFERRABLE;


--
-- Name: organization_profile fk_4acada02dad693522839aeea69ccd91d; Type: FK CONSTRAINT; Schema: public; Owner: aperiosf
--

ALTER TABLE ONLY public.organization_profile
    ADD CONSTRAINT fk_4acada02dad693522839aeea69ccd91d FOREIGN KEY (created_by) REFERENCES public.synap_user(id) DEFERRABLE;


--
-- Name: meta_ccda_export_log_type fk_4b30a374249531e324eb1ff3742201bd; Type: FK CONSTRAINT; Schema: public; Owner: aperiosf
--

ALTER TABLE ONLY public.meta_ccda_export_log_type
    ADD CONSTRAINT fk_4b30a374249531e324eb1ff3742201bd FOREIGN KEY (created_by) REFERENCES public.synap_user(id) DEFERRABLE;


--
-- Name: meta_allergy_severity fk_4b6b8722d72881b4bfd54dde505a5ea9; Type: FK CONSTRAINT; Schema: public; Owner: aperiosf
--

ALTER TABLE ONLY public.meta_allergy_severity
    ADD CONSTRAINT fk_4b6b8722d72881b4bfd54dde505a5ea9 FOREIGN KEY (value) REFERENCES public.meta_label(id) DEFERRABLE;


--
-- Name: patient_diagnosis fk_4bc876f536724548a9de34d3b4e9ad8f; Type: FK CONSTRAINT; Schema: public; Owner: aperiosf
--

ALTER TABLE ONLY public.patient_diagnosis
    ADD CONSTRAINT fk_4bc876f536724548a9de34d3b4e9ad8f FOREIGN KEY (created_by) REFERENCES public.synap_user(id) DEFERRABLE;


--
-- Name: preferred_provider fk_4bcfc9bd73b34bf762767bd673846fc5; Type: FK CONSTRAINT; Schema: public; Owner: aperiosf
--

ALTER TABLE ONLY public.preferred_provider
    ADD CONSTRAINT fk_4bcfc9bd73b34bf762767bd673846fc5 FOREIGN KEY (service_type) REFERENCES public.meta_provider_service_type(id) DEFERRABLE;


--
-- Name: course_session fk_4be241057e277d6415baddd0dacadbb8; Type: FK CONSTRAINT; Schema: public; Owner: aperiosf
--

ALTER TABLE ONLY public.course_session
    ADD CONSTRAINT fk_4be241057e277d6415baddd0dacadbb8 FOREIGN KEY (organization_id) REFERENCES public.organization(id) DEFERRABLE;


--
-- Name: meta_clinical_document_type fk_4d654efe12583a3ee4c4cd4020e0dff4; Type: FK CONSTRAINT; Schema: public; Owner: aperiosf
--

ALTER TABLE ONLY public.meta_clinical_document_type
    ADD CONSTRAINT fk_4d654efe12583a3ee4c4cd4020e0dff4 FOREIGN KEY (created_by) REFERENCES public.synap_user(id) DEFERRABLE;


--
-- Name: meta_default_status fk_4fb819b06fa8c54034ed076a0126ea02; Type: FK CONSTRAINT; Schema: public; Owner: aperiosf
--

ALTER TABLE ONLY public.meta_default_status
    ADD CONSTRAINT fk_4fb819b06fa8c54034ed076a0126ea02 FOREIGN KEY (organization_id) REFERENCES public.organization(id) DEFERRABLE;


--
-- Name: meta_ethnicity fk_4fbead5cbc8e7c8edefe282f20466d7a; Type: FK CONSTRAINT; Schema: public; Owner: aperiosf
--

ALTER TABLE ONLY public.meta_ethnicity
    ADD CONSTRAINT fk_4fbead5cbc8e7c8edefe282f20466d7a FOREIGN KEY (organization_id) REFERENCES public.organization(id) DEFERRABLE;


--
-- Name: patient_contact_address fk_50199f574e4a699ad17a9d7491064bce; Type: FK CONSTRAINT; Schema: public; Owner: aperiosf
--

ALTER TABLE ONLY public.patient_contact_address
    ADD CONSTRAINT fk_50199f574e4a699ad17a9d7491064bce FOREIGN KEY (created_by) REFERENCES public.synap_user(id) DEFERRABLE;


--
-- Name: patient_social_needs fk_5062931bffe66957dd4daaea1be53555; Type: FK CONSTRAINT; Schema: public; Owner: aperiosf
--

ALTER TABLE ONLY public.patient_social_needs
    ADD CONSTRAINT fk_5062931bffe66957dd4daaea1be53555 FOREIGN KEY (created_by) REFERENCES public.synap_user(id) DEFERRABLE;


--
-- Name: patient_diagnosis fk_50968fc857b62ea24088a6a9f427720a; Type: FK CONSTRAINT; Schema: public; Owner: aperiosf
--

ALTER TABLE ONLY public.patient_diagnosis
    ADD CONSTRAINT fk_50968fc857b62ea24088a6a9f427720a FOREIGN KEY (patient_id) REFERENCES public.patient(id) DEFERRABLE;


--
-- Name: organization_employee_telephone fk_5111c4f0310c1f0c84c56ca30b382267; Type: FK CONSTRAINT; Schema: public; Owner: aperiosf
--

ALTER TABLE ONLY public.organization_employee_telephone
    ADD CONSTRAINT fk_5111c4f0310c1f0c84c56ca30b382267 FOREIGN KEY (organization_id) REFERENCES public.organization(id) DEFERRABLE;


--
-- Name: meta_label fk_53883f398c371a0e16529e71e2306029; Type: FK CONSTRAINT; Schema: public; Owner: aperiosf
--

ALTER TABLE ONLY public.meta_label
    ADD CONSTRAINT fk_53883f398c371a0e16529e71e2306029 FOREIGN KEY (organization_id) REFERENCES public.organization(id) DEFERRABLE;


--
-- Name: patient_vital fk_54293e10520a8d88d3590b5471ad6ed2; Type: FK CONSTRAINT; Schema: public; Owner: aperiosf
--

ALTER TABLE ONLY public.patient_vital
    ADD CONSTRAINT fk_54293e10520a8d88d3590b5471ad6ed2 FOREIGN KEY (created_by) REFERENCES public.synap_user(id) DEFERRABLE;


--
-- Name: meta_zip_code fk_57c25ea2938c25507ac3292fffaf0d1c; Type: FK CONSTRAINT; Schema: public; Owner: aperiosf
--

ALTER TABLE ONLY public.meta_zip_code
    ADD CONSTRAINT fk_57c25ea2938c25507ac3292fffaf0d1c FOREIGN KEY (state) REFERENCES public.meta_state(id) DEFERRABLE;


--
-- Name: meta_housing_status fk_58c3aa86081091ce5a067f057a46d8ff; Type: FK CONSTRAINT; Schema: public; Owner: aperiosf
--

ALTER TABLE ONLY public.meta_housing_status
    ADD CONSTRAINT fk_58c3aa86081091ce5a067f057a46d8ff FOREIGN KEY (organization_id) REFERENCES public.organization(id) DEFERRABLE;


--
-- Name: patient_primary_care_provider fk_58c5d1fcc093f528677b81f57cee997f; Type: FK CONSTRAINT; Schema: public; Owner: aperiosf
--

ALTER TABLE ONLY public.patient_primary_care_provider
    ADD CONSTRAINT fk_58c5d1fcc093f528677b81f57cee997f FOREIGN KEY (state) REFERENCES public.meta_state(id) DEFERRABLE;


--
-- Name: organization_employee_telephone fk_5928b0d78be85c642d9d8d4912f68f20; Type: FK CONSTRAINT; Schema: public; Owner: aperiosf
--

ALTER TABLE ONLY public.organization_employee_telephone
    ADD CONSTRAINT fk_5928b0d78be85c642d9d8d4912f68f20 FOREIGN KEY (telephone_type) REFERENCES public.meta_telephone_type(id) DEFERRABLE;


--
-- Name: work_list_assignee_patient fk_59bcb60f14929721dd17c496555ab122; Type: FK CONSTRAINT; Schema: public; Owner: aperiosf
--

ALTER TABLE ONLY public.work_list_assignee_patient
    ADD CONSTRAINT fk_59bcb60f14929721dd17c496555ab122 FOREIGN KEY (work_list_id) REFERENCES public.work_list(id) DEFERRABLE;


--
-- Name: meta_race fk_5b42b8c939e83bebc86cfd7d04d4481b; Type: FK CONSTRAINT; Schema: public; Owner: aperiosf
--

ALTER TABLE ONLY public.meta_race
    ADD CONSTRAINT fk_5b42b8c939e83bebc86cfd7d04d4481b FOREIGN KEY (organization_id) REFERENCES public.organization(id) DEFERRABLE;


--
-- Name: work_list fk_5b4e5bfc20e1c09ad08a621ea722fec4; Type: FK CONSTRAINT; Schema: public; Owner: aperiosf
--

ALTER TABLE ONLY public.work_list
    ADD CONSTRAINT fk_5b4e5bfc20e1c09ad08a621ea722fec4 FOREIGN KEY (created_by) REFERENCES public.synap_user(id) DEFERRABLE;


--
-- Name: meta_patient_status fk_5bc4f78a6416583e21f25fe684878c0f; Type: FK CONSTRAINT; Schema: public; Owner: aperiosf
--

ALTER TABLE ONLY public.meta_patient_status
    ADD CONSTRAINT fk_5bc4f78a6416583e21f25fe684878c0f FOREIGN KEY (organization_id) REFERENCES public.organization(id) DEFERRABLE;


--
-- Name: patient_medication fk_5d62f5559524ae3922cbefa0ef2c52ae; Type: FK CONSTRAINT; Schema: public; Owner: aperiosf
--

ALTER TABLE ONLY public.patient_medication
    ADD CONSTRAINT fk_5d62f5559524ae3922cbefa0ef2c52ae FOREIGN KEY (created_by) REFERENCES public.synap_user(id) DEFERRABLE;


--
-- Name: work_list fk_5e5d9330067ec48d8b88c281b55e1c76; Type: FK CONSTRAINT; Schema: public; Owner: aperiosf
--

ALTER TABLE ONLY public.work_list
    ADD CONSTRAINT fk_5e5d9330067ec48d8b88c281b55e1c76 FOREIGN KEY (hide_from_employee) REFERENCES public.organization_employee(id) DEFERRABLE;


--
-- Name: meta_field_defination_type fk_5f1965ace0e3b1617926c40b82c59c3c; Type: FK CONSTRAINT; Schema: public; Owner: aperiosf
--

ALTER TABLE ONLY public.meta_field_defination_type
    ADD CONSTRAINT fk_5f1965ace0e3b1617926c40b82c59c3c FOREIGN KEY (organization_id) REFERENCES public.organization(id) DEFERRABLE;


--
-- Name: meta_housing_upgrade_status fk_5f240ab612a9c8fe536d3d9e243e94e6; Type: FK CONSTRAINT; Schema: public; Owner: aperiosf
--

ALTER TABLE ONLY public.meta_housing_upgrade_status
    ADD CONSTRAINT fk_5f240ab612a9c8fe536d3d9e243e94e6 FOREIGN KEY (created_by) REFERENCES public.synap_user(id) DEFERRABLE;


--
-- Name: meta_relationship fk_5f5bdb12e700f6bf9fcb568a409df29f; Type: FK CONSTRAINT; Schema: public; Owner: aperiosf
--

ALTER TABLE ONLY public.meta_relationship
    ADD CONSTRAINT fk_5f5bdb12e700f6bf9fcb568a409df29f FOREIGN KEY (value) REFERENCES public.meta_label(id) DEFERRABLE;


--
-- Name: course_session_attendance fk_5fa4f1423b101f5d3f3cfeab388d08aa; Type: FK CONSTRAINT; Schema: public; Owner: aperiosf
--

ALTER TABLE ONLY public.course_session_attendance
    ADD CONSTRAINT fk_5fa4f1423b101f5d3f3cfeab388d08aa FOREIGN KEY (course_id) REFERENCES public.course(id) DEFERRABLE;


--
-- Name: meta_ccda_export_status fk_606cc704acb0d5feff33a99ada79933c; Type: FK CONSTRAINT; Schema: public; Owner: aperiosf
--

ALTER TABLE ONLY public.meta_ccda_export_status
    ADD CONSTRAINT fk_606cc704acb0d5feff33a99ada79933c FOREIGN KEY (created_by) REFERENCES public.synap_user(id) DEFERRABLE;


--
-- Name: meta_military_status fk_60b840f05badd58012f4340c1afaac87; Type: FK CONSTRAINT; Schema: public; Owner: aperiosf
--

ALTER TABLE ONLY public.meta_military_status
    ADD CONSTRAINT fk_60b840f05badd58012f4340c1afaac87 FOREIGN KEY (organization_id) REFERENCES public.organization(id) DEFERRABLE;


--
-- Name: data_import_request fk_60d0c19743b6831d248c8ca6114fc79e; Type: FK CONSTRAINT; Schema: public; Owner: aperiosf
--

ALTER TABLE ONLY public.data_import_request
    ADD CONSTRAINT fk_60d0c19743b6831d248c8ca6114fc79e FOREIGN KEY (created_by) REFERENCES public.synap_user(id) DEFERRABLE;


--
-- Name: meta_weight_unit fk_6109d11f48876ef9f02fa85cc667f34e; Type: FK CONSTRAINT; Schema: public; Owner: aperiosf
--

ALTER TABLE ONLY public.meta_weight_unit
    ADD CONSTRAINT fk_6109d11f48876ef9f02fa85cc667f34e FOREIGN KEY (created_by) REFERENCES public.synap_user(id) DEFERRABLE;


--
-- Name: organization_employee fk_63677c797220a1fb6d0745267189da0b; Type: FK CONSTRAINT; Schema: public; Owner: aperiosf
--

ALTER TABLE ONLY public.organization_employee
    ADD CONSTRAINT fk_63677c797220a1fb6d0745267189da0b FOREIGN KEY (synap_user_id) REFERENCES public.synap_user(id) DEFERRABLE;


--
-- Name: course_session fk_649a347379331a44666ab162b901f276; Type: FK CONSTRAINT; Schema: public; Owner: aperiosf
--

ALTER TABLE ONLY public.course_session
    ADD CONSTRAINT fk_649a347379331a44666ab162b901f276 FOREIGN KEY (created_by) REFERENCES public.synap_user(id) DEFERRABLE;


--
-- Name: meta_user_type fk_650a08a7a8a27f55fa24f803ba2d9f78; Type: FK CONSTRAINT; Schema: public; Owner: aperiosf
--

ALTER TABLE ONLY public.meta_user_type
    ADD CONSTRAINT fk_650a08a7a8a27f55fa24f803ba2d9f78 FOREIGN KEY (organization_id) REFERENCES public.organization(id) DEFERRABLE;


--
-- Name: ccda_export_log fk_650ea50674f07e8e427cdb74c5a2489a; Type: FK CONSTRAINT; Schema: public; Owner: aperiosf
--

ALTER TABLE ONLY public.ccda_export_log
    ADD CONSTRAINT fk_650ea50674f07e8e427cdb74c5a2489a FOREIGN KEY (patient_id) REFERENCES public.patient(id) DEFERRABLE;


--
-- Name: ccda_export_include_sections fk_656ab26c6851a7b3ec91f833c3da54af; Type: FK CONSTRAINT; Schema: public; Owner: aperiosf
--

ALTER TABLE ONLY public.ccda_export_include_sections
    ADD CONSTRAINT fk_656ab26c6851a7b3ec91f833c3da54af FOREIGN KEY (include_sections) REFERENCES public.meta_ccda_sections(id) DEFERRABLE;


--
-- Name: patient_medication fk_68345d2e5e672cbdcb3ae6e54c213723; Type: FK CONSTRAINT; Schema: public; Owner: aperiosf
--

ALTER TABLE ONLY public.patient_medication
    ADD CONSTRAINT fk_68345d2e5e672cbdcb3ae6e54c213723 FOREIGN KEY (patient_id) REFERENCES public.patient(id) DEFERRABLE;


--
-- Name: course fk_6844fd746c6736efdf136c750bcb3b86; Type: FK CONSTRAINT; Schema: public; Owner: aperiosf
--

ALTER TABLE ONLY public.course
    ADD CONSTRAINT fk_6844fd746c6736efdf136c750bcb3b86 FOREIGN KEY (status) REFERENCES public.meta_basic_status(id) DEFERRABLE;


--
-- Name: care_continuity_import_request fk_6851eedf9cc9fc4bf2de032f0527143c; Type: FK CONSTRAINT; Schema: public; Owner: aperiosf
--

ALTER TABLE ONLY public.care_continuity_import_request
    ADD CONSTRAINT fk_6851eedf9cc9fc4bf2de032f0527143c FOREIGN KEY (patient_id) REFERENCES public.patient(id) DEFERRABLE;


--
-- Name: client_document_file fk_68951f1cb423236876fe6741f943f3bf; Type: FK CONSTRAINT; Schema: public; Owner: aperiosf
--

ALTER TABLE ONLY public.client_document_file
    ADD CONSTRAINT fk_68951f1cb423236876fe6741f943f3bf FOREIGN KEY (client_document_id) REFERENCES public.client_document(id) DEFERRABLE;


--
-- Name: meta_patient_document_type fk_68b7cf98b4f942f3e8e6d04776e66a7d; Type: FK CONSTRAINT; Schema: public; Owner: aperiosf
--

ALTER TABLE ONLY public.meta_patient_document_type
    ADD CONSTRAINT fk_68b7cf98b4f942f3e8e6d04776e66a7d FOREIGN KEY (value) REFERENCES public.meta_label(id) DEFERRABLE;


--
-- Name: care_continuity_import_request fk_690f1451b28fbff61276112437959da0; Type: FK CONSTRAINT; Schema: public; Owner: aperiosf
--

ALTER TABLE ONLY public.care_continuity_import_request
    ADD CONSTRAINT fk_690f1451b28fbff61276112437959da0 FOREIGN KEY (folder_id) REFERENCES public.organization_folder(id) DEFERRABLE;


--
-- Name: meta_language fk_69124f15a64f2a09c38b45b6ea54f6ff; Type: FK CONSTRAINT; Schema: public; Owner: aperiosf
--

ALTER TABLE ONLY public.meta_language
    ADD CONSTRAINT fk_69124f15a64f2a09c38b45b6ea54f6ff FOREIGN KEY (created_by) REFERENCES public.synap_user(id) DEFERRABLE;


--
-- Name: meta_provider_service_type fk_6931aba28994662fe1301f57d11b300e; Type: FK CONSTRAINT; Schema: public; Owner: aperiosf
--

ALTER TABLE ONLY public.meta_provider_service_type
    ADD CONSTRAINT fk_6931aba28994662fe1301f57d11b300e FOREIGN KEY (created_by) REFERENCES public.synap_user(id) DEFERRABLE;


--
-- Name: meta_employment_status fk_69de68b431f77be2a176ea155c589818; Type: FK CONSTRAINT; Schema: public; Owner: aperiosf
--

ALTER TABLE ONLY public.meta_employment_status
    ADD CONSTRAINT fk_69de68b431f77be2a176ea155c589818 FOREIGN KEY (created_by) REFERENCES public.synap_user(id) DEFERRABLE;


--
-- Name: meta_data_family fk_6ab932dc6f7cfa049869497be705daab; Type: FK CONSTRAINT; Schema: public; Owner: aperiosf
--

ALTER TABLE ONLY public.meta_data_family
    ADD CONSTRAINT fk_6ab932dc6f7cfa049869497be705daab FOREIGN KEY (created_by) REFERENCES public.synap_user(id) DEFERRABLE;


--
-- Name: meta_label fk_6bbfa4c6b4996e455058e289f03d2884; Type: FK CONSTRAINT; Schema: public; Owner: aperiosf
--

ALTER TABLE ONLY public.meta_label
    ADD CONSTRAINT fk_6bbfa4c6b4996e455058e289f03d2884 FOREIGN KEY (created_by) REFERENCES public.synap_user(id) DEFERRABLE;


--
-- Name: patient_contact_address fk_6bf4e371c782d7e896eeefd144570f00; Type: FK CONSTRAINT; Schema: public; Owner: aperiosf
--

ALTER TABLE ONLY public.patient_contact_address
    ADD CONSTRAINT fk_6bf4e371c782d7e896eeefd144570f00 FOREIGN KEY (address_type) REFERENCES public.meta_address_type(id) DEFERRABLE;


--
-- Name: meta_patient_diagnosis_status fk_6c402bf972a10880e6ca62e223e1af65; Type: FK CONSTRAINT; Schema: public; Owner: aperiosf
--

ALTER TABLE ONLY public.meta_patient_diagnosis_status
    ADD CONSTRAINT fk_6c402bf972a10880e6ca62e223e1af65 FOREIGN KEY (created_by) REFERENCES public.synap_user(id) DEFERRABLE;


--
-- Name: ccda_export_include_sections fk_6d7a046d18ee208e45ee5388052e9260; Type: FK CONSTRAINT; Schema: public; Owner: aperiosf
--

ALTER TABLE ONLY public.ccda_export_include_sections
    ADD CONSTRAINT fk_6d7a046d18ee208e45ee5388052e9260 FOREIGN KEY (ccda_export_id) REFERENCES public.ccda_export(id) DEFERRABLE;


--
-- Name: meta_marital_status fk_6e57557ee4a029f77f0c828962a7aac2; Type: FK CONSTRAINT; Schema: public; Owner: aperiosf
--

ALTER TABLE ONLY public.meta_marital_status
    ADD CONSTRAINT fk_6e57557ee4a029f77f0c828962a7aac2 FOREIGN KEY (organization_id) REFERENCES public.organization(id) DEFERRABLE;


--
-- Name: viewed_client fk_6ea0d44408d2c678be596ae8b22f0033; Type: FK CONSTRAINT; Schema: public; Owner: aperiosf
--

ALTER TABLE ONLY public.viewed_client
    ADD CONSTRAINT fk_6ea0d44408d2c678be596ae8b22f0033 FOREIGN KEY (created_by) REFERENCES public.synap_user(id) DEFERRABLE;


--
-- Name: meta_patient_identity_type fk_6ef5839a566ef72840701d14f13d1804; Type: FK CONSTRAINT; Schema: public; Owner: aperiosf
--

ALTER TABLE ONLY public.meta_patient_identity_type
    ADD CONSTRAINT fk_6ef5839a566ef72840701d14f13d1804 FOREIGN KEY (organization_id) REFERENCES public.organization(id) DEFERRABLE;


--
-- Name: ccda_export_log fk_6f1f316e806a5ab653c4d9a30429d9ae; Type: FK CONSTRAINT; Schema: public; Owner: aperiosf
--

ALTER TABLE ONLY public.ccda_export_log
    ADD CONSTRAINT fk_6f1f316e806a5ab653c4d9a30429d9ae FOREIGN KEY (ccda_export_id) REFERENCES public.ccda_export(id) DEFERRABLE;


--
-- Name: meta_temperature_unit fk_6fec3629e8a9bab5eefad9f228276287; Type: FK CONSTRAINT; Schema: public; Owner: aperiosf
--

ALTER TABLE ONLY public.meta_temperature_unit
    ADD CONSTRAINT fk_6fec3629e8a9bab5eefad9f228276287 FOREIGN KEY (created_by) REFERENCES public.synap_user(id) DEFERRABLE;


--
-- Name: patient fk_702ad19c8dffc1d453dc981bc467db2f; Type: FK CONSTRAINT; Schema: public; Owner: aperiosf
--

ALTER TABLE ONLY public.patient
    ADD CONSTRAINT fk_702ad19c8dffc1d453dc981bc467db2f FOREIGN KEY (military_status) REFERENCES public.meta_military_status(id) DEFERRABLE;


--
-- Name: meta_pain_level fk_704674ab7044e8ed36840ce3b55870b7; Type: FK CONSTRAINT; Schema: public; Owner: aperiosf
--

ALTER TABLE ONLY public.meta_pain_level
    ADD CONSTRAINT fk_704674ab7044e8ed36840ce3b55870b7 FOREIGN KEY (created_by) REFERENCES public.synap_user(id) DEFERRABLE;


--
-- Name: patient fk_70644183cad7545fc43cd6d01631d919; Type: FK CONSTRAINT; Schema: public; Owner: aperiosf
--

ALTER TABLE ONLY public.patient
    ADD CONSTRAINT fk_70644183cad7545fc43cd6d01631d919 FOREIGN KEY (synap_user_id) REFERENCES public.synap_user(id) DEFERRABLE;


--
-- Name: meta_label_detail fk_70e3ff512d729cbfedf8591e30e7bfe3; Type: FK CONSTRAINT; Schema: public; Owner: aperiosf
--

ALTER TABLE ONLY public.meta_label_detail
    ADD CONSTRAINT fk_70e3ff512d729cbfedf8591e30e7bfe3 FOREIGN KEY (meta_language_id) REFERENCES public.meta_language(id) DEFERRABLE;


--
-- Name: meta_timezone fk_71d796ef890acdc0740c4073821bc70e; Type: FK CONSTRAINT; Schema: public; Owner: aperiosf
--

ALTER TABLE ONLY public.meta_timezone
    ADD CONSTRAINT fk_71d796ef890acdc0740c4073821bc70e FOREIGN KEY (organization_id) REFERENCES public.organization(id) DEFERRABLE;


--
-- Name: patient_medication fk_72fbc1f9efce1e2def925cc3b4861997; Type: FK CONSTRAINT; Schema: public; Owner: aperiosf
--

ALTER TABLE ONLY public.patient_medication
    ADD CONSTRAINT fk_72fbc1f9efce1e2def925cc3b4861997 FOREIGN KEY (status) REFERENCES public.meta_default_status(id) DEFERRABLE;


--
-- Name: meta_diagnostic_code fk_73857e94e3ad14da25aff7e0920da536; Type: FK CONSTRAINT; Schema: public; Owner: aperiosf
--

ALTER TABLE ONLY public.meta_diagnostic_code
    ADD CONSTRAINT fk_73857e94e3ad14da25aff7e0920da536 FOREIGN KEY (organization_id) REFERENCES public.organization(id) DEFERRABLE;


--
-- Name: meta_address_type fk_73c88b03f2726c0a3791f199c06a047d; Type: FK CONSTRAINT; Schema: public; Owner: aperiosf
--

ALTER TABLE ONLY public.meta_address_type
    ADD CONSTRAINT fk_73c88b03f2726c0a3791f199c06a047d FOREIGN KEY (value) REFERENCES public.meta_label(id) DEFERRABLE;


--
-- Name: meta_permission fk_755fd7767da715daab5d2ea1647f9ade; Type: FK CONSTRAINT; Schema: public; Owner: aperiosf
--

ALTER TABLE ONLY public.meta_permission
    ADD CONSTRAINT fk_755fd7767da715daab5d2ea1647f9ade FOREIGN KEY (created_by) REFERENCES public.synap_user(id) DEFERRABLE;


--
-- Name: viewed_client fk_760f7018e23edce4e75e717fa0f1bf59; Type: FK CONSTRAINT; Schema: public; Owner: aperiosf
--

ALTER TABLE ONLY public.viewed_client
    ADD CONSTRAINT fk_760f7018e23edce4e75e717fa0f1bf59 FOREIGN KEY (organization_id) REFERENCES public.organization(id) DEFERRABLE;


--
-- Name: patient_primary_care_provider fk_77b9f95f8e456c2daf5fff4cf705135b; Type: FK CONSTRAINT; Schema: public; Owner: aperiosf
--

ALTER TABLE ONLY public.patient_primary_care_provider
    ADD CONSTRAINT fk_77b9f95f8e456c2daf5fff4cf705135b FOREIGN KEY (created_by) REFERENCES public.synap_user(id) DEFERRABLE;


--
-- Name: meta_allergy_severity fk_7998509837f47e83c233965b97a44c2e; Type: FK CONSTRAINT; Schema: public; Owner: aperiosf
--

ALTER TABLE ONLY public.meta_allergy_severity
    ADD CONSTRAINT fk_7998509837f47e83c233965b97a44c2e FOREIGN KEY (created_by) REFERENCES public.synap_user(id) DEFERRABLE;


--
-- Name: meta_medication_delivery_route fk_79c61249d3d5afef036ea95daf0156d0; Type: FK CONSTRAINT; Schema: public; Owner: aperiosf
--

ALTER TABLE ONLY public.meta_medication_delivery_route
    ADD CONSTRAINT fk_79c61249d3d5afef036ea95daf0156d0 FOREIGN KEY (organization_id) REFERENCES public.organization(id) DEFERRABLE;


--
-- Name: viewed_client fk_7a2f53e2c28f72c8a8688a2a414eb16a; Type: FK CONSTRAINT; Schema: public; Owner: aperiosf
--

ALTER TABLE ONLY public.viewed_client
    ADD CONSTRAINT fk_7a2f53e2c28f72c8a8688a2a414eb16a FOREIGN KEY (client_id) REFERENCES public.patient(id) DEFERRABLE;


--
-- Name: patient fk_7a6059501e42bf8635aa1cf31c9a5167; Type: FK CONSTRAINT; Schema: public; Owner: aperiosf
--

ALTER TABLE ONLY public.patient
    ADD CONSTRAINT fk_7a6059501e42bf8635aa1cf31c9a5167 FOREIGN KEY (created_by) REFERENCES public.synap_user(id) DEFERRABLE;


--
-- Name: ccda_export_request fk_7a86a7e3d3c54f9e758534df077b8786; Type: FK CONSTRAINT; Schema: public; Owner: aperiosf
--

ALTER TABLE ONLY public.ccda_export_request
    ADD CONSTRAINT fk_7a86a7e3d3c54f9e758534df077b8786 FOREIGN KEY (created_by) REFERENCES public.synap_user(id) DEFERRABLE;


--
-- Name: housing_upgrade fk_7b64276fce79ae0bacfac0a6ed902989; Type: FK CONSTRAINT; Schema: public; Owner: aperiosf
--

ALTER TABLE ONLY public.housing_upgrade
    ADD CONSTRAINT fk_7b64276fce79ae0bacfac0a6ed902989 FOREIGN KEY (assigned_user) REFERENCES public.organization_employee(id) DEFERRABLE;


--
-- Name: organization_employee fk_7bcfea9f47920295ecc9b083c79329db; Type: FK CONSTRAINT; Schema: public; Owner: aperiosf
--

ALTER TABLE ONLY public.organization_employee
    ADD CONSTRAINT fk_7bcfea9f47920295ecc9b083c79329db FOREIGN KEY (gender) REFERENCES public.meta_gender(id) DEFERRABLE;


--
-- Name: meta_ccda_sections fk_7c6c643ab426b6999b8b2bcddf1119f5; Type: FK CONSTRAINT; Schema: public; Owner: aperiosf
--

ALTER TABLE ONLY public.meta_ccda_sections
    ADD CONSTRAINT fk_7c6c643ab426b6999b8b2bcddf1119f5 FOREIGN KEY (value) REFERENCES public.meta_label(id) DEFERRABLE;


--
-- Name: patient fk_7cad235d27f6a6bd75ad3dc93dcba1b9; Type: FK CONSTRAINT; Schema: public; Owner: aperiosf
--

ALTER TABLE ONLY public.patient
    ADD CONSTRAINT fk_7cad235d27f6a6bd75ad3dc93dcba1b9 FOREIGN KEY (preferred_language) REFERENCES public.meta_language(id) DEFERRABLE;


--
-- Name: course fk_7ceff0459b17c2ad8a99d438b078a9ce; Type: FK CONSTRAINT; Schema: public; Owner: aperiosf
--

ALTER TABLE ONLY public.course
    ADD CONSTRAINT fk_7ceff0459b17c2ad8a99d438b078a9ce FOREIGN KEY (organization_id) REFERENCES public.organization(id) DEFERRABLE;


--
-- Name: patient_contact fk_7ef5633528a516dc432827c85c7ff79b; Type: FK CONSTRAINT; Schema: public; Owner: aperiosf
--

ALTER TABLE ONLY public.patient_contact
    ADD CONSTRAINT fk_7ef5633528a516dc432827c85c7ff79b FOREIGN KEY (created_by) REFERENCES public.synap_user(id) DEFERRABLE;


--
-- Name: meta_ccda_export_log_type fk_7f266f44a7f3dc13e034689f4834d5bf; Type: FK CONSTRAINT; Schema: public; Owner: aperiosf
--

ALTER TABLE ONLY public.meta_ccda_export_log_type
    ADD CONSTRAINT fk_7f266f44a7f3dc13e034689f4834d5bf FOREIGN KEY (organization_id) REFERENCES public.organization(id) DEFERRABLE;


--
-- Name: meta_day_of_week fk_7f926a592fdae8c9fe944c8202f6e1d8; Type: FK CONSTRAINT; Schema: public; Owner: aperiosf
--

ALTER TABLE ONLY public.meta_day_of_week
    ADD CONSTRAINT fk_7f926a592fdae8c9fe944c8202f6e1d8 FOREIGN KEY (value) REFERENCES public.meta_label(id) DEFERRABLE;


--
-- Name: work_list fk_80192526e7a3b07e80fd2992bae03552; Type: FK CONSTRAINT; Schema: public; Owner: aperiosf
--

ALTER TABLE ONLY public.work_list
    ADD CONSTRAINT fk_80192526e7a3b07e80fd2992bae03552 FOREIGN KEY (author_employee) REFERENCES public.organization_employee(id) DEFERRABLE;


--
-- Name: meta_user_type fk_8223bd6899ce100da5fd3308f2ee813c; Type: FK CONSTRAINT; Schema: public; Owner: aperiosf
--

ALTER TABLE ONLY public.meta_user_type
    ADD CONSTRAINT fk_8223bd6899ce100da5fd3308f2ee813c FOREIGN KEY (created_by) REFERENCES public.synap_user(id) DEFERRABLE;


--
-- Name: course_session_custom_field_value fk_826eae422cc0d2897c1c79d61e3c13ab; Type: FK CONSTRAINT; Schema: public; Owner: aperiosf
--

ALTER TABLE ONLY public.course_session_custom_field_value
    ADD CONSTRAINT fk_826eae422cc0d2897c1c79d61e3c13ab FOREIGN KEY (organization_id) REFERENCES public.organization(id) DEFERRABLE;


--
-- Name: patient fk_830359c264bc4fc717584110e2ba8501; Type: FK CONSTRAINT; Schema: public; Owner: aperiosf
--

ALTER TABLE ONLY public.patient
    ADD CONSTRAINT fk_830359c264bc4fc717584110e2ba8501 FOREIGN KEY (employment_status) REFERENCES public.meta_employment_status(id) DEFERRABLE;


--
-- Name: patient_contact fk_834db22f440f2e0a8a9d9a302c62c3c8; Type: FK CONSTRAINT; Schema: public; Owner: aperiosf
--

ALTER TABLE ONLY public.patient_contact
    ADD CONSTRAINT fk_834db22f440f2e0a8a9d9a302c62c3c8 FOREIGN KEY (relationship) REFERENCES public.meta_family_relationship(id) DEFERRABLE;


--
-- Name: data_export_request fk_850672c8250e79d0baa15cd90925238e; Type: FK CONSTRAINT; Schema: public; Owner: aperiosf
--

ALTER TABLE ONLY public.data_export_request
    ADD CONSTRAINT fk_850672c8250e79d0baa15cd90925238e FOREIGN KEY (organization_id) REFERENCES public.organization(id) DEFERRABLE;


--
-- Name: synap_user_token fk_8582d6fcc029958d0caa2939e96858f9; Type: FK CONSTRAINT; Schema: public; Owner: aperiosf
--

ALTER TABLE ONLY public.synap_user_token
    ADD CONSTRAINT fk_8582d6fcc029958d0caa2939e96858f9 FOREIGN KEY (synap_user_id) REFERENCES public.synap_user(id) DEFERRABLE;


--
-- Name: client_note fk_85b07533d571c4e8b97f5c538fbd07ce; Type: FK CONSTRAINT; Schema: public; Owner: aperiosf
--

ALTER TABLE ONLY public.client_note
    ADD CONSTRAINT fk_85b07533d571c4e8b97f5c538fbd07ce FOREIGN KEY (organization_id) REFERENCES public.organization(id) DEFERRABLE;


--
-- Name: meta_allergy_severity fk_86da95de20b8fea18b2f77f41d40f273; Type: FK CONSTRAINT; Schema: public; Owner: aperiosf
--

ALTER TABLE ONLY public.meta_allergy_severity
    ADD CONSTRAINT fk_86da95de20b8fea18b2f77f41d40f273 FOREIGN KEY (organization_id) REFERENCES public.organization(id) DEFERRABLE;


--
-- Name: patient_vital fk_889463f643d95d5016c8c02a4fe9147e; Type: FK CONSTRAINT; Schema: public; Owner: aperiosf
--

ALTER TABLE ONLY public.patient_vital
    ADD CONSTRAINT fk_889463f643d95d5016c8c02a4fe9147e FOREIGN KEY (organization_id) REFERENCES public.organization(id) DEFERRABLE;


--
-- Name: patient_primary_care_provider fk_889bbc6592404677dbd87c2888d1b1b0; Type: FK CONSTRAINT; Schema: public; Owner: aperiosf
--

ALTER TABLE ONLY public.patient_primary_care_provider
    ADD CONSTRAINT fk_889bbc6592404677dbd87c2888d1b1b0 FOREIGN KEY (patient_id) REFERENCES public.patient(id) DEFERRABLE;


--
-- Name: data_export_request fk_88c8aaff52d978775a5a9ee9b511e1cb; Type: FK CONSTRAINT; Schema: public; Owner: aperiosf
--

ALTER TABLE ONLY public.data_export_request
    ADD CONSTRAINT fk_88c8aaff52d978775a5a9ee9b511e1cb FOREIGN KEY (created_by) REFERENCES public.synap_user(id) DEFERRABLE;


--
-- Name: patient_race fk_88d3468df6d3dcfdd32a25cd22225c16; Type: FK CONSTRAINT; Schema: public; Owner: aperiosf
--

ALTER TABLE ONLY public.patient_race
    ADD CONSTRAINT fk_88d3468df6d3dcfdd32a25cd22225c16 FOREIGN KEY (race) REFERENCES public.meta_race(id) DEFERRABLE;


--
-- Name: ccda_import_allergy fk_88fcc43879aade30c900d908f184f495; Type: FK CONSTRAINT; Schema: public; Owner: aperiosf
--

ALTER TABLE ONLY public.ccda_import_allergy
    ADD CONSTRAINT fk_88fcc43879aade30c900d908f184f495 FOREIGN KEY (patient_id) REFERENCES public.patient(id) DEFERRABLE;


--
-- Name: ccda_import_medication fk_8912ca5c26e5f35fc7cc8f4095a8e62f; Type: FK CONSTRAINT; Schema: public; Owner: aperiosf
--

ALTER TABLE ONLY public.ccda_import_medication
    ADD CONSTRAINT fk_8912ca5c26e5f35fc7cc8f4095a8e62f FOREIGN KEY (created_by) REFERENCES public.synap_user(id) DEFERRABLE;


--
-- Name: patient fk_89d89bf8650c03039db221cec0f20b18; Type: FK CONSTRAINT; Schema: public; Owner: aperiosf
--

ALTER TABLE ONLY public.patient
    ADD CONSTRAINT fk_89d89bf8650c03039db221cec0f20b18 FOREIGN KEY (ethnicity) REFERENCES public.meta_ethnicity(id) DEFERRABLE;


--
-- Name: organization_employee_telephone fk_89fbc5a531a4fed530f098724b7e5c68; Type: FK CONSTRAINT; Schema: public; Owner: aperiosf
--

ALTER TABLE ONLY public.organization_employee_telephone
    ADD CONSTRAINT fk_89fbc5a531a4fed530f098724b7e5c68 FOREIGN KEY (organization_employee_id) REFERENCES public.organization_employee(id) DEFERRABLE;


--
-- Name: patient fk_8a286ed47c83e33bae1a5201f09312f8; Type: FK CONSTRAINT; Schema: public; Owner: aperiosf
--

ALTER TABLE ONLY public.patient
    ADD CONSTRAINT fk_8a286ed47c83e33bae1a5201f09312f8 FOREIGN KEY (marital_status) REFERENCES public.meta_marital_status(id) DEFERRABLE;


--
-- Name: patient_address fk_8a85019c979fc4509bb24857086ec3e5; Type: FK CONSTRAINT; Schema: public; Owner: aperiosf
--

ALTER TABLE ONLY public.patient_address
    ADD CONSTRAINT fk_8a85019c979fc4509bb24857086ec3e5 FOREIGN KEY (address_type) REFERENCES public.meta_address_type(id) DEFERRABLE;


--
-- Name: meta_day_of_week fk_8b7e4e2594a8cecc715bc3e6a3e58cde; Type: FK CONSTRAINT; Schema: public; Owner: aperiosf
--

ALTER TABLE ONLY public.meta_day_of_week
    ADD CONSTRAINT fk_8b7e4e2594a8cecc715bc3e6a3e58cde FOREIGN KEY (created_by) REFERENCES public.synap_user(id) DEFERRABLE;


--
-- Name: meta_care_continuity_document_type fk_8b8544efdacb5ece7e7a3648e62846bf; Type: FK CONSTRAINT; Schema: public; Owner: aperiosf
--

ALTER TABLE ONLY public.meta_care_continuity_document_type
    ADD CONSTRAINT fk_8b8544efdacb5ece7e7a3648e62846bf FOREIGN KEY (organization_id) REFERENCES public.organization(id) DEFERRABLE;


--
-- Name: client_document fk_8baad373179b2738a9406563fff1ef15; Type: FK CONSTRAINT; Schema: public; Owner: aperiosf
--

ALTER TABLE ONLY public.client_document
    ADD CONSTRAINT fk_8baad373179b2738a9406563fff1ef15 FOREIGN KEY (document_file) REFERENCES public.client_document_file(id) DEFERRABLE;


--
-- Name: ccda_import_allergy fk_8bb65dcfbc775ff4897e231457886a29; Type: FK CONSTRAINT; Schema: public; Owner: aperiosf
--

ALTER TABLE ONLY public.ccda_import_allergy
    ADD CONSTRAINT fk_8bb65dcfbc775ff4897e231457886a29 FOREIGN KEY (created_by) REFERENCES public.synap_user(id) DEFERRABLE;


--
-- Name: synap_user fk_8cfe90895debb1f19204944eec5b168d; Type: FK CONSTRAINT; Schema: public; Owner: aperiosf
--

ALTER TABLE ONLY public.synap_user
    ADD CONSTRAINT fk_8cfe90895debb1f19204944eec5b168d FOREIGN KEY (organization_id) REFERENCES public.organization(id) DEFERRABLE;


--
-- Name: organization_division fk_8e294f4f92214c16d80315b30ccfd89f; Type: FK CONSTRAINT; Schema: public; Owner: aperiosf
--

ALTER TABLE ONLY public.organization_division
    ADD CONSTRAINT fk_8e294f4f92214c16d80315b30ccfd89f FOREIGN KEY (telephone_type) REFERENCES public.meta_telephone_type(id) DEFERRABLE;


--
-- Name: meta_patient_document_type fk_8ef75ffb2ad19a37c866b3ff2e228dc1; Type: FK CONSTRAINT; Schema: public; Owner: aperiosf
--

ALTER TABLE ONLY public.meta_patient_document_type
    ADD CONSTRAINT fk_8ef75ffb2ad19a37c866b3ff2e228dc1 FOREIGN KEY (organization_id) REFERENCES public.organization(id) DEFERRABLE;


--
-- Name: ccda_import_medication fk_8f4d5cabead0c801359bc77b2a7fd627; Type: FK CONSTRAINT; Schema: public; Owner: aperiosf
--

ALTER TABLE ONLY public.ccda_import_medication
    ADD CONSTRAINT fk_8f4d5cabead0c801359bc77b2a7fd627 FOREIGN KEY (organization_id) REFERENCES public.organization(id) DEFERRABLE;


--
-- Name: patient_employment_info fk_8f80d937833a716d1deb7c05a76d70da; Type: FK CONSTRAINT; Schema: public; Owner: aperiosf
--

ALTER TABLE ONLY public.patient_employment_info
    ADD CONSTRAINT fk_8f80d937833a716d1deb7c05a76d70da FOREIGN KEY (patient_id) REFERENCES public.patient(id) DEFERRABLE;


--
-- Name: meta_military_status fk_904a4b7b294b90a459c7d9fef3a1a73f; Type: FK CONSTRAINT; Schema: public; Owner: aperiosf
--

ALTER TABLE ONLY public.meta_military_status
    ADD CONSTRAINT fk_904a4b7b294b90a459c7d9fef3a1a73f FOREIGN KEY (created_by) REFERENCES public.synap_user(id) DEFERRABLE;


--
-- Name: meta_patient_document_status fk_90c1a610d0a4409c2b4247b51ed1e50c; Type: FK CONSTRAINT; Schema: public; Owner: aperiosf
--

ALTER TABLE ONLY public.meta_patient_document_status
    ADD CONSTRAINT fk_90c1a610d0a4409c2b4247b51ed1e50c FOREIGN KEY (organization_id) REFERENCES public.organization(id) DEFERRABLE;


--
-- Name: patient_allergy fk_9100a7a777f323e3f5913d7c74f27ca2; Type: FK CONSTRAINT; Schema: public; Owner: aperiosf
--

ALTER TABLE ONLY public.patient_allergy
    ADD CONSTRAINT fk_9100a7a777f323e3f5913d7c74f27ca2 FOREIGN KEY (patient_id) REFERENCES public.patient(id) DEFERRABLE;


--
-- Name: patient_employment_info fk_9153ed32852db7b97ed18f08610465f4; Type: FK CONSTRAINT; Schema: public; Owner: aperiosf
--

ALTER TABLE ONLY public.patient_employment_info
    ADD CONSTRAINT fk_9153ed32852db7b97ed18f08610465f4 FOREIGN KEY (state) REFERENCES public.meta_state(id) DEFERRABLE;


--
-- Name: meta_smoking_status fk_91d28224f786e8468e020924050c89b4; Type: FK CONSTRAINT; Schema: public; Owner: aperiosf
--

ALTER TABLE ONLY public.meta_smoking_status
    ADD CONSTRAINT fk_91d28224f786e8468e020924050c89b4 FOREIGN KEY (organization_id) REFERENCES public.organization(id) DEFERRABLE;


--
-- Name: work_list_reminder_who_patient fk_91fe480e2f283766e012680055325868; Type: FK CONSTRAINT; Schema: public; Owner: aperiosf
--

ALTER TABLE ONLY public.work_list_reminder_who_patient
    ADD CONSTRAINT fk_91fe480e2f283766e012680055325868 FOREIGN KEY (who_patient) REFERENCES public.patient(id) DEFERRABLE;


--
-- Name: organization_employee_address fk_922f16c91138a430ecedcf6970188640; Type: FK CONSTRAINT; Schema: public; Owner: aperiosf
--

ALTER TABLE ONLY public.organization_employee_address
    ADD CONSTRAINT fk_922f16c91138a430ecedcf6970188640 FOREIGN KEY (address_type) REFERENCES public.meta_address_type(id) DEFERRABLE;


--
-- Name: work_list_approver fk_926c7c5d4dba98e5e7eeb26f29b8b0f8; Type: FK CONSTRAINT; Schema: public; Owner: aperiosf
--

ALTER TABLE ONLY public.work_list_approver
    ADD CONSTRAINT fk_926c7c5d4dba98e5e7eeb26f29b8b0f8 FOREIGN KEY (work_list_id) REFERENCES public.work_list(id) DEFERRABLE;


--
-- Name: client_document fk_929052423ca2d41fe05c1835f9484ebe; Type: FK CONSTRAINT; Schema: public; Owner: aperiosf
--

ALTER TABLE ONLY public.client_document
    ADD CONSTRAINT fk_929052423ca2d41fe05c1835f9484ebe FOREIGN KEY (patient_id) REFERENCES public.patient(id) DEFERRABLE;


--
-- Name: oml_property fk_93097e7237c6ae4fdb7976cd689db848; Type: FK CONSTRAINT; Schema: public; Owner: aperiosf
--

ALTER TABLE ONLY public.oml_property
    ADD CONSTRAINT fk_93097e7237c6ae4fdb7976cd689db848 FOREIGN KEY (object) REFERENCES public.oml_object(name) DEFERRABLE;


--
-- Name: ccda_import_diagnosis fk_93279f563bd361a652acab1b036ccb8c; Type: FK CONSTRAINT; Schema: public; Owner: aperiosf
--

ALTER TABLE ONLY public.ccda_import_diagnosis
    ADD CONSTRAINT fk_93279f563bd361a652acab1b036ccb8c FOREIGN KEY (patient_id) REFERENCES public.patient(id) DEFERRABLE;


--
-- Name: organization_division fk_93972761371c12c5925e4ae08c4f6ab1; Type: FK CONSTRAINT; Schema: public; Owner: aperiosf
--

ALTER TABLE ONLY public.organization_division
    ADD CONSTRAINT fk_93972761371c12c5925e4ae08c4f6ab1 FOREIGN KEY (address_type) REFERENCES public.meta_address_type(id) DEFERRABLE;


--
-- Name: patient_allergy fk_94048987d5ed1033b1d6b55c8318afb8; Type: FK CONSTRAINT; Schema: public; Owner: aperiosf
--

ALTER TABLE ONLY public.patient_allergy
    ADD CONSTRAINT fk_94048987d5ed1033b1d6b55c8318afb8 FOREIGN KEY (created_by) REFERENCES public.synap_user(id) DEFERRABLE;


--
-- Name: meta_allergy_type fk_944ab995460c71cce60f5fb5a3e0c6b2; Type: FK CONSTRAINT; Schema: public; Owner: aperiosf
--

ALTER TABLE ONLY public.meta_allergy_type
    ADD CONSTRAINT fk_944ab995460c71cce60f5fb5a3e0c6b2 FOREIGN KEY (value) REFERENCES public.meta_label(id) DEFERRABLE;


--
-- Name: meta_relationship fk_94fc700d41b39f7d10ebbfbbbd897d7d; Type: FK CONSTRAINT; Schema: public; Owner: aperiosf
--

ALTER TABLE ONLY public.meta_relationship
    ADD CONSTRAINT fk_94fc700d41b39f7d10ebbfbbbd897d7d FOREIGN KEY (meta_contact_type_id) REFERENCES public.meta_contact_type(id) DEFERRABLE;


--
-- Name: work_list_reminder fk_953d4a995101ebba6cfc3f7d639341eb; Type: FK CONSTRAINT; Schema: public; Owner: aperiosf
--

ALTER TABLE ONLY public.work_list_reminder
    ADD CONSTRAINT fk_953d4a995101ebba6cfc3f7d639341eb FOREIGN KEY (reminder_type) REFERENCES public.meta_work_list_reminder_type(id) DEFERRABLE;


--
-- Name: meta_height_unit fk_9583ac3ccc5f2acae2c4c29a2adabb3a; Type: FK CONSTRAINT; Schema: public; Owner: aperiosf
--

ALTER TABLE ONLY public.meta_height_unit
    ADD CONSTRAINT fk_9583ac3ccc5f2acae2c4c29a2adabb3a FOREIGN KEY (created_by) REFERENCES public.synap_user(id) DEFERRABLE;


--
-- Name: meta_contact_type fk_95c6d3824aed4c53fb99cedd6a4531a5; Type: FK CONSTRAINT; Schema: public; Owner: aperiosf
--

ALTER TABLE ONLY public.meta_contact_type
    ADD CONSTRAINT fk_95c6d3824aed4c53fb99cedd6a4531a5 FOREIGN KEY (organization_id) REFERENCES public.organization(id) DEFERRABLE;


--
-- Name: meta_address_type fk_95fd317eaf437f02dfb94a255d82f251; Type: FK CONSTRAINT; Schema: public; Owner: aperiosf
--

ALTER TABLE ONLY public.meta_address_type
    ADD CONSTRAINT fk_95fd317eaf437f02dfb94a255d82f251 FOREIGN KEY (organization_id) REFERENCES public.organization(id) DEFERRABLE;


--
-- Name: meta_day_of_week fk_9765a5caa9514511c79a034e36d56d4d; Type: FK CONSTRAINT; Schema: public; Owner: aperiosf
--

ALTER TABLE ONLY public.meta_day_of_week
    ADD CONSTRAINT fk_9765a5caa9514511c79a034e36d56d4d FOREIGN KEY (organization_id) REFERENCES public.organization(id) DEFERRABLE;


--
-- Name: meta_permission_cascaded_permission fk_97ebf70baa80c59c89fb72a893176e73; Type: FK CONSTRAINT; Schema: public; Owner: aperiosf
--

ALTER TABLE ONLY public.meta_permission_cascaded_permission
    ADD CONSTRAINT fk_97ebf70baa80c59c89fb72a893176e73 FOREIGN KEY (meta_permission_id) REFERENCES public.meta_permission(id) DEFERRABLE;


--
-- Name: course_session_attendance fk_97f9db16bbefdf50a0f22593b44d6d22; Type: FK CONSTRAINT; Schema: public; Owner: aperiosf
--

ALTER TABLE ONLY public.course_session_attendance
    ADD CONSTRAINT fk_97f9db16bbefdf50a0f22593b44d6d22 FOREIGN KEY (patient_id) REFERENCES public.patient(id) DEFERRABLE;


--
-- Name: ccda_import_medication fk_98bfa1ebde21fefc4361dc9485bed5ad; Type: FK CONSTRAINT; Schema: public; Owner: aperiosf
--

ALTER TABLE ONLY public.ccda_import_medication
    ADD CONSTRAINT fk_98bfa1ebde21fefc4361dc9485bed5ad FOREIGN KEY (care_continuity_import_request_id) REFERENCES public.care_continuity_import_request(id) DEFERRABLE;


--
-- Name: organization_employee_address fk_98dd80677c371037585284128a2c046d; Type: FK CONSTRAINT; Schema: public; Owner: aperiosf
--

ALTER TABLE ONLY public.organization_employee_address
    ADD CONSTRAINT fk_98dd80677c371037585284128a2c046d FOREIGN KEY (country) REFERENCES public.meta_country(id) DEFERRABLE;


--
-- Name: ccda_export_request fk_99a178072ca8c338c83e838f432b2c86; Type: FK CONSTRAINT; Schema: public; Owner: aperiosf
--

ALTER TABLE ONLY public.ccda_export_request
    ADD CONSTRAINT fk_99a178072ca8c338c83e838f432b2c86 FOREIGN KEY (organization_id) REFERENCES public.organization(id) DEFERRABLE;


--
-- Name: meta_zip_code fk_9a96fb1908bb6b5ad337b8c4e4fc6217; Type: FK CONSTRAINT; Schema: public; Owner: aperiosf
--

ALTER TABLE ONLY public.meta_zip_code
    ADD CONSTRAINT fk_9a96fb1908bb6b5ad337b8c4e4fc6217 FOREIGN KEY (created_by) REFERENCES public.synap_user(id) DEFERRABLE;


--
-- Name: meta_state fk_9b3df15969ab38067823f1d481e78a66; Type: FK CONSTRAINT; Schema: public; Owner: aperiosf
--

ALTER TABLE ONLY public.meta_state
    ADD CONSTRAINT fk_9b3df15969ab38067823f1d481e78a66 FOREIGN KEY (created_by) REFERENCES public.synap_user(id) DEFERRABLE;


--
-- Name: organization_employee_division fk_9b6862acd2aad7b146827cd142a10d02; Type: FK CONSTRAINT; Schema: public; Owner: aperiosf
--

ALTER TABLE ONLY public.organization_employee_division
    ADD CONSTRAINT fk_9b6862acd2aad7b146827cd142a10d02 FOREIGN KEY (created_by) REFERENCES public.synap_user(id) DEFERRABLE;


--
-- Name: housing_upgrade fk_9b72eff5b9f980e3dc1b4ba2d449d252; Type: FK CONSTRAINT; Schema: public; Owner: aperiosf
--

ALTER TABLE ONLY public.housing_upgrade
    ADD CONSTRAINT fk_9b72eff5b9f980e3dc1b4ba2d449d252 FOREIGN KEY (status) REFERENCES public.meta_housing_upgrade_status(id) DEFERRABLE;


--
-- Name: patient_medication fk_9be26c44fa82d6a242913dd511d6ee3f; Type: FK CONSTRAINT; Schema: public; Owner: aperiosf
--

ALTER TABLE ONLY public.patient_medication
    ADD CONSTRAINT fk_9be26c44fa82d6a242913dd511d6ee3f FOREIGN KEY (route) REFERENCES public.meta_medication_delivery_route(id) DEFERRABLE;


--
-- Name: ccda_import_allergy fk_9be8c2a944699ada60e591a3720a633a; Type: FK CONSTRAINT; Schema: public; Owner: aperiosf
--

ALTER TABLE ONLY public.ccda_import_allergy
    ADD CONSTRAINT fk_9be8c2a944699ada60e591a3720a633a FOREIGN KEY (organization_id) REFERENCES public.organization(id) DEFERRABLE;


--
-- Name: synap_user_token fk_9d76b3e84cd71744414b19d19bfc39e3; Type: FK CONSTRAINT; Schema: public; Owner: aperiosf
--

ALTER TABLE ONLY public.synap_user_token
    ADD CONSTRAINT fk_9d76b3e84cd71744414b19d19bfc39e3 FOREIGN KEY (created_by) REFERENCES public.synap_user(id) DEFERRABLE;


--
-- Name: patient fk_9ee9dbb0dbe77fd8e528bb9fd132878d; Type: FK CONSTRAINT; Schema: public; Owner: aperiosf
--

ALTER TABLE ONLY public.patient
    ADD CONSTRAINT fk_9ee9dbb0dbe77fd8e528bb9fd132878d FOREIGN KEY (housing_status) REFERENCES public.meta_housing_status(id) DEFERRABLE;


--
-- Name: meta_work_list_reminder_who_type fk_a1d3cdd088a72b0850bf49437f27fecd; Type: FK CONSTRAINT; Schema: public; Owner: aperiosf
--

ALTER TABLE ONLY public.meta_work_list_reminder_who_type
    ADD CONSTRAINT fk_a1d3cdd088a72b0850bf49437f27fecd FOREIGN KEY (created_by) REFERENCES public.synap_user(id) DEFERRABLE;


--
-- Name: organization_division fk_a21e526a1a6640358346885ba2d5eb92; Type: FK CONSTRAINT; Schema: public; Owner: aperiosf
--

ALTER TABLE ONLY public.organization_division
    ADD CONSTRAINT fk_a21e526a1a6640358346885ba2d5eb92 FOREIGN KEY (parent_division_id) REFERENCES public.organization_division(id) DEFERRABLE;


--
-- Name: organization_employee_profile fk_a22a8943fed2bb1e5ac7d067d840163c; Type: FK CONSTRAINT; Schema: public; Owner: aperiosf
--

ALTER TABLE ONLY public.organization_employee_profile
    ADD CONSTRAINT fk_a22a8943fed2bb1e5ac7d067d840163c FOREIGN KEY (organization_employee_id) REFERENCES public.organization_employee(id) DEFERRABLE;


--
-- Name: work_list_notes fk_a2a1699e8160acb582bfbae77543e6e8; Type: FK CONSTRAINT; Schema: public; Owner: aperiosf
--

ALTER TABLE ONLY public.work_list_notes
    ADD CONSTRAINT fk_a2a1699e8160acb582bfbae77543e6e8 FOREIGN KEY (notes_by) REFERENCES public.organization_employee(id) DEFERRABLE;


--
-- Name: meta_ccda_sections fk_a334e95172c943e4417262bbe6c6d537; Type: FK CONSTRAINT; Schema: public; Owner: aperiosf
--

ALTER TABLE ONLY public.meta_ccda_sections
    ADD CONSTRAINT fk_a334e95172c943e4417262bbe6c6d537 FOREIGN KEY (created_by) REFERENCES public.synap_user(id) DEFERRABLE;


--
-- Name: course_session_attendance fk_a50830dcf310065d9e8a1628be6db734; Type: FK CONSTRAINT; Schema: public; Owner: aperiosf
--

ALTER TABLE ONLY public.course_session_attendance
    ADD CONSTRAINT fk_a50830dcf310065d9e8a1628be6db734 FOREIGN KEY (course_session_id) REFERENCES public.course_session(id) DEFERRABLE;


--
-- Name: preferred_provider fk_a58401cbbee6afe4ec7387ecceb31687; Type: FK CONSTRAINT; Schema: public; Owner: aperiosf
--

ALTER TABLE ONLY public.preferred_provider
    ADD CONSTRAINT fk_a58401cbbee6afe4ec7387ecceb31687 FOREIGN KEY (organization_id) REFERENCES public.organization(id) DEFERRABLE;


--
-- Name: housing_upgrade fk_a58419ba6f64a28ea72baaa44e0a3477; Type: FK CONSTRAINT; Schema: public; Owner: aperiosf
--

ALTER TABLE ONLY public.housing_upgrade
    ADD CONSTRAINT fk_a58419ba6f64a28ea72baaa44e0a3477 FOREIGN KEY (organization_id) REFERENCES public.organization(id) DEFERRABLE;


--
-- Name: patient_address fk_a725134896e2d86ac1e6fb4b400e0150; Type: FK CONSTRAINT; Schema: public; Owner: aperiosf
--

ALTER TABLE ONLY public.patient_address
    ADD CONSTRAINT fk_a725134896e2d86ac1e6fb4b400e0150 FOREIGN KEY (created_by) REFERENCES public.synap_user(id) DEFERRABLE;


--
-- Name: patient_contact fk_a7281538d536c260dbc4abc453bead8c; Type: FK CONSTRAINT; Schema: public; Owner: aperiosf
--

ALTER TABLE ONLY public.patient_contact
    ADD CONSTRAINT fk_a7281538d536c260dbc4abc453bead8c FOREIGN KEY (patient_id) REFERENCES public.patient(id) DEFERRABLE;


--
-- Name: organization_division fk_a7462a573c8bd6683580e9b33cfc67df; Type: FK CONSTRAINT; Schema: public; Owner: aperiosf
--

ALTER TABLE ONLY public.organization_division
    ADD CONSTRAINT fk_a7462a573c8bd6683580e9b33cfc67df FOREIGN KEY (created_by) REFERENCES public.synap_user(id) DEFERRABLE;


--
-- Name: patient_contact fk_a8496a2713c6c9659a40dd84f1aa5d33; Type: FK CONSTRAINT; Schema: public; Owner: aperiosf
--

ALTER TABLE ONLY public.patient_contact
    ADD CONSTRAINT fk_a8496a2713c6c9659a40dd84f1aa5d33 FOREIGN KEY (contact_type) REFERENCES public.meta_contact_type(id) DEFERRABLE;


--
-- Name: preferred_provider fk_a8b236de134286d25345e1c68bf35141; Type: FK CONSTRAINT; Schema: public; Owner: aperiosf
--

ALTER TABLE ONLY public.preferred_provider
    ADD CONSTRAINT fk_a8b236de134286d25345e1c68bf35141 FOREIGN KEY (created_by) REFERENCES public.synap_user(id) DEFERRABLE;


--
-- Name: patient_contact_address fk_a8f55bce9d560458e2d8395cbf5da2e5; Type: FK CONSTRAINT; Schema: public; Owner: aperiosf
--

ALTER TABLE ONLY public.patient_contact_address
    ADD CONSTRAINT fk_a8f55bce9d560458e2d8395cbf5da2e5 FOREIGN KEY (state) REFERENCES public.meta_state(id) DEFERRABLE;


--
-- Name: meta_employee_status fk_a918f27ddec15e4662ff1cd7e97b747c; Type: FK CONSTRAINT; Schema: public; Owner: aperiosf
--

ALTER TABLE ONLY public.meta_employee_status
    ADD CONSTRAINT fk_a918f27ddec15e4662ff1cd7e97b747c FOREIGN KEY (organization_id) REFERENCES public.organization(id) DEFERRABLE;


--
-- Name: work_list fk_a9a7652cdbd36906c16c1b42b58468ee; Type: FK CONSTRAINT; Schema: public; Owner: aperiosf
--

ALTER TABLE ONLY public.work_list
    ADD CONSTRAINT fk_a9a7652cdbd36906c16c1b42b58468ee FOREIGN KEY (organization_id) REFERENCES public.organization(id) DEFERRABLE;


--
-- Name: organization_employee fk_a9c5fe11c0a0f3fb25ec0c8be83fff48; Type: FK CONSTRAINT; Schema: public; Owner: aperiosf
--

ALTER TABLE ONLY public.organization_employee
    ADD CONSTRAINT fk_a9c5fe11c0a0f3fb25ec0c8be83fff48 FOREIGN KEY (user_type) REFERENCES public.meta_user_type(id) DEFERRABLE;


--
-- Name: patient_social_needs fk_aac887795514783c1538c8a5b9a796bb; Type: FK CONSTRAINT; Schema: public; Owner: aperiosf
--

ALTER TABLE ONLY public.patient_social_needs
    ADD CONSTRAINT fk_aac887795514783c1538c8a5b9a796bb FOREIGN KEY (patient_id) REFERENCES public.patient(id) DEFERRABLE;


--
-- Name: meta_blood_pressure_unit fk_aadd4929e26b1244fc2300754d90b113; Type: FK CONSTRAINT; Schema: public; Owner: aperiosf
--

ALTER TABLE ONLY public.meta_blood_pressure_unit
    ADD CONSTRAINT fk_aadd4929e26b1244fc2300754d90b113 FOREIGN KEY (created_by) REFERENCES public.synap_user(id) DEFERRABLE;


--
-- Name: cdn_temp_file fk_aaefc4685ca94813d74f2a291c767a9a; Type: FK CONSTRAINT; Schema: public; Owner: aperiosf
--

ALTER TABLE ONLY public.cdn_temp_file
    ADD CONSTRAINT fk_aaefc4685ca94813d74f2a291c767a9a FOREIGN KEY (organization_id) REFERENCES public.organization(id) DEFERRABLE;


--
-- Name: client_note fk_ab03ed3b46c8c077cb9bf41de24b9ec2; Type: FK CONSTRAINT; Schema: public; Owner: aperiosf
--

ALTER TABLE ONLY public.client_note
    ADD CONSTRAINT fk_ab03ed3b46c8c077cb9bf41de24b9ec2 FOREIGN KEY (patient_id) REFERENCES public.patient(id) DEFERRABLE;


--
-- Name: course_custom_field_definition fk_ab57423eb2e8ed27ffb1916080bb5619; Type: FK CONSTRAINT; Schema: public; Owner: aperiosf
--

ALTER TABLE ONLY public.course_custom_field_definition
    ADD CONSTRAINT fk_ab57423eb2e8ed27ffb1916080bb5619 FOREIGN KEY (organization_id) REFERENCES public.organization(id) DEFERRABLE;


--
-- Name: organization_profile fk_abffb8d6c19617ad68d202c84f050d28; Type: FK CONSTRAINT; Schema: public; Owner: aperiosf
--

ALTER TABLE ONLY public.organization_profile
    ADD CONSTRAINT fk_abffb8d6c19617ad68d202c84f050d28 FOREIGN KEY (organization_id) REFERENCES public.organization(id) DEFERRABLE;


--
-- Name: meta_contact_type fk_adb99d75c9b0340319f17eae61b22699; Type: FK CONSTRAINT; Schema: public; Owner: aperiosf
--

ALTER TABLE ONLY public.meta_contact_type
    ADD CONSTRAINT fk_adb99d75c9b0340319f17eae61b22699 FOREIGN KEY (value) REFERENCES public.meta_label(id) DEFERRABLE;


--
-- Name: meta_housing_status fk_afbde2c6e974743f2c7215a930308ed7; Type: FK CONSTRAINT; Schema: public; Owner: aperiosf
--

ALTER TABLE ONLY public.meta_housing_status
    ADD CONSTRAINT fk_afbde2c6e974743f2c7215a930308ed7 FOREIGN KEY (created_by) REFERENCES public.synap_user(id) DEFERRABLE;


--
-- Name: housing_upgrade fk_afd1a9e573ecb7bded1a85c129853939; Type: FK CONSTRAINT; Schema: public; Owner: aperiosf
--

ALTER TABLE ONLY public.housing_upgrade
    ADD CONSTRAINT fk_afd1a9e573ecb7bded1a85c129853939 FOREIGN KEY (upgrade_type) REFERENCES public.meta_housing_upgrade_type(id) DEFERRABLE;


--
-- Name: patient_admission fk_afdfcdd787d1efac702b06ad39712be7; Type: FK CONSTRAINT; Schema: public; Owner: aperiosf
--

ALTER TABLE ONLY public.patient_admission
    ADD CONSTRAINT fk_afdfcdd787d1efac702b06ad39712be7 FOREIGN KEY (organization_id) REFERENCES public.organization(id) DEFERRABLE;


--
-- Name: meta_medication_delivery_route fk_b1c1d83d86f50a9d7d1c6995c7ec812a; Type: FK CONSTRAINT; Schema: public; Owner: aperiosf
--

ALTER TABLE ONLY public.meta_medication_delivery_route
    ADD CONSTRAINT fk_b1c1d83d86f50a9d7d1c6995c7ec812a FOREIGN KEY (created_by) REFERENCES public.synap_user(id) DEFERRABLE;


--
-- Name: ccda_export fk_b2b5360c079b866a9d11e9a0e2fdd643; Type: FK CONSTRAINT; Schema: public; Owner: aperiosf
--

ALTER TABLE ONLY public.ccda_export
    ADD CONSTRAINT fk_b2b5360c079b866a9d11e9a0e2fdd643 FOREIGN KEY (care_continuity_document_type) REFERENCES public.meta_care_continuity_document_type(id) DEFERRABLE;


--
-- Name: client_note fk_b2d82731fc9bb9e686cd35bfdbfde129; Type: FK CONSTRAINT; Schema: public; Owner: aperiosf
--

ALTER TABLE ONLY public.client_note
    ADD CONSTRAINT fk_b2d82731fc9bb9e686cd35bfdbfde129 FOREIGN KEY (created_by) REFERENCES public.synap_user(id) DEFERRABLE;


--
-- Name: client_document_file fk_b2f04e7639a7e5ebe5bcf645a3e1979f; Type: FK CONSTRAINT; Schema: public; Owner: aperiosf
--

ALTER TABLE ONLY public.client_document_file
    ADD CONSTRAINT fk_b2f04e7639a7e5ebe5bcf645a3e1979f FOREIGN KEY (created_by) REFERENCES public.synap_user(id) DEFERRABLE;


--
-- Name: meta_diagnostic_code fk_b393c953a4309f8ab0f3545cc7d2d2da; Type: FK CONSTRAINT; Schema: public; Owner: aperiosf
--

ALTER TABLE ONLY public.meta_diagnostic_code
    ADD CONSTRAINT fk_b393c953a4309f8ab0f3545cc7d2d2da FOREIGN KEY (created_by) REFERENCES public.synap_user(id) DEFERRABLE;


--
-- Name: work_list_reminder fk_b4e72531f18586d2e49dd05a43acc2ff; Type: FK CONSTRAINT; Schema: public; Owner: aperiosf
--

ALTER TABLE ONLY public.work_list_reminder
    ADD CONSTRAINT fk_b4e72531f18586d2e49dd05a43acc2ff FOREIGN KEY (organization_id) REFERENCES public.organization(id) DEFERRABLE;


--
-- Name: meta_patient_diagnosis_status fk_b57d5e76f52ab3677ddd4c310d11d6a1; Type: FK CONSTRAINT; Schema: public; Owner: aperiosf
--

ALTER TABLE ONLY public.meta_patient_diagnosis_status
    ADD CONSTRAINT fk_b57d5e76f52ab3677ddd4c310d11d6a1 FOREIGN KEY (organization_id) REFERENCES public.organization(id) DEFERRABLE;


--
-- Name: meta_patient_document_type fk_b70bc2f70318345d32fc46398297a55b; Type: FK CONSTRAINT; Schema: public; Owner: aperiosf
--

ALTER TABLE ONLY public.meta_patient_document_type
    ADD CONSTRAINT fk_b70bc2f70318345d32fc46398297a55b FOREIGN KEY (created_by) REFERENCES public.synap_user(id) DEFERRABLE;


--
-- Name: meta_race fk_b8078ab72b05aebd7ff4169e0d313845; Type: FK CONSTRAINT; Schema: public; Owner: aperiosf
--

ALTER TABLE ONLY public.meta_race
    ADD CONSTRAINT fk_b8078ab72b05aebd7ff4169e0d313845 FOREIGN KEY (created_by) REFERENCES public.synap_user(id) DEFERRABLE;


--
-- Name: client_document fk_b881869f3cb8cb7b4a204a88235fa454; Type: FK CONSTRAINT; Schema: public; Owner: aperiosf
--

ALTER TABLE ONLY public.client_document
    ADD CONSTRAINT fk_b881869f3cb8cb7b4a204a88235fa454 FOREIGN KEY (organization_id) REFERENCES public.organization(id) DEFERRABLE;


--
-- Name: data_export_request fk_b8e2e63f2c42f7072c1530234e72da75; Type: FK CONSTRAINT; Schema: public; Owner: aperiosf
--

ALTER TABLE ONLY public.data_export_request
    ADD CONSTRAINT fk_b8e2e63f2c42f7072c1530234e72da75 FOREIGN KEY (data_family) REFERENCES public.meta_data_family(id) DEFERRABLE;


--
-- Name: synap_config fk_b9d87fcbb381810dc1af3abd501130c2; Type: FK CONSTRAINT; Schema: public; Owner: aperiosf
--

ALTER TABLE ONLY public.synap_config
    ADD CONSTRAINT fk_b9d87fcbb381810dc1af3abd501130c2 FOREIGN KEY (created_by) REFERENCES public.synap_user(id) DEFERRABLE;


--
-- Name: care_continuity_import_request fk_ba82e0ee0e415803471973304aad3257; Type: FK CONSTRAINT; Schema: public; Owner: aperiosf
--

ALTER TABLE ONLY public.care_continuity_import_request
    ADD CONSTRAINT fk_ba82e0ee0e415803471973304aad3257 FOREIGN KEY (care_continuity_document_type) REFERENCES public.meta_care_continuity_document_type(id) DEFERRABLE;


--
-- Name: patient_vital fk_bab7a9654d66239e6740189e4e5d923d; Type: FK CONSTRAINT; Schema: public; Owner: aperiosf
--

ALTER TABLE ONLY public.patient_vital
    ADD CONSTRAINT fk_bab7a9654d66239e6740189e4e5d923d FOREIGN KEY (patient_id) REFERENCES public.patient(id) DEFERRABLE;


--
-- Name: work_list_assignee_patient fk_bb2b79e3d430f80ebc0bdf174deceaf8; Type: FK CONSTRAINT; Schema: public; Owner: aperiosf
--

ALTER TABLE ONLY public.work_list_assignee_patient
    ADD CONSTRAINT fk_bb2b79e3d430f80ebc0bdf174deceaf8 FOREIGN KEY (assignee_patient) REFERENCES public.patient(id) DEFERRABLE;


--
-- Name: course_session_custom_field_value fk_bcbc745c02f5f0582f5608062e5307db; Type: FK CONSTRAINT; Schema: public; Owner: aperiosf
--

ALTER TABLE ONLY public.course_session_custom_field_value
    ADD CONSTRAINT fk_bcbc745c02f5f0582f5608062e5307db FOREIGN KEY (course_session_attendance_id) REFERENCES public.course_session_attendance(id) DEFERRABLE;


--
-- Name: meta_id_type fk_bcefdc9ca9c4641786c8e31e96899d14; Type: FK CONSTRAINT; Schema: public; Owner: aperiosf
--

ALTER TABLE ONLY public.meta_id_type
    ADD CONSTRAINT fk_bcefdc9ca9c4641786c8e31e96899d14 FOREIGN KEY (organization_id) REFERENCES public.organization(id) DEFERRABLE;


--
-- Name: patient_allergy fk_bd3848ab811e365f5d435d0875e4ea9c; Type: FK CONSTRAINT; Schema: public; Owner: aperiosf
--

ALTER TABLE ONLY public.patient_allergy
    ADD CONSTRAINT fk_bd3848ab811e365f5d435d0875e4ea9c FOREIGN KEY (status) REFERENCES public.meta_default_status(id) DEFERRABLE;


--
-- Name: organization_employee_division fk_beb29569cbbebac4e23ecc38297460f6; Type: FK CONSTRAINT; Schema: public; Owner: aperiosf
--

ALTER TABLE ONLY public.organization_employee_division
    ADD CONSTRAINT fk_beb29569cbbebac4e23ecc38297460f6 FOREIGN KEY (organization_employee_id) REFERENCES public.organization_employee(id) DEFERRABLE;


--
-- Name: meta_blood_pressure_unit fk_bed6d5570b05ee0519d7d7389e2049b6; Type: FK CONSTRAINT; Schema: public; Owner: aperiosf
--

ALTER TABLE ONLY public.meta_blood_pressure_unit
    ADD CONSTRAINT fk_bed6d5570b05ee0519d7d7389e2049b6 FOREIGN KEY (organization_id) REFERENCES public.organization(id) DEFERRABLE;


--
-- Name: cdn_temp_file fk_beefe24e029f55a30e37c6340e40a218; Type: FK CONSTRAINT; Schema: public; Owner: aperiosf
--

ALTER TABLE ONLY public.cdn_temp_file
    ADD CONSTRAINT fk_beefe24e029f55a30e37c6340e40a218 FOREIGN KEY (created_by) REFERENCES public.synap_user(id) DEFERRABLE;


--
-- Name: patient_contact fk_bf7aa847feef72918b5ae21866e81dbc; Type: FK CONSTRAINT; Schema: public; Owner: aperiosf
--

ALTER TABLE ONLY public.patient_contact
    ADD CONSTRAINT fk_bf7aa847feef72918b5ae21866e81dbc FOREIGN KEY (synap_user_id) REFERENCES public.synap_user(id) DEFERRABLE;


--
-- Name: synap_user_token fk_bfa4170c433ea2a99faaf0b1e7c34d6c; Type: FK CONSTRAINT; Schema: public; Owner: aperiosf
--

ALTER TABLE ONLY public.synap_user_token
    ADD CONSTRAINT fk_bfa4170c433ea2a99faaf0b1e7c34d6c FOREIGN KEY (organization_id) REFERENCES public.organization(id) DEFERRABLE;


--
-- Name: synap_user_group fk_bfd3fa950436743e0ace66288620a5c0; Type: FK CONSTRAINT; Schema: public; Owner: aperiosf
--

ALTER TABLE ONLY public.synap_user_group
    ADD CONSTRAINT fk_bfd3fa950436743e0ace66288620a5c0 FOREIGN KEY (organization_id) REFERENCES public.organization(id) DEFERRABLE;


--
-- Name: patient_primary_care_provider fk_c1ed912d32b5bdc8cac07b0e98984af5; Type: FK CONSTRAINT; Schema: public; Owner: aperiosf
--

ALTER TABLE ONLY public.patient_primary_care_provider
    ADD CONSTRAINT fk_c1ed912d32b5bdc8cac07b0e98984af5 FOREIGN KEY (organization_id) REFERENCES public.organization(id) DEFERRABLE;


--
-- Name: patient_employment_info fk_c238ba8d7277d1ab1138f413be9cf7dd; Type: FK CONSTRAINT; Schema: public; Owner: aperiosf
--

ALTER TABLE ONLY public.patient_employment_info
    ADD CONSTRAINT fk_c238ba8d7277d1ab1138f413be9cf7dd FOREIGN KEY (organization_id) REFERENCES public.organization(id) DEFERRABLE;


--
-- Name: meta_language fk_c34dba6b2e6f15afe11228a72cf3b905; Type: FK CONSTRAINT; Schema: public; Owner: aperiosf
--

ALTER TABLE ONLY public.meta_language
    ADD CONSTRAINT fk_c34dba6b2e6f15afe11228a72cf3b905 FOREIGN KEY (organization_id) REFERENCES public.organization(id) DEFERRABLE;


--
-- Name: data_import_request fk_c3946ae333f53542cc8ec4b52ed302e1; Type: FK CONSTRAINT; Schema: public; Owner: aperiosf
--

ALTER TABLE ONLY public.data_import_request
    ADD CONSTRAINT fk_c3946ae333f53542cc8ec4b52ed302e1 FOREIGN KEY (organization_id) REFERENCES public.organization(id) DEFERRABLE;


--
-- Name: meta_provider_service_type fk_c3b805f20af350aa77b6536cca53cb06; Type: FK CONSTRAINT; Schema: public; Owner: aperiosf
--

ALTER TABLE ONLY public.meta_provider_service_type
    ADD CONSTRAINT fk_c3b805f20af350aa77b6536cca53cb06 FOREIGN KEY (organization_id) REFERENCES public.organization(id) DEFERRABLE;


--
-- Name: course_participant fk_c3f38471b7ab7d45670373bbc1c079eb; Type: FK CONSTRAINT; Schema: public; Owner: aperiosf
--

ALTER TABLE ONLY public.course_participant
    ADD CONSTRAINT fk_c3f38471b7ab7d45670373bbc1c079eb FOREIGN KEY (patient_id) REFERENCES public.patient(id) DEFERRABLE;


--
-- Name: course_session_attendance fk_c43495a3a875c3364825b0af2c2f996b; Type: FK CONSTRAINT; Schema: public; Owner: aperiosf
--

ALTER TABLE ONLY public.course_session_attendance
    ADD CONSTRAINT fk_c43495a3a875c3364825b0af2c2f996b FOREIGN KEY (created_by) REFERENCES public.synap_user(id) DEFERRABLE;


--
-- Name: meta_family_relationship fk_c51c63a4cfa7a3ba7a86add01d15f298; Type: FK CONSTRAINT; Schema: public; Owner: aperiosf
--

ALTER TABLE ONLY public.meta_family_relationship
    ADD CONSTRAINT fk_c51c63a4cfa7a3ba7a86add01d15f298 FOREIGN KEY (organization_id) REFERENCES public.organization(id) DEFERRABLE;


--
-- Name: organization_employee_address fk_c57b2800829fd003ffc9ee0061e8dd40; Type: FK CONSTRAINT; Schema: public; Owner: aperiosf
--

ALTER TABLE ONLY public.organization_employee_address
    ADD CONSTRAINT fk_c57b2800829fd003ffc9ee0061e8dd40 FOREIGN KEY (organization_employee_id) REFERENCES public.organization_employee(id) DEFERRABLE;


--
-- Name: ccd_upload fk_c5eaad314b0ec4f608b0367d63778981; Type: FK CONSTRAINT; Schema: public; Owner: aperiosf
--

ALTER TABLE ONLY public.ccd_upload
    ADD CONSTRAINT fk_c5eaad314b0ec4f608b0367d63778981 FOREIGN KEY (organization_id) REFERENCES public.organization(id) DEFERRABLE;


--
-- Name: course_session fk_c68cc1a706d9c73af8afcb9ac24f2b61; Type: FK CONSTRAINT; Schema: public; Owner: aperiosf
--

ALTER TABLE ONLY public.course_session
    ADD CONSTRAINT fk_c68cc1a706d9c73af8afcb9ac24f2b61 FOREIGN KEY (secondary_instructor_user) REFERENCES public.organization_employee(id) DEFERRABLE;


--
-- Name: meta_pain_level fk_c746655359b381d3664b5728d317d5f9; Type: FK CONSTRAINT; Schema: public; Owner: aperiosf
--

ALTER TABLE ONLY public.meta_pain_level
    ADD CONSTRAINT fk_c746655359b381d3664b5728d317d5f9 FOREIGN KEY (organization_id) REFERENCES public.organization(id) DEFERRABLE;


--
-- Name: patient_contact fk_c8eea18d413cdc009520e46934a4a5ac; Type: FK CONSTRAINT; Schema: public; Owner: aperiosf
--

ALTER TABLE ONLY public.patient_contact
    ADD CONSTRAINT fk_c8eea18d413cdc009520e46934a4a5ac FOREIGN KEY (organization_id) REFERENCES public.organization(id) DEFERRABLE;


--
-- Name: meta_social_needs_category fk_c9896fd0c8327a3ff9c397d2c6a8a4de; Type: FK CONSTRAINT; Schema: public; Owner: aperiosf
--

ALTER TABLE ONLY public.meta_social_needs_category
    ADD CONSTRAINT fk_c9896fd0c8327a3ff9c397d2c6a8a4de FOREIGN KEY (organization_id) REFERENCES public.organization(id) DEFERRABLE;


--
-- Name: course_session_attendance fk_c9a86fa8d21cb128361c41828351b140; Type: FK CONSTRAINT; Schema: public; Owner: aperiosf
--

ALTER TABLE ONLY public.course_session_attendance
    ADD CONSTRAINT fk_c9a86fa8d21cb128361c41828351b140 FOREIGN KEY (organization_id) REFERENCES public.organization(id) DEFERRABLE;


--
-- Name: meta_default_status fk_c9d569545f4f27a9510ab4558da05e2a; Type: FK CONSTRAINT; Schema: public; Owner: aperiosf
--

ALTER TABLE ONLY public.meta_default_status
    ADD CONSTRAINT fk_c9d569545f4f27a9510ab4558da05e2a FOREIGN KEY (created_by) REFERENCES public.synap_user(id) DEFERRABLE;


--
-- Name: patient_allergy fk_ca3d7ba9218b94e16962fe238970364c; Type: FK CONSTRAINT; Schema: public; Owner: aperiosf
--

ALTER TABLE ONLY public.patient_allergy
    ADD CONSTRAINT fk_ca3d7ba9218b94e16962fe238970364c FOREIGN KEY (organization_id) REFERENCES public.organization(id) DEFERRABLE;


--
-- Name: meta_patient_identity_type fk_cb381cd69ae4424d49f2ae8a97c1e055; Type: FK CONSTRAINT; Schema: public; Owner: aperiosf
--

ALTER TABLE ONLY public.meta_patient_identity_type
    ADD CONSTRAINT fk_cb381cd69ae4424d49f2ae8a97c1e055 FOREIGN KEY (created_by) REFERENCES public.synap_user(id) DEFERRABLE;


--
-- Name: housing_upgrade fk_ccb3b59580e93579c763e0a1faff814f; Type: FK CONSTRAINT; Schema: public; Owner: aperiosf
--

ALTER TABLE ONLY public.housing_upgrade
    ADD CONSTRAINT fk_ccb3b59580e93579c763e0a1faff814f FOREIGN KEY (patient_id) REFERENCES public.patient(id) DEFERRABLE;


--
-- Name: work_list_reminder fk_cda4db7d9a088d29aaace4e7e6c02187; Type: FK CONSTRAINT; Schema: public; Owner: aperiosf
--

ALTER TABLE ONLY public.work_list_reminder
    ADD CONSTRAINT fk_cda4db7d9a088d29aaace4e7e6c02187 FOREIGN KEY (who_type) REFERENCES public.meta_work_list_reminder_who_type(id) DEFERRABLE;


--
-- Name: work_list_notes fk_cdbea2b33c1df3e08080669060eba332; Type: FK CONSTRAINT; Schema: public; Owner: aperiosf
--

ALTER TABLE ONLY public.work_list_notes
    ADD CONSTRAINT fk_cdbea2b33c1df3e08080669060eba332 FOREIGN KEY (created_by) REFERENCES public.synap_user(id) DEFERRABLE;


--
-- Name: care_continuity_import_request fk_cdc500f9290fb4113c93f478fd3b1d67; Type: FK CONSTRAINT; Schema: public; Owner: aperiosf
--

ALTER TABLE ONLY public.care_continuity_import_request
    ADD CONSTRAINT fk_cdc500f9290fb4113c93f478fd3b1d67 FOREIGN KEY (created_by) REFERENCES public.synap_user(id) DEFERRABLE;


--
-- Name: meta_care_continuity_document_type fk_ceeaf4d62053496acbbf02b13ee976e2; Type: FK CONSTRAINT; Schema: public; Owner: aperiosf
--

ALTER TABLE ONLY public.meta_care_continuity_document_type
    ADD CONSTRAINT fk_ceeaf4d62053496acbbf02b13ee976e2 FOREIGN KEY (created_by) REFERENCES public.synap_user(id) DEFERRABLE;


--
-- Name: meta_patient_document_status fk_cef57638116405317141b5c3dc3fa15b; Type: FK CONSTRAINT; Schema: public; Owner: aperiosf
--

ALTER TABLE ONLY public.meta_patient_document_status
    ADD CONSTRAINT fk_cef57638116405317141b5c3dc3fa15b FOREIGN KEY (created_by) REFERENCES public.synap_user(id) DEFERRABLE;


--
-- Name: patient_diagnosis fk_cfbe843d7ba127e26997f97d49ad8c75; Type: FK CONSTRAINT; Schema: public; Owner: aperiosf
--

ALTER TABLE ONLY public.patient_diagnosis
    ADD CONSTRAINT fk_cfbe843d7ba127e26997f97d49ad8c75 FOREIGN KEY (organization_id) REFERENCES public.organization(id) DEFERRABLE;


--
-- Name: course_session fk_d0504bfa270143f3ef53e5cf9f82cde4; Type: FK CONSTRAINT; Schema: public; Owner: aperiosf
--

ALTER TABLE ONLY public.course_session
    ADD CONSTRAINT fk_d0504bfa270143f3ef53e5cf9f82cde4 FOREIGN KEY (status) REFERENCES public.meta_basic_status(id) DEFERRABLE;


--
-- Name: meta_gender fk_d3cd47d3bb176f669bffdae481dda466; Type: FK CONSTRAINT; Schema: public; Owner: aperiosf
--

ALTER TABLE ONLY public.meta_gender
    ADD CONSTRAINT fk_d3cd47d3bb176f669bffdae481dda466 FOREIGN KEY (created_by) REFERENCES public.synap_user(id) DEFERRABLE;


--
-- Name: patient fk_d3f7f690ee70f6789ef96fd72f83dcfe; Type: FK CONSTRAINT; Schema: public; Owner: aperiosf
--

ALTER TABLE ONLY public.patient
    ADD CONSTRAINT fk_d3f7f690ee70f6789ef96fd72f83dcfe FOREIGN KEY (organization_id) REFERENCES public.organization(id) DEFERRABLE;


--
-- Name: data_export_request fk_d40f0c0dab2e8ca99322c1b8e0ef4b7c; Type: FK CONSTRAINT; Schema: public; Owner: aperiosf
--

ALTER TABLE ONLY public.data_export_request
    ADD CONSTRAINT fk_d40f0c0dab2e8ca99322c1b8e0ef4b7c FOREIGN KEY (pateint_id) REFERENCES public.patient(id) DEFERRABLE;


--
-- Name: organization_employee_telephone fk_d532ff5def931d5b3e463f020086906c; Type: FK CONSTRAINT; Schema: public; Owner: aperiosf
--

ALTER TABLE ONLY public.organization_employee_telephone
    ADD CONSTRAINT fk_d532ff5def931d5b3e463f020086906c FOREIGN KEY (created_by) REFERENCES public.synap_user(id) DEFERRABLE;


--
-- Name: preferred_provider fk_d53fe15acb57ddd928bcad3c2e8d47c4; Type: FK CONSTRAINT; Schema: public; Owner: aperiosf
--

ALTER TABLE ONLY public.preferred_provider
    ADD CONSTRAINT fk_d53fe15acb57ddd928bcad3c2e8d47c4 FOREIGN KEY (state) REFERENCES public.meta_state(id) DEFERRABLE;


--
-- Name: patient_address fk_d552ec6f2b754c1536d2d022377666b7; Type: FK CONSTRAINT; Schema: public; Owner: aperiosf
--

ALTER TABLE ONLY public.patient_address
    ADD CONSTRAINT fk_d552ec6f2b754c1536d2d022377666b7 FOREIGN KEY (country) REFERENCES public.meta_country(id) DEFERRABLE;


--
-- Name: work_list_assignee_employee fk_d5602b600aabcff41d758950306dd683; Type: FK CONSTRAINT; Schema: public; Owner: aperiosf
--

ALTER TABLE ONLY public.work_list_assignee_employee
    ADD CONSTRAINT fk_d5602b600aabcff41d758950306dd683 FOREIGN KEY (work_list_id) REFERENCES public.work_list(id) DEFERRABLE;


--
-- Name: synap_user_token fk_d5d0cdddfec051d0d2884461420c8872; Type: FK CONSTRAINT; Schema: public; Owner: aperiosf
--

ALTER TABLE ONLY public.synap_user_token
    ADD CONSTRAINT fk_d5d0cdddfec051d0d2884461420c8872 FOREIGN KEY (token_type) REFERENCES public.meta_token_type(id) DEFERRABLE;


--
-- Name: meta_social_needs_category fk_d75a6e4c4179ba9841169fea93d73bfc; Type: FK CONSTRAINT; Schema: public; Owner: aperiosf
--

ALTER TABLE ONLY public.meta_social_needs_category
    ADD CONSTRAINT fk_d75a6e4c4179ba9841169fea93d73bfc FOREIGN KEY (created_by) REFERENCES public.synap_user(id) DEFERRABLE;


--
-- Name: meta_worklist_status fk_d8ecd828e4bea6d11bd23e5daf594c44; Type: FK CONSTRAINT; Schema: public; Owner: aperiosf
--

ALTER TABLE ONLY public.meta_worklist_status
    ADD CONSTRAINT fk_d8ecd828e4bea6d11bd23e5daf594c44 FOREIGN KEY (organization_id) REFERENCES public.organization(id) DEFERRABLE;


--
-- Name: meta_marital_status fk_db584d2b7259bab00145813d90378c48; Type: FK CONSTRAINT; Schema: public; Owner: aperiosf
--

ALTER TABLE ONLY public.meta_marital_status
    ADD CONSTRAINT fk_db584d2b7259bab00145813d90378c48 FOREIGN KEY (created_by) REFERENCES public.synap_user(id) DEFERRABLE;


--
-- Name: meta_snomed_code fk_dbdd8ba7d576763f2af643695cc20326; Type: FK CONSTRAINT; Schema: public; Owner: aperiosf
--

ALTER TABLE ONLY public.meta_snomed_code
    ADD CONSTRAINT fk_dbdd8ba7d576763f2af643695cc20326 FOREIGN KEY (created_by) REFERENCES public.synap_user(id) DEFERRABLE;


--
-- Name: meta_severity fk_dc41ef7dd6c7b855304c98fecc291abe; Type: FK CONSTRAINT; Schema: public; Owner: aperiosf
--

ALTER TABLE ONLY public.meta_severity
    ADD CONSTRAINT fk_dc41ef7dd6c7b855304c98fecc291abe FOREIGN KEY (created_by) REFERENCES public.synap_user(id) DEFERRABLE;


--
-- Name: ccda_import_diagnosis fk_dc540f8b9175ca45f9fc64cd2441793f; Type: FK CONSTRAINT; Schema: public; Owner: aperiosf
--

ALTER TABLE ONLY public.ccda_import_diagnosis
    ADD CONSTRAINT fk_dc540f8b9175ca45f9fc64cd2441793f FOREIGN KEY (snomed_code) REFERENCES public.meta_snomed_code(id) DEFERRABLE;


--
-- Name: preferred_provider fk_dedfcbd3364d8f295ccfaa90bc4f0c84; Type: FK CONSTRAINT; Schema: public; Owner: aperiosf
--

ALTER TABLE ONLY public.preferred_provider
    ADD CONSTRAINT fk_dedfcbd3364d8f295ccfaa90bc4f0c84 FOREIGN KEY (status) REFERENCES public.meta_default_status(id) DEFERRABLE;


--
-- Name: patient fk_df9a26326c6b220d328fb9369babf715; Type: FK CONSTRAINT; Schema: public; Owner: aperiosf
--

ALTER TABLE ONLY public.patient
    ADD CONSTRAINT fk_df9a26326c6b220d328fb9369babf715 FOREIGN KEY (gender) REFERENCES public.meta_gender(id) DEFERRABLE;


--
-- Name: patient_prescription fk_e060c838a5f0c82a7c4be4752c0c07e4; Type: FK CONSTRAINT; Schema: public; Owner: aperiosf
--

ALTER TABLE ONLY public.patient_prescription
    ADD CONSTRAINT fk_e060c838a5f0c82a7c4be4752c0c07e4 FOREIGN KEY (organization_id) REFERENCES public.organization(id) DEFERRABLE;


--
-- Name: ccda_export fk_e105dc21000adc7a2f0b8c12976aa232; Type: FK CONSTRAINT; Schema: public; Owner: aperiosf
--

ALTER TABLE ONLY public.ccda_export
    ADD CONSTRAINT fk_e105dc21000adc7a2f0b8c12976aa232 FOREIGN KEY (ccda_export_request_id) REFERENCES public.ccda_export_request(id) DEFERRABLE;


--
-- Name: kch_program_assignment fk_e197bad2788b55263a95e75d5879bc8d; Type: FK CONSTRAINT; Schema: public; Owner: aperiosf
--

ALTER TABLE ONLY public.kch_program_assignment
    ADD CONSTRAINT fk_e197bad2788b55263a95e75d5879bc8d FOREIGN KEY (patient_id) REFERENCES public.patient(id) DEFERRABLE;


--
-- Name: ccda_import_medication fk_e1c5f7503915a0147bf4d4645b1105fe; Type: FK CONSTRAINT; Schema: public; Owner: aperiosf
--

ALTER TABLE ONLY public.ccda_import_medication
    ADD CONSTRAINT fk_e1c5f7503915a0147bf4d4645b1105fe FOREIGN KEY (patient_id) REFERENCES public.patient(id) DEFERRABLE;


--
-- Name: course_participant fk_e20d8893e4b50573890d7b5f669f5ffb; Type: FK CONSTRAINT; Schema: public; Owner: aperiosf
--

ALTER TABLE ONLY public.course_participant
    ADD CONSTRAINT fk_e20d8893e4b50573890d7b5f669f5ffb FOREIGN KEY (organization_id) REFERENCES public.organization(id) DEFERRABLE;


--
-- Name: meta_severity fk_e2147dc1fe6368d54fd1aac567ccc71b; Type: FK CONSTRAINT; Schema: public; Owner: aperiosf
--

ALTER TABLE ONLY public.meta_severity
    ADD CONSTRAINT fk_e2147dc1fe6368d54fd1aac567ccc71b FOREIGN KEY (value) REFERENCES public.meta_label(id) DEFERRABLE;


--
-- Name: meta_label_detail fk_e24f7edb99db3b629eb655bafd6e2418; Type: FK CONSTRAINT; Schema: public; Owner: aperiosf
--

ALTER TABLE ONLY public.meta_label_detail
    ADD CONSTRAINT fk_e24f7edb99db3b629eb655bafd6e2418 FOREIGN KEY (created_by) REFERENCES public.synap_user(id) DEFERRABLE;


--
-- Name: client_note fk_e2e6785e81eb44811b08f74fbbbe69d4; Type: FK CONSTRAINT; Schema: public; Owner: aperiosf
--

ALTER TABLE ONLY public.client_note
    ADD CONSTRAINT fk_e2e6785e81eb44811b08f74fbbbe69d4 FOREIGN KEY (status) REFERENCES public.meta_default_status(id) DEFERRABLE;


--
-- Name: meta_token_type fk_e2f4778bbe73f8feba3ea75814511158; Type: FK CONSTRAINT; Schema: public; Owner: aperiosf
--

ALTER TABLE ONLY public.meta_token_type
    ADD CONSTRAINT fk_e2f4778bbe73f8feba3ea75814511158 FOREIGN KEY (organization_id) REFERENCES public.organization(id) DEFERRABLE;


--
-- Name: meta_social_needs fk_e3f71b9e54b1d65da16baa3dca3cf817; Type: FK CONSTRAINT; Schema: public; Owner: aperiosf
--

ALTER TABLE ONLY public.meta_social_needs
    ADD CONSTRAINT fk_e3f71b9e54b1d65da16baa3dca3cf817 FOREIGN KEY (category_id) REFERENCES public.meta_social_needs_category(id) DEFERRABLE;


--
-- Name: care_continuity_import_request fk_e40dd4f046b50763a6be99aa32d9ddad; Type: FK CONSTRAINT; Schema: public; Owner: aperiosf
--

ALTER TABLE ONLY public.care_continuity_import_request
    ADD CONSTRAINT fk_e40dd4f046b50763a6be99aa32d9ddad FOREIGN KEY (organization_id) REFERENCES public.organization(id) DEFERRABLE;


--
-- Name: meta_work_list_reminder_type fk_e41f197eeeba167c84d269e8a18887df; Type: FK CONSTRAINT; Schema: public; Owner: aperiosf
--

ALTER TABLE ONLY public.meta_work_list_reminder_type
    ADD CONSTRAINT fk_e41f197eeeba167c84d269e8a18887df FOREIGN KEY (organization_id) REFERENCES public.organization(id) DEFERRABLE;


--
-- Name: kch_program fk_e4fb4461eff9952604d93b5494b18915; Type: FK CONSTRAINT; Schema: public; Owner: aperiosf
--

ALTER TABLE ONLY public.kch_program
    ADD CONSTRAINT fk_e4fb4461eff9952604d93b5494b18915 FOREIGN KEY (created_by) REFERENCES public.synap_user(id) DEFERRABLE;


--
-- Name: patient_specific_document fk_e50f0abebb672dc79a216a2630ccfd50; Type: FK CONSTRAINT; Schema: public; Owner: aperiosf
--

ALTER TABLE ONLY public.patient_specific_document
    ADD CONSTRAINT fk_e50f0abebb672dc79a216a2630ccfd50 FOREIGN KEY (patient_id) REFERENCES public.patient(id) DEFERRABLE;


--
-- Name: ccda_import_allergy fk_e52749004c3237a099d0fb49591cedc3; Type: FK CONSTRAINT; Schema: public; Owner: aperiosf
--

ALTER TABLE ONLY public.ccda_import_allergy
    ADD CONSTRAINT fk_e52749004c3237a099d0fb49591cedc3 FOREIGN KEY (care_continuity_import_request_id) REFERENCES public.care_continuity_import_request(id) DEFERRABLE;


--
-- Name: work_list_reminder_who_employee fk_e56b7bf0d6d51cfcd26b7c019131660f; Type: FK CONSTRAINT; Schema: public; Owner: aperiosf
--

ALTER TABLE ONLY public.work_list_reminder_who_employee
    ADD CONSTRAINT fk_e56b7bf0d6d51cfcd26b7c019131660f FOREIGN KEY (work_list_reminder_id) REFERENCES public.work_list_reminder(id) DEFERRABLE;


--
-- Name: meta_ccda_export_log_type fk_e57966b4980a5fa6020d1cdf43bbb399; Type: FK CONSTRAINT; Schema: public; Owner: aperiosf
--

ALTER TABLE ONLY public.meta_ccda_export_log_type
    ADD CONSTRAINT fk_e57966b4980a5fa6020d1cdf43bbb399 FOREIGN KEY (value) REFERENCES public.meta_label(id) DEFERRABLE;


--
-- Name: meta_patient_status fk_e67f44d2a991c55fb4a2a38970d7e2a2; Type: FK CONSTRAINT; Schema: public; Owner: aperiosf
--

ALTER TABLE ONLY public.meta_patient_status
    ADD CONSTRAINT fk_e67f44d2a991c55fb4a2a38970d7e2a2 FOREIGN KEY (created_by) REFERENCES public.synap_user(id) DEFERRABLE;


--
-- Name: ccda_export fk_e789c704b0285df7bb2feda513b16b4d; Type: FK CONSTRAINT; Schema: public; Owner: aperiosf
--

ALTER TABLE ONLY public.ccda_export
    ADD CONSTRAINT fk_e789c704b0285df7bb2feda513b16b4d FOREIGN KEY (folder_id) REFERENCES public.organization_folder(id) DEFERRABLE;


--
-- Name: meta_household_income_level fk_e84b302a847772d77ac3f99b4c26fcb7; Type: FK CONSTRAINT; Schema: public; Owner: aperiosf
--

ALTER TABLE ONLY public.meta_household_income_level
    ADD CONSTRAINT fk_e84b302a847772d77ac3f99b4c26fcb7 FOREIGN KEY (created_by) REFERENCES public.synap_user(id) DEFERRABLE;


--
-- Name: course_custom_field_definition fk_e92ce63083ea365541052e9b59f585a8; Type: FK CONSTRAINT; Schema: public; Owner: aperiosf
--

ALTER TABLE ONLY public.course_custom_field_definition
    ADD CONSTRAINT fk_e92ce63083ea365541052e9b59f585a8 FOREIGN KEY (type) REFERENCES public.meta_field_defination_type(id) DEFERRABLE;


--
-- Name: course_custom_field_definition fk_ea7c9d3b87b6e7d90b1f4af522bad736; Type: FK CONSTRAINT; Schema: public; Owner: aperiosf
--

ALTER TABLE ONLY public.course_custom_field_definition
    ADD CONSTRAINT fk_ea7c9d3b87b6e7d90b1f4af522bad736 FOREIGN KEY (course_id) REFERENCES public.course(id) DEFERRABLE;


--
-- Name: meta_patient_document_status fk_eb2339edc3bb6504fe4f80878addd277; Type: FK CONSTRAINT; Schema: public; Owner: aperiosf
--

ALTER TABLE ONLY public.meta_patient_document_status
    ADD CONSTRAINT fk_eb2339edc3bb6504fe4f80878addd277 FOREIGN KEY (value) REFERENCES public.meta_label(id) DEFERRABLE;


--
-- Name: meta_permission fk_ebdcfd5d4629024e6fb9f0d13cf44839; Type: FK CONSTRAINT; Schema: public; Owner: aperiosf
--

ALTER TABLE ONLY public.meta_permission
    ADD CONSTRAINT fk_ebdcfd5d4629024e6fb9f0d13cf44839 FOREIGN KEY (organization_id) REFERENCES public.organization(id) DEFERRABLE;


--
-- Name: ccda_import_diagnosis fk_ec1576cd410f9c3931f34c3949975d51; Type: FK CONSTRAINT; Schema: public; Owner: aperiosf
--

ALTER TABLE ONLY public.ccda_import_diagnosis
    ADD CONSTRAINT fk_ec1576cd410f9c3931f34c3949975d51 FOREIGN KEY (care_continuity_import_request_id) REFERENCES public.care_continuity_import_request(id) DEFERRABLE;


--
-- Name: patient_contact_address fk_ed33c72e266cc691f4815a0acf12bcba; Type: FK CONSTRAINT; Schema: public; Owner: aperiosf
--

ALTER TABLE ONLY public.patient_contact_address
    ADD CONSTRAINT fk_ed33c72e266cc691f4815a0acf12bcba FOREIGN KEY (country) REFERENCES public.meta_country(id) DEFERRABLE;


--
-- Name: work_list_reminder fk_eda35bb11c094f3150ae83ae21fb2627; Type: FK CONSTRAINT; Schema: public; Owner: aperiosf
--

ALTER TABLE ONLY public.work_list_reminder
    ADD CONSTRAINT fk_eda35bb11c094f3150ae83ae21fb2627 FOREIGN KEY (work_list_id) REFERENCES public.work_list(id) DEFERRABLE;


--
-- Name: meta_work_list_reminder_type fk_ede4b6a2d7acba772b76b82ad24a9ade; Type: FK CONSTRAINT; Schema: public; Owner: aperiosf
--

ALTER TABLE ONLY public.meta_work_list_reminder_type
    ADD CONSTRAINT fk_ede4b6a2d7acba772b76b82ad24a9ade FOREIGN KEY (created_by) REFERENCES public.synap_user(id) DEFERRABLE;


--
-- Name: meta_token_type fk_ee33485652faff1afdeb5eb1fb9851ab; Type: FK CONSTRAINT; Schema: public; Owner: aperiosf
--

ALTER TABLE ONLY public.meta_token_type
    ADD CONSTRAINT fk_ee33485652faff1afdeb5eb1fb9851ab FOREIGN KEY (created_by) REFERENCES public.synap_user(id) DEFERRABLE;


--
-- Name: patient_social_needs fk_ef23f0c5b67156ede354757c011a1c00; Type: FK CONSTRAINT; Schema: public; Owner: aperiosf
--

ALTER TABLE ONLY public.patient_social_needs
    ADD CONSTRAINT fk_ef23f0c5b67156ede354757c011a1c00 FOREIGN KEY (organization_id) REFERENCES public.organization(id) DEFERRABLE;


--
-- Name: client_document_file fk_f178078a934a82e77565b97af7a9fd81; Type: FK CONSTRAINT; Schema: public; Owner: aperiosf
--

ALTER TABLE ONLY public.client_document_file
    ADD CONSTRAINT fk_f178078a934a82e77565b97af7a9fd81 FOREIGN KEY (organization_id) REFERENCES public.organization(id) DEFERRABLE;


--
-- Name: ccda_export fk_f275e94dfab5e45c310fa0a3847f3cd8; Type: FK CONSTRAINT; Schema: public; Owner: aperiosf
--

ALTER TABLE ONLY public.ccda_export
    ADD CONSTRAINT fk_f275e94dfab5e45c310fa0a3847f3cd8 FOREIGN KEY (organization_id) REFERENCES public.organization(id) DEFERRABLE;


--
-- Name: kch_program_assignment fk_f307dbca8ac3bed7f73d9c6fbac6b909; Type: FK CONSTRAINT; Schema: public; Owner: aperiosf
--

ALTER TABLE ONLY public.kch_program_assignment
    ADD CONSTRAINT fk_f307dbca8ac3bed7f73d9c6fbac6b909 FOREIGN KEY (organization_id) REFERENCES public.organization(id) DEFERRABLE;


--
-- Name: meta_work_list_approval_status fk_f408e70add0d7bcdebe93e8e80ca644c; Type: FK CONSTRAINT; Schema: public; Owner: aperiosf
--

ALTER TABLE ONLY public.meta_work_list_approval_status
    ADD CONSTRAINT fk_f408e70add0d7bcdebe93e8e80ca644c FOREIGN KEY (organization_id) REFERENCES public.organization(id) DEFERRABLE;


--
-- Name: meta_social_needs fk_f40eeadb24e96cd9f5fbc1452edd7918; Type: FK CONSTRAINT; Schema: public; Owner: aperiosf
--

ALTER TABLE ONLY public.meta_social_needs
    ADD CONSTRAINT fk_f40eeadb24e96cd9f5fbc1452edd7918 FOREIGN KEY (meta_social_needs_category_id) REFERENCES public.meta_social_needs_category(id) DEFERRABLE;


--
-- Name: course_session fk_f532b2d0da4214ad9e6a76e93c27cb2a; Type: FK CONSTRAINT; Schema: public; Owner: aperiosf
--

ALTER TABLE ONLY public.course_session
    ADD CONSTRAINT fk_f532b2d0da4214ad9e6a76e93c27cb2a FOREIGN KEY (course_id) REFERENCES public.course(id) DEFERRABLE;


--
-- Name: patient_specific_document fk_f54a598a70ddb282abf888ca8c926af0; Type: FK CONSTRAINT; Schema: public; Owner: aperiosf
--

ALTER TABLE ONLY public.patient_specific_document
    ADD CONSTRAINT fk_f54a598a70ddb282abf888ca8c926af0 FOREIGN KEY (organization_id) REFERENCES public.organization(id) DEFERRABLE;


--
-- Name: ccda_export_log fk_f5da2e0bc92bace44c43f954bed7f552; Type: FK CONSTRAINT; Schema: public; Owner: aperiosf
--

ALTER TABLE ONLY public.ccda_export_log
    ADD CONSTRAINT fk_f5da2e0bc92bace44c43f954bed7f552 FOREIGN KEY (created_by) REFERENCES public.synap_user(id) DEFERRABLE;


--
-- Name: patient_race fk_f5dfa15d426dbcb1a611896812b91801; Type: FK CONSTRAINT; Schema: public; Owner: aperiosf
--

ALTER TABLE ONLY public.patient_race
    ADD CONSTRAINT fk_f5dfa15d426dbcb1a611896812b91801 FOREIGN KEY (patient_id) REFERENCES public.patient(id) DEFERRABLE;


--
-- Name: meta_basic_status fk_f6704adbd5293085b462bc721b261379; Type: FK CONSTRAINT; Schema: public; Owner: aperiosf
--

ALTER TABLE ONLY public.meta_basic_status
    ADD CONSTRAINT fk_f6704adbd5293085b462bc721b261379 FOREIGN KEY (created_by) REFERENCES public.synap_user(id) DEFERRABLE;


--
-- Name: meta_country fk_f6ffec1a3835239cb0d349c585820a4d; Type: FK CONSTRAINT; Schema: public; Owner: aperiosf
--

ALTER TABLE ONLY public.meta_country
    ADD CONSTRAINT fk_f6ffec1a3835239cb0d349c585820a4d FOREIGN KEY (organization_id) REFERENCES public.organization(id) DEFERRABLE;


--
-- Name: work_list_reminder fk_f80dc59763ca0d4d7f277f277cb52cdf; Type: FK CONSTRAINT; Schema: public; Owner: aperiosf
--

ALTER TABLE ONLY public.work_list_reminder
    ADD CONSTRAINT fk_f80dc59763ca0d4d7f277f277cb52cdf FOREIGN KEY (created_by) REFERENCES public.synap_user(id) DEFERRABLE;


--
-- Name: meta_state fk_f8ecd97f08ec149cb7dc9604c641ad4d; Type: FK CONSTRAINT; Schema: public; Owner: aperiosf
--

ALTER TABLE ONLY public.meta_state
    ADD CONSTRAINT fk_f8ecd97f08ec149cb7dc9604c641ad4d FOREIGN KEY (organization_id) REFERENCES public.organization(id) DEFERRABLE;


--
-- Name: meta_zip_code fk_fa705266566c895d5ed1598f8cd3cf67; Type: FK CONSTRAINT; Schema: public; Owner: aperiosf
--

ALTER TABLE ONLY public.meta_zip_code
    ADD CONSTRAINT fk_fa705266566c895d5ed1598f8cd3cf67 FOREIGN KEY (organization_id) REFERENCES public.organization(id) DEFERRABLE;


--
-- Name: organization_employee_division fk_fa89fb19eb3f8a3b41ae7d399d76000c; Type: FK CONSTRAINT; Schema: public; Owner: aperiosf
--

ALTER TABLE ONLY public.organization_employee_division
    ADD CONSTRAINT fk_fa89fb19eb3f8a3b41ae7d399d76000c FOREIGN KEY (organization_division_id) REFERENCES public.organization_division(id) DEFERRABLE;


--
-- Name: client_document fk_fab74dda4bf0b2246d9bb019daec5a9c; Type: FK CONSTRAINT; Schema: public; Owner: aperiosf
--

ALTER TABLE ONLY public.client_document
    ADD CONSTRAINT fk_fab74dda4bf0b2246d9bb019daec5a9c FOREIGN KEY (created_by) REFERENCES public.synap_user(id) DEFERRABLE;


--
-- Name: patient fk_fb2c267679fdbc05c66bdf95ab719f9e; Type: FK CONSTRAINT; Schema: public; Owner: aperiosf
--

ALTER TABLE ONLY public.patient
    ADD CONSTRAINT fk_fb2c267679fdbc05c66bdf95ab719f9e FOREIGN KEY (status) REFERENCES public.meta_patient_status(id) DEFERRABLE;


--
-- Name: organization_profile_permission fk_fb693aae8d9a850f8876da737c07ca19; Type: FK CONSTRAINT; Schema: public; Owner: aperiosf
--

ALTER TABLE ONLY public.organization_profile_permission
    ADD CONSTRAINT fk_fb693aae8d9a850f8876da737c07ca19 FOREIGN KEY (organization_profile_id) REFERENCES public.organization_profile(id) DEFERRABLE;


--
-- Name: meta_family_relationship fk_fbd6d8f796059b7fc815c116be4a3c1e; Type: FK CONSTRAINT; Schema: public; Owner: aperiosf
--

ALTER TABLE ONLY public.meta_family_relationship
    ADD CONSTRAINT fk_fbd6d8f796059b7fc815c116be4a3c1e FOREIGN KEY (created_by) REFERENCES public.synap_user(id) DEFERRABLE;


--
-- Name: patient_specific_document fk_fc57d409e217c8452a360cf3377c4106; Type: FK CONSTRAINT; Schema: public; Owner: aperiosf
--

ALTER TABLE ONLY public.patient_specific_document
    ADD CONSTRAINT fk_fc57d409e217c8452a360cf3377c4106 FOREIGN KEY (created_by) REFERENCES public.synap_user(id) DEFERRABLE;


--
-- Name: meta_snomed_code fk_fd6bbf6dac90718d8d6df0124d46af06; Type: FK CONSTRAINT; Schema: public; Owner: aperiosf
--

ALTER TABLE ONLY public.meta_snomed_code
    ADD CONSTRAINT fk_fd6bbf6dac90718d8d6df0124d46af06 FOREIGN KEY (icd10_code) REFERENCES public.meta_diagnostic_code(id) DEFERRABLE;


--
-- Name: patient_medication fk_fd897db537c0a72178d2173a7d4c5d9c; Type: FK CONSTRAINT; Schema: public; Owner: aperiosf
--

ALTER TABLE ONLY public.patient_medication
    ADD CONSTRAINT fk_fd897db537c0a72178d2173a7d4c5d9c FOREIGN KEY (organization_id) REFERENCES public.organization(id) DEFERRABLE;


--
-- Name: meta_relationship fk_ffb4a1236b19f13b0bd9a9284b540c81; Type: FK CONSTRAINT; Schema: public; Owner: aperiosf
--

ALTER TABLE ONLY public.meta_relationship
    ADD CONSTRAINT fk_ffb4a1236b19f13b0bd9a9284b540c81 FOREIGN KEY (organization_id) REFERENCES public.organization(id) DEFERRABLE;


--
-- Name: SCHEMA public; Type: ACL; Schema: -; Owner: aperiosf
--

GRANT ALL ON SCHEMA public TO PUBLIC;


--
-- Name: TABLE care_continuity_import_request; Type: ACL; Schema: public; Owner: aperiosf
--

GRANT SELECT ON TABLE public.care_continuity_import_request TO "aperio-readonly";


--
-- Name: TABLE ccd_upload; Type: ACL; Schema: public; Owner: aperiosf
--

GRANT SELECT ON TABLE public.ccd_upload TO "aperio-readonly";


--
-- Name: TABLE ccda_export; Type: ACL; Schema: public; Owner: aperiosf
--

GRANT SELECT ON TABLE public.ccda_export TO "aperio-readonly";


--
-- Name: TABLE ccda_export_include_sections; Type: ACL; Schema: public; Owner: aperiosf
--

GRANT SELECT ON TABLE public.ccda_export_include_sections TO "aperio-readonly";


--
-- Name: TABLE ccda_export_log; Type: ACL; Schema: public; Owner: aperiosf
--

GRANT SELECT ON TABLE public.ccda_export_log TO "aperio-readonly";


--
-- Name: TABLE ccda_export_request; Type: ACL; Schema: public; Owner: aperiosf
--

GRANT SELECT ON TABLE public.ccda_export_request TO "aperio-readonly";


--
-- Name: TABLE ccda_export_request_patient_ids; Type: ACL; Schema: public; Owner: aperiosf
--

GRANT SELECT ON TABLE public.ccda_export_request_patient_ids TO "aperio-readonly";


--
-- Name: TABLE ccda_import_allergy; Type: ACL; Schema: public; Owner: aperiosf
--

GRANT SELECT ON TABLE public.ccda_import_allergy TO "aperio-readonly";


--
-- Name: TABLE ccda_import_diagnosis; Type: ACL; Schema: public; Owner: aperiosf
--

GRANT SELECT ON TABLE public.ccda_import_diagnosis TO "aperio-readonly";


--
-- Name: TABLE ccda_import_medication; Type: ACL; Schema: public; Owner: aperiosf
--

GRANT SELECT ON TABLE public.ccda_import_medication TO "aperio-readonly";


--
-- Name: TABLE cdn_temp_file; Type: ACL; Schema: public; Owner: aperiosf
--

GRANT SELECT ON TABLE public.cdn_temp_file TO "aperio-readonly";


--
-- Name: TABLE client_document; Type: ACL; Schema: public; Owner: aperiosf
--

GRANT SELECT ON TABLE public.client_document TO "aperio-readonly";


--
-- Name: TABLE client_document_file; Type: ACL; Schema: public; Owner: aperiosf
--

GRANT SELECT ON TABLE public.client_document_file TO "aperio-readonly";


--
-- Name: TABLE client_note; Type: ACL; Schema: public; Owner: aperiosf
--

GRANT SELECT ON TABLE public.client_note TO "aperio-readonly";


--
-- Name: TABLE course; Type: ACL; Schema: public; Owner: aperiosf
--

GRANT SELECT ON TABLE public.course TO "aperio-readonly";


--
-- Name: TABLE course_custom_field_definition; Type: ACL; Schema: public; Owner: aperiosf
--

GRANT SELECT ON TABLE public.course_custom_field_definition TO "aperio-readonly";


--
-- Name: TABLE course_participant; Type: ACL; Schema: public; Owner: aperiosf
--

GRANT SELECT ON TABLE public.course_participant TO "aperio-readonly";


--
-- Name: TABLE course_session; Type: ACL; Schema: public; Owner: aperiosf
--

GRANT SELECT ON TABLE public.course_session TO "aperio-readonly";


--
-- Name: TABLE course_session_attendance; Type: ACL; Schema: public; Owner: aperiosf
--

GRANT SELECT ON TABLE public.course_session_attendance TO "aperio-readonly";


--
-- Name: TABLE course_session_custom_field_value; Type: ACL; Schema: public; Owner: aperiosf
--

GRANT SELECT ON TABLE public.course_session_custom_field_value TO "aperio-readonly";


--
-- Name: TABLE data_export_request; Type: ACL; Schema: public; Owner: aperiosf
--

GRANT SELECT ON TABLE public.data_export_request TO "aperio-readonly";


--
-- Name: TABLE data_import_request; Type: ACL; Schema: public; Owner: aperiosf
--

GRANT SELECT ON TABLE public.data_import_request TO "aperio-readonly";


--
-- Name: TABLE housing_upgrade; Type: ACL; Schema: public; Owner: aperiosf
--

GRANT SELECT ON TABLE public.housing_upgrade TO "aperio-readonly";


--
-- Name: TABLE kch_program; Type: ACL; Schema: public; Owner: aperiosf
--

GRANT SELECT ON TABLE public.kch_program TO "aperio-readonly";


--
-- Name: TABLE kch_program_assignment; Type: ACL; Schema: public; Owner: aperiosf
--

GRANT SELECT ON TABLE public.kch_program_assignment TO "aperio-readonly";


--
-- Name: TABLE meta_address_type; Type: ACL; Schema: public; Owner: aperiosf
--

GRANT SELECT ON TABLE public.meta_address_type TO "aperio-readonly";


--
-- Name: TABLE meta_allergy_severity; Type: ACL; Schema: public; Owner: aperiosf
--

GRANT SELECT ON TABLE public.meta_allergy_severity TO "aperio-readonly";


--
-- Name: TABLE meta_allergy_type; Type: ACL; Schema: public; Owner: aperiosf
--

GRANT SELECT ON TABLE public.meta_allergy_type TO "aperio-readonly";


--
-- Name: TABLE meta_basic_status; Type: ACL; Schema: public; Owner: aperiosf
--

GRANT SELECT ON TABLE public.meta_basic_status TO "aperio-readonly";


--
-- Name: TABLE meta_blood_pressure_unit; Type: ACL; Schema: public; Owner: aperiosf
--

GRANT SELECT ON TABLE public.meta_blood_pressure_unit TO "aperio-readonly";


--
-- Name: TABLE meta_care_continuity_document_type; Type: ACL; Schema: public; Owner: aperiosf
--

GRANT SELECT ON TABLE public.meta_care_continuity_document_type TO "aperio-readonly";


--
-- Name: TABLE meta_ccda_export_log_type; Type: ACL; Schema: public; Owner: aperiosf
--

GRANT SELECT ON TABLE public.meta_ccda_export_log_type TO "aperio-readonly";


--
-- Name: TABLE meta_ccda_export_status; Type: ACL; Schema: public; Owner: aperiosf
--

GRANT SELECT ON TABLE public.meta_ccda_export_status TO "aperio-readonly";


--
-- Name: TABLE meta_ccda_sections; Type: ACL; Schema: public; Owner: aperiosf
--

GRANT SELECT ON TABLE public.meta_ccda_sections TO "aperio-readonly";


--
-- Name: TABLE meta_clinical_document_type; Type: ACL; Schema: public; Owner: aperiosf
--

GRANT SELECT ON TABLE public.meta_clinical_document_type TO "aperio-readonly";


--
-- Name: TABLE meta_communication_mode; Type: ACL; Schema: public; Owner: aperiosf
--

GRANT SELECT ON TABLE public.meta_communication_mode TO "aperio-readonly";


--
-- Name: TABLE meta_contact_type; Type: ACL; Schema: public; Owner: aperiosf
--

GRANT SELECT ON TABLE public.meta_contact_type TO "aperio-readonly";


--
-- Name: TABLE meta_country; Type: ACL; Schema: public; Owner: aperiosf
--

GRANT SELECT ON TABLE public.meta_country TO "aperio-readonly";


--
-- Name: TABLE meta_data_family; Type: ACL; Schema: public; Owner: aperiosf
--

GRANT SELECT ON TABLE public.meta_data_family TO "aperio-readonly";


--
-- Name: TABLE meta_day_of_week; Type: ACL; Schema: public; Owner: aperiosf
--

GRANT SELECT ON TABLE public.meta_day_of_week TO "aperio-readonly";


--
-- Name: TABLE meta_default_status; Type: ACL; Schema: public; Owner: aperiosf
--

GRANT SELECT ON TABLE public.meta_default_status TO "aperio-readonly";


--
-- Name: TABLE meta_diagnostic_code; Type: ACL; Schema: public; Owner: aperiosf
--

GRANT SELECT ON TABLE public.meta_diagnostic_code TO "aperio-readonly";


--
-- Name: TABLE meta_employee_status; Type: ACL; Schema: public; Owner: aperiosf
--

GRANT SELECT ON TABLE public.meta_employee_status TO "aperio-readonly";


--
-- Name: TABLE meta_employment_status; Type: ACL; Schema: public; Owner: aperiosf
--

GRANT SELECT ON TABLE public.meta_employment_status TO "aperio-readonly";


--
-- Name: TABLE meta_ethnicity; Type: ACL; Schema: public; Owner: aperiosf
--

GRANT SELECT ON TABLE public.meta_ethnicity TO "aperio-readonly";


--
-- Name: TABLE meta_family_relationship; Type: ACL; Schema: public; Owner: aperiosf
--

GRANT SELECT ON TABLE public.meta_family_relationship TO "aperio-readonly";


--
-- Name: TABLE meta_field_defination_type; Type: ACL; Schema: public; Owner: aperiosf
--

GRANT SELECT ON TABLE public.meta_field_defination_type TO "aperio-readonly";


--
-- Name: TABLE meta_gender; Type: ACL; Schema: public; Owner: aperiosf
--

GRANT SELECT ON TABLE public.meta_gender TO "aperio-readonly";


--
-- Name: TABLE meta_height_unit; Type: ACL; Schema: public; Owner: aperiosf
--

GRANT SELECT ON TABLE public.meta_height_unit TO "aperio-readonly";


--
-- Name: TABLE meta_household_income_level; Type: ACL; Schema: public; Owner: aperiosf
--

GRANT SELECT ON TABLE public.meta_household_income_level TO "aperio-readonly";


--
-- Name: TABLE meta_housing_status; Type: ACL; Schema: public; Owner: aperiosf
--

GRANT SELECT ON TABLE public.meta_housing_status TO "aperio-readonly";


--
-- Name: TABLE meta_housing_upgrade_status; Type: ACL; Schema: public; Owner: aperiosf
--

GRANT SELECT ON TABLE public.meta_housing_upgrade_status TO "aperio-readonly";


--
-- Name: TABLE meta_housing_upgrade_type; Type: ACL; Schema: public; Owner: aperiosf
--

GRANT SELECT ON TABLE public.meta_housing_upgrade_type TO "aperio-readonly";


--
-- Name: TABLE meta_id_type; Type: ACL; Schema: public; Owner: aperiosf
--

GRANT SELECT ON TABLE public.meta_id_type TO "aperio-readonly";


--
-- Name: TABLE meta_income_level; Type: ACL; Schema: public; Owner: aperiosf
--

GRANT SELECT ON TABLE public.meta_income_level TO "aperio-readonly";


--
-- Name: TABLE meta_label; Type: ACL; Schema: public; Owner: aperiosf
--

GRANT SELECT ON TABLE public.meta_label TO "aperio-readonly";


--
-- Name: TABLE meta_label_detail; Type: ACL; Schema: public; Owner: aperiosf
--

GRANT SELECT ON TABLE public.meta_label_detail TO "aperio-readonly";


--
-- Name: TABLE meta_language; Type: ACL; Schema: public; Owner: aperiosf
--

GRANT SELECT ON TABLE public.meta_language TO "aperio-readonly";


--
-- Name: TABLE meta_marital_status; Type: ACL; Schema: public; Owner: aperiosf
--

GRANT SELECT ON TABLE public.meta_marital_status TO "aperio-readonly";


--
-- Name: TABLE meta_medication_delivery_route; Type: ACL; Schema: public; Owner: aperiosf
--

GRANT SELECT ON TABLE public.meta_medication_delivery_route TO "aperio-readonly";


--
-- Name: TABLE meta_military_status; Type: ACL; Schema: public; Owner: aperiosf
--

GRANT SELECT ON TABLE public.meta_military_status TO "aperio-readonly";


--
-- Name: TABLE meta_pain_level; Type: ACL; Schema: public; Owner: aperiosf
--

GRANT SELECT ON TABLE public.meta_pain_level TO "aperio-readonly";


--
-- Name: TABLE meta_patient_diagnosis_status; Type: ACL; Schema: public; Owner: aperiosf
--

GRANT SELECT ON TABLE public.meta_patient_diagnosis_status TO "aperio-readonly";


--
-- Name: TABLE meta_patient_document_status; Type: ACL; Schema: public; Owner: aperiosf
--

GRANT SELECT ON TABLE public.meta_patient_document_status TO "aperio-readonly";


--
-- Name: TABLE meta_patient_document_type; Type: ACL; Schema: public; Owner: aperiosf
--

GRANT SELECT ON TABLE public.meta_patient_document_type TO "aperio-readonly";


--
-- Name: TABLE meta_patient_identity_type; Type: ACL; Schema: public; Owner: aperiosf
--

GRANT SELECT ON TABLE public.meta_patient_identity_type TO "aperio-readonly";


--
-- Name: TABLE meta_patient_status; Type: ACL; Schema: public; Owner: aperiosf
--

GRANT SELECT ON TABLE public.meta_patient_status TO "aperio-readonly";


--
-- Name: TABLE meta_permission; Type: ACL; Schema: public; Owner: aperiosf
--

GRANT SELECT ON TABLE public.meta_permission TO "aperio-readonly";


--
-- Name: TABLE meta_permission_cascaded_permission; Type: ACL; Schema: public; Owner: aperiosf
--

GRANT SELECT ON TABLE public.meta_permission_cascaded_permission TO "aperio-readonly";


--
-- Name: TABLE meta_provider_service_type; Type: ACL; Schema: public; Owner: aperiosf
--

GRANT SELECT ON TABLE public.meta_provider_service_type TO "aperio-readonly";


--
-- Name: TABLE meta_race; Type: ACL; Schema: public; Owner: aperiosf
--

GRANT SELECT ON TABLE public.meta_race TO "aperio-readonly";


--
-- Name: TABLE meta_relationship; Type: ACL; Schema: public; Owner: aperiosf
--

GRANT SELECT ON TABLE public.meta_relationship TO "aperio-readonly";


--
-- Name: TABLE meta_severity; Type: ACL; Schema: public; Owner: aperiosf
--

GRANT SELECT ON TABLE public.meta_severity TO "aperio-readonly";


--
-- Name: TABLE meta_smoking_status; Type: ACL; Schema: public; Owner: aperiosf
--

GRANT SELECT ON TABLE public.meta_smoking_status TO "aperio-readonly";


--
-- Name: TABLE meta_snomed; Type: ACL; Schema: public; Owner: aperiosf
--

GRANT SELECT ON TABLE public.meta_snomed TO "aperio-readonly";


--
-- Name: TABLE meta_snomed_code; Type: ACL; Schema: public; Owner: aperiosf
--

GRANT SELECT ON TABLE public.meta_snomed_code TO "aperio-readonly";


--
-- Name: TABLE meta_state; Type: ACL; Schema: public; Owner: aperiosf
--

GRANT SELECT ON TABLE public.meta_state TO "aperio-readonly";


--
-- Name: TABLE meta_telephone_type; Type: ACL; Schema: public; Owner: aperiosf
--

GRANT SELECT ON TABLE public.meta_telephone_type TO "aperio-readonly";


--
-- Name: TABLE meta_temperature_unit; Type: ACL; Schema: public; Owner: aperiosf
--

GRANT SELECT ON TABLE public.meta_temperature_unit TO "aperio-readonly";


--
-- Name: TABLE meta_timezone; Type: ACL; Schema: public; Owner: aperiosf
--

GRANT SELECT ON TABLE public.meta_timezone TO "aperio-readonly";


--
-- Name: TABLE meta_token_type; Type: ACL; Schema: public; Owner: aperiosf
--

GRANT SELECT ON TABLE public.meta_token_type TO "aperio-readonly";


--
-- Name: TABLE meta_user_type; Type: ACL; Schema: public; Owner: aperiosf
--

GRANT SELECT ON TABLE public.meta_user_type TO "aperio-readonly";


--
-- Name: TABLE meta_weight_unit; Type: ACL; Schema: public; Owner: aperiosf
--

GRANT SELECT ON TABLE public.meta_weight_unit TO "aperio-readonly";


--
-- Name: TABLE meta_work_list_approval_status; Type: ACL; Schema: public; Owner: aperiosf
--

GRANT SELECT ON TABLE public.meta_work_list_approval_status TO "aperio-readonly";


--
-- Name: TABLE meta_work_list_reminder_status; Type: ACL; Schema: public; Owner: aperiosf
--

GRANT SELECT ON TABLE public.meta_work_list_reminder_status TO "aperio-readonly";


--
-- Name: TABLE meta_work_list_reminder_type; Type: ACL; Schema: public; Owner: aperiosf
--

GRANT SELECT ON TABLE public.meta_work_list_reminder_type TO "aperio-readonly";


--
-- Name: TABLE meta_work_list_reminder_who_type; Type: ACL; Schema: public; Owner: aperiosf
--

GRANT SELECT ON TABLE public.meta_work_list_reminder_who_type TO "aperio-readonly";


--
-- Name: TABLE meta_worklist_priority; Type: ACL; Schema: public; Owner: aperiosf
--

GRANT SELECT ON TABLE public.meta_worklist_priority TO "aperio-readonly";


--
-- Name: TABLE meta_worklist_status; Type: ACL; Schema: public; Owner: aperiosf
--

GRANT SELECT ON TABLE public.meta_worklist_status TO "aperio-readonly";


--
-- Name: TABLE meta_zip_code; Type: ACL; Schema: public; Owner: aperiosf
--

GRANT SELECT ON TABLE public.meta_zip_code TO "aperio-readonly";


--
-- Name: TABLE oml_data_type; Type: ACL; Schema: public; Owner: aperiosf
--

GRANT SELECT ON TABLE public.oml_data_type TO "aperio-readonly";


--
-- Name: TABLE oml_object; Type: ACL; Schema: public; Owner: aperiosf
--

GRANT SELECT ON TABLE public.oml_object TO "aperio-readonly";


--
-- Name: TABLE oml_property; Type: ACL; Schema: public; Owner: aperiosf
--

GRANT SELECT ON TABLE public.oml_property TO "aperio-readonly";


--
-- Name: TABLE organization; Type: ACL; Schema: public; Owner: aperiosf
--

GRANT SELECT ON TABLE public.organization TO "aperio-readonly";


--
-- Name: TABLE organization_division; Type: ACL; Schema: public; Owner: aperiosf
--

GRANT SELECT ON TABLE public.organization_division TO "aperio-readonly";


--
-- Name: TABLE organization_employee; Type: ACL; Schema: public; Owner: aperiosf
--

GRANT SELECT ON TABLE public.organization_employee TO "aperio-readonly";


--
-- Name: TABLE organization_employee_address; Type: ACL; Schema: public; Owner: aperiosf
--

GRANT SELECT ON TABLE public.organization_employee_address TO "aperio-readonly";


--
-- Name: TABLE organization_employee_division; Type: ACL; Schema: public; Owner: aperiosf
--

GRANT SELECT ON TABLE public.organization_employee_division TO "aperio-readonly";


--
-- Name: TABLE organization_employee_profile; Type: ACL; Schema: public; Owner: aperiosf
--

GRANT SELECT ON TABLE public.organization_employee_profile TO "aperio-readonly";


--
-- Name: TABLE organization_employee_telephone; Type: ACL; Schema: public; Owner: aperiosf
--

GRANT SELECT ON TABLE public.organization_employee_telephone TO "aperio-readonly";


--
-- Name: TABLE organization_folder; Type: ACL; Schema: public; Owner: aperiosf
--

GRANT SELECT ON TABLE public.organization_folder TO "aperio-readonly";


--
-- Name: TABLE organization_profile; Type: ACL; Schema: public; Owner: aperiosf
--

GRANT SELECT ON TABLE public.organization_profile TO "aperio-readonly";


--
-- Name: TABLE organization_profile_permission; Type: ACL; Schema: public; Owner: aperiosf
--

GRANT SELECT ON TABLE public.organization_profile_permission TO "aperio-readonly";


--
-- Name: TABLE patient; Type: ACL; Schema: public; Owner: aperiosf
--

GRANT SELECT ON TABLE public.patient TO "aperio-readonly";


--
-- Name: TABLE patient_address; Type: ACL; Schema: public; Owner: aperiosf
--

GRANT SELECT ON TABLE public.patient_address TO "aperio-readonly";


--
-- Name: TABLE patient_admission; Type: ACL; Schema: public; Owner: aperiosf
--

GRANT SELECT ON TABLE public.patient_admission TO "aperio-readonly";


--
-- Name: TABLE patient_allergy; Type: ACL; Schema: public; Owner: aperiosf
--

GRANT SELECT ON TABLE public.patient_allergy TO "aperio-readonly";


--
-- Name: TABLE patient_contact; Type: ACL; Schema: public; Owner: aperiosf
--

GRANT SELECT ON TABLE public.patient_contact TO "aperio-readonly";


--
-- Name: TABLE patient_contact_address; Type: ACL; Schema: public; Owner: aperiosf
--

GRANT SELECT ON TABLE public.patient_contact_address TO "aperio-readonly";


--
-- Name: TABLE patient_diagnosis; Type: ACL; Schema: public; Owner: aperiosf
--

GRANT SELECT ON TABLE public.patient_diagnosis TO "aperio-readonly";


--
-- Name: TABLE patient_employment_info; Type: ACL; Schema: public; Owner: aperiosf
--

GRANT SELECT ON TABLE public.patient_employment_info TO "aperio-readonly";


--
-- Name: TABLE patient_medication; Type: ACL; Schema: public; Owner: aperiosf
--

GRANT SELECT ON TABLE public.patient_medication TO "aperio-readonly";


--
-- Name: TABLE patient_prescription; Type: ACL; Schema: public; Owner: aperiosf
--

GRANT SELECT ON TABLE public.patient_prescription TO "aperio-readonly";


--
-- Name: TABLE patient_primary_care_provider; Type: ACL; Schema: public; Owner: aperiosf
--

GRANT SELECT ON TABLE public.patient_primary_care_provider TO "aperio-readonly";


--
-- Name: TABLE patient_race; Type: ACL; Schema: public; Owner: aperiosf
--

GRANT SELECT ON TABLE public.patient_race TO "aperio-readonly";


--
-- Name: TABLE patient_specific_document; Type: ACL; Schema: public; Owner: aperiosf
--

GRANT SELECT ON TABLE public.patient_specific_document TO "aperio-readonly";


--
-- Name: TABLE patient_vital; Type: ACL; Schema: public; Owner: aperiosf
--

GRANT SELECT ON TABLE public.patient_vital TO "aperio-readonly";


--
-- Name: TABLE preferred_provider; Type: ACL; Schema: public; Owner: aperiosf
--

GRANT SELECT ON TABLE public.preferred_provider TO "aperio-readonly";


--
-- Name: TABLE report; Type: ACL; Schema: public; Owner: aperiosf
--

GRANT SELECT ON TABLE public.report TO "aperio-readonly";


--
-- Name: TABLE synap_config; Type: ACL; Schema: public; Owner: aperiosf
--

GRANT SELECT ON TABLE public.synap_config TO "aperio-readonly";


--
-- Name: TABLE synap_user; Type: ACL; Schema: public; Owner: aperiosf
--

GRANT SELECT ON TABLE public.synap_user TO "aperio-readonly";


--
-- Name: TABLE synap_user_group; Type: ACL; Schema: public; Owner: aperiosf
--

GRANT SELECT ON TABLE public.synap_user_group TO "aperio-readonly";


--
-- Name: TABLE synap_user_token; Type: ACL; Schema: public; Owner: aperiosf
--

GRANT SELECT ON TABLE public.synap_user_token TO "aperio-readonly";


--
-- Name: TABLE user_password; Type: ACL; Schema: public; Owner: aperiosf
--

GRANT SELECT ON TABLE public.user_password TO "aperio-readonly";


--
-- Name: TABLE viewed_client; Type: ACL; Schema: public; Owner: aperiosf
--

GRANT SELECT ON TABLE public.viewed_client TO "aperio-readonly";


--
-- Name: TABLE work_list; Type: ACL; Schema: public; Owner: aperiosf
--

GRANT SELECT ON TABLE public.work_list TO "aperio-readonly";


--
-- Name: TABLE work_list_approver; Type: ACL; Schema: public; Owner: aperiosf
--

GRANT SELECT ON TABLE public.work_list_approver TO "aperio-readonly";


--
-- Name: TABLE work_list_assignee_employee; Type: ACL; Schema: public; Owner: aperiosf
--

GRANT SELECT ON TABLE public.work_list_assignee_employee TO "aperio-readonly";


--
-- Name: TABLE work_list_assignee_patient; Type: ACL; Schema: public; Owner: aperiosf
--

GRANT SELECT ON TABLE public.work_list_assignee_patient TO "aperio-readonly";


--
-- Name: TABLE work_list_notes; Type: ACL; Schema: public; Owner: aperiosf
--

GRANT SELECT ON TABLE public.work_list_notes TO "aperio-readonly";


--
-- Name: TABLE work_list_reminder; Type: ACL; Schema: public; Owner: aperiosf
--

GRANT SELECT ON TABLE public.work_list_reminder TO "aperio-readonly";


--
-- Name: TABLE work_list_reminder_who_employee; Type: ACL; Schema: public; Owner: aperiosf
--

GRANT SELECT ON TABLE public.work_list_reminder_who_employee TO "aperio-readonly";


--
-- Name: TABLE work_list_reminder_who_patient; Type: ACL; Schema: public; Owner: aperiosf
--

GRANT SELECT ON TABLE public.work_list_reminder_who_patient TO "aperio-readonly";


--
-- PostgreSQL database dump complete
--

